STT,Tieu de,Gia (VND),Gia/m2 (trieu),Dien tich,Dia chi,Quan/Huyen,Thanh pho,Vi do,Kinh do,Loai BDS,Loai can ho,Phong ngu,Nha ve sinh,So tang,Huong,Noi that,Phap ly,Tien coc,Loai phi,So anh,Nguoi dang,Phong tot,Diem danh gia,Ngay dang,URL,Thoi gian crawl
1,Nhà Lầu 4 Tầng Hẻm Oto Xây Mới 100% Âu Dương Lân P2 Q8,8600000000,204.7619,42 m²,"Phường 2, Quận 8, Tp Hồ Chí Minh",Quận 8,Tp Hồ Chí Minh,10.742134,106.685104,Nhà ở,,4,3,4,,2.0,1.0,,[],8,Phạm Quốc Thắng,,,2026-09-17 14:29:58,https://nha.chotot.com/tin/178839361,2026-09-17T07:30:06.659678
2,Lô đất 2500m thổ cư mặt tiền Hồ khu Biệt thự nghỉ dưỡng,4000000000,1.6891892,2368 m²,"Xã Đinh Lạc, Huyện Di Linh, Lâm Đồng",Huyện Di Linh,Lâm Đồng,11.63063,108.13101,Văn phòng/Mặt bằng,,,,,,,1.0,,[],4,Nguyễn Anh Sang,,4.1,2026-09-17 14:29:58,https://nha.chotot.com/tin/178141305,2026-09-17T07:30:06.660071
3,"Cho Thuê Biệt Thự Nam Thông PMH Q7 - 450m2, 5PN, Đường 20m",70000000,0.15555556,450 m²,"Phường Tân Phong, Quận 7, Tp Hồ Chí Minh",Quận 7,Tp Hồ Chí Minh,10.73019,106.70033,Nhà ở,,5,4,5,,,,,[],12,Thuỷ Trần,,,2026-08-31 09:55:18,https://nha.chotot.com/tin/178484863,2026-09-17T07:30:06.660452
4,"MẶT TIỀN ĐƯỜNG SỐ 6 – LÒ LU, TRƯỜNG THẠNH, TP. THỦ ĐỨC",4680000000,53.793102,87 m²,"Phường Trường Thạnh (Quận 9 cũ), Thành phố Thủ Đức, Tp Hồ Chí Minh",Thành phố Thủ Đức,Tp Hồ Chí Minh,10.801835,106.81432,Văn phòng/Mặt bằng,,,,,,,,,[],5,Duy Hoàng Land,,5.0,2026-09-17 14:29:46,https://nha.chotot.com/tin/178839348,2026-09-17T07:30:06.660667
5,KHAI TRƯƠNG ĐUPLEX 3🍠X ĐƯỜNG SỐ 1_NGUYỄN THỊ TÚ NHẬN XE ĐIỆN FULL NT,3700000,0.13214286,28 m²,"Phường Bình Hưng Hoà B, Quận Bình Tân, Tp Hồ Chí Minh",Quận Bình Tân,Tp Hồ Chí Minh,10.807803,106.59462,Căn hộ/Chung cư,3.0,1,1,,,2.0,4.0,1000000.0,[],11,Triệu an HiFriendz Tp ,,5.0,2026-09-17 14:29:46,https://nha.chotot.com/tin/178839353,2026-09-17T07:30:06.660882
6,Cần cho thuê nhà góc 2 Mặt Tiền 84A Phổ Quang P.2 Q.Tân Bình,30000000,0.3030303,99 m²,"Phường 2, Quận Tân Bình, Tp Hồ Chí Minh",Quận Tân Bình,Tp Hồ Chí Minh,10.806851,106.668365,Nhà ở,,5,5,4,,,1.0,60000000.0,[],6,Anh Thanh,,,2026-09-17 14:29:37,https://nha.chotot.com/tin/178839329,2026-09-17T07:30:06.661088
7,CHO THUÊ HẺM NGUYỄN VĂN TRỖI TÂN BÌNH | 12x15m siêu rộng,58000000,0.58,100 m²,"Phường 10, Quận Tân Bình, Tp Hồ Chí Minh",Quận Tân Bình,Tp Hồ Chí Minh,10.798557,106.67042,Đất,,,,,,,,116000000.0,[],8,Dung tr,,,2026-09-17 14:29:35,https://nha.chotot.com/tin/178839347,2026-09-17T07:30:06.661266
8,Bán nhà lầu đúc kiên cố hẻm xe hơi rộng đường Dương Bá Trạc P1 Q8 ,11800000000,245.83333,48 m²,"Phường 1, Quận 8, Tp Hồ Chí Minh",Quận 8,Tp Hồ Chí Minh,10.74418,106.69049,Nhà ở,,4,4,4,Nam,2.0,1.0,,[],3,Nguyễn Thìn ,,4.4,2026-09-17 14:29:34,https://nha.chotot.com/tin/178839333,2026-09-17T07:30:06.661505
9,"Chung cư Tecco Green - Phan Văn Hớn căn 2p ngủ , full NT, giá 7,3tr/th",7300000,0.1,73 m²,"Phường Tân Thới Nhất, Quận 12, Tp Hồ Chí Minh",Quận 12,Tp Hồ Chí Minh,10.82954,106.61561,Căn hộ/Chung cư,1.0,2,2,,,2.0,6.0,,[],6,Phí Linh,,,2026-09-17 14:29:29,https://nha.chotot.com/tin/178839257,2026-09-17T07:30:06.661773
10,"Bán nhà riêng 4mx18,3m",12300000000,169.65517,72.5 m²,"Phường Tân Sơn Nhì, Quận Tân Phú, Tp Hồ Chí Minh",Quận Tân Phú,Tp Hồ Chí Minh,10.796407,106.63215,Nhà ở,,1,,,,,,,[],3,Nguyễn Võ Châu Phát,,,2026-09-16 14:28:21,https://nha.chotot.com/tin/178817793,2026-09-17T07:30:06.661988
11,cho thuê,25000000,0.41666666,60 m²,"Phường 8, Quận 5, Tp Hồ Chí Minh",Quận 5,Tp Hồ Chí Minh,10.756033,106.671135,Nhà ở,,4,5,3,Đông,3.0,1.0,50000000.0,[],3,Phạm Ánh Lan,,5.0,2026-09-17 12:38:51,https://nha.chotot.com/tin/178836750,2026-09-17T07:30:06.662171
12,cho thuê nhà 2 tầng đường phan thanh sát đại học duy tân,11000000,0.22,50 m²,"Phường Thạc Gián, Quận Thanh Khê, Đà Nẵng",Quận Thanh Khê,Đà Nẵng,16.063013,108.208755,Nhà ở,,3,3,2,,1.0,,,[],10,Đại tuấn,,,2026-09-17 14:29:11,https://nha.chotot.com/tin/178839312,2026-09-17T07:30:06.662347
13,Nhà riêng ngõ 31 phố mai động gần đền lừ dt40m2x4t giá 10tr,10000000,0.25,40 m²,"Phường Mai Động, Quận Hoàng Mai, Hà Nội",Quận Hoàng Mai,Hà Nội,20.988625,105.86115,Nhà ở,,4,3,4,Đông,2.0,1.0,10000000.0,[],6,phạm minh chính,,,2026-09-10 10:59:00,https://nha.chotot.com/tin/178378145,2026-09-17T07:30:06.662528
14,bán nhà mặt tiền kinh doanh đường Trương Vĩnh Nguyên,5600000000,19.928825,281 m²,"Phường Phú Thứ, Quận Cái Răng, Cần Thơ",Quận Cái Răng,Cần Thơ,9.982768,105.78676,Nhà ở,,1,2,1,Đông Bắc,3.0,1.0,,[],5,Nguyen Tien Tai,,,2026-09-16 14:28:22,https://nha.chotot.com/tin/178149394,2026-09-17T07:30:06.662721
15,💥CHDV - FUL NT - 2PN - BALCONY THOÁNG ⚡️ PHAN ĐĂNG LƯU - BÙI ĐÌNH TUÝ 💥,7800000,0.111428574,70 m²,"Phường 1, Quận Bình Thạnh, Tp Hồ Chí Minh",Quận Bình Thạnh,Tp Hồ Chí Minh,10.802451,106.697495,Căn hộ/Chung cư,2.0,2,,,,,,,[],12,Lương Thanh Trúc,,,2026-09-12 21:54:42,https://nha.chotot.com/tin/178437508,2026-09-17T07:30:06.663122
16,"💥 HÀ ĐÔ CENTROSA – 2PN 2WC – NHÀ ĐẸP, FULL NỘI THẤT – Ở LIỀN CHỈ 22TR",22000000,0.25581396,86 m²,"Phường 12, Quận 10, Tp Hồ Chí Minh",Quận 10,Tp Hồ Chí Minh,10.7762,106.67889,Căn hộ/Chung cư,1.0,2,2,,,,,,[],12,Hoàng Dung,,4.5,2026-09-17 11:07:05,https://nha.chotot.com/tin/178834497,2026-09-17T07:30:06.663320
17,KHAI TRƯƠNG PHÒNG MỚI CÓ BẢO VỆ - LỄ TÂN - HẦM XE - BÌNH THẠNH,6500000,0.203125,32 m²,"Phường 7, Quận Bình Thạnh, Tp Hồ Chí Minh",Quận Bình Thạnh,Tp Hồ Chí Minh,10.809566,106.692924,Phòng trọ,,,,,,,,,[],12,Hoàng Anh Victory Home,,5.0,2026-09-13 08:59:36,https://nha.chotot.com/tin/176917252,2026-09-17T07:30:06.663511
18,Bán đất khu Việt Kiều - Củ Chi,4000000000,14.513788,275.6 m²,"Xã Tân Thông Hội, Huyện Củ Chi, Tp Hồ Chí Minh",Huyện Củ Chi,Tp Hồ Chí Minh,10.964226,106.506134,Văn phòng/Mặt bằng,,,,,,,1.0,,[],3,Tên chưa cung cấp,,,2026-09-17 14:28:42,https://nha.chotot.com/tin/178215800,2026-09-17T07:30:06.663819
19,CHO THUÊ STUDIO BAN CÔNG CỬA SỔ FULL NỘI THẤT NGAY TRUNG TÂM QUẬN 1,5700000,0.16285715,35 m²,"Phường Bến Thành, Quận 1, Tp Hồ Chí Minh",Quận 1,Tp Hồ Chí Minh,10.771173,106.69665,Phòng trọ,,,,,,,,,[],12,Mie Unite Group,,,2026-09-17 14:28:34,https://nha.chotot.com/tin/177897041,2026-09-17T07:30:06.663995
20,"Bán biệt thự 2 lầu áp mái P. Thạnh Mỹ Tây, TP.HCM giá 43 tỷ",43000000000,511.90475,84 m²,"Phường 12, Quận 3, Tp Hồ Chí Minh",Quận 3,Tp Hồ Chí Minh,10.789393,106.675064,Nhà ở,,1,,,,,,,[],3,vũ thành,,,2026-09-17 14:28:31,https://nha.chotot.com/tin/178839248,2026-09-17T07:30:06.664190
21,KHAI TRƯƠNG ĐUPLEX 3🍠X ĐƯỜNG SỐ 1_NGUYỄN THỊ TÚ NHẬN XE ĐIỆN FULL NT,3700000,0.13214286,28 m²,"Phường Bình Hưng Hoà B, Quận Bình Tân, Tp Hồ Chí Minh",Quận Bình Tân,Tp Hồ Chí Minh,10.807803,106.59462,Căn hộ/Chung cư,3.0,1,1,,,2.0,4.0,1000000.0,[],11,Triệu an HiFriendz Tp ,,5.0,2026-09-17 14:29:46,https://nha.chotot.com/tin/178839353,2026-09-17T07:30:07.927089
22,"Chung cư Tecco Green - Phan Văn Hớn căn 2p ngủ , full NT, giá 7,3tr/th",7300000,0.1,73 m²,"Phường Tân Thới Nhất, Quận 12, Tp Hồ Chí Minh",Quận 12,Tp Hồ Chí Minh,10.82954,106.61561,Căn hộ/Chung cư,1.0,2,2,,,2.0,6.0,,[],6,Phí Linh,,,2026-09-17 14:29:29,https://nha.chotot.com/tin/178839257,2026-09-17T07:30:07.927643
23,💥CHDV - FUL NT - 2PN - BALCONY THOÁNG ⚡️ PHAN ĐĂNG LƯU - BÙI ĐÌNH TUÝ 💥,7800000,0.111428574,70 m²,"Phường 1, Quận Bình Thạnh, Tp Hồ Chí Minh",Quận Bình Thạnh,Tp Hồ Chí Minh,10.802451,106.697495,Căn hộ/Chung cư,2.0,2,,,,,,,[],12,Lương Thanh Trúc,,,2026-09-12 21:54:42,https://nha.chotot.com/tin/178437508,2026-09-17T07:30:07.928006
24,"💥 HÀ ĐÔ CENTROSA – 2PN 2WC – NHÀ ĐẸP, FULL NỘI THẤT – Ở LIỀN CHỈ 22TR",22000000,0.25581396,86 m²,"Phường 12, Quận 10, Tp Hồ Chí Minh",Quận 10,Tp Hồ Chí Minh,10.7762,106.67889,Căn hộ/Chung cư,1.0,2,2,,,,,,[],12,Hoàng Dung,,4.5,2026-09-17 11:07:05,https://nha.chotot.com/tin/178834497,2026-09-17T07:30:07.928295
25,"CĂN HỘ MINI CAO CẤP MỚI 100%, FULL NỘI THẤT NGAY ẺMART PHAN HUY ÍCH",5000000,0.2,25 m²,"Phường 12, Quận Gò Vấp, Tp Hồ Chí Minh",Quận Gò Vấp,Tp Hồ Chí Minh,10.837349,106.636284,Căn hộ/Chung cư,2.0,1,1,,,1.0,4.0,5000000.0,[],12,Alo Ngoc Hoang,,5.0,2026-09-17 14:28:24,https://nha.chotot.com/tin/178839301,2026-09-17T07:30:07.929011
26,TÌM NỮ Ở GHÉP CĂN CHUNG CƯ 2PN,4500000,0.071428575,63 m²,"Phường Phú Thuận, Quận 7, Tp Hồ Chí Minh",Quận 7,Tp Hồ Chí Minh,10.722,106.7433,Căn hộ/Chung cư,1.0,2,2,,,2.0,4.0,4500000.0,[],7,Kim Thanh,,5.0,2026-09-17 14:28:16,https://nha.chotot.com/tin/178839296,2026-09-17T07:30:07.929305
27,Khách Cần Tiền Ra Di Căn 2PN Hiyori Siêu Mới,5200000000,83.870964,62 m²,"Phường An Hải Đông, Quận Sơn Trà, Đà Nẵng",Quận Sơn Trà,Đà Nẵng,16.06191,108.23652,Căn hộ/Chung cư,1.0,2,2,,,1.0,2.0,,[],11,Hồng Công,,,2026-09-17 14:26:46,https://nha.chotot.com/tin/171220229,2026-09-17T07:30:07.929608
28,⭐ RIVER PANORAMA CHO THUÊ 3PN2WC FULL NỘI THẤT VIEW ĐẸP CHỈ 19 TRIỆU,19000000,0.21111111,90 m²,"Phường Phú Mỹ, Quận 7, Tp Hồ Chí Minh",Quận 7,Tp Hồ Chí Minh,10.71422,106.73743,Căn hộ/Chung cư,1.0,3,2,,,2.0,6.0,,[],12,Huy,,5.0,2026-09-08 14:36:21,https://nha.chotot.com/tin/172861126,2026-09-17T07:30:07.929855
29,"THẢO ĐIỀN, QUẬN 2 🏡 CHO THUÊ CHDV CAO CẤP💘 1PN BAN CÔNG FULL NỘI THẤT",11000000,0.22,50 m²,"Phường Thảo Điền (Quận 2 cũ), Thành phố Thủ Đức, Tp Hồ Chí Minh",Thành phố Thủ Đức,Tp Hồ Chí Minh,10.803914,106.72912,Căn hộ/Chung cư,2.0,1,1,,Đông Bắc,1.0,4.0,11000000.0,[],11,Phương An Chuyên Căn Hộ Quận 2,,5.0,2026-09-11 14:06:45,https://nha.chotot.com/tin/177928071,2026-09-17T07:30:07.930161
30,CHDV FULL NỘI THẤT MỚI KENG GẦN MEGA MARKET Q12,3900000,0.156,25 m²,"Phường Tân Thới Hiệp, Quận 12, Tp Hồ Chí Minh",Quận 12,Tp Hồ Chí Minh,10.887289,106.64767,Căn hộ/Chung cư,2.0,1,1,4,,2.0,4.0,,[],10,Anh Tuấn Tìm Phòng,,5.0,2026-09-17 14:26:20,https://nha.chotot.com/tin/178839237,2026-09-17T07:30:07.930388
31,CHO THUÊ CĂN HỘ DUPLEX 2  GIƯỜNG NGỦ FULL NỘI THẤT CÓ CỬA SỔ THOÁNG,6000000,0.13333334,45 m²,"Phường 8, Thành phố Đà Lạt, Lâm Đồng",Thành phố Đà Lạt,Lâm Đồng,11.977858,108.45107,Căn hộ/Chung cư,3.0,1,1,,,,,,[],9,Quang gohome,,,2026-09-17 14:26:16,https://nha.chotot.com/tin/178839207,2026-09-17T07:30:07.930621
32,Khách Cần Tiền Bán Gấp Căn Ponte 1PN Stu View Biển Giá Cực Rẻ ,2700000000,103.84615,26 m²,"Phường An Hải Tây, Quận Sơn Trà, Đà Nẵng",Quận Sơn Trà,Đà Nẵng,16.059008,108.23034,Căn hộ/Chung cư,1.0,1,2,,Tây,4.0,6.0,,[],6,Hồng Công,,,2026-09-17 14:26:02,https://nha.chotot.com/tin/178096332,2026-09-17T07:30:07.930810
33,Bán Căn Hộ 2PN Toà A - Masteri Rivera Đà Nẵng,5700000000,91.935486,62 m²,"Phường Hòa Cường Nam, Quận Hải Châu, Đà Nẵng",Quận Hải Châu,Đà Nẵng,16.033035,108.225494,Căn hộ/Chung cư,1.0,2,2,39,Tây,2.0,6.0,,[],6,Hồng Công,,,2026-09-17 14:25:24,https://nha.chotot.com/tin/169931282,2026-09-17T07:30:07.930982
34,Căn hộ ban công Full nội thất ngay Trương Văn Bang thuận tiện qua sala,5800000,0.16571428,35 m²,"Phường Thạnh Mỹ Lợi (Quận 2 cũ), Thành phố Thủ Đức, Tp Hồ Chí Minh",Thành phố Thủ Đức,Tp Hồ Chí Minh,10.774195,106.75718,Căn hộ/Chung cư,2.0,1,1,,,2.0,4.0,6000000.0,[],11,Huỳnh Châu HiFriendz ,,5.0,2026-09-05 22:57:12,https://nha.chotot.com/tin/178592369,2026-09-17T07:30:07.931181
35,"CHO THUÊ  CHUNG CƯ TẠI PHỐ TU HOÀNG, NHỔN - 58M2, 2 NGỦ, ĐỦ ĐỒ-  5TR",5000000,0.0862069,58 m²,"Phường Phương Canh, Quận Nam Từ Liêm, Hà Nội",Quận Nam Từ Liêm,Hà Nội,21.053297,105.73126,Căn hộ/Chung cư,1.0,2,1,,,2.0,,,[],3,NGÔ THÚY,,,2026-09-17 14:24:32,https://nha.chotot.com/tin/178839180,2026-09-17T07:30:07.931375
36,"the Sun Avenue 2Pn 5,8 tỷ 65m",5800000000,89.23077,65 m²,"Phường An Phú (Quận 2 cũ), Thành phố Thủ Đức, Tp Hồ Chí Minh",Thành phố Thủ Đức,Tp Hồ Chí Minh,10.79675,106.75218,Căn hộ/Chung cư,1.0,2,,,,,,,[],3,Nguyễn Văn Hậu,,,2026-09-16 08:47:07,https://nha.chotot.com/tin/178808741,2026-09-17T07:30:07.931646
37,"Chủ Cần Tiền Nên Bán Nhanh Căn 1PN+1  Tầng Cao View Biển, Thành Phố",4500000000,66.17647,68 m²,"Phường An Hải Tây, Quận Sơn Trà, Đà Nẵng",Quận Sơn Trà,Đà Nẵng,16.059008,108.23034,Căn hộ/Chung cư,1.0,2,1,1,Tây Bắc,4.0,2.0,,[],6,Hồng Công,,,2026-09-17 14:24:16,https://nha.chotot.com/tin/174414504,2026-09-17T07:30:07.931832
38,Cho thuê căn hộ duplex 35m2 đầy đủ tiện nghi có dịch vụ giặt sấy free,6500000,0.18571429,35 m²,"Phường Tân Quy, Quận 7, Tp Hồ Chí Minh",Quận 7,Tp Hồ Chí Minh,10.741573,106.71589,Căn hộ/Chung cư,2.0,1,1,,,2.0,6.0,6500000.0,[],10,Hà Dương Chuyên CHDV quận 7,,5.0,2026-09-12 14:23:26,https://nha.chotot.com/tin/178731918,2026-09-17T07:30:07.932003
39,"CHO THUÊ DUPLEX TONE TRẮNG KEM SIU XINH NGAY UFM, IUH,OU,...",4500000,0.16071428,28 m²,"Phường 13, Quận Tân Bình, Tp Hồ Chí Minh",Quận Tân Bình,Tp Hồ Chí Minh,10.804742,106.645935,Căn hộ/Chung cư,3.0,1,1,2,,,,,[],5,Ngọc Hân,,,2026-09-17 14:24:11,https://nha.chotot.com/tin/177890569,2026-09-17T07:30:07.932184
40,cho thuê phòng,3500000,0.07777778,45 m²,"Phường 5, Quận 11, Tp Hồ Chí Minh",Quận 11,Tp Hồ Chí Minh,10.76784,106.6433,Căn hộ/Chung cư,1.0,1,2,,,2.0,,3500000.0,[],4,Vy Nguyen,,,2026-09-17 14:20:34,https://nha.chotot.com/tin/178839076,2026-09-17T07:30:07.932349
41,Cần cho thuê nhà góc 2 Mặt Tiền 84A Phổ Quang P.2 Q.Tân Bình,30000000,0.3030303,99 m²,"Phường 2, Quận Tân Bình, Tp Hồ Chí Minh",Quận Tân Bình,Tp Hồ Chí Minh,10.806851,106.668365,Nhà ở,,5,5,4,,,1.0,60000000.0,[],6,Anh Thanh,,,2026-09-17 14:29:37,https://nha.chotot.com/tin/178839329,2026-09-17T07:30:09.375700
42,Bán nhà lầu đúc kiên cố hẻm xe hơi rộng đường Dương Bá Trạc P1 Q8 ,11800000000,245.83333,48 m²,"Phường 1, Quận 8, Tp Hồ Chí Minh",Quận 8,Tp Hồ Chí Minh,10.74418,106.69049,Nhà ở,,4,4,4,Nam,2.0,1.0,,[],3,Nguyễn Thìn ,,4.4,2026-09-17 14:29:34,https://nha.chotot.com/tin/178839333,2026-09-17T07:30:09.376020
43,"Bán nhà riêng 4mx18,3m",12300000000,169.65517,72.5 m²,"Phường Tân Sơn Nhì, Quận Tân Phú, Tp Hồ Chí Minh",Quận Tân Phú,Tp Hồ Chí Minh,10.796407,106.63215,Nhà ở,,1,,,,,,,[],3,Nguyễn Võ Châu Phát,,,2026-09-16 14:28:21,https://nha.chotot.com/tin/178817793,2026-09-17T07:30:09.376246
44,cho thuê,25000000,0.41666666,60 m²,"Phường 8, Quận 5, Tp Hồ Chí Minh",Quận 5,Tp Hồ Chí Minh,10.756033,106.671135,Nhà ở,,4,5,3,Đông,3.0,1.0,50000000.0,[],3,Phạm Ánh Lan,,5.0,2026-09-17 12:38:51,https://nha.chotot.com/tin/178836750,2026-09-17T07:30:09.376443
45,cho thuê nhà 2 tầng đường phan thanh sát đại học duy tân,11000000,0.22,50 m²,"Phường Thạc Gián, Quận Thanh Khê, Đà Nẵng",Quận Thanh Khê,Đà Nẵng,16.063013,108.208755,Nhà ở,,3,3,2,,1.0,,,[],10,Đại tuấn,,,2026-09-17 14:29:11,https://nha.chotot.com/tin/178839312,2026-09-17T07:30:09.376713
46,Nhà riêng ngõ 31 phố mai động gần đền lừ dt40m2x4t giá 10tr,10000000,0.25,40 m²,"Phường Mai Động, Quận Hoàng Mai, Hà Nội",Quận Hoàng Mai,Hà Nội,20.988625,105.86115,Nhà ở,,4,3,4,Đông,2.0,1.0,10000000.0,[],6,phạm minh chính,,,2026-09-10 10:59:00,https://nha.chotot.com/tin/178378145,2026-09-17T07:30:09.376898
47,bán nhà mặt tiền kinh doanh đường Trương Vĩnh Nguyên,5600000000,19.928825,281 m²,"Phường Phú Thứ, Quận Cái Răng, Cần Thơ",Quận Cái Răng,Cần Thơ,9.982768,105.78676,Nhà ở,,1,2,1,Đông Bắc,3.0,1.0,,[],5,Nguyen Tien Tai,,,2026-09-16 14:28:22,https://nha.chotot.com/tin/178149394,2026-09-17T07:30:09.377130
48,"Bán biệt thự 2 lầu áp mái P. Thạnh Mỹ Tây, TP.HCM giá 43 tỷ",43000000000,511.90475,84 m²,"Phường 12, Quận 3, Tp Hồ Chí Minh",Quận 3,Tp Hồ Chí Minh,10.789393,106.675064,Nhà ở,,1,,,,,,,[],3,vũ thành,,,2026-09-17 14:28:31,https://nha.chotot.com/tin/178839248,2026-09-17T07:30:09.377452
49,"Bán gấp nhà 1 lầu, sân thượng, 76m2, hẻm 5m vị trí hẻm 477/ Mã Lò",6950000000,91.447365,76 m²,"Phường Bình Hưng Hoà A, Quận Bình Tân, Tp Hồ Chí Minh",Quận Bình Tân,Tp Hồ Chí Minh,10.7823,106.59924,Nhà ở,,2,,2,,,,,[],3, Vương Nguyễn,,5.0,2026-09-17 14:28:31,https://nha.chotot.com/tin/178839292,2026-09-17T07:30:09.377748
50,"Bán nhà mới khu đường bàn cờ thông 6m Đường Số 28, 4,5x15m, lửng,3 lầu",9500000000,158.33333,60 m²,"Phường 6, Quận Gò Vấp, Tp Hồ Chí Minh",Quận Gò Vấp,Tp Hồ Chí Minh,10.838439,106.6817,Nhà ở,,4,5,4,,,1.0,,[],8,TRUONG TAM,,,2026-09-17 14:28:04,https://nha.chotot.com/tin/175260106,2026-09-17T07:30:09.377919
51,Gần Trường Lý Tự Trọng GV - Hẻm Ôtô - Nhà mới xây 4 Tầng 4PN - KQH KLG,6680000000,151.81818,44 m²,"Phường 15, Quận Gò Vấp, Tp Hồ Chí Minh",Quận Gò Vấp,Tp Hồ Chí Minh,10.847257,106.669334,Nhà ở,,4,4,4,,,1.0,,[],12,Lý Ngọc Thanh,,,2026-09-13 13:07:56,https://nha.chotot.com/tin/178748929,2026-09-17T07:30:09.378090
52,"NHÀ MỚI ĐẸP, HẺM TẢI 1T2L 4PN NGAY PHẠM VĂN ĐỒNG",14000000,0.23333333,60 m²,"Phường Linh Tây (Quận Thủ Đức cũ), Thành phố Thủ Đức, Tp Hồ Chí Minh",Thành phố Thủ Đức,Tp Hồ Chí Minh,10.852818,106.75241,Nhà ở,,4,3,,,,,28000000.0,[],9,NHẤT NHÀ ĐẤT,,5.0,2026-09-11 11:23:04,https://nha.chotot.com/tin/178707503,2026-09-17T07:30:09.378256
53,🏠 CHO THUÊ NHÀ NGUYÊN CĂN LÀM VĂN PHÒNG – THỦ ĐỨC,18000000,0.12,150 m²,"Phường Trường Thọ (Quận Thủ Đức cũ), Thành phố Thủ Đức, Tp Hồ Chí Minh",Thành phố Thủ Đức,Tp Hồ Chí Minh,10.831532,106.757996,Nhà ở,,4,,,,,,,[],3,Đăng Quang Rental,,,2026-09-17 14:27:44,https://nha.chotot.com/tin/178478419,2026-09-17T07:30:09.378427
54,cần tiền bán gấp,5100000000,85.0,60 m²,"Phường Dĩ An, Thành phố Dĩ An, Bình Dương",Thành phố Dĩ An,Bình Dương,10.904065,106.75859,Nhà ở,,3,2,2,,2.0,1.0,,[],4,An Tam,,4.0,2026-09-17 14:27:32,https://nha.chotot.com/tin/178838974,2026-09-17T07:30:09.378645
55,"🔥Cho thuê nhà gần ĐH Ngân Hàng, Thủ Đức, 80m², 3PN, chỉ 8 triệu",8000000,0.1,80 m²,"Phường Linh Chiểu (Quận Thủ Đức cũ), Thành phố Thủ Đức, Tp Hồ Chí Minh",Thành phố Thủ Đức,Tp Hồ Chí Minh,10.854226,106.76946,Nhà ở,,3,,,,,,,[],5,Đăng Quang Rental,,,2026-09-17 14:27:19,https://nha.chotot.com/tin/178378958,2026-09-17T07:30:09.378808
56,💐 nhà cho thuê hương lộ 2. Phường Bình Trị Đông A Bình Tân,13000000,0.203125,64 m²,"Phường Bình Trị Đông A, Quận Bình Tân, Tp Hồ Chí Minh",Quận Bình Tân,Tp Hồ Chí Minh,10.766734,106.60688,Nhà ở,,5,3,,,,,,[],6,MS Tánh Chuyên Mua Bán Cho Thuê Nhà Quận  Bình Tân,,,2026-09-17 14:27:15,https://nha.chotot.com/tin/178829961,2026-09-17T07:30:09.379042
57,"Bán Nhà Đẹp Đường Lý Tuệ, Tân Phú, DT 4,2 x 13m, 2Tầng, 3PN, 2WC. ",4900000000,89.74392,54.5998 m²,"Phường Tân Quý, Quận Tân Phú, Tp Hồ Chí Minh",Quận Tân Phú,Tp Hồ Chí Minh,10.7982025,106.62133,Nhà ở,,3,2,2,,3.0,1.0,,[],7,Tuấn Nhà Phố ,,,2026-09-09 15:26:20,https://nha.chotot.com/tin/177170637,2026-09-17T07:30:09.379217
58,CHO THUÊ NHÀ Q6 – CÓ BAN CÔNG – GẦN CHỢ MINH PHỤNG,9900000,0.17678571,56 m²,"Phường 7, Quận 6, Tp Hồ Chí Minh",Quận 6,Tp Hồ Chí Minh,10.740315,106.643776,Nhà ở,,2,,2,,2.0,1.0,9900000.0,[],5,Ming sài gòn,,,2026-09-17 14:26:59,https://nha.chotot.com/tin/178839162,2026-09-17T07:30:09.379380
59,"💥 Nhà Trường Thọ, Thủ Đức, 80m², gần Metro, ĐH SPKT, chỉ 7,5 triệu",7500000,0.09375,80 m²,"Phường Trường Thọ (Quận Thủ Đức cũ), Thành phố Thủ Đức, Tp Hồ Chí Minh",Thành phố Thủ Đức,Tp Hồ Chí Minh,10.838916,106.75297,Nhà ở,,2,,,,,,,[],3,Đăng Quang Rental,,,2026-09-17 14:26:58,https://nha.chotot.com/tin/178334860,2026-09-17T07:30:09.379557
60,Nhà mới xây Thống Nhất 5x6m 1 lầu 2pn,7000000,0.23333333,30 m²,"Phường 11, Quận Gò Vấp, Tp Hồ Chí Minh",Quận Gò Vấp,Tp Hồ Chí Minh,10.832626,106.66401,Nhà ở,,2,,,,,,,[],5,trần đức,,3.7,2026-09-17 14:26:54,https://nha.chotot.com/tin/178839246,2026-09-17T07:30:09.379738
61,CHO THUÊ HẺM NGUYỄN VĂN TRỖI TÂN BÌNH | 12x15m siêu rộng,58000000,0.58,100 m²,"Phường 10, Quận Tân Bình, Tp Hồ Chí Minh",Quận Tân Bình,Tp Hồ Chí Minh,10.798557,106.67042,Đất,,,,,,,,116000000.0,[],8,Dung tr,,,2026-09-17 14:29:35,https://nha.chotot.com/tin/178839347,2026-09-17T07:30:10.711331
62,"Cho thuê nhà phố 5 tầng có thang máy, rèm đường D9",45000000,0.53571427,84 m²,"Phường Long Bình (Quận 9 cũ), Thành phố Thủ Đức, Tp Hồ Chí Minh",Thành phố Thủ Đức,Tp Hồ Chí Minh,10.84805,106.83874,Đất,,,,5,,3.0,1.0,,[],4,DUY HOMES,,,2026-09-09 09:41:13,https://nha.chotot.com/tin/178661906,2026-09-17T07:30:10.711858
63,"Cho thuê vp phố nguyên hồng,đống đa,dt 68m2,giá 13tr/tháng",13000000,0.19117647,68 m²,"Phường Láng Hạ, Quận Đống Đa, Hà Nội",Quận Đống Đa,Hà Nội,21.015743,105.80971,Đất,,,,8,,1.0,1.0,,[],5,Đào Thành Lân,,,2026-09-17 14:27:34,https://nha.chotot.com/tin/178839277,2026-09-17T07:30:10.712058
64,🔥 CHO THUÊ BIỆT THỰ SÂN VƯỜN NGUYỄN VĂN TRỖI – NGANG 12M – GIÁ 59TR/TH,59000000,0.118,500 m²,"Phường 10, Quận Phú Nhuận, Tp Hồ Chí Minh",Quận Phú Nhuận,Tp Hồ Chí Minh,10.798557,106.67042,Đất,,,,,,,,150000000.0,[],7,Kiều Hằng,,,2026-09-17 14:27:01,https://nha.chotot.com/tin/178839254,2026-09-17T07:30:10.712266
65,Cho thuê kho 1200m QL1A Tam Bình chỉ 75k,90000000,0.075,1200 m²,"Phường Tam Bình (Quận Thủ Đức cũ), Thành phố Thủ Đức, Tp Hồ Chí Minh",Thành phố Thủ Đức,Tp Hồ Chí Minh,10.871881,106.739655,Đất,,,,,,,,3.0,[],3,Anhthe,,4.0,2026-09-14 18:07:53,https://nha.chotot.com/tin/178775394,2026-09-17T07:30:10.712533
66,BIỆT THỰ SÂN VƯỜN KHU TỔ HỢP F&B VÀ ĐA NGÀNH NGHỀ TRUNG TÂM QUẬN 3 ,115000000,0.34848484,330 m²,"Phường Võ Thị Sáu, Quận 3, Tp Hồ Chí Minh",Quận 3,Tp Hồ Chí Minh,10.788824,106.690765,Đất,,,,,,,,,[],9,Yến Ngọc,,,2026-09-17 14:25:23,https://nha.chotot.com/tin/178839200,2026-09-17T07:30:10.712901
67,🍑Đoạn Đẹp NGUYỄN GIA TRÍ - 4x25m (Trệt 2 Lầu)🍑,65000000,0.21666667,300 m²,"Phường 25, Quận Bình Thạnh, Tp Hồ Chí Minh",Quận Bình Thạnh,Tp Hồ Chí Minh,10.810227,106.71722,Đất,,,,,,,,,[],6,Nhà Phố Cho Thuê,,,2026-09-17 14:24:57,https://nha.chotot.com/tin/175622468,2026-09-17T07:30:10.713108
68,"🌟10x15m - TRẦN QUỐC TOẢN, Quận 3🌟 Trệt 2 Lầu",60000000,0.13333334,450 m²,"Phường Võ Thị Sáu, Quận 3, Tp Hồ Chí Minh",Quận 3,Tp Hồ Chí Minh,10.78659,106.68779,Đất,,,,,,,,,[],4,Nhà Phố Cho Thuê,,,2026-09-17 14:24:26,https://nha.chotot.com/tin/175903201,2026-09-17T07:30:10.713356
69,cho thuê 100m văn phòng giá 30 tr,30000000,0.3,100 m²,"Phường An Khánh (Quận 2 cũ), Thành phố Thủ Đức, Tp Hồ Chí Minh",Thành phố Thủ Đức,Tp Hồ Chí Minh,10.79159,106.73052,Đất,,,,,,,,60000000.0,[],3,Nguyễn Văn Hậu,,,2026-09-05 13:44:09,https://nha.chotot.com/tin/178581677,2026-09-17T07:30:10.713609
70,CHO THUÊ TÒA NHÀ VĂN PHÒNG NGUYỄN VĂN TRỖI NGAY NGÃ TƯ PHÚ NHUẬN,130000000,0.096296296,1350 m²,"Phường 10, Quận Phú Nhuận, Tp Hồ Chí Minh",Quận Phú Nhuận,Tp Hồ Chí Minh,10.798557,106.67042,Đất,,,,,,,,,[],3,Anh Đào,,,2026-09-12 11:08:02,https://nha.chotot.com/tin/178727010,2026-09-17T07:30:10.713787
71,Mặt bằng đẹp Hồ Văn Huê 30m2,7490000,0.24966666,30 m²,"Phường 9, Quận Phú Nhuận, Tp Hồ Chí Minh",Quận Phú Nhuận,Tp Hồ Chí Minh,10.80251,106.67629,Đất,,,,,,,,7490000.0,[],7,NGUYỄN THỊ ANH THƯ,,,2026-09-06 15:25:13,https://nha.chotot.com/tin/178603931,2026-09-17T07:30:10.713958
72,"🇻🇳SHOPHOUSE 3 TẦNG MẶT TIỀN MÊ LINH | GẦN ORI, KCN HÒA KHÁNH",14000000,0.11666667,120 m²,"Phường Hòa Hiệp Nam, Quận Liên Chiểu, Đà Nẵng",Quận Liên Chiểu,Đà Nẵng,16.09171,108.12595,Đất,,04,,3,,,,,[],10,Ngô Văn Cảnh,,4.4,2026-09-17 14:22:04,https://nha.chotot.com/tin/178839109,2026-09-17T07:30:10.714130
73,🔥 HẺM XE HƠI  HUỲNH VĂN BÁNH – PHÚ NHUẬN | 4PN – 4WC | CHỈ 2x,23000000,0.23,100 m²,"Phường 10, Quận Phú Nhuận, Tp Hồ Chí Minh",Quận Phú Nhuận,Tp Hồ Chí Minh,10.791831,106.671616,Đất,,4,,,,,,46000000.0,[],6,Dung tr,,,2026-09-17 14:21:51,https://nha.chotot.com/tin/178839122,2026-09-17T07:30:10.714295
74,"Măt tiền Nguyễn Cư Trinh, Quận 1 (Ngang 17m)",90000000,0.45,200 m²,"Phường Nguyễn Cư Trinh, Quận 1, Tp Hồ Chí Minh",Quận 1,Tp Hồ Chí Minh,10.763458,106.68884,Đất,,,,,,,,,[],5,Nhà Phố Cho Thuê,,,2026-09-17 14:21:14,https://nha.chotot.com/tin/178280784,2026-09-17T07:30:10.714475
75,"🔥GÓC 2MT - NGUYỄN TRÃI, Bến Thành, Q1🔥400m2 sử dụng",150000000,0.375,400 m²,"Phường Bến Thành, Quận 1, Tp Hồ Chí Minh",Quận 1,Tp Hồ Chí Minh,10.771166,106.68731,Đất,,,,,,,,,[],4,Nhà Phố Cho Thuê,,,2026-09-17 14:20:35,https://nha.chotot.com/tin/175556911,2026-09-17T07:30:10.714731
76,CHO THUÊ TÒA NHÀ 2 MẶT TIỀN VÕ VĂN NGÂN DT 12M X 36M TP THỦ ĐỨC,100000000,0.07692308,1300 m²,"Phường Bình Thọ (Quận Thủ Đức cũ), Thành phố Thủ Đức, Tp Hồ Chí Minh",Thành phố Thủ Đức,Tp Hồ Chí Minh,10.850573,106.76223,Đất,,,,,,,1.0,,[],3,Oanh Home,,,2026-09-17 14:20:21,https://nha.chotot.com/tin/178262159,2026-09-17T07:30:10.714977
77,"🔥 CHO THUÊ TẦNG 7 160m2 – 104A XUÂN THUỶ, THẢO ĐIỀN, Q2 🔥",50000000,0.3125,160 m²,"Phường Thảo Điền (Quận 2 cũ), Thành phố Thủ Đức, Tp Hồ Chí Minh",Thành phố Thủ Đức,Tp Hồ Chí Minh,10.803889,106.73543,Đất,,,,,,,,150000000.0,[],8,Kiều Hằng,,,2026-09-17 14:18:58,https://nha.chotot.com/tin/178839027,2026-09-17T07:30:10.715246
78,Cho thuê  Shophouse Panorama Phú Mỹ Hưng 2 tầng 50tr/th,50000000,0.35460994,141 m²,"Phường Tân Phong, Quận 7, Tp Hồ Chí Minh",Quận 7,Tp Hồ Chí Minh,10.72168,106.71284,Đất,,,,2,Tây Nam,,1.0,,[],7,Dân,,,2026-09-17 14:18:55,https://nha.chotot.com/tin/177011854,2026-09-17T07:30:10.715414
79,Kho trống VIEW SÔNG 235/50A Đặng Thùy Trâm. DT 8X20M.,20000000,0.125,160 m²,"Phường 13, Quận Bình Thạnh, Tp Hồ Chí Minh",Quận Bình Thạnh,Tp Hồ Chí Minh,10.824377,106.70332,Đất,,,,,,2.0,1.0,,[],3,Anh Dũng,,4.0,2026-09-17 14:17:42,https://nha.chotot.com/tin/167862234,2026-09-17T07:30:10.715618
80,"Cho thuê Nhà - Hồ Biểu Chánh, Phú Nhuận (700m2 sử dụng)",80000000,0.2857143,280 m²,"Phường 11, Quận Phú Nhuận, Tp Hồ Chí Minh",Quận Phú Nhuận,Tp Hồ Chí Minh,10.793179,106.676544,Đất,,,,,,,,,[],6,Nhà Phố Cho Thuê,,,2026-09-17 14:16:58,https://nha.chotot.com/tin/178838963,2026-09-17T07:30:10.715863
81,Nhà Lầu 4 Tầng Hẻm Oto Xây Mới 100% Âu Dương Lân P2 Q8,8600000000,204.7619,42 m²,"Phường 2, Quận 8, Tp Hồ Chí Minh",Quận 8,Tp Hồ Chí Minh,10.742134,106.685104,Nhà ở,,4,3,4,,2.0,1.0,,[],8,Phạm Quốc Thắng,,,2026-09-17 14:29:58,https://nha.chotot.com/tin/178839361,2026-09-17T07:30:11.912878
82,Lô đất 2500m thổ cư mặt tiền Hồ khu Biệt thự nghỉ dưỡng,4000000000,1.6891892,2368 m²,"Xã Đinh Lạc, Huyện Di Linh, Lâm Đồng",Huyện Di Linh,Lâm Đồng,11.63063,108.13101,Văn phòng/Mặt bằng,,,,,,,1.0,,[],4,Nguyễn Anh Sang,,4.1,2026-09-17 14:29:58,https://nha.chotot.com/tin/178141305,2026-09-17T07:30:11.913199
83,"Cho Thuê Biệt Thự Nam Thông PMH Q7 - 450m2, 5PN, Đường 20m",70000000,0.15555556,450 m²,"Phường Tân Phong, Quận 7, Tp Hồ Chí Minh",Quận 7,Tp Hồ Chí Minh,10.73019,106.70033,Nhà ở,,5,4,5,,,,,[],12,Thuỷ Trần,,,2026-08-31 09:55:18,https://nha.chotot.com/tin/178484863,2026-09-17T07:30:11.913413
84,"MẶT TIỀN ĐƯỜNG SỐ 6 – LÒ LU, TRƯỜNG THẠNH, TP. THỦ ĐỨC",4680000000,53.793102,87 m²,"Phường Trường Thạnh (Quận 9 cũ), Thành phố Thủ Đức, Tp Hồ Chí Minh",Thành phố Thủ Đức,Tp Hồ Chí Minh,10.801835,106.81432,Văn phòng/Mặt bằng,,,,,,,,,[],5,Duy Hoàng Land,,5.0,2026-09-17 14:29:46,https://nha.chotot.com/tin/178839348,2026-09-17T07:30:11.913611
85,KHAI TRƯƠNG ĐUPLEX 3🍠X ĐƯỜNG SỐ 1_NGUYỄN THỊ TÚ NHẬN XE ĐIỆN FULL NT,3700000,0.13214286,28 m²,"Phường Bình Hưng Hoà B, Quận Bình Tân, Tp Hồ Chí Minh",Quận Bình Tân,Tp Hồ Chí Minh,10.807803,106.59462,Căn hộ/Chung cư,3.0,1,1,,,2.0,4.0,1000000.0,[],11,Triệu an HiFriendz Tp ,,5.0,2026-09-17 14:29:46,https://nha.chotot.com/tin/178839353,2026-09-17T07:30:11.913860
86,Cần cho thuê nhà góc 2 Mặt Tiền 84A Phổ Quang P.2 Q.Tân Bình,30000000,0.3030303,99 m²,"Phường 2, Quận Tân Bình, Tp Hồ Chí Minh",Quận Tân Bình,Tp Hồ Chí Minh,10.806851,106.668365,Nhà ở,,5,5,4,,,1.0,60000000.0,[],6,Anh Thanh,,,2026-09-17 14:29:37,https://nha.chotot.com/tin/178839329,2026-09-17T07:30:11.914035
87,CHO THUÊ HẺM NGUYỄN VĂN TRỖI TÂN BÌNH | 12x15m siêu rộng,58000000,0.58,100 m²,"Phường 10, Quận Tân Bình, Tp Hồ Chí Minh",Quận Tân Bình,Tp Hồ Chí Minh,10.798557,106.67042,Đất,,,,,,,,116000000.0,[],8,Dung tr,,,2026-09-17 14:29:35,https://nha.chotot.com/tin/178839347,2026-09-17T07:30:11.914199
88,Bán nhà lầu đúc kiên cố hẻm xe hơi rộng đường Dương Bá Trạc P1 Q8 ,11800000000,245.83333,48 m²,"Phường 1, Quận 8, Tp Hồ Chí Minh",Quận 8,Tp Hồ Chí Minh,10.74418,106.69049,Nhà ở,,4,4,4,Nam,2.0,1.0,,[],3,Nguyễn Thìn ,,4.4,2026-09-17 14:29:34,https://nha.chotot.com/tin/178839333,2026-09-17T07:30:11.914373
89,"Chung cư Tecco Green - Phan Văn Hớn căn 2p ngủ , full NT, giá 7,3tr/th",7300000,0.1,73 m²,"Phường Tân Thới Nhất, Quận 12, Tp Hồ Chí Minh",Quận 12,Tp Hồ Chí Minh,10.82954,106.61561,Căn hộ/Chung cư,1.0,2,2,,,2.0,6.0,,[],6,Phí Linh,,,2026-09-17 14:29:29,https://nha.chotot.com/tin/178839257,2026-09-17T07:30:11.914575
90,"Bán nhà riêng 4mx18,3m",12300000000,169.65517,72.5 m²,"Phường Tân Sơn Nhì, Quận Tân Phú, Tp Hồ Chí Minh",Quận Tân Phú,Tp Hồ Chí Minh,10.796407,106.63215,Nhà ở,,1,,,,,,,[],3,Nguyễn Võ Châu Phát,,,2026-09-16 14:28:21,https://nha.chotot.com/tin/178817793,2026-09-17T07:30:11.914759
91,cho thuê,25000000,0.41666666,60 m²,"Phường 8, Quận 5, Tp Hồ Chí Minh",Quận 5,Tp Hồ Chí Minh,10.756033,106.671135,Nhà ở,,4,5,3,Đông,3.0,1.0,50000000.0,[],3,Phạm Ánh Lan,,5.0,2026-09-17 12:38:51,https://nha.chotot.com/tin/178836750,2026-09-17T07:30:11.914931
92,cho thuê nhà 2 tầng đường phan thanh sát đại học duy tân,11000000,0.22,50 m²,"Phường Thạc Gián, Quận Thanh Khê, Đà Nẵng",Quận Thanh Khê,Đà Nẵng,16.063013,108.208755,Nhà ở,,3,3,2,,1.0,,,[],10,Đại tuấn,,,2026-09-17 14:29:11,https://nha.chotot.com/tin/178839312,2026-09-17T07:30:11.915102
93,Nhà riêng ngõ 31 phố mai động gần đền lừ dt40m2x4t giá 10tr,10000000,0.25,40 m²,"Phường Mai Động, Quận Hoàng Mai, Hà Nội",Quận Hoàng Mai,Hà Nội,20.988625,105.86115,Nhà ở,,4,3,4,Đông,2.0,1.0,10000000.0,[],6,phạm minh chính,,,2026-09-10 10:59:00,https://nha.chotot.com/tin/178378145,2026-09-17T07:30:11.915316
94,bán nhà mặt tiền kinh doanh đường Trương Vĩnh Nguyên,5600000000,19.928825,281 m²,"Phường Phú Thứ, Quận Cái Răng, Cần Thơ",Quận Cái Răng,Cần Thơ,9.982768,105.78676,Nhà ở,,1,2,1,Đông Bắc,3.0,1.0,,[],5,Nguyen Tien Tai,,,2026-09-16 14:28:22,https://nha.chotot.com/tin/178149394,2026-09-17T07:30:11.915615
95,💥CHDV - FUL NT - 2PN - BALCONY THOÁNG ⚡️ PHAN ĐĂNG LƯU - BÙI ĐÌNH TUÝ 💥,7800000,0.111428574,70 m²,"Phường 1, Quận Bình Thạnh, Tp Hồ Chí Minh",Quận Bình Thạnh,Tp Hồ Chí Minh,10.802451,106.697495,Căn hộ/Chung cư,2.0,2,,,,,,,[],12,Lương Thanh Trúc,,,2026-09-12 21:54:42,https://nha.chotot.com/tin/178437508,2026-09-17T07:30:11.916009
96,"💥 HÀ ĐÔ CENTROSA – 2PN 2WC – NHÀ ĐẸP, FULL NỘI THẤT – Ở LIỀN CHỈ 22TR",22000000,0.25581396,86 m²,"Phường 12, Quận 10, Tp Hồ Chí Minh",Quận 10,Tp Hồ Chí Minh,10.7762,106.67889,Căn hộ/Chung cư,1.0,2,2,,,,,,[],12,Hoàng Dung,,4.5,2026-09-17 11:07:05,https://nha.chotot.com/tin/178834497,2026-09-17T07:30:11.916242
97,KHAI TRƯƠNG PHÒNG MỚI CÓ BẢO VỆ - LỄ TÂN - HẦM XE - BÌNH THẠNH,6500000,0.203125,32 m²,"Phường 7, Quận Bình Thạnh, Tp Hồ Chí Minh",Quận Bình Thạnh,Tp Hồ Chí Minh,10.809566,106.692924,Phòng trọ,,,,,,,,,[],12,Hoàng Anh Victory Home,,5.0,2026-09-13 08:59:36,https://nha.chotot.com/tin/176917252,2026-09-17T07:30:11.916503
98,Bán đất khu Việt Kiều - Củ Chi,4000000000,14.513788,275.6 m²,"Xã Tân Thông Hội, Huyện Củ Chi, Tp Hồ Chí Minh",Huyện Củ Chi,Tp Hồ Chí Minh,10.964226,106.506134,Văn phòng/Mặt bằng,,,,,,,1.0,,[],3,Tên chưa cung cấp,,,2026-09-17 14:28:42,https://nha.chotot.com/tin/178215800,2026-09-17T07:30:11.916819
99,CHO THUÊ STUDIO BAN CÔNG CỬA SỔ FULL NỘI THẤT NGAY TRUNG TÂM QUẬN 1,5700000,0.16285715,35 m²,"Phường Bến Thành, Quận 1, Tp Hồ Chí Minh",Quận 1,Tp Hồ Chí Minh,10.771173,106.69665,Phòng trọ,,,,,,,,,[],12,Mie Unite Group,,,2026-09-17 14:28:34,https://nha.chotot.com/tin/177897041,2026-09-17T07:30:11.917065
100,"Bán biệt thự 2 lầu áp mái P. Thạnh Mỹ Tây, TP.HCM giá 43 tỷ",43000000000,511.90475,84 m²,"Phường 12, Quận 3, Tp Hồ Chí Minh",Quận 3,Tp Hồ Chí Minh,10.789393,106.675064,Nhà ở,,1,,,,,,,[],3,vũ thành,,,2026-09-17 14:28:31,https://nha.chotot.com/tin/178839248,2026-09-17T07:30:11.917321
101,KHAI TRƯƠNG ĐUPLEX 3🍠X ĐƯỜNG SỐ 1_NGUYỄN THỊ TÚ NHẬN XE ĐIỆN FULL NT,3700000,0.13214286,28 m²,"Phường Bình Hưng Hoà B, Quận Bình Tân, Tp Hồ Chí Minh",Quận Bình Tân,Tp Hồ Chí Minh,10.807803,106.59462,Căn hộ/Chung cư,3.0,1,1,,,2.0,4.0,1000000.0,[],11,Triệu an HiFriendz Tp ,,5.0,2026-09-17 14:29:46,https://nha.chotot.com/tin/178839353,2026-09-17T07:30:13.366854
102,"Chung cư Tecco Green - Phan Văn Hớn căn 2p ngủ , full NT, giá 7,3tr/th",7300000,0.1,73 m²,"Phường Tân Thới Nhất, Quận 12, Tp Hồ Chí Minh",Quận 12,Tp Hồ Chí Minh,10.82954,106.61561,Căn hộ/Chung cư,1.0,2,2,,,2.0,6.0,,[],6,Phí Linh,,,2026-09-17 14:29:29,https://nha.chotot.com/tin/178839257,2026-09-17T07:30:13.367161
103,💥CHDV - FUL NT - 2PN - BALCONY THOÁNG ⚡️ PHAN ĐĂNG LƯU - BÙI ĐÌNH TUÝ 💥,7800000,0.111428574,70 m²,"Phường 1, Quận Bình Thạnh, Tp Hồ Chí Minh",Quận Bình Thạnh,Tp Hồ Chí Minh,10.802451,106.697495,Căn hộ/Chung cư,2.0,2,,,,,,,[],12,Lương Thanh Trúc,,,2026-09-12 21:54:42,https://nha.chotot.com/tin/178437508,2026-09-17T07:30:13.367356
104,"💥 HÀ ĐÔ CENTROSA – 2PN 2WC – NHÀ ĐẸP, FULL NỘI THẤT – Ở LIỀN CHỈ 22TR",22000000,0.25581396,86 m²,"Phường 12, Quận 10, Tp Hồ Chí Minh",Quận 10,Tp Hồ Chí Minh,10.7762,106.67889,Căn hộ/Chung cư,1.0,2,2,,,,,,[],12,Hoàng Dung,,4.5,2026-09-17 11:07:05,https://nha.chotot.com/tin/178834497,2026-09-17T07:30:13.367548
105,"CĂN HỘ MINI CAO CẤP MỚI 100%, FULL NỘI THẤT NGAY ẺMART PHAN HUY ÍCH",5000000,0.2,25 m²,"Phường 12, Quận Gò Vấp, Tp Hồ Chí Minh",Quận Gò Vấp,Tp Hồ Chí Minh,10.837349,106.636284,Căn hộ/Chung cư,2.0,1,1,,,1.0,4.0,5000000.0,[],12,Alo Ngoc Hoang,,5.0,2026-09-17 14:28:24,https://nha.chotot.com/tin/178839301,2026-09-17T07:30:13.367799
106,TÌM NỮ Ở GHÉP CĂN CHUNG CƯ 2PN,4500000,0.071428575,63 m²,"Phường Phú Thuận, Quận 7, Tp Hồ Chí Minh",Quận 7,Tp Hồ Chí Minh,10.722,106.7433,Căn hộ/Chung cư,1.0,2,2,,,2.0,4.0,4500000.0,[],7,Kim Thanh,,5.0,2026-09-17 14:28:16,https://nha.chotot.com/tin/178839296,2026-09-17T07:30:13.367979
107,Khách Cần Tiền Ra Di Căn 2PN Hiyori Siêu Mới,5200000000,83.870964,62 m²,"Phường An Hải Đông, Quận Sơn Trà, Đà Nẵng",Quận Sơn Trà,Đà Nẵng,16.06191,108.23652,Căn hộ/Chung cư,1.0,2,2,,,1.0,2.0,,[],11,Hồng Công,,,2026-09-17 14:26:46,https://nha.chotot.com/tin/171220229,2026-09-17T07:30:13.368175
108,⭐ RIVER PANORAMA CHO THUÊ 3PN2WC FULL NỘI THẤT VIEW ĐẸP CHỈ 19 TRIỆU,19000000,0.21111111,90 m²,"Phường Phú Mỹ, Quận 7, Tp Hồ Chí Minh",Quận 7,Tp Hồ Chí Minh,10.71422,106.73743,Căn hộ/Chung cư,1.0,3,2,,,2.0,6.0,,[],12,Huy,,5.0,2026-09-08 14:36:21,https://nha.chotot.com/tin/172861126,2026-09-17T07:30:13.368362
109,"THẢO ĐIỀN, QUẬN 2 🏡 CHO THUÊ CHDV CAO CẤP💘 1PN BAN CÔNG FULL NỘI THẤT",11000000,0.22,50 m²,"Phường Thảo Điền (Quận 2 cũ), Thành phố Thủ Đức, Tp Hồ Chí Minh",Thành phố Thủ Đức,Tp Hồ Chí Minh,10.803914,106.72912,Căn hộ/Chung cư,2.0,1,1,,Đông Bắc,1.0,4.0,11000000.0,[],11,Phương An Chuyên Căn Hộ Quận 2,,5.0,2026-09-11 14:06:45,https://nha.chotot.com/tin/177928071,2026-09-17T07:30:13.368572
110,CHDV FULL NỘI THẤT MỚI KENG GẦN MEGA MARKET Q12,3900000,0.156,25 m²,"Phường Tân Thới Hiệp, Quận 12, Tp Hồ Chí Minh",Quận 12,Tp Hồ Chí Minh,10.887289,106.64767,Căn hộ/Chung cư,2.0,1,1,4,,2.0,4.0,,[],10,Anh Tuấn Tìm Phòng,,5.0,2026-09-17 14:26:20,https://nha.chotot.com/tin/178839237,2026-09-17T07:30:13.368793
111,CHO THUÊ CĂN HỘ DUPLEX 2  GIƯỜNG NGỦ FULL NỘI THẤT CÓ CỬA SỔ THOÁNG,6000000,0.13333334,45 m²,"Phường 8, Thành phố Đà Lạt, Lâm Đồng",Thành phố Đà Lạt,Lâm Đồng,11.977858,108.45107,Căn hộ/Chung cư,3.0,1,1,,,,,,[],9,Quang gohome,,,2026-09-17 14:26:16,https://nha.chotot.com/tin/178839207,2026-09-17T07:30:13.368974
112,Khách Cần Tiền Bán Gấp Căn Ponte 1PN Stu View Biển Giá Cực Rẻ ,2700000000,103.84615,26 m²,"Phường An Hải Tây, Quận Sơn Trà, Đà Nẵng",Quận Sơn Trà,Đà Nẵng,16.059008,108.23034,Căn hộ/Chung cư,1.0,1,2,,Tây,4.0,6.0,,[],6,Hồng Công,,,2026-09-17 14:26:02,https://nha.chotot.com/tin/178096332,2026-09-17T07:30:13.369152
113,Bán Căn Hộ 2PN Toà A - Masteri Rivera Đà Nẵng,5700000000,91.935486,62 m²,"Phường Hòa Cường Nam, Quận Hải Châu, Đà Nẵng",Quận Hải Châu,Đà Nẵng,16.033035,108.225494,Căn hộ/Chung cư,1.0,2,2,39,Tây,2.0,6.0,,[],6,Hồng Công,,,2026-09-17 14:25:24,https://nha.chotot.com/tin/169931282,2026-09-17T07:30:13.369313
114,Căn hộ ban công Full nội thất ngay Trương Văn Bang thuận tiện qua sala,5800000,0.16571428,35 m²,"Phường Thạnh Mỹ Lợi (Quận 2 cũ), Thành phố Thủ Đức, Tp Hồ Chí Minh",Thành phố Thủ Đức,Tp Hồ Chí Minh,10.774195,106.75718,Căn hộ/Chung cư,2.0,1,1,,,2.0,4.0,6000000.0,[],11,Huỳnh Châu HiFriendz ,,5.0,2026-09-05 22:57:12,https://nha.chotot.com/tin/178592369,2026-09-17T07:30:13.369478
115,"CHO THUÊ  CHUNG CƯ TẠI PHỐ TU HOÀNG, NHỔN - 58M2, 2 NGỦ, ĐỦ ĐỒ-  5TR",5000000,0.0862069,58 m²,"Phường Phương Canh, Quận Nam Từ Liêm, Hà Nội",Quận Nam Từ Liêm,Hà Nội,21.053297,105.73126,Căn hộ/Chung cư,1.0,2,1,,,2.0,,,[],3,NGÔ THÚY,,,2026-09-17 14:24:32,https://nha.chotot.com/tin/178839180,2026-09-17T07:30:13.369662
116,"the Sun Avenue 2Pn 5,8 tỷ 65m",5800000000,89.23077,65 m²,"Phường An Phú (Quận 2 cũ), Thành phố Thủ Đức, Tp Hồ Chí Minh",Thành phố Thủ Đức,Tp Hồ Chí Minh,10.79675,106.75218,Căn hộ/Chung cư,1.0,2,,,,,,,[],3,Nguyễn Văn Hậu,,,2026-09-16 08:47:07,https://nha.chotot.com/tin/178808741,2026-09-17T07:30:13.369902
117,"Chủ Cần Tiền Nên Bán Nhanh Căn 1PN+1  Tầng Cao View Biển, Thành Phố",4500000000,66.17647,68 m²,"Phường An Hải Tây, Quận Sơn Trà, Đà Nẵng",Quận Sơn Trà,Đà Nẵng,16.059008,108.23034,Căn hộ/Chung cư,1.0,2,1,1,Tây Bắc,4.0,2.0,,[],6,Hồng Công,,,2026-09-17 14:24:16,https://nha.chotot.com/tin/174414504,2026-09-17T07:30:13.370073
118,Cho thuê căn hộ duplex 35m2 đầy đủ tiện nghi có dịch vụ giặt sấy free,6500000,0.18571429,35 m²,"Phường Tân Quy, Quận 7, Tp Hồ Chí Minh",Quận 7,Tp Hồ Chí Minh,10.741573,106.71589,Căn hộ/Chung cư,2.0,1,1,,,2.0,6.0,6500000.0,[],10,Hà Dương Chuyên CHDV quận 7,,5.0,2026-09-12 14:23:26,https://nha.chotot.com/tin/178731918,2026-09-17T07:30:13.370246
119,"CHO THUÊ DUPLEX TONE TRẮNG KEM SIU XINH NGAY UFM, IUH,OU,...",4500000,0.16071428,28 m²,"Phường 13, Quận Tân Bình, Tp Hồ Chí Minh",Quận Tân Bình,Tp Hồ Chí Minh,10.804742,106.645935,Căn hộ/Chung cư,3.0,1,1,2,,,,,[],5,Ngọc Hân,,,2026-09-17 14:24:11,https://nha.chotot.com/tin/177890569,2026-09-17T07:30:13.370411
120,cho thuê phòng,3500000,0.07777778,45 m²,"Phường 5, Quận 11, Tp Hồ Chí Minh",Quận 11,Tp Hồ Chí Minh,10.76784,106.6433,Căn hộ/Chung cư,1.0,1,2,,,2.0,,3500000.0,[],4,Vy Nguyen,,,2026-09-17 14:20:34,https://nha.chotot.com/tin/178839076,2026-09-17T07:30:13.370597
121,Cần cho thuê nhà góc 2 Mặt Tiền 84A Phổ Quang P.2 Q.Tân Bình,30000000,0.3030303,99 m²,"Phường 2, Quận Tân Bình, Tp Hồ Chí Minh",Quận Tân Bình,Tp Hồ Chí Minh,10.806851,106.668365,Nhà ở,,5,5,4,,,1.0,60000000.0,[],6,Anh Thanh,,,2026-09-17 14:29:37,https://nha.chotot.com/tin/178839329,2026-09-17T07:30:14.511037
122,Bán nhà lầu đúc kiên cố hẻm xe hơi rộng đường Dương Bá Trạc P1 Q8 ,11800000000,245.83333,48 m²,"Phường 1, Quận 8, Tp Hồ Chí Minh",Quận 8,Tp Hồ Chí Minh,10.74418,106.69049,Nhà ở,,4,4,4,Nam,2.0,1.0,,[],3,Nguyễn Thìn ,,4.4,2026-09-17 14:29:34,https://nha.chotot.com/tin/178839333,2026-09-17T07:30:14.511344
123,"Bán nhà riêng 4mx18,3m",12300000000,169.65517,72.5 m²,"Phường Tân Sơn Nhì, Quận Tân Phú, Tp Hồ Chí Minh",Quận Tân Phú,Tp Hồ Chí Minh,10.796407,106.63215,Nhà ở,,1,,,,,,,[],3,Nguyễn Võ Châu Phát,,,2026-09-16 14:28:21,https://nha.chotot.com/tin/178817793,2026-09-17T07:30:14.511574
124,cho thuê,25000000,0.41666666,60 m²,"Phường 8, Quận 5, Tp Hồ Chí Minh",Quận 5,Tp Hồ Chí Minh,10.756033,106.671135,Nhà ở,,4,5,3,Đông,3.0,1.0,50000000.0,[],3,Phạm Ánh Lan,,5.0,2026-09-17 12:38:51,https://nha.chotot.com/tin/178836750,2026-09-17T07:30:14.511771
125,cho thuê nhà 2 tầng đường phan thanh sát đại học duy tân,11000000,0.22,50 m²,"Phường Thạc Gián, Quận Thanh Khê, Đà Nẵng",Quận Thanh Khê,Đà Nẵng,16.063013,108.208755,Nhà ở,,3,3,2,,1.0,,,[],10,Đại tuấn,,,2026-09-17 14:29:11,https://nha.chotot.com/tin/178839312,2026-09-17T07:30:14.511942
126,Nhà riêng ngõ 31 phố mai động gần đền lừ dt40m2x4t giá 10tr,10000000,0.25,40 m²,"Phường Mai Động, Quận Hoàng Mai, Hà Nội",Quận Hoàng Mai,Hà Nội,20.988625,105.86115,Nhà ở,,4,3,4,Đông,2.0,1.0,10000000.0,[],6,phạm minh chính,,,2026-09-10 10:59:00,https://nha.chotot.com/tin/178378145,2026-09-17T07:30:14.512119
127,bán nhà mặt tiền kinh doanh đường Trương Vĩnh Nguyên,5600000000,19.928825,281 m²,"Phường Phú Thứ, Quận Cái Răng, Cần Thơ",Quận Cái Răng,Cần Thơ,9.982768,105.78676,Nhà ở,,1,2,1,Đông Bắc,3.0,1.0,,[],5,Nguyen Tien Tai,,,2026-09-16 14:28:22,https://nha.chotot.com/tin/178149394,2026-09-17T07:30:14.512359
128,"Bán biệt thự 2 lầu áp mái P. Thạnh Mỹ Tây, TP.HCM giá 43 tỷ",43000000000,511.90475,84 m²,"Phường 12, Quận 3, Tp Hồ Chí Minh",Quận 3,Tp Hồ Chí Minh,10.789393,106.675064,Nhà ở,,1,,,,,,,[],3,vũ thành,,,2026-09-17 14:28:31,https://nha.chotot.com/tin/178839248,2026-09-17T07:30:14.512658
129,"Bán gấp nhà 1 lầu, sân thượng, 76m2, hẻm 5m vị trí hẻm 477/ Mã Lò",6950000000,91.447365,76 m²,"Phường Bình Hưng Hoà A, Quận Bình Tân, Tp Hồ Chí Minh",Quận Bình Tân,Tp Hồ Chí Minh,10.7823,106.59924,Nhà ở,,2,,2,,,,,[],3, Vương Nguyễn,,5.0,2026-09-17 14:28:31,https://nha.chotot.com/tin/178839292,2026-09-17T07:30:14.512906
130,"Bán nhà mới khu đường bàn cờ thông 6m Đường Số 28, 4,5x15m, lửng,3 lầu",9500000000,158.33333,60 m²,"Phường 6, Quận Gò Vấp, Tp Hồ Chí Minh",Quận Gò Vấp,Tp Hồ Chí Minh,10.838439,106.6817,Nhà ở,,4,5,4,,,1.0,,[],8,TRUONG TAM,,,2026-09-17 14:28:04,https://nha.chotot.com/tin/175260106,2026-09-17T07:30:14.513071
131,Gần Trường Lý Tự Trọng GV - Hẻm Ôtô - Nhà mới xây 4 Tầng 4PN - KQH KLG,6680000000,151.81818,44 m²,"Phường 15, Quận Gò Vấp, Tp Hồ Chí Minh",Quận Gò Vấp,Tp Hồ Chí Minh,10.847257,106.669334,Nhà ở,,4,4,4,,,1.0,,[],12,Lý Ngọc Thanh,,,2026-09-13 13:07:56,https://nha.chotot.com/tin/178748929,2026-09-17T07:30:14.513238
132,"NHÀ MỚI ĐẸP, HẺM TẢI 1T2L 4PN NGAY PHẠM VĂN ĐỒNG",14000000,0.23333333,60 m²,"Phường Linh Tây (Quận Thủ Đức cũ), Thành phố Thủ Đức, Tp Hồ Chí Minh",Thành phố Thủ Đức,Tp Hồ Chí Minh,10.852818,106.75241,Nhà ở,,4,3,,,,,28000000.0,[],9,NHẤT NHÀ ĐẤT,,5.0,2026-09-11 11:23:04,https://nha.chotot.com/tin/178707503,2026-09-17T07:30:14.513419
133,🏠 CHO THUÊ NHÀ NGUYÊN CĂN LÀM VĂN PHÒNG – THỦ ĐỨC,18000000,0.12,150 m²,"Phường Trường Thọ (Quận Thủ Đức cũ), Thành phố Thủ Đức, Tp Hồ Chí Minh",Thành phố Thủ Đức,Tp Hồ Chí Minh,10.831532,106.757996,Nhà ở,,4,,,,,,,[],3,Đăng Quang Rental,,,2026-09-17 14:27:44,https://nha.chotot.com/tin/178478419,2026-09-17T07:30:14.513640
134,cần tiền bán gấp,5100000000,85.0,60 m²,"Phường Dĩ An, Thành phố Dĩ An, Bình Dương",Thành phố Dĩ An,Bình Dương,10.904065,106.75859,Nhà ở,,3,2,2,,2.0,1.0,,[],4,An Tam,,4.0,2026-09-17 14:27:32,https://nha.chotot.com/tin/178838974,2026-09-17T07:30:14.513825
135,"🔥Cho thuê nhà gần ĐH Ngân Hàng, Thủ Đức, 80m², 3PN, chỉ 8 triệu",8000000,0.1,80 m²,"Phường Linh Chiểu (Quận Thủ Đức cũ), Thành phố Thủ Đức, Tp Hồ Chí Minh",Thành phố Thủ Đức,Tp Hồ Chí Minh,10.854226,106.76946,Nhà ở,,3,,,,,,,[],5,Đăng Quang Rental,,,2026-09-17 14:27:19,https://nha.chotot.com/tin/178378958,2026-09-17T07:30:14.514001
136,💐 nhà cho thuê hương lộ 2. Phường Bình Trị Đông A Bình Tân,13000000,0.203125,64 m²,"Phường Bình Trị Đông A, Quận Bình Tân, Tp Hồ Chí Minh",Quận Bình Tân,Tp Hồ Chí Minh,10.766734,106.60688,Nhà ở,,5,3,,,,,,[],6,MS Tánh Chuyên Mua Bán Cho Thuê Nhà Quận  Bình Tân,,,2026-09-17 14:27:15,https://nha.chotot.com/tin/178829961,2026-09-17T07:30:14.514178
137,"Bán Nhà Đẹp Đường Lý Tuệ, Tân Phú, DT 4,2 x 13m, 2Tầng, 3PN, 2WC. ",4900000000,89.74392,54.5998 m²,"Phường Tân Quý, Quận Tân Phú, Tp Hồ Chí Minh",Quận Tân Phú,Tp Hồ Chí Minh,10.7982025,106.62133,Nhà ở,,3,2,2,,3.0,1.0,,[],7,Tuấn Nhà Phố ,,,2026-09-09 15:26:20,https://nha.chotot.com/tin/177170637,2026-09-17T07:30:14.514347
138,CHO THUÊ NHÀ Q6 – CÓ BAN CÔNG – GẦN CHỢ MINH PHỤNG,9900000,0.17678571,56 m²,"Phường 7, Quận 6, Tp Hồ Chí Minh",Quận 6,Tp Hồ Chí Minh,10.740315,106.643776,Nhà ở,,2,,2,,2.0,1.0,9900000.0,[],5,Ming sài gòn,,,2026-09-17 14:26:59,https://nha.chotot.com/tin/178839162,2026-09-17T07:30:14.514602
139,"💥 Nhà Trường Thọ, Thủ Đức, 80m², gần Metro, ĐH SPKT, chỉ 7,5 triệu",7500000,0.09375,80 m²,"Phường Trường Thọ (Quận Thủ Đức cũ), Thành phố Thủ Đức, Tp Hồ Chí Minh",Thành phố Thủ Đức,Tp Hồ Chí Minh,10.838916,106.75297,Nhà ở,,2,,,,,,,[],3,Đăng Quang Rental,,,2026-09-17 14:26:58,https://nha.chotot.com/tin/178334860,2026-09-17T07:30:14.514763
140,Nhà mới xây Thống Nhất 5x6m 1 lầu 2pn,7000000,0.23333333,30 m²,"Phường 11, Quận Gò Vấp, Tp Hồ Chí Minh",Quận Gò Vấp,Tp Hồ Chí Minh,10.832626,106.66401,Nhà ở,,2,,,,,,,[],5,trần đức,,3.7,2026-09-17 14:26:54,https://nha.chotot.com/tin/178839246,2026-09-17T07:30:14.514925
141,CHO THUÊ HẺM NGUYỄN VĂN TRỖI TÂN BÌNH | 12x15m siêu rộng,58000000,0.58,100 m²,"Phường 10, Quận Tân Bình, Tp Hồ Chí Minh",Quận Tân Bình,Tp Hồ Chí Minh,10.798557,106.67042,Đất,,,,,,,,116000000.0,[],8,Dung tr,,,2026-09-17 14:29:35,https://nha.chotot.com/tin/178839347,2026-09-17T07:30:15.952620
142,"Cho thuê nhà phố 5 tầng có thang máy, rèm đường D9",45000000,0.53571427,84 m²,"Phường Long Bình (Quận 9 cũ), Thành phố Thủ Đức, Tp Hồ Chí Minh",Thành phố Thủ Đức,Tp Hồ Chí Minh,10.84805,106.83874,Đất,,,,5,,3.0,1.0,,[],4,DUY HOMES,,,2026-09-09 09:41:13,https://nha.chotot.com/tin/178661906,2026-09-17T07:30:15.953018
143,"Cho thuê vp phố nguyên hồng,đống đa,dt 68m2,giá 13tr/tháng",13000000,0.19117647,68 m²,"Phường Láng Hạ, Quận Đống Đa, Hà Nội",Quận Đống Đa,Hà Nội,21.015743,105.80971,Đất,,,,8,,1.0,1.0,,[],5,Đào Thành Lân,,,2026-09-17 14:27:34,https://nha.chotot.com/tin/178839277,2026-09-17T07:30:15.953224
144,🔥 CHO THUÊ BIỆT THỰ SÂN VƯỜN NGUYỄN VĂN TRỖI – NGANG 12M – GIÁ 59TR/TH,59000000,0.118,500 m²,"Phường 10, Quận Phú Nhuận, Tp Hồ Chí Minh",Quận Phú Nhuận,Tp Hồ Chí Minh,10.798557,106.67042,Đất,,,,,,,,150000000.0,[],7,Kiều Hằng,,,2026-09-17 14:27:01,https://nha.chotot.com/tin/178839254,2026-09-17T07:30:15.953425
145,Cho thuê kho 1200m QL1A Tam Bình chỉ 75k,90000000,0.075,1200 m²,"Phường Tam Bình (Quận Thủ Đức cũ), Thành phố Thủ Đức, Tp Hồ Chí Minh",Thành phố Thủ Đức,Tp Hồ Chí Minh,10.871881,106.739655,Đất,,,,,,,,3.0,[],3,Anhthe,,4.0,2026-09-14 18:07:53,https://nha.chotot.com/tin/178775394,2026-09-17T07:30:15.953694
146,BIỆT THỰ SÂN VƯỜN KHU TỔ HỢP F&B VÀ ĐA NGÀNH NGHỀ TRUNG TÂM QUẬN 3 ,115000000,0.34848484,330 m²,"Phường Võ Thị Sáu, Quận 3, Tp Hồ Chí Minh",Quận 3,Tp Hồ Chí Minh,10.788824,106.690765,Đất,,,,,,,,,[],9,Yến Ngọc,,,2026-09-17 14:25:23,https://nha.chotot.com/tin/178839200,2026-09-17T07:30:15.953998
147,🍑Đoạn Đẹp NGUYỄN GIA TRÍ - 4x25m (Trệt 2 Lầu)🍑,65000000,0.21666667,300 m²,"Phường 25, Quận Bình Thạnh, Tp Hồ Chí Minh",Quận Bình Thạnh,Tp Hồ Chí Minh,10.810227,106.71722,Đất,,,,,,,,,[],6,Nhà Phố Cho Thuê,,,2026-09-17 14:24:57,https://nha.chotot.com/tin/175622468,2026-09-17T07:30:15.954199
148,"🌟10x15m - TRẦN QUỐC TOẢN, Quận 3🌟 Trệt 2 Lầu",60000000,0.13333334,450 m²,"Phường Võ Thị Sáu, Quận 3, Tp Hồ Chí Minh",Quận 3,Tp Hồ Chí Minh,10.78659,106.68779,Đất,,,,,,,,,[],4,Nhà Phố Cho Thuê,,,2026-09-17 14:24:26,https://nha.chotot.com/tin/175903201,2026-09-17T07:30:15.954480
149,cho thuê 100m văn phòng giá 30 tr,30000000,0.3,100 m²,"Phường An Khánh (Quận 2 cũ), Thành phố Thủ Đức, Tp Hồ Chí Minh",Thành phố Thủ Đức,Tp Hồ Chí Minh,10.79159,106.73052,Đất,,,,,,,,60000000.0,[],3,Nguyễn Văn Hậu,,,2026-09-05 13:44:09,https://nha.chotot.com/tin/178581677,2026-09-17T07:30:15.954757
150,CHO THUÊ TÒA NHÀ VĂN PHÒNG NGUYỄN VĂN TRỖI NGAY NGÃ TƯ PHÚ NHUẬN,130000000,0.096296296,1350 m²,"Phường 10, Quận Phú Nhuận, Tp Hồ Chí Minh",Quận Phú Nhuận,Tp Hồ Chí Minh,10.798557,106.67042,Đất,,,,,,,,,[],3,Anh Đào,,,2026-09-12 11:08:02,https://nha.chotot.com/tin/178727010,2026-09-17T07:30:15.954940
151,Mặt bằng đẹp Hồ Văn Huê 30m2,7490000,0.24966666,30 m²,"Phường 9, Quận Phú Nhuận, Tp Hồ Chí Minh",Quận Phú Nhuận,Tp Hồ Chí Minh,10.80251,106.67629,Đất,,,,,,,,7490000.0,[],7,NGUYỄN THỊ ANH THƯ,,,2026-09-06 15:25:13,https://nha.chotot.com/tin/178603931,2026-09-17T07:30:15.955126
152,"🇻🇳SHOPHOUSE 3 TẦNG MẶT TIỀN MÊ LINH | GẦN ORI, KCN HÒA KHÁNH",14000000,0.11666667,120 m²,"Phường Hòa Hiệp Nam, Quận Liên Chiểu, Đà Nẵng",Quận Liên Chiểu,Đà Nẵng,16.09171,108.12595,Đất,,04,,3,,,,,[],10,Ngô Văn Cảnh,,4.4,2026-09-17 14:22:04,https://nha.chotot.com/tin/178839109,2026-09-17T07:30:15.955303
153,🔥 HẺM XE HƠI  HUỲNH VĂN BÁNH – PHÚ NHUẬN | 4PN – 4WC | CHỈ 2x,23000000,0.23,100 m²,"Phường 10, Quận Phú Nhuận, Tp Hồ Chí Minh",Quận Phú Nhuận,Tp Hồ Chí Minh,10.791831,106.671616,Đất,,4,,,,,,46000000.0,[],6,Dung tr,,,2026-09-17 14:21:51,https://nha.chotot.com/tin/178839122,2026-09-17T07:30:15.955484
154,"Măt tiền Nguyễn Cư Trinh, Quận 1 (Ngang 17m)",90000000,0.45,200 m²,"Phường Nguyễn Cư Trinh, Quận 1, Tp Hồ Chí Minh",Quận 1,Tp Hồ Chí Minh,10.763458,106.68884,Đất,,,,,,,,,[],5,Nhà Phố Cho Thuê,,,2026-09-17 14:21:14,https://nha.chotot.com/tin/178280784,2026-09-17T07:30:15.955702
155,"🔥GÓC 2MT - NGUYỄN TRÃI, Bến Thành, Q1🔥400m2 sử dụng",150000000,0.375,400 m²,"Phường Bến Thành, Quận 1, Tp Hồ Chí Minh",Quận 1,Tp Hồ Chí Minh,10.771166,106.68731,Đất,,,,,,,,,[],4,Nhà Phố Cho Thuê,,,2026-09-17 14:20:35,https://nha.chotot.com/tin/175556911,2026-09-17T07:30:15.955945
156,CHO THUÊ TÒA NHÀ 2 MẶT TIỀN VÕ VĂN NGÂN DT 12M X 36M TP THỦ ĐỨC,100000000,0.07692308,1300 m²,"Phường Bình Thọ (Quận Thủ Đức cũ), Thành phố Thủ Đức, Tp Hồ Chí Minh",Thành phố Thủ Đức,Tp Hồ Chí Minh,10.850573,106.76223,Đất,,,,,,,1.0,,[],3,Oanh Home,,,2026-09-17 14:20:21,https://nha.chotot.com/tin/178262159,2026-09-17T07:30:15.956186
157,"🔥 CHO THUÊ TẦNG 7 160m2 – 104A XUÂN THUỶ, THẢO ĐIỀN, Q2 🔥",50000000,0.3125,160 m²,"Phường Thảo Điền (Quận 2 cũ), Thành phố Thủ Đức, Tp Hồ Chí Minh",Thành phố Thủ Đức,Tp Hồ Chí Minh,10.803889,106.73543,Đất,,,,,,,,150000000.0,[],8,Kiều Hằng,,,2026-09-17 14:18:58,https://nha.chotot.com/tin/178839027,2026-09-17T07:30:15.956439
158,Cho thuê  Shophouse Panorama Phú Mỹ Hưng 2 tầng 50tr/th,50000000,0.35460994,141 m²,"Phường Tân Phong, Quận 7, Tp Hồ Chí Minh",Quận 7,Tp Hồ Chí Minh,10.72168,106.71284,Đất,,,,2,Tây Nam,,1.0,,[],7,Dân,,,2026-09-17 14:18:55,https://nha.chotot.com/tin/177011854,2026-09-17T07:30:15.956631
159,Kho trống VIEW SÔNG 235/50A Đặng Thùy Trâm. DT 8X20M.,20000000,0.125,160 m²,"Phường 13, Quận Bình Thạnh, Tp Hồ Chí Minh",Quận Bình Thạnh,Tp Hồ Chí Minh,10.824377,106.70332,Đất,,,,,,2.0,1.0,,[],3,Anh Dũng,,4.0,2026-09-17 14:17:42,https://nha.chotot.com/tin/167862234,2026-09-17T07:30:15.956813
160,"Cho thuê Nhà - Hồ Biểu Chánh, Phú Nhuận (700m2 sử dụng)",80000000,0.2857143,280 m²,"Phường 11, Quận Phú Nhuận, Tp Hồ Chí Minh",Quận Phú Nhuận,Tp Hồ Chí Minh,10.793179,106.676544,Đất,,,,,,,,,[],6,Nhà Phố Cho Thuê,,,2026-09-17 14:16:58,https://nha.chotot.com/tin/178838963,2026-09-17T07:30:15.957042
161,Nhà Lầu 4 Tầng Hẻm Oto Xây Mới 100% Âu Dương Lân P2 Q8,8600000000,204.7619,42 m²,"Phường 2, Quận 8, Tp Hồ Chí Minh",Quận 8,Tp Hồ Chí Minh,10.742134,106.685104,Nhà ở,,4,3,4,,2.0,1.0,,[],8,Phạm Quốc Thắng,,,2026-09-17 14:29:58,https://nha.chotot.com/tin/178839361,2026-09-17T07:30:16.922408
162,Lô đất 2500m thổ cư mặt tiền Hồ khu Biệt thự nghỉ dưỡng,4000000000,1.6891892,2368 m²,"Xã Đinh Lạc, Huyện Di Linh, Lâm Đồng",Huyện Di Linh,Lâm Đồng,11.63063,108.13101,Văn phòng/Mặt bằng,,,,,,,1.0,,[],4,Nguyễn Anh Sang,,4.1,2026-09-17 14:29:58,https://nha.chotot.com/tin/178141305,2026-09-17T07:30:16.922790
163,"Cho Thuê Biệt Thự Nam Thông PMH Q7 - 450m2, 5PN, Đường 20m",70000000,0.15555556,450 m²,"Phường Tân Phong, Quận 7, Tp Hồ Chí Minh",Quận 7,Tp Hồ Chí Minh,10.73019,106.70033,Nhà ở,,5,4,5,,,,,[],12,Thuỷ Trần,,,2026-08-31 09:55:18,https://nha.chotot.com/tin/178484863,2026-09-17T07:30:16.923035
164,"MẶT TIỀN ĐƯỜNG SỐ 6 – LÒ LU, TRƯỜNG THẠNH, TP. THỦ ĐỨC",4680000000,53.793102,87 m²,"Phường Trường Thạnh (Quận 9 cũ), Thành phố Thủ Đức, Tp Hồ Chí Minh",Thành phố Thủ Đức,Tp Hồ Chí Minh,10.801835,106.81432,Văn phòng/Mặt bằng,,,,,,,,,[],5,Duy Hoàng Land,,5.0,2026-09-17 14:29:46,https://nha.chotot.com/tin/178839348,2026-09-17T07:30:16.923224
165,KHAI TRƯƠNG ĐUPLEX 3🍠X ĐƯỜNG SỐ 1_NGUYỄN THỊ TÚ NHẬN XE ĐIỆN FULL NT,3700000,0.13214286,28 m²,"Phường Bình Hưng Hoà B, Quận Bình Tân, Tp Hồ Chí Minh",Quận Bình Tân,Tp Hồ Chí Minh,10.807803,106.59462,Căn hộ/Chung cư,3.0,1,1,,,2.0,4.0,1000000.0,[],11,Triệu an HiFriendz Tp ,,5.0,2026-09-17 14:29:46,https://nha.chotot.com/tin/178839353,2026-09-17T07:30:16.923489
166,Cần cho thuê nhà góc 2 Mặt Tiền 84A Phổ Quang P.2 Q.Tân Bình,30000000,0.3030303,99 m²,"Phường 2, Quận Tân Bình, Tp Hồ Chí Minh",Quận Tân Bình,Tp Hồ Chí Minh,10.806851,106.668365,Nhà ở,,5,5,4,,,1.0,60000000.0,[],6,Anh Thanh,,,2026-09-17 14:29:37,https://nha.chotot.com/tin/178839329,2026-09-17T07:30:16.923718
167,CHO THUÊ HẺM NGUYỄN VĂN TRỖI TÂN BÌNH | 12x15m siêu rộng,58000000,0.58,100 m²,"Phường 10, Quận Tân Bình, Tp Hồ Chí Minh",Quận Tân Bình,Tp Hồ Chí Minh,10.798557,106.67042,Đất,,,,,,,,116000000.0,[],8,Dung tr,,,2026-09-17 14:29:35,https://nha.chotot.com/tin/178839347,2026-09-17T07:30:16.923882
168,Bán nhà lầu đúc kiên cố hẻm xe hơi rộng đường Dương Bá Trạc P1 Q8 ,11800000000,245.83333,48 m²,"Phường 1, Quận 8, Tp Hồ Chí Minh",Quận 8,Tp Hồ Chí Minh,10.74418,106.69049,Nhà ở,,4,4,4,Nam,2.0,1.0,,[],3,Nguyễn Thìn ,,4.4,2026-09-17 14:29:34,https://nha.chotot.com/tin/178839333,2026-09-17T07:30:16.924053
169,"Chung cư Tecco Green - Phan Văn Hớn căn 2p ngủ , full NT, giá 7,3tr/th",7300000,0.1,73 m²,"Phường Tân Thới Nhất, Quận 12, Tp Hồ Chí Minh",Quận 12,Tp Hồ Chí Minh,10.82954,106.61561,Căn hộ/Chung cư,1.0,2,2,,,2.0,6.0,,[],6,Phí Linh,,,2026-09-17 14:29:29,https://nha.chotot.com/tin/178839257,2026-09-17T07:30:16.924251
170,"Bán nhà riêng 4mx18,3m",12300000000,169.65517,72.5 m²,"Phường Tân Sơn Nhì, Quận Tân Phú, Tp Hồ Chí Minh",Quận Tân Phú,Tp Hồ Chí Minh,10.796407,106.63215,Nhà ở,,1,,,,,,,[],3,Nguyễn Võ Châu Phát,,,2026-09-16 14:28:21,https://nha.chotot.com/tin/178817793,2026-09-17T07:30:16.924427
171,cho thuê,25000000,0.41666666,60 m²,"Phường 8, Quận 5, Tp Hồ Chí Minh",Quận 5,Tp Hồ Chí Minh,10.756033,106.671135,Nhà ở,,4,5,3,Đông,3.0,1.0,50000000.0,[],3,Phạm Ánh Lan,,5.0,2026-09-17 12:38:51,https://nha.chotot.com/tin/178836750,2026-09-17T07:30:16.924636
172,cho thuê nhà 2 tầng đường phan thanh sát đại học duy tân,11000000,0.22,50 m²,"Phường Thạc Gián, Quận Thanh Khê, Đà Nẵng",Quận Thanh Khê,Đà Nẵng,16.063013,108.208755,Nhà ở,,3,3,2,,1.0,,,[],10,Đại tuấn,,,2026-09-17 14:29:11,https://nha.chotot.com/tin/178839312,2026-09-17T07:30:16.924801
173,Nhà riêng ngõ 31 phố mai động gần đền lừ dt40m2x4t giá 10tr,10000000,0.25,40 m²,"Phường Mai Động, Quận Hoàng Mai, Hà Nội",Quận Hoàng Mai,Hà Nội,20.988625,105.86115,Nhà ở,,4,3,4,Đông,2.0,1.0,10000000.0,[],6,phạm minh chính,,,2026-09-10 10:59:00,https://nha.chotot.com/tin/178378145,2026-09-17T07:30:16.924967
174,bán nhà mặt tiền kinh doanh đường Trương Vĩnh Nguyên,5600000000,19.928825,281 m²,"Phường Phú Thứ, Quận Cái Răng, Cần Thơ",Quận Cái Răng,Cần Thơ,9.982768,105.78676,Nhà ở,,1,2,1,Đông Bắc,3.0,1.0,,[],5,Nguyen Tien Tai,,,2026-09-16 14:28:22,https://nha.chotot.com/tin/178149394,2026-09-17T07:30:16.925157
175,💥CHDV - FUL NT - 2PN - BALCONY THOÁNG ⚡️ PHAN ĐĂNG LƯU - BÙI ĐÌNH TUÝ 💥,7800000,0.111428574,70 m²,"Phường 1, Quận Bình Thạnh, Tp Hồ Chí Minh",Quận Bình Thạnh,Tp Hồ Chí Minh,10.802451,106.697495,Căn hộ/Chung cư,2.0,2,,,,,,,[],12,Lương Thanh Trúc,,,2026-09-12 21:54:42,https://nha.chotot.com/tin/178437508,2026-09-17T07:30:16.925453
176,"💥 HÀ ĐÔ CENTROSA – 2PN 2WC – NHÀ ĐẸP, FULL NỘI THẤT – Ở LIỀN CHỈ 22TR",22000000,0.25581396,86 m²,"Phường 12, Quận 10, Tp Hồ Chí Minh",Quận 10,Tp Hồ Chí Minh,10.7762,106.67889,Căn hộ/Chung cư,1.0,2,2,,,,,,[],12,Hoàng Dung,,4.5,2026-09-17 11:07:05,https://nha.chotot.com/tin/178834497,2026-09-17T07:30:16.925932
177,KHAI TRƯƠNG PHÒNG MỚI CÓ BẢO VỆ - LỄ TÂN - HẦM XE - BÌNH THẠNH,6500000,0.203125,32 m²,"Phường 7, Quận Bình Thạnh, Tp Hồ Chí Minh",Quận Bình Thạnh,Tp Hồ Chí Minh,10.809566,106.692924,Phòng trọ,,,,,,,,,[],12,Hoàng Anh Victory Home,,5.0,2026-09-13 08:59:36,https://nha.chotot.com/tin/176917252,2026-09-17T07:30:16.926133
178,Bán đất khu Việt Kiều - Củ Chi,4000000000,14.513788,275.6 m²,"Xã Tân Thông Hội, Huyện Củ Chi, Tp Hồ Chí Minh",Huyện Củ Chi,Tp Hồ Chí Minh,10.964226,106.506134,Văn phòng/Mặt bằng,,,,,,,1.0,,[],3,Tên chưa cung cấp,,,2026-09-17 14:28:42,https://nha.chotot.com/tin/178215800,2026-09-17T07:30:16.926354
179,CHO THUÊ STUDIO BAN CÔNG CỬA SỔ FULL NỘI THẤT NGAY TRUNG TÂM QUẬN 1,5700000,0.16285715,35 m²,"Phường Bến Thành, Quận 1, Tp Hồ Chí Minh",Quận 1,Tp Hồ Chí Minh,10.771173,106.69665,Phòng trọ,,,,,,,,,[],12,Mie Unite Group,,,2026-09-17 14:28:34,https://nha.chotot.com/tin/177897041,2026-09-17T07:30:16.926550
180,"Bán biệt thự 2 lầu áp mái P. Thạnh Mỹ Tây, TP.HCM giá 43 tỷ",43000000000,511.90475,84 m²,"Phường 12, Quận 3, Tp Hồ Chí Minh",Quận 3,Tp Hồ Chí Minh,10.789393,106.675064,Nhà ở,,1,,,,,,,[],3,vũ thành,,,2026-09-17 14:28:31,https://nha.chotot.com/tin/178839248,2026-09-17T07:30:16.926744
181,KHAI TRƯƠNG ĐUPLEX 3🍠X ĐƯỜNG SỐ 1_NGUYỄN THỊ TÚ NHẬN XE ĐIỆN FULL NT,3700000,0.13214286,28 m²,"Phường Bình Hưng Hoà B, Quận Bình Tân, Tp Hồ Chí Minh",Quận Bình Tân,Tp Hồ Chí Minh,10.807803,106.59462,Căn hộ/Chung cư,3.0,1,1,,,2.0,4.0,1000000.0,[],11,Triệu an HiFriendz Tp ,,5.0,2026-09-17 14:29:46,https://nha.chotot.com/tin/178839353,2026-09-17T07:30:18.096098
182,"Chung cư Tecco Green - Phan Văn Hớn căn 2p ngủ , full NT, giá 7,3tr/th",7300000,0.1,73 m²,"Phường Tân Thới Nhất, Quận 12, Tp Hồ Chí Minh",Quận 12,Tp Hồ Chí Minh,10.82954,106.61561,Căn hộ/Chung cư,1.0,2,2,,,2.0,6.0,,[],6,Phí Linh,,,2026-09-17 14:29:29,https://nha.chotot.com/tin/178839257,2026-09-17T07:30:18.096476
183,💥CHDV - FUL NT - 2PN - BALCONY THOÁNG ⚡️ PHAN ĐĂNG LƯU - BÙI ĐÌNH TUÝ 💥,7800000,0.111428574,70 m²,"Phường 1, Quận Bình Thạnh, Tp Hồ Chí Minh",Quận Bình Thạnh,Tp Hồ Chí Minh,10.802451,106.697495,Căn hộ/Chung cư,2.0,2,,,,,,,[],12,Lương Thanh Trúc,,,2026-09-12 21:54:42,https://nha.chotot.com/tin/178437508,2026-09-17T07:30:18.096695
184,"💥 HÀ ĐÔ CENTROSA – 2PN 2WC – NHÀ ĐẸP, FULL NỘI THẤT – Ở LIỀN CHỈ 22TR",22000000,0.25581396,86 m²,"Phường 12, Quận 10, Tp Hồ Chí Minh",Quận 10,Tp Hồ Chí Minh,10.7762,106.67889,Căn hộ/Chung cư,1.0,2,2,,,,,,[],12,Hoàng Dung,,4.5,2026-09-17 11:07:05,https://nha.chotot.com/tin/178834497,2026-09-17T07:30:18.096884
185,"CĂN HỘ MINI CAO CẤP MỚI 100%, FULL NỘI THẤT NGAY ẺMART PHAN HUY ÍCH",5000000,0.2,25 m²,"Phường 12, Quận Gò Vấp, Tp Hồ Chí Minh",Quận Gò Vấp,Tp Hồ Chí Minh,10.837349,106.636284,Căn hộ/Chung cư,2.0,1,1,,,1.0,4.0,5000000.0,[],12,Alo Ngoc Hoang,,5.0,2026-09-17 14:28:24,https://nha.chotot.com/tin/178839301,2026-09-17T07:30:18.097155
186,TÌM NỮ Ở GHÉP CĂN CHUNG CƯ 2PN,4500000,0.071428575,63 m²,"Phường Phú Thuận, Quận 7, Tp Hồ Chí Minh",Quận 7,Tp Hồ Chí Minh,10.722,106.7433,Căn hộ/Chung cư,1.0,2,2,,,2.0,4.0,4500000.0,[],7,Kim Thanh,,5.0,2026-09-17 14:28:16,https://nha.chotot.com/tin/178839296,2026-09-17T07:30:18.097350
187,Khách Cần Tiền Ra Di Căn 2PN Hiyori Siêu Mới,5200000000,83.870964,62 m²,"Phường An Hải Đông, Quận Sơn Trà, Đà Nẵng",Quận Sơn Trà,Đà Nẵng,16.06191,108.23652,Căn hộ/Chung cư,1.0,2,2,,,1.0,2.0,,[],11,Hồng Công,,,2026-09-17 14:26:46,https://nha.chotot.com/tin/171220229,2026-09-17T07:30:18.097565
188,⭐ RIVER PANORAMA CHO THUÊ 3PN2WC FULL NỘI THẤT VIEW ĐẸP CHỈ 19 TRIỆU,19000000,0.21111111,90 m²,"Phường Phú Mỹ, Quận 7, Tp Hồ Chí Minh",Quận 7,Tp Hồ Chí Minh,10.71422,106.73743,Căn hộ/Chung cư,1.0,3,2,,,2.0,6.0,,[],12,Huy,,5.0,2026-09-08 14:36:21,https://nha.chotot.com/tin/172861126,2026-09-17T07:30:18.097758
189,"THẢO ĐIỀN, QUẬN 2 🏡 CHO THUÊ CHDV CAO CẤP💘 1PN BAN CÔNG FULL NỘI THẤT",11000000,0.22,50 m²,"Phường Thảo Điền (Quận 2 cũ), Thành phố Thủ Đức, Tp Hồ Chí Minh",Thành phố Thủ Đức,Tp Hồ Chí Minh,10.803914,106.72912,Căn hộ/Chung cư,2.0,1,1,,Đông Bắc,1.0,4.0,11000000.0,[],11,Phương An Chuyên Căn Hộ Quận 2,,5.0,2026-09-11 14:06:45,https://nha.chotot.com/tin/177928071,2026-09-17T07:30:18.097953
190,CHDV FULL NỘI THẤT MỚI KENG GẦN MEGA MARKET Q12,3900000,0.156,25 m²,"Phường Tân Thới Hiệp, Quận 12, Tp Hồ Chí Minh",Quận 12,Tp Hồ Chí Minh,10.887289,106.64767,Căn hộ/Chung cư,2.0,1,1,4,,2.0,4.0,,[],10,Anh Tuấn Tìm Phòng,,5.0,2026-09-17 14:26:20,https://nha.chotot.com/tin/178839237,2026-09-17T07:30:18.098143
191,CHO THUÊ CĂN HỘ DUPLEX 2  GIƯỜNG NGỦ FULL NỘI THẤT CÓ CỬA SỔ THOÁNG,6000000,0.13333334,45 m²,"Phường 8, Thành phố Đà Lạt, Lâm Đồng",Thành phố Đà Lạt,Lâm Đồng,11.977858,108.45107,Căn hộ/Chung cư,3.0,1,1,,,,,,[],9,Quang gohome,,,2026-09-17 14:26:16,https://nha.chotot.com/tin/178839207,2026-09-17T07:30:18.098333
192,Khách Cần Tiền Bán Gấp Căn Ponte 1PN Stu View Biển Giá Cực Rẻ ,2700000000,103.84615,26 m²,"Phường An Hải Tây, Quận Sơn Trà, Đà Nẵng",Quận Sơn Trà,Đà Nẵng,16.059008,108.23034,Căn hộ/Chung cư,1.0,1,2,,Tây,4.0,6.0,,[],6,Hồng Công,,,2026-09-17 14:26:02,https://nha.chotot.com/tin/178096332,2026-09-17T07:30:18.098538
193,Bán Căn Hộ 2PN Toà A - Masteri Rivera Đà Nẵng,5700000000,91.935486,62 m²,"Phường Hòa Cường Nam, Quận Hải Châu, Đà Nẵng",Quận Hải Châu,Đà Nẵng,16.033035,108.225494,Căn hộ/Chung cư,1.0,2,2,39,Tây,2.0,6.0,,[],6,Hồng Công,,,2026-09-17 14:25:24,https://nha.chotot.com/tin/169931282,2026-09-17T07:30:18.098722
194,Căn hộ ban công Full nội thất ngay Trương Văn Bang thuận tiện qua sala,5800000,0.16571428,35 m²,"Phường Thạnh Mỹ Lợi (Quận 2 cũ), Thành phố Thủ Đức, Tp Hồ Chí Minh",Thành phố Thủ Đức,Tp Hồ Chí Minh,10.774195,106.75718,Căn hộ/Chung cư,2.0,1,1,,,2.0,4.0,6000000.0,[],11,Huỳnh Châu HiFriendz ,,5.0,2026-09-05 22:57:12,https://nha.chotot.com/tin/178592369,2026-09-17T07:30:18.098903
195,"CHO THUÊ  CHUNG CƯ TẠI PHỐ TU HOÀNG, NHỔN - 58M2, 2 NGỦ, ĐỦ ĐỒ-  5TR",5000000,0.0862069,58 m²,"Phường Phương Canh, Quận Nam Từ Liêm, Hà Nội",Quận Nam Từ Liêm,Hà Nội,21.053297,105.73126,Căn hộ/Chung cư,1.0,2,1,,,2.0,,,[],3,NGÔ THÚY,,,2026-09-17 14:24:32,https://nha.chotot.com/tin/178839180,2026-09-17T07:30:18.099077
196,"the Sun Avenue 2Pn 5,8 tỷ 65m",5800000000,89.23077,65 m²,"Phường An Phú (Quận 2 cũ), Thành phố Thủ Đức, Tp Hồ Chí Minh",Thành phố Thủ Đức,Tp Hồ Chí Minh,10.79675,106.75218,Căn hộ/Chung cư,1.0,2,,,,,,,[],3,Nguyễn Văn Hậu,,,2026-09-16 08:47:07,https://nha.chotot.com/tin/178808741,2026-09-17T07:30:18.099334
197,"Chủ Cần Tiền Nên Bán Nhanh Căn 1PN+1  Tầng Cao View Biển, Thành Phố",4500000000,66.17647,68 m²,"Phường An Hải Tây, Quận Sơn Trà, Đà Nẵng",Quận Sơn Trà,Đà Nẵng,16.059008,108.23034,Căn hộ/Chung cư,1.0,2,1,1,Tây Bắc,4.0,2.0,,[],6,Hồng Công,,,2026-09-17 14:24:16,https://nha.chotot.com/tin/174414504,2026-09-17T07:30:18.099511
198,Cho thuê căn hộ duplex 35m2 đầy đủ tiện nghi có dịch vụ giặt sấy free,6500000,0.18571429,35 m²,"Phường Tân Quy, Quận 7, Tp Hồ Chí Minh",Quận 7,Tp Hồ Chí Minh,10.741573,106.71589,Căn hộ/Chung cư,2.0,1,1,,,2.0,6.0,6500000.0,[],10,Hà Dương Chuyên CHDV quận 7,,5.0,2026-09-12 14:23:26,https://nha.chotot.com/tin/178731918,2026-09-17T07:30:18.099700
199,"CHO THUÊ DUPLEX TONE TRẮNG KEM SIU XINH NGAY UFM, IUH,OU,...",4500000,0.16071428,28 m²,"Phường 13, Quận Tân Bình, Tp Hồ Chí Minh",Quận Tân Bình,Tp Hồ Chí Minh,10.804742,106.645935,Căn hộ/Chung cư,3.0,1,1,2,,,,,[],5,Ngọc Hân,,,2026-09-17 14:24:11,https://nha.chotot.com/tin/177890569,2026-09-17T07:30:18.099874
200,cho thuê phòng,3500000,0.07777778,45 m²,"Phường 5, Quận 11, Tp Hồ Chí Minh",Quận 11,Tp Hồ Chí Minh,10.76784,106.6433,Căn hộ/Chung cư,1.0,1,2,,,2.0,,3500000.0,[],4,Vy Nguyen,,,2026-09-17 14:20:34,https://nha.chotot.com/tin/178839076,2026-09-17T07:30:18.100042
201,Cần cho thuê nhà góc 2 Mặt Tiền 84A Phổ Quang P.2 Q.Tân Bình,30000000,0.3030303,99 m²,"Phường 2, Quận Tân Bình, Tp Hồ Chí Minh",Quận Tân Bình,Tp Hồ Chí Minh,10.806851,106.668365,Nhà ở,,5,5,4,,,1.0,60000000.0,[],6,Anh Thanh,,,2026-09-17 14:29:37,https://nha.chotot.com/tin/178839329,2026-09-17T07:30:19.493760
202,Bán nhà lầu đúc kiên cố hẻm xe hơi rộng đường Dương Bá Trạc P1 Q8 ,11800000000,245.83333,48 m²,"Phường 1, Quận 8, Tp Hồ Chí Minh",Quận 8,Tp Hồ Chí Minh,10.74418,106.69049,Nhà ở,,4,4,4,Nam,2.0,1.0,,[],3,Nguyễn Thìn ,,4.4,2026-09-17 14:29:34,https://nha.chotot.com/tin/178839333,2026-09-17T07:30:19.494071
203,"Bán nhà riêng 4mx18,3m",12300000000,169.65517,72.5 m²,"Phường Tân Sơn Nhì, Quận Tân Phú, Tp Hồ Chí Minh",Quận Tân Phú,Tp Hồ Chí Minh,10.796407,106.63215,Nhà ở,,1,,,,,,,[],3,Nguyễn Võ Châu Phát,,,2026-09-16 14:28:21,https://nha.chotot.com/tin/178817793,2026-09-17T07:30:19.494296
204,cho thuê,25000000,0.41666666,60 m²,"Phường 8, Quận 5, Tp Hồ Chí Minh",Quận 5,Tp Hồ Chí Minh,10.756033,106.671135,Nhà ở,,4,5,3,Đông,3.0,1.0,50000000.0,[],3,Phạm Ánh Lan,,5.0,2026-09-17 12:38:51,https://nha.chotot.com/tin/178836750,2026-09-17T07:30:19.494496
205,cho thuê nhà 2 tầng đường phan thanh sát đại học duy tân,11000000,0.22,50 m²,"Phường Thạc Gián, Quận Thanh Khê, Đà Nẵng",Quận Thanh Khê,Đà Nẵng,16.063013,108.208755,Nhà ở,,3,3,2,,1.0,,,[],10,Đại tuấn,,,2026-09-17 14:29:11,https://nha.chotot.com/tin/178839312,2026-09-17T07:30:19.494769
206,Nhà riêng ngõ 31 phố mai động gần đền lừ dt40m2x4t giá 10tr,10000000,0.25,40 m²,"Phường Mai Động, Quận Hoàng Mai, Hà Nội",Quận Hoàng Mai,Hà Nội,20.988625,105.86115,Nhà ở,,4,3,4,Đông,2.0,1.0,10000000.0,[],6,phạm minh chính,,,2026-09-10 10:59:00,https://nha.chotot.com/tin/178378145,2026-09-17T07:30:19.494949
207,bán nhà mặt tiền kinh doanh đường Trương Vĩnh Nguyên,5600000000,19.928825,281 m²,"Phường Phú Thứ, Quận Cái Răng, Cần Thơ",Quận Cái Răng,Cần Thơ,9.982768,105.78676,Nhà ở,,1,2,1,Đông Bắc,3.0,1.0,,[],5,Nguyen Tien Tai,,,2026-09-16 14:28:22,https://nha.chotot.com/tin/178149394,2026-09-17T07:30:19.495118
208,"Bán biệt thự 2 lầu áp mái P. Thạnh Mỹ Tây, TP.HCM giá 43 tỷ",43000000000,511.90475,84 m²,"Phường 12, Quận 3, Tp Hồ Chí Minh",Quận 3,Tp Hồ Chí Minh,10.789393,106.675064,Nhà ở,,1,,,,,,,[],3,vũ thành,,,2026-09-17 14:28:31,https://nha.chotot.com/tin/178839248,2026-09-17T07:30:19.495456
209,"Bán gấp nhà 1 lầu, sân thượng, 76m2, hẻm 5m vị trí hẻm 477/ Mã Lò",6950000000,91.447365,76 m²,"Phường Bình Hưng Hoà A, Quận Bình Tân, Tp Hồ Chí Minh",Quận Bình Tân,Tp Hồ Chí Minh,10.7823,106.59924,Nhà ở,,2,,2,,,,,[],3, Vương Nguyễn,,5.0,2026-09-17 14:28:31,https://nha.chotot.com/tin/178839292,2026-09-17T07:30:19.495749
210,"Bán nhà mới khu đường bàn cờ thông 6m Đường Số 28, 4,5x15m, lửng,3 lầu",9500000000,158.33333,60 m²,"Phường 6, Quận Gò Vấp, Tp Hồ Chí Minh",Quận Gò Vấp,Tp Hồ Chí Minh,10.838439,106.6817,Nhà ở,,4,5,4,,,1.0,,[],8,TRUONG TAM,,,2026-09-17 14:28:04,https://nha.chotot.com/tin/175260106,2026-09-17T07:30:19.495922
211,Gần Trường Lý Tự Trọng GV - Hẻm Ôtô - Nhà mới xây 4 Tầng 4PN - KQH KLG,6680000000,151.81818,44 m²,"Phường 15, Quận Gò Vấp, Tp Hồ Chí Minh",Quận Gò Vấp,Tp Hồ Chí Minh,10.847257,106.669334,Nhà ở,,4,4,4,,,1.0,,[],12,Lý Ngọc Thanh,,,2026-09-13 13:07:56,https://nha.chotot.com/tin/178748929,2026-09-17T07:30:19.496086
212,"NHÀ MỚI ĐẸP, HẺM TẢI 1T2L 4PN NGAY PHẠM VĂN ĐỒNG",14000000,0.23333333,60 m²,"Phường Linh Tây (Quận Thủ Đức cũ), Thành phố Thủ Đức, Tp Hồ Chí Minh",Thành phố Thủ Đức,Tp Hồ Chí Minh,10.852818,106.75241,Nhà ở,,4,3,,,,,28000000.0,[],9,NHẤT NHÀ ĐẤT,,5.0,2026-09-11 11:23:04,https://nha.chotot.com/tin/178707503,2026-09-17T07:30:19.496263
213,🏠 CHO THUÊ NHÀ NGUYÊN CĂN LÀM VĂN PHÒNG – THỦ ĐỨC,18000000,0.12,150 m²,"Phường Trường Thọ (Quận Thủ Đức cũ), Thành phố Thủ Đức, Tp Hồ Chí Minh",Thành phố Thủ Đức,Tp Hồ Chí Minh,10.831532,106.757996,Nhà ở,,4,,,,,,,[],3,Đăng Quang Rental,,,2026-09-17 14:27:44,https://nha.chotot.com/tin/178478419,2026-09-17T07:30:19.496463
214,cần tiền bán gấp,5100000000,85.0,60 m²,"Phường Dĩ An, Thành phố Dĩ An, Bình Dương",Thành phố Dĩ An,Bình Dương,10.904065,106.75859,Nhà ở,,3,2,2,,2.0,1.0,,[],4,An Tam,,4.0,2026-09-17 14:27:32,https://nha.chotot.com/tin/178838974,2026-09-17T07:30:19.496675
215,"🔥Cho thuê nhà gần ĐH Ngân Hàng, Thủ Đức, 80m², 3PN, chỉ 8 triệu",8000000,0.1,80 m²,"Phường Linh Chiểu (Quận Thủ Đức cũ), Thành phố Thủ Đức, Tp Hồ Chí Minh",Thành phố Thủ Đức,Tp Hồ Chí Minh,10.854226,106.76946,Nhà ở,,3,,,,,,,[],5,Đăng Quang Rental,,,2026-09-17 14:27:19,https://nha.chotot.com/tin/178378958,2026-09-17T07:30:19.496840
216,💐 nhà cho thuê hương lộ 2. Phường Bình Trị Đông A Bình Tân,13000000,0.203125,64 m²,"Phường Bình Trị Đông A, Quận Bình Tân, Tp Hồ Chí Minh",Quận Bình Tân,Tp Hồ Chí Minh,10.766734,106.60688,Nhà ở,,5,3,,,,,,[],6,MS Tánh Chuyên Mua Bán Cho Thuê Nhà Quận  Bình Tân,,,2026-09-17 14:27:15,https://nha.chotot.com/tin/178829961,2026-09-17T07:30:19.497078
217,"Bán Nhà Đẹp Đường Lý Tuệ, Tân Phú, DT 4,2 x 13m, 2Tầng, 3PN, 2WC. ",4900000000,89.74392,54.5998 m²,"Phường Tân Quý, Quận Tân Phú, Tp Hồ Chí Minh",Quận Tân Phú,Tp Hồ Chí Minh,10.7982025,106.62133,Nhà ở,,3,2,2,,3.0,1.0,,[],7,Tuấn Nhà Phố ,,,2026-09-09 15:26:20,https://nha.chotot.com/tin/177170637,2026-09-17T07:30:19.497251
218,CHO THUÊ NHÀ Q6 – CÓ BAN CÔNG – GẦN CHỢ MINH PHỤNG,9900000,0.17678571,56 m²,"Phường 7, Quận 6, Tp Hồ Chí Minh",Quận 6,Tp Hồ Chí Minh,10.740315,106.643776,Nhà ở,,2,,2,,2.0,1.0,9900000.0,[],5,Ming sài gòn,,,2026-09-17 14:26:59,https://nha.chotot.com/tin/178839162,2026-09-17T07:30:19.497414
219,"💥 Nhà Trường Thọ, Thủ Đức, 80m², gần Metro, ĐH SPKT, chỉ 7,5 triệu",7500000,0.09375,80 m²,"Phường Trường Thọ (Quận Thủ Đức cũ), Thành phố Thủ Đức, Tp Hồ Chí Minh",Thành phố Thủ Đức,Tp Hồ Chí Minh,10.838916,106.75297,Nhà ở,,2,,,,,,,[],3,Đăng Quang Rental,,,2026-09-17 14:26:58,https://nha.chotot.com/tin/178334860,2026-09-17T07:30:19.497585
220,Nhà mới xây Thống Nhất 5x6m 1 lầu 2pn,7000000,0.23333333,30 m²,"Phường 11, Quận Gò Vấp, Tp Hồ Chí Minh",Quận Gò Vấp,Tp Hồ Chí Minh,10.832626,106.66401,Nhà ở,,2,,,,,,,[],5,trần đức,,3.7,2026-09-17 14:26:54,https://nha.chotot.com/tin/178839246,2026-09-17T07:30:19.497755
221,CHO THUÊ HẺM NGUYỄN VĂN TRỖI TÂN BÌNH | 12x15m siêu rộng,58000000,0.58,100 m²,"Phường 10, Quận Tân Bình, Tp Hồ Chí Minh",Quận Tân Bình,Tp Hồ Chí Minh,10.798557,106.67042,Đất,,,,,,,,116000000.0,[],8,Dung tr,,,2026-09-17 14:29:35,https://nha.chotot.com/tin/178839347,2026-09-17T07:30:20.717541
222,"Cho thuê nhà phố 5 tầng có thang máy, rèm đường D9",45000000,0.53571427,84 m²,"Phường Long Bình (Quận 9 cũ), Thành phố Thủ Đức, Tp Hồ Chí Minh",Thành phố Thủ Đức,Tp Hồ Chí Minh,10.84805,106.83874,Đất,,,,5,,3.0,1.0,,[],4,DUY HOMES,,,2026-09-09 09:41:13,https://nha.chotot.com/tin/178661906,2026-09-17T07:30:20.717842
223,"Cho thuê vp phố nguyên hồng,đống đa,dt 68m2,giá 13tr/tháng",13000000,0.19117647,68 m²,"Phường Láng Hạ, Quận Đống Đa, Hà Nội",Quận Đống Đa,Hà Nội,21.015743,105.80971,Đất,,,,8,,1.0,1.0,,[],5,Đào Thành Lân,,,2026-09-17 14:27:34,https://nha.chotot.com/tin/178839277,2026-09-17T07:30:20.718045
224,🔥 CHO THUÊ BIỆT THỰ SÂN VƯỜN NGUYỄN VĂN TRỖI – NGANG 12M – GIÁ 59TR/TH,59000000,0.118,500 m²,"Phường 10, Quận Phú Nhuận, Tp Hồ Chí Minh",Quận Phú Nhuận,Tp Hồ Chí Minh,10.798557,106.67042,Đất,,,,,,,,150000000.0,[],7,Kiều Hằng,,,2026-09-17 14:27:01,https://nha.chotot.com/tin/178839254,2026-09-17T07:30:20.718260
225,Cho thuê kho 1200m QL1A Tam Bình chỉ 75k,90000000,0.075,1200 m²,"Phường Tam Bình (Quận Thủ Đức cũ), Thành phố Thủ Đức, Tp Hồ Chí Minh",Thành phố Thủ Đức,Tp Hồ Chí Minh,10.871881,106.739655,Đất,,,,,,,,3.0,[],3,Anhthe,,4.0,2026-09-14 18:07:53,https://nha.chotot.com/tin/178775394,2026-09-17T07:30:20.718457
226,BIỆT THỰ SÂN VƯỜN KHU TỔ HỢP F&B VÀ ĐA NGÀNH NGHỀ TRUNG TÂM QUẬN 3 ,115000000,0.34848484,330 m²,"Phường Võ Thị Sáu, Quận 3, Tp Hồ Chí Minh",Quận 3,Tp Hồ Chí Minh,10.788824,106.690765,Đất,,,,,,,,,[],9,Yến Ngọc,,,2026-09-17 14:25:23,https://nha.chotot.com/tin/178839200,2026-09-17T07:30:20.718803
227,🍑Đoạn Đẹp NGUYỄN GIA TRÍ - 4x25m (Trệt 2 Lầu)🍑,65000000,0.21666667,300 m²,"Phường 25, Quận Bình Thạnh, Tp Hồ Chí Minh",Quận Bình Thạnh,Tp Hồ Chí Minh,10.810227,106.71722,Đất,,,,,,,,,[],6,Nhà Phố Cho Thuê,,,2026-09-17 14:24:57,https://nha.chotot.com/tin/175622468,2026-09-17T07:30:20.719069
228,"🌟10x15m - TRẦN QUỐC TOẢN, Quận 3🌟 Trệt 2 Lầu",60000000,0.13333334,450 m²,"Phường Võ Thị Sáu, Quận 3, Tp Hồ Chí Minh",Quận 3,Tp Hồ Chí Minh,10.78659,106.68779,Đất,,,,,,,,,[],4,Nhà Phố Cho Thuê,,,2026-09-17 14:24:26,https://nha.chotot.com/tin/175903201,2026-09-17T07:30:20.719352
229,cho thuê 100m văn phòng giá 30 tr,30000000,0.3,100 m²,"Phường An Khánh (Quận 2 cũ), Thành phố Thủ Đức, Tp Hồ Chí Minh",Thành phố Thủ Đức,Tp Hồ Chí Minh,10.79159,106.73052,Đất,,,,,,,,60000000.0,[],3,Nguyễn Văn Hậu,,,2026-09-05 13:44:09,https://nha.chotot.com/tin/178581677,2026-09-17T07:30:20.719638
230,CHO THUÊ TÒA NHÀ VĂN PHÒNG NGUYỄN VĂN TRỖI NGAY NGÃ TƯ PHÚ NHUẬN,130000000,0.096296296,1350 m²,"Phường 10, Quận Phú Nhuận, Tp Hồ Chí Minh",Quận Phú Nhuận,Tp Hồ Chí Minh,10.798557,106.67042,Đất,,,,,,,,,[],3,Anh Đào,,,2026-09-12 11:08:02,https://nha.chotot.com/tin/178727010,2026-09-17T07:30:20.719829
231,Mặt bằng đẹp Hồ Văn Huê 30m2,7490000,0.24966666,30 m²,"Phường 9, Quận Phú Nhuận, Tp Hồ Chí Minh",Quận Phú Nhuận,Tp Hồ Chí Minh,10.80251,106.67629,Đất,,,,,,,,7490000.0,[],7,NGUYỄN THỊ ANH THƯ,,,2026-09-06 15:25:13,https://nha.chotot.com/tin/178603931,2026-09-17T07:30:20.720010
232,"🇻🇳SHOPHOUSE 3 TẦNG MẶT TIỀN MÊ LINH | GẦN ORI, KCN HÒA KHÁNH",14000000,0.11666667,120 m²,"Phường Hòa Hiệp Nam, Quận Liên Chiểu, Đà Nẵng",Quận Liên Chiểu,Đà Nẵng,16.09171,108.12595,Đất,,04,,3,,,,,[],10,Ngô Văn Cảnh,,4.4,2026-09-17 14:22:04,https://nha.chotot.com/tin/178839109,2026-09-17T07:30:20.720190
233,🔥 HẺM XE HƠI  HUỲNH VĂN BÁNH – PHÚ NHUẬN | 4PN – 4WC | CHỈ 2x,23000000,0.23,100 m²,"Phường 10, Quận Phú Nhuận, Tp Hồ Chí Minh",Quận Phú Nhuận,Tp Hồ Chí Minh,10.791831,106.671616,Đất,,4,,,,,,46000000.0,[],6,Dung tr,,,2026-09-17 14:21:51,https://nha.chotot.com/tin/178839122,2026-09-17T07:30:20.720430
234,"Măt tiền Nguyễn Cư Trinh, Quận 1 (Ngang 17m)",90000000,0.45,200 m²,"Phường Nguyễn Cư Trinh, Quận 1, Tp Hồ Chí Minh",Quận 1,Tp Hồ Chí Minh,10.763458,106.68884,Đất,,,,,,,,,[],5,Nhà Phố Cho Thuê,,,2026-09-17 14:21:14,https://nha.chotot.com/tin/178280784,2026-09-17T07:30:20.720643
235,"🔥GÓC 2MT - NGUYỄN TRÃI, Bến Thành, Q1🔥400m2 sử dụng",150000000,0.375,400 m²,"Phường Bến Thành, Quận 1, Tp Hồ Chí Minh",Quận 1,Tp Hồ Chí Minh,10.771166,106.68731,Đất,,,,,,,,,[],4,Nhà Phố Cho Thuê,,,2026-09-17 14:20:35,https://nha.chotot.com/tin/175556911,2026-09-17T07:30:20.720941
236,CHO THUÊ TÒA NHÀ 2 MẶT TIỀN VÕ VĂN NGÂN DT 12M X 36M TP THỦ ĐỨC,100000000,0.07692308,1300 m²,"Phường Bình Thọ (Quận Thủ Đức cũ), Thành phố Thủ Đức, Tp Hồ Chí Minh",Thành phố Thủ Đức,Tp Hồ Chí Minh,10.850573,106.76223,Đất,,,,,,,1.0,,[],3,Oanh Home,,,2026-09-17 14:20:21,https://nha.chotot.com/tin/178262159,2026-09-17T07:30:20.721223
237,"🔥 CHO THUÊ TẦNG 7 160m2 – 104A XUÂN THUỶ, THẢO ĐIỀN, Q2 🔥",50000000,0.3125,160 m²,"Phường Thảo Điền (Quận 2 cũ), Thành phố Thủ Đức, Tp Hồ Chí Minh",Thành phố Thủ Đức,Tp Hồ Chí Minh,10.803889,106.73543,Đất,,,,,,,,150000000.0,[],8,Kiều Hằng,,,2026-09-17 14:18:58,https://nha.chotot.com/tin/178839027,2026-09-17T07:30:20.721411
238,Cho thuê  Shophouse Panorama Phú Mỹ Hưng 2 tầng 50tr/th,50000000,0.35460994,141 m²,"Phường Tân Phong, Quận 7, Tp Hồ Chí Minh",Quận 7,Tp Hồ Chí Minh,10.72168,106.71284,Đất,,,,2,Tây Nam,,1.0,,[],7,Dân,,,2026-09-17 14:18:55,https://nha.chotot.com/tin/177011854,2026-09-17T07:30:20.721619
239,Kho trống VIEW SÔNG 235/50A Đặng Thùy Trâm. DT 8X20M.,20000000,0.125,160 m²,"Phường 13, Quận Bình Thạnh, Tp Hồ Chí Minh",Quận Bình Thạnh,Tp Hồ Chí Minh,10.824377,106.70332,Đất,,,,,,2.0,1.0,,[],3,Anh Dũng,,4.0,2026-09-17 14:17:42,https://nha.chotot.com/tin/167862234,2026-09-17T07:30:20.721910
240,"Cho thuê Nhà - Hồ Biểu Chánh, Phú Nhuận (700m2 sử dụng)",80000000,0.2857143,280 m²,"Phường 11, Quận Phú Nhuận, Tp Hồ Chí Minh",Quận Phú Nhuận,Tp Hồ Chí Minh,10.793179,106.676544,Đất,,,,,,,,,[],6,Nhà Phố Cho Thuê,,,2026-09-17 14:16:58,https://nha.chotot.com/tin/178838963,2026-09-17T07:30:20.722179
241,Nhà Lầu 4 Tầng Hẻm Oto Xây Mới 100% Âu Dương Lân P2 Q8,8600000000,204.7619,42 m²,"Phường 2, Quận 8, Tp Hồ Chí Minh",Quận 8,Tp Hồ Chí Minh,10.742134,106.685104,Nhà ở,,4,3,4,,2.0,1.0,,[],8,Phạm Quốc Thắng,,,2026-09-17 14:29:58,https://nha.chotot.com/tin/178839361,2026-09-17T07:30:21.491596
242,Lô đất 2500m thổ cư mặt tiền Hồ khu Biệt thự nghỉ dưỡng,4000000000,1.6891892,2368 m²,"Xã Đinh Lạc, Huyện Di Linh, Lâm Đồng",Huyện Di Linh,Lâm Đồng,11.63063,108.13101,Văn phòng/Mặt bằng,,,,,,,1.0,,[],4,Nguyễn Anh Sang,,4.1,2026-09-17 14:29:58,https://nha.chotot.com/tin/178141305,2026-09-17T07:30:21.491907
243,"Cho Thuê Biệt Thự Nam Thông PMH Q7 - 450m2, 5PN, Đường 20m",70000000,0.15555556,450 m²,"Phường Tân Phong, Quận 7, Tp Hồ Chí Minh",Quận 7,Tp Hồ Chí Minh,10.73019,106.70033,Nhà ở,,5,4,5,,,,,[],12,Thuỷ Trần,,,2026-08-31 09:55:18,https://nha.chotot.com/tin/178484863,2026-09-17T07:30:21.492115
244,"MẶT TIỀN ĐƯỜNG SỐ 6 – LÒ LU, TRƯỜNG THẠNH, TP. THỦ ĐỨC",4680000000,53.793102,87 m²,"Phường Trường Thạnh (Quận 9 cũ), Thành phố Thủ Đức, Tp Hồ Chí Minh",Thành phố Thủ Đức,Tp Hồ Chí Minh,10.801835,106.81432,Văn phòng/Mặt bằng,,,,,,,,,[],5,Duy Hoàng Land,,5.0,2026-09-17 14:29:46,https://nha.chotot.com/tin/178839348,2026-09-17T07:30:21.492302
245,KHAI TRƯƠNG ĐUPLEX 3🍠X ĐƯỜNG SỐ 1_NGUYỄN THỊ TÚ NHẬN XE ĐIỆN FULL NT,3700000,0.13214286,28 m²,"Phường Bình Hưng Hoà B, Quận Bình Tân, Tp Hồ Chí Minh",Quận Bình Tân,Tp Hồ Chí Minh,10.807803,106.59462,Căn hộ/Chung cư,3.0,1,1,,,2.0,4.0,1000000.0,[],11,Triệu an HiFriendz Tp ,,5.0,2026-09-17 14:29:46,https://nha.chotot.com/tin/178839353,2026-09-17T07:30:21.492581
246,Cần cho thuê nhà góc 2 Mặt Tiền 84A Phổ Quang P.2 Q.Tân Bình,30000000,0.3030303,99 m²,"Phường 2, Quận Tân Bình, Tp Hồ Chí Minh",Quận Tân Bình,Tp Hồ Chí Minh,10.806851,106.668365,Nhà ở,,5,5,4,,,1.0,60000000.0,[],6,Anh Thanh,,,2026-09-17 14:29:37,https://nha.chotot.com/tin/178839329,2026-09-17T07:30:21.492779
247,CHO THUÊ HẺM NGUYỄN VĂN TRỖI TÂN BÌNH | 12x15m siêu rộng,58000000,0.58,100 m²,"Phường 10, Quận Tân Bình, Tp Hồ Chí Minh",Quận Tân Bình,Tp Hồ Chí Minh,10.798557,106.67042,Đất,,,,,,,,116000000.0,[],8,Dung tr,,,2026-09-17 14:29:35,https://nha.chotot.com/tin/178839347,2026-09-17T07:30:21.492949
248,Bán nhà lầu đúc kiên cố hẻm xe hơi rộng đường Dương Bá Trạc P1 Q8 ,11800000000,245.83333,48 m²,"Phường 1, Quận 8, Tp Hồ Chí Minh",Quận 8,Tp Hồ Chí Minh,10.74418,106.69049,Nhà ở,,4,4,4,Nam,2.0,1.0,,[],3,Nguyễn Thìn ,,4.4,2026-09-17 14:29:34,https://nha.chotot.com/tin/178839333,2026-09-17T07:30:21.493125
249,"Chung cư Tecco Green - Phan Văn Hớn căn 2p ngủ , full NT, giá 7,3tr/th",7300000,0.1,73 m²,"Phường Tân Thới Nhất, Quận 12, Tp Hồ Chí Minh",Quận 12,Tp Hồ Chí Minh,10.82954,106.61561,Căn hộ/Chung cư,1.0,2,2,,,2.0,6.0,,[],6,Phí Linh,,,2026-09-17 14:29:29,https://nha.chotot.com/tin/178839257,2026-09-17T07:30:21.493310
250,"Bán nhà riêng 4mx18,3m",12300000000,169.65517,72.5 m²,"Phường Tân Sơn Nhì, Quận Tân Phú, Tp Hồ Chí Minh",Quận Tân Phú,Tp Hồ Chí Minh,10.796407,106.63215,Nhà ở,,1,,,,,,,[],3,Nguyễn Võ Châu Phát,,,2026-09-16 14:28:21,https://nha.chotot.com/tin/178817793,2026-09-17T07:30:21.493483
251,cho thuê,25000000,0.41666666,60 m²,"Phường 8, Quận 5, Tp Hồ Chí Minh",Quận 5,Tp Hồ Chí Minh,10.756033,106.671135,Nhà ở,,4,5,3,Đông,3.0,1.0,50000000.0,[],3,Phạm Ánh Lan,,5.0,2026-09-17 12:38:51,https://nha.chotot.com/tin/178836750,2026-09-17T07:30:21.493675
252,cho thuê nhà 2 tầng đường phan thanh sát đại học duy tân,11000000,0.22,50 m²,"Phường Thạc Gián, Quận Thanh Khê, Đà Nẵng",Quận Thanh Khê,Đà Nẵng,16.063013,108.208755,Nhà ở,,3,3,2,,1.0,,,[],10,Đại tuấn,,,2026-09-17 14:29:11,https://nha.chotot.com/tin/178839312,2026-09-17T07:30:21.493833
253,Nhà riêng ngõ 31 phố mai động gần đền lừ dt40m2x4t giá 10tr,10000000,0.25,40 m²,"Phường Mai Động, Quận Hoàng Mai, Hà Nội",Quận Hoàng Mai,Hà Nội,20.988625,105.86115,Nhà ở,,4,3,4,Đông,2.0,1.0,10000000.0,[],6,phạm minh chính,,,2026-09-10 10:59:00,https://nha.chotot.com/tin/178378145,2026-09-17T07:30:21.493992
254,bán nhà mặt tiền kinh doanh đường Trương Vĩnh Nguyên,5600000000,19.928825,281 m²,"Phường Phú Thứ, Quận Cái Răng, Cần Thơ",Quận Cái Răng,Cần Thơ,9.982768,105.78676,Nhà ở,,1,2,1,Đông Bắc,3.0,1.0,,[],5,Nguyen Tien Tai,,,2026-09-16 14:28:22,https://nha.chotot.com/tin/178149394,2026-09-17T07:30:21.494182
255,💥CHDV - FUL NT - 2PN - BALCONY THOÁNG ⚡️ PHAN ĐĂNG LƯU - BÙI ĐÌNH TUÝ 💥,7800000,0.111428574,70 m²,"Phường 1, Quận Bình Thạnh, Tp Hồ Chí Minh",Quận Bình Thạnh,Tp Hồ Chí Minh,10.802451,106.697495,Căn hộ/Chung cư,2.0,2,,,,,,,[],12,Lương Thanh Trúc,,,2026-09-12 21:54:42,https://nha.chotot.com/tin/178437508,2026-09-17T07:30:21.494460
256,"💥 HÀ ĐÔ CENTROSA – 2PN 2WC – NHÀ ĐẸP, FULL NỘI THẤT – Ở LIỀN CHỈ 22TR",22000000,0.25581396,86 m²,"Phường 12, Quận 10, Tp Hồ Chí Minh",Quận 10,Tp Hồ Chí Minh,10.7762,106.67889,Căn hộ/Chung cư,1.0,2,2,,,,,,[],12,Hoàng Dung,,4.5,2026-09-17 11:07:05,https://nha.chotot.com/tin/178834497,2026-09-17T07:30:21.494728
257,KHAI TRƯƠNG PHÒNG MỚI CÓ BẢO VỆ - LỄ TÂN - HẦM XE - BÌNH THẠNH,6500000,0.203125,32 m²,"Phường 7, Quận Bình Thạnh, Tp Hồ Chí Minh",Quận Bình Thạnh,Tp Hồ Chí Minh,10.809566,106.692924,Phòng trọ,,,,,,,,,[],12,Hoàng Anh Victory Home,,5.0,2026-09-13 08:59:36,https://nha.chotot.com/tin/176917252,2026-09-17T07:30:21.494935
258,Bán đất khu Việt Kiều - Củ Chi,4000000000,14.513788,275.6 m²,"Xã Tân Thông Hội, Huyện Củ Chi, Tp Hồ Chí Minh",Huyện Củ Chi,Tp Hồ Chí Minh,10.964226,106.506134,Văn phòng/Mặt bằng,,,,,,,1.0,,[],3,Tên chưa cung cấp,,,2026-09-17 14:28:42,https://nha.chotot.com/tin/178215800,2026-09-17T07:30:21.495161
259,CHO THUÊ STUDIO BAN CÔNG CỬA SỔ FULL NỘI THẤT NGAY TRUNG TÂM QUẬN 1,5700000,0.16285715,35 m²,"Phường Bến Thành, Quận 1, Tp Hồ Chí Minh",Quận 1,Tp Hồ Chí Minh,10.771173,106.69665,Phòng trọ,,,,,,,,,[],12,Mie Unite Group,,,2026-09-17 14:28:34,https://nha.chotot.com/tin/177897041,2026-09-17T07:30:21.495350
260,"Bán biệt thự 2 lầu áp mái P. Thạnh Mỹ Tây, TP.HCM giá 43 tỷ",43000000000,511.90475,84 m²,"Phường 12, Quận 3, Tp Hồ Chí Minh",Quận 3,Tp Hồ Chí Minh,10.789393,106.675064,Nhà ở,,1,,,,,,,[],3,vũ thành,,,2026-09-17 14:28:31,https://nha.chotot.com/tin/178839248,2026-09-17T07:30:21.495567
261,KHAI TRƯƠNG ĐUPLEX 3🍠X ĐƯỜNG SỐ 1_NGUYỄN THỊ TÚ NHẬN XE ĐIỆN FULL NT,3700000,0.13214286,28 m²,"Phường Bình Hưng Hoà B, Quận Bình Tân, Tp Hồ Chí Minh",Quận Bình Tân,Tp Hồ Chí Minh,10.807803,106.59462,Căn hộ/Chung cư,3.0,1,1,,,2.0,4.0,1000000.0,[],11,Triệu an HiFriendz Tp ,,5.0,2026-09-17 14:29:46,https://nha.chotot.com/tin/178839353,2026-09-17T07:30:22.864309
262,"Chung cư Tecco Green - Phan Văn Hớn căn 2p ngủ , full NT, giá 7,3tr/th",7300000,0.1,73 m²,"Phường Tân Thới Nhất, Quận 12, Tp Hồ Chí Minh",Quận 12,Tp Hồ Chí Minh,10.82954,106.61561,Căn hộ/Chung cư,1.0,2,2,,,2.0,6.0,,[],6,Phí Linh,,,2026-09-17 14:29:29,https://nha.chotot.com/tin/178839257,2026-09-17T07:30:22.864619
263,💥CHDV - FUL NT - 2PN - BALCONY THOÁNG ⚡️ PHAN ĐĂNG LƯU - BÙI ĐÌNH TUÝ 💥,7800000,0.111428574,70 m²,"Phường 1, Quận Bình Thạnh, Tp Hồ Chí Minh",Quận Bình Thạnh,Tp Hồ Chí Minh,10.802451,106.697495,Căn hộ/Chung cư,2.0,2,,,,,,,[],12,Lương Thanh Trúc,,,2026-09-12 21:54:42,https://nha.chotot.com/tin/178437508,2026-09-17T07:30:22.864813
264,"💥 HÀ ĐÔ CENTROSA – 2PN 2WC – NHÀ ĐẸP, FULL NỘI THẤT – Ở LIỀN CHỈ 22TR",22000000,0.25581396,86 m²,"Phường 12, Quận 10, Tp Hồ Chí Minh",Quận 10,Tp Hồ Chí Minh,10.7762,106.67889,Căn hộ/Chung cư,1.0,2,2,,,,,,[],12,Hoàng Dung,,4.5,2026-09-17 11:07:05,https://nha.chotot.com/tin/178834497,2026-09-17T07:30:22.865005
265,"CĂN HỘ MINI CAO CẤP MỚI 100%, FULL NỘI THẤT NGAY ẺMART PHAN HUY ÍCH",5000000,0.2,25 m²,"Phường 12, Quận Gò Vấp, Tp Hồ Chí Minh",Quận Gò Vấp,Tp Hồ Chí Minh,10.837349,106.636284,Căn hộ/Chung cư,2.0,1,1,,,1.0,4.0,5000000.0,[],12,Alo Ngoc Hoang,,5.0,2026-09-17 14:28:24,https://nha.chotot.com/tin/178839301,2026-09-17T07:30:22.865431
266,TÌM NỮ Ở GHÉP CĂN CHUNG CƯ 2PN,4500000,0.071428575,63 m²,"Phường Phú Thuận, Quận 7, Tp Hồ Chí Minh",Quận 7,Tp Hồ Chí Minh,10.722,106.7433,Căn hộ/Chung cư,1.0,2,2,,,2.0,4.0,4500000.0,[],7,Kim Thanh,,5.0,2026-09-17 14:28:16,https://nha.chotot.com/tin/178839296,2026-09-17T07:30:22.865650
267,Khách Cần Tiền Ra Di Căn 2PN Hiyori Siêu Mới,5200000000,83.870964,62 m²,"Phường An Hải Đông, Quận Sơn Trà, Đà Nẵng",Quận Sơn Trà,Đà Nẵng,16.06191,108.23652,Căn hộ/Chung cư,1.0,2,2,,,1.0,2.0,,[],11,Hồng Công,,,2026-09-17 14:26:46,https://nha.chotot.com/tin/171220229,2026-09-17T07:30:22.865851
268,⭐ RIVER PANORAMA CHO THUÊ 3PN2WC FULL NỘI THẤT VIEW ĐẸP CHỈ 19 TRIỆU,19000000,0.21111111,90 m²,"Phường Phú Mỹ, Quận 7, Tp Hồ Chí Minh",Quận 7,Tp Hồ Chí Minh,10.71422,106.73743,Căn hộ/Chung cư,1.0,3,2,,,2.0,6.0,,[],12,Huy,,5.0,2026-09-08 14:36:21,https://nha.chotot.com/tin/172861126,2026-09-17T07:30:22.866026
269,"THẢO ĐIỀN, QUẬN 2 🏡 CHO THUÊ CHDV CAO CẤP💘 1PN BAN CÔNG FULL NỘI THẤT",11000000,0.22,50 m²,"Phường Thảo Điền (Quận 2 cũ), Thành phố Thủ Đức, Tp Hồ Chí Minh",Thành phố Thủ Đức,Tp Hồ Chí Minh,10.803914,106.72912,Căn hộ/Chung cư,2.0,1,1,,Đông Bắc,1.0,4.0,11000000.0,[],11,Phương An Chuyên Căn Hộ Quận 2,,5.0,2026-09-11 14:06:45,https://nha.chotot.com/tin/177928071,2026-09-17T07:30:22.866220
270,CHDV FULL NỘI THẤT MỚI KENG GẦN MEGA MARKET Q12,3900000,0.156,25 m²,"Phường Tân Thới Hiệp, Quận 12, Tp Hồ Chí Minh",Quận 12,Tp Hồ Chí Minh,10.887289,106.64767,Căn hộ/Chung cư,2.0,1,1,4,,2.0,4.0,,[],10,Anh Tuấn Tìm Phòng,,5.0,2026-09-17 14:26:20,https://nha.chotot.com/tin/178839237,2026-09-17T07:30:22.866395
271,CHO THUÊ CĂN HỘ DUPLEX 2  GIƯỜNG NGỦ FULL NỘI THẤT CÓ CỬA SỔ THOÁNG,6000000,0.13333334,45 m²,"Phường 8, Thành phố Đà Lạt, Lâm Đồng",Thành phố Đà Lạt,Lâm Đồng,11.977858,108.45107,Căn hộ/Chung cư,3.0,1,1,,,,,,[],9,Quang gohome,,,2026-09-17 14:26:16,https://nha.chotot.com/tin/178839207,2026-09-17T07:30:22.866574
272,Khách Cần Tiền Bán Gấp Căn Ponte 1PN Stu View Biển Giá Cực Rẻ ,2700000000,103.84615,26 m²,"Phường An Hải Tây, Quận Sơn Trà, Đà Nẵng",Quận Sơn Trà,Đà Nẵng,16.059008,108.23034,Căn hộ/Chung cư,1.0,1,2,,Tây,4.0,6.0,,[],6,Hồng Công,,,2026-09-17 14:26:02,https://nha.chotot.com/tin/178096332,2026-09-17T07:30:22.866756
273,Bán Căn Hộ 2PN Toà A - Masteri Rivera Đà Nẵng,5700000000,91.935486,62 m²,"Phường Hòa Cường Nam, Quận Hải Châu, Đà Nẵng",Quận Hải Châu,Đà Nẵng,16.033035,108.225494,Căn hộ/Chung cư,1.0,2,2,39,Tây,2.0,6.0,,[],6,Hồng Công,,,2026-09-17 14:25:24,https://nha.chotot.com/tin/169931282,2026-09-17T07:30:22.866929
274,Căn hộ ban công Full nội thất ngay Trương Văn Bang thuận tiện qua sala,5800000,0.16571428,35 m²,"Phường Thạnh Mỹ Lợi (Quận 2 cũ), Thành phố Thủ Đức, Tp Hồ Chí Minh",Thành phố Thủ Đức,Tp Hồ Chí Minh,10.774195,106.75718,Căn hộ/Chung cư,2.0,1,1,,,2.0,4.0,6000000.0,[],11,Huỳnh Châu HiFriendz ,,5.0,2026-09-05 22:57:12,https://nha.chotot.com/tin/178592369,2026-09-17T07:30:22.867107
275,"CHO THUÊ  CHUNG CƯ TẠI PHỐ TU HOÀNG, NHỔN - 58M2, 2 NGỦ, ĐỦ ĐỒ-  5TR",5000000,0.0862069,58 m²,"Phường Phương Canh, Quận Nam Từ Liêm, Hà Nội",Quận Nam Từ Liêm,Hà Nội,21.053297,105.73126,Căn hộ/Chung cư,1.0,2,1,,,2.0,,,[],3,NGÔ THÚY,,,2026-09-17 14:24:32,https://nha.chotot.com/tin/178839180,2026-09-17T07:30:22.867283
276,"the Sun Avenue 2Pn 5,8 tỷ 65m",5800000000,89.23077,65 m²,"Phường An Phú (Quận 2 cũ), Thành phố Thủ Đức, Tp Hồ Chí Minh",Thành phố Thủ Đức,Tp Hồ Chí Minh,10.79675,106.75218,Căn hộ/Chung cư,1.0,2,,,,,,,[],3,Nguyễn Văn Hậu,,,2026-09-16 08:47:07,https://nha.chotot.com/tin/178808741,2026-09-17T07:30:22.867448
277,"Chủ Cần Tiền Nên Bán Nhanh Căn 1PN+1  Tầng Cao View Biển, Thành Phố",4500000000,66.17647,68 m²,"Phường An Hải Tây, Quận Sơn Trà, Đà Nẵng",Quận Sơn Trà,Đà Nẵng,16.059008,108.23034,Căn hộ/Chung cư,1.0,2,1,1,Tây Bắc,4.0,2.0,,[],6,Hồng Công,,,2026-09-17 14:24:16,https://nha.chotot.com/tin/174414504,2026-09-17T07:30:22.867705
278,Cho thuê căn hộ duplex 35m2 đầy đủ tiện nghi có dịch vụ giặt sấy free,6500000,0.18571429,35 m²,"Phường Tân Quy, Quận 7, Tp Hồ Chí Minh",Quận 7,Tp Hồ Chí Minh,10.741573,106.71589,Căn hộ/Chung cư,2.0,1,1,,,2.0,6.0,6500000.0,[],10,Hà Dương Chuyên CHDV quận 7,,5.0,2026-09-12 14:23:26,https://nha.chotot.com/tin/178731918,2026-09-17T07:30:22.867869
279,"CHO THUÊ DUPLEX TONE TRẮNG KEM SIU XINH NGAY UFM, IUH,OU,...",4500000,0.16071428,28 m²,"Phường 13, Quận Tân Bình, Tp Hồ Chí Minh",Quận Tân Bình,Tp Hồ Chí Minh,10.804742,106.645935,Căn hộ/Chung cư,3.0,1,1,2,,,,,[],5,Ngọc Hân,,,2026-09-17 14:24:11,https://nha.chotot.com/tin/177890569,2026-09-17T07:30:22.868034
280,cho thuê phòng,3500000,0.07777778,45 m²,"Phường 5, Quận 11, Tp Hồ Chí Minh",Quận 11,Tp Hồ Chí Minh,10.76784,106.6433,Căn hộ/Chung cư,1.0,1,2,,,2.0,,3500000.0,[],4,Vy Nguyen,,,2026-09-17 14:20:34,https://nha.chotot.com/tin/178839076,2026-09-17T07:30:22.868203
281,Cần cho thuê nhà góc 2 Mặt Tiền 84A Phổ Quang P.2 Q.Tân Bình,30000000,0.3030303,99 m²,"Phường 2, Quận Tân Bình, Tp Hồ Chí Minh",Quận Tân Bình,Tp Hồ Chí Minh,10.806851,106.668365,Nhà ở,,5,5,4,,,1.0,60000000.0,[],6,Anh Thanh,,,2026-09-17 14:29:37,https://nha.chotot.com/tin/178839329,2026-09-17T07:30:24.266067
282,Bán nhà lầu đúc kiên cố hẻm xe hơi rộng đường Dương Bá Trạc P1 Q8 ,11800000000,245.83333,48 m²,"Phường 1, Quận 8, Tp Hồ Chí Minh",Quận 8,Tp Hồ Chí Minh,10.74418,106.69049,Nhà ở,,4,4,4,Nam,2.0,1.0,,[],3,Nguyễn Thìn ,,4.4,2026-09-17 14:29:34,https://nha.chotot.com/tin/178839333,2026-09-17T07:30:24.266354
283,"Bán nhà riêng 4mx18,3m",12300000000,169.65517,72.5 m²,"Phường Tân Sơn Nhì, Quận Tân Phú, Tp Hồ Chí Minh",Quận Tân Phú,Tp Hồ Chí Minh,10.796407,106.63215,Nhà ở,,1,,,,,,,[],3,Nguyễn Võ Châu Phát,,,2026-09-16 14:28:21,https://nha.chotot.com/tin/178817793,2026-09-17T07:30:24.266562
284,cho thuê,25000000,0.41666666,60 m²,"Phường 8, Quận 5, Tp Hồ Chí Minh",Quận 5,Tp Hồ Chí Minh,10.756033,106.671135,Nhà ở,,4,5,3,Đông,3.0,1.0,50000000.0,[],3,Phạm Ánh Lan,,5.0,2026-09-17 12:38:51,https://nha.chotot.com/tin/178836750,2026-09-17T07:30:24.266746
285,cho thuê nhà 2 tầng đường phan thanh sát đại học duy tân,11000000,0.22,50 m²,"Phường Thạc Gián, Quận Thanh Khê, Đà Nẵng",Quận Thanh Khê,Đà Nẵng,16.063013,108.208755,Nhà ở,,3,3,2,,1.0,,,[],10,Đại tuấn,,,2026-09-17 14:29:11,https://nha.chotot.com/tin/178839312,2026-09-17T07:30:24.266975
286,Nhà riêng ngõ 31 phố mai động gần đền lừ dt40m2x4t giá 10tr,10000000,0.25,40 m²,"Phường Mai Động, Quận Hoàng Mai, Hà Nội",Quận Hoàng Mai,Hà Nội,20.988625,105.86115,Nhà ở,,4,3,4,Đông,2.0,1.0,10000000.0,[],6,phạm minh chính,,,2026-09-10 10:59:00,https://nha.chotot.com/tin/178378145,2026-09-17T07:30:24.267151
287,bán nhà mặt tiền kinh doanh đường Trương Vĩnh Nguyên,5600000000,19.928825,281 m²,"Phường Phú Thứ, Quận Cái Răng, Cần Thơ",Quận Cái Răng,Cần Thơ,9.982768,105.78676,Nhà ở,,1,2,1,Đông Bắc,3.0,1.0,,[],5,Nguyen Tien Tai,,,2026-09-16 14:28:22,https://nha.chotot.com/tin/178149394,2026-09-17T07:30:24.267319
288,"Bán biệt thự 2 lầu áp mái P. Thạnh Mỹ Tây, TP.HCM giá 43 tỷ",43000000000,511.90475,84 m²,"Phường 12, Quận 3, Tp Hồ Chí Minh",Quận 3,Tp Hồ Chí Minh,10.789393,106.675064,Nhà ở,,1,,,,,,,[],3,vũ thành,,,2026-09-17 14:28:31,https://nha.chotot.com/tin/178839248,2026-09-17T07:30:24.267658
289,"Bán gấp nhà 1 lầu, sân thượng, 76m2, hẻm 5m vị trí hẻm 477/ Mã Lò",6950000000,91.447365,76 m²,"Phường Bình Hưng Hoà A, Quận Bình Tân, Tp Hồ Chí Minh",Quận Bình Tân,Tp Hồ Chí Minh,10.7823,106.59924,Nhà ở,,2,,2,,,,,[],3, Vương Nguyễn,,5.0,2026-09-17 14:28:31,https://nha.chotot.com/tin/178839292,2026-09-17T07:30:24.267908
290,"Bán nhà mới khu đường bàn cờ thông 6m Đường Số 28, 4,5x15m, lửng,3 lầu",9500000000,158.33333,60 m²,"Phường 6, Quận Gò Vấp, Tp Hồ Chí Minh",Quận Gò Vấp,Tp Hồ Chí Minh,10.838439,106.6817,Nhà ở,,4,5,4,,,1.0,,[],8,TRUONG TAM,,,2026-09-17 14:28:04,https://nha.chotot.com/tin/175260106,2026-09-17T07:30:24.268072
291,Gần Trường Lý Tự Trọng GV - Hẻm Ôtô - Nhà mới xây 4 Tầng 4PN - KQH KLG,6680000000,151.81818,44 m²,"Phường 15, Quận Gò Vấp, Tp Hồ Chí Minh",Quận Gò Vấp,Tp Hồ Chí Minh,10.847257,106.669334,Nhà ở,,4,4,4,,,1.0,,[],12,Lý Ngọc Thanh,,,2026-09-13 13:07:56,https://nha.chotot.com/tin/178748929,2026-09-17T07:30:24.268243
292,"NHÀ MỚI ĐẸP, HẺM TẢI 1T2L 4PN NGAY PHẠM VĂN ĐỒNG",14000000,0.23333333,60 m²,"Phường Linh Tây (Quận Thủ Đức cũ), Thành phố Thủ Đức, Tp Hồ Chí Minh",Thành phố Thủ Đức,Tp Hồ Chí Minh,10.852818,106.75241,Nhà ở,,4,3,,,,,28000000.0,[],9,NHẤT NHÀ ĐẤT,,5.0,2026-09-11 11:23:04,https://nha.chotot.com/tin/178707503,2026-09-17T07:30:24.268414
293,🏠 CHO THUÊ NHÀ NGUYÊN CĂN LÀM VĂN PHÒNG – THỦ ĐỨC,18000000,0.12,150 m²,"Phường Trường Thọ (Quận Thủ Đức cũ), Thành phố Thủ Đức, Tp Hồ Chí Minh",Thành phố Thủ Đức,Tp Hồ Chí Minh,10.831532,106.757996,Nhà ở,,4,,,,,,,[],3,Đăng Quang Rental,,,2026-09-17 14:27:44,https://nha.chotot.com/tin/178478419,2026-09-17T07:30:24.268602
294,cần tiền bán gấp,5100000000,85.0,60 m²,"Phường Dĩ An, Thành phố Dĩ An, Bình Dương",Thành phố Dĩ An,Bình Dương,10.904065,106.75859,Nhà ở,,3,2,2,,2.0,1.0,,[],4,An Tam,,4.0,2026-09-17 14:27:32,https://nha.chotot.com/tin/178838974,2026-09-17T07:30:24.268775
295,"🔥Cho thuê nhà gần ĐH Ngân Hàng, Thủ Đức, 80m², 3PN, chỉ 8 triệu",8000000,0.1,80 m²,"Phường Linh Chiểu (Quận Thủ Đức cũ), Thành phố Thủ Đức, Tp Hồ Chí Minh",Thành phố Thủ Đức,Tp Hồ Chí Minh,10.854226,106.76946,Nhà ở,,3,,,,,,,[],5,Đăng Quang Rental,,,2026-09-17 14:27:19,https://nha.chotot.com/tin/178378958,2026-09-17T07:30:24.268936
296,💐 nhà cho thuê hương lộ 2. Phường Bình Trị Đông A Bình Tân,13000000,0.203125,64 m²,"Phường Bình Trị Đông A, Quận Bình Tân, Tp Hồ Chí Minh",Quận Bình Tân,Tp Hồ Chí Minh,10.766734,106.60688,Nhà ở,,5,3,,,,,,[],6,MS Tánh Chuyên Mua Bán Cho Thuê Nhà Quận  Bình Tân,,,2026-09-17 14:27:15,https://nha.chotot.com/tin/178829961,2026-09-17T07:30:24.269176
297,"Bán Nhà Đẹp Đường Lý Tuệ, Tân Phú, DT 4,2 x 13m, 2Tầng, 3PN, 2WC. ",4900000000,89.74392,54.5998 m²,"Phường Tân Quý, Quận Tân Phú, Tp Hồ Chí Minh",Quận Tân Phú,Tp Hồ Chí Minh,10.7982025,106.62133,Nhà ở,,3,2,2,,3.0,1.0,,[],7,Tuấn Nhà Phố ,,,2026-09-09 15:26:20,https://nha.chotot.com/tin/177170637,2026-09-17T07:30:24.269339
298,CHO THUÊ NHÀ Q6 – CÓ BAN CÔNG – GẦN CHỢ MINH PHỤNG,9900000,0.17678571,56 m²,"Phường 7, Quận 6, Tp Hồ Chí Minh",Quận 6,Tp Hồ Chí Minh,10.740315,106.643776,Nhà ở,,2,,2,,2.0,1.0,9900000.0,[],5,Ming sài gòn,,,2026-09-17 14:26:59,https://nha.chotot.com/tin/178839162,2026-09-17T07:30:24.269498
299,"💥 Nhà Trường Thọ, Thủ Đức, 80m², gần Metro, ĐH SPKT, chỉ 7,5 triệu",7500000,0.09375,80 m²,"Phường Trường Thọ (Quận Thủ Đức cũ), Thành phố Thủ Đức, Tp Hồ Chí Minh",Thành phố Thủ Đức,Tp Hồ Chí Minh,10.838916,106.75297,Nhà ở,,2,,,,,,,[],3,Đăng Quang Rental,,,2026-09-17 14:26:58,https://nha.chotot.com/tin/178334860,2026-09-17T07:30:24.269669
300,Nhà mới xây Thống Nhất 5x6m 1 lầu 2pn,7000000,0.23333333,30 m²,"Phường 11, Quận Gò Vấp, Tp Hồ Chí Minh",Quận Gò Vấp,Tp Hồ Chí Minh,10.832626,106.66401,Nhà ở,,2,,,,,,,[],5,trần đức,,3.7,2026-09-17 14:26:54,https://nha.chotot.com/tin/178839246,2026-09-17T07:30:24.269831
301,CHO THUÊ HẺM NGUYỄN VĂN TRỖI TÂN BÌNH | 12x15m siêu rộng,58000000,0.58,100 m²,"Phường 10, Quận Tân Bình, Tp Hồ Chí Minh",Quận Tân Bình,Tp Hồ Chí Minh,10.798557,106.67042,Đất,,,,,,,,116000000.0,[],8,Dung tr,,,2026-09-17 14:29:35,https://nha.chotot.com/tin/178839347,2026-09-17T07:30:25.389804
302,"Cho thuê nhà phố 5 tầng có thang máy, rèm đường D9",45000000,0.53571427,84 m²,"Phường Long Bình (Quận 9 cũ), Thành phố Thủ Đức, Tp Hồ Chí Minh",Thành phố Thủ Đức,Tp Hồ Chí Minh,10.84805,106.83874,Đất,,,,5,,3.0,1.0,,[],4,DUY HOMES,,,2026-09-09 09:41:13,https://nha.chotot.com/tin/178661906,2026-09-17T07:30:25.390155
303,"Cho thuê vp phố nguyên hồng,đống đa,dt 68m2,giá 13tr/tháng",13000000,0.19117647,68 m²,"Phường Láng Hạ, Quận Đống Đa, Hà Nội",Quận Đống Đa,Hà Nội,21.015743,105.80971,Đất,,,,8,,1.0,1.0,,[],5,Đào Thành Lân,,,2026-09-17 14:27:34,https://nha.chotot.com/tin/178839277,2026-09-17T07:30:25.390371
304,🔥 CHO THUÊ BIỆT THỰ SÂN VƯỜN NGUYỄN VĂN TRỖI – NGANG 12M – GIÁ 59TR/TH,59000000,0.118,500 m²,"Phường 10, Quận Phú Nhuận, Tp Hồ Chí Minh",Quận Phú Nhuận,Tp Hồ Chí Minh,10.798557,106.67042,Đất,,,,,,,,150000000.0,[],7,Kiều Hằng,,,2026-09-17 14:27:01,https://nha.chotot.com/tin/178839254,2026-09-17T07:30:25.390603
305,Cho thuê kho 1200m QL1A Tam Bình chỉ 75k,90000000,0.075,1200 m²,"Phường Tam Bình (Quận Thủ Đức cũ), Thành phố Thủ Đức, Tp Hồ Chí Minh",Thành phố Thủ Đức,Tp Hồ Chí Minh,10.871881,106.739655,Đất,,,,,,,,3.0,[],3,Anhthe,,4.0,2026-09-14 18:07:53,https://nha.chotot.com/tin/178775394,2026-09-17T07:30:25.390845
306,BIỆT THỰ SÂN VƯỜN KHU TỔ HỢP F&B VÀ ĐA NGÀNH NGHỀ TRUNG TÂM QUẬN 3 ,115000000,0.34848484,330 m²,"Phường Võ Thị Sáu, Quận 3, Tp Hồ Chí Minh",Quận 3,Tp Hồ Chí Minh,10.788824,106.690765,Đất,,,,,,,,,[],9,Yến Ngọc,,,2026-09-17 14:25:23,https://nha.chotot.com/tin/178839200,2026-09-17T07:30:25.391152
307,🍑Đoạn Đẹp NGUYỄN GIA TRÍ - 4x25m (Trệt 2 Lầu)🍑,65000000,0.21666667,300 m²,"Phường 25, Quận Bình Thạnh, Tp Hồ Chí Minh",Quận Bình Thạnh,Tp Hồ Chí Minh,10.810227,106.71722,Đất,,,,,,,,,[],6,Nhà Phố Cho Thuê,,,2026-09-17 14:24:57,https://nha.chotot.com/tin/175622468,2026-09-17T07:30:25.391344
308,"🌟10x15m - TRẦN QUỐC TOẢN, Quận 3🌟 Trệt 2 Lầu",60000000,0.13333334,450 m²,"Phường Võ Thị Sáu, Quận 3, Tp Hồ Chí Minh",Quận 3,Tp Hồ Chí Minh,10.78659,106.68779,Đất,,,,,,,,,[],4,Nhà Phố Cho Thuê,,,2026-09-17 14:24:26,https://nha.chotot.com/tin/175903201,2026-09-17T07:30:25.391637
309,cho thuê 100m văn phòng giá 30 tr,30000000,0.3,100 m²,"Phường An Khánh (Quận 2 cũ), Thành phố Thủ Đức, Tp Hồ Chí Minh",Thành phố Thủ Đức,Tp Hồ Chí Minh,10.79159,106.73052,Đất,,,,,,,,60000000.0,[],3,Nguyễn Văn Hậu,,,2026-09-05 13:44:09,https://nha.chotot.com/tin/178581677,2026-09-17T07:30:25.391895
310,CHO THUÊ TÒA NHÀ VĂN PHÒNG NGUYỄN VĂN TRỖI NGAY NGÃ TƯ PHÚ NHUẬN,130000000,0.096296296,1350 m²,"Phường 10, Quận Phú Nhuận, Tp Hồ Chí Minh",Quận Phú Nhuận,Tp Hồ Chí Minh,10.798557,106.67042,Đất,,,,,,,,,[],3,Anh Đào,,,2026-09-12 11:08:02,https://nha.chotot.com/tin/178727010,2026-09-17T07:30:25.392079
311,Mặt bằng đẹp Hồ Văn Huê 30m2,7490000,0.24966666,30 m²,"Phường 9, Quận Phú Nhuận, Tp Hồ Chí Minh",Quận Phú Nhuận,Tp Hồ Chí Minh,10.80251,106.67629,Đất,,,,,,,,7490000.0,[],7,NGUYỄN THỊ ANH THƯ,,,2026-09-06 15:25:13,https://nha.chotot.com/tin/178603931,2026-09-17T07:30:25.392279
312,"🇻🇳SHOPHOUSE 3 TẦNG MẶT TIỀN MÊ LINH | GẦN ORI, KCN HÒA KHÁNH",14000000,0.11666667,120 m²,"Phường Hòa Hiệp Nam, Quận Liên Chiểu, Đà Nẵng",Quận Liên Chiểu,Đà Nẵng,16.09171,108.12595,Đất,,04,,3,,,,,[],10,Ngô Văn Cảnh,,4.4,2026-09-17 14:22:04,https://nha.chotot.com/tin/178839109,2026-09-17T07:30:25.392453
313,🔥 HẺM XE HƠI  HUỲNH VĂN BÁNH – PHÚ NHUẬN | 4PN – 4WC | CHỈ 2x,23000000,0.23,100 m²,"Phường 10, Quận Phú Nhuận, Tp Hồ Chí Minh",Quận Phú Nhuận,Tp Hồ Chí Minh,10.791831,106.671616,Đất,,4,,,,,,46000000.0,[],6,Dung tr,,,2026-09-17 14:21:51,https://nha.chotot.com/tin/178839122,2026-09-17T07:30:25.392651
314,"Măt tiền Nguyễn Cư Trinh, Quận 1 (Ngang 17m)",90000000,0.45,200 m²,"Phường Nguyễn Cư Trinh, Quận 1, Tp Hồ Chí Minh",Quận 1,Tp Hồ Chí Minh,10.763458,106.68884,Đất,,,,,,,,,[],5,Nhà Phố Cho Thuê,,,2026-09-17 14:21:14,https://nha.chotot.com/tin/178280784,2026-09-17T07:30:25.392817
315,"🔥GÓC 2MT - NGUYỄN TRÃI, Bến Thành, Q1🔥400m2 sử dụng",150000000,0.375,400 m²,"Phường Bến Thành, Quận 1, Tp Hồ Chí Minh",Quận 1,Tp Hồ Chí Minh,10.771166,106.68731,Đất,,,,,,,,,[],4,Nhà Phố Cho Thuê,,,2026-09-17 14:20:35,https://nha.chotot.com/tin/175556911,2026-09-17T07:30:25.393073
316,CHO THUÊ TÒA NHÀ 2 MẶT TIỀN VÕ VĂN NGÂN DT 12M X 36M TP THỦ ĐỨC,100000000,0.07692308,1300 m²,"Phường Bình Thọ (Quận Thủ Đức cũ), Thành phố Thủ Đức, Tp Hồ Chí Minh",Thành phố Thủ Đức,Tp Hồ Chí Minh,10.850573,106.76223,Đất,,,,,,,1.0,,[],3,Oanh Home,,,2026-09-17 14:20:21,https://nha.chotot.com/tin/178262159,2026-09-17T07:30:25.393349
317,"🔥 CHO THUÊ TẦNG 7 160m2 – 104A XUÂN THUỶ, THẢO ĐIỀN, Q2 🔥",50000000,0.3125,160 m²,"Phường Thảo Điền (Quận 2 cũ), Thành phố Thủ Đức, Tp Hồ Chí Minh",Thành phố Thủ Đức,Tp Hồ Chí Minh,10.803889,106.73543,Đất,,,,,,,,150000000.0,[],8,Kiều Hằng,,,2026-09-17 14:18:58,https://nha.chotot.com/tin/178839027,2026-09-17T07:30:25.393635
318,Cho thuê  Shophouse Panorama Phú Mỹ Hưng 2 tầng 50tr/th,50000000,0.35460994,141 m²,"Phường Tân Phong, Quận 7, Tp Hồ Chí Minh",Quận 7,Tp Hồ Chí Minh,10.72168,106.71284,Đất,,,,2,Tây Nam,,1.0,,[],7,Dân,,,2026-09-17 14:18:55,https://nha.chotot.com/tin/177011854,2026-09-17T07:30:25.393812
319,Kho trống VIEW SÔNG 235/50A Đặng Thùy Trâm. DT 8X20M.,20000000,0.125,160 m²,"Phường 13, Quận Bình Thạnh, Tp Hồ Chí Minh",Quận Bình Thạnh,Tp Hồ Chí Minh,10.824377,106.70332,Đất,,,,,,2.0,1.0,,[],3,Anh Dũng,,4.0,2026-09-17 14:17:42,https://nha.chotot.com/tin/167862234,2026-09-17T07:30:25.393996
320,"Cho thuê Nhà - Hồ Biểu Chánh, Phú Nhuận (700m2 sử dụng)",80000000,0.2857143,280 m²,"Phường 11, Quận Phú Nhuận, Tp Hồ Chí Minh",Quận Phú Nhuận,Tp Hồ Chí Minh,10.793179,106.676544,Đất,,,,,,,,,[],6,Nhà Phố Cho Thuê,,,2026-09-17 14:16:58,https://nha.chotot.com/tin/178838963,2026-09-17T07:30:25.394256
321,Nhà Lầu 4 Tầng Hẻm Oto Xây Mới 100% Âu Dương Lân P2 Q8,8600000000,204.7619,42 m²,"Phường 2, Quận 8, Tp Hồ Chí Minh",Quận 8,Tp Hồ Chí Minh,10.742134,106.685104,Nhà ở,,4,3,4,,2.0,1.0,,[],8,Phạm Quốc Thắng,,,2026-09-17 14:29:58,https://nha.chotot.com/tin/178839361,2026-09-17T07:30:26.579229
322,Lô đất 2500m thổ cư mặt tiền Hồ khu Biệt thự nghỉ dưỡng,4000000000,1.6891892,2368 m²,"Xã Đinh Lạc, Huyện Di Linh, Lâm Đồng",Huyện Di Linh,Lâm Đồng,11.63063,108.13101,Văn phòng/Mặt bằng,,,,,,,1.0,,[],4,Nguyễn Anh Sang,,4.1,2026-09-17 14:29:58,https://nha.chotot.com/tin/178141305,2026-09-17T07:30:26.579601
323,"Cho Thuê Biệt Thự Nam Thông PMH Q7 - 450m2, 5PN, Đường 20m",70000000,0.15555556,450 m²,"Phường Tân Phong, Quận 7, Tp Hồ Chí Minh",Quận 7,Tp Hồ Chí Minh,10.73019,106.70033,Nhà ở,,5,4,5,,,,,[],12,Thuỷ Trần,,,2026-08-31 09:55:18,https://nha.chotot.com/tin/178484863,2026-09-17T07:30:26.579823
324,"MẶT TIỀN ĐƯỜNG SỐ 6 – LÒ LU, TRƯỜNG THẠNH, TP. THỦ ĐỨC",4680000000,53.793102,87 m²,"Phường Trường Thạnh (Quận 9 cũ), Thành phố Thủ Đức, Tp Hồ Chí Minh",Thành phố Thủ Đức,Tp Hồ Chí Minh,10.801835,106.81432,Văn phòng/Mặt bằng,,,,,,,,,[],5,Duy Hoàng Land,,5.0,2026-09-17 14:29:46,https://nha.chotot.com/tin/178839348,2026-09-17T07:30:26.580011
325,KHAI TRƯƠNG ĐUPLEX 3🍠X ĐƯỜNG SỐ 1_NGUYỄN THỊ TÚ NHẬN XE ĐIỆN FULL NT,3700000,0.13214286,28 m²,"Phường Bình Hưng Hoà B, Quận Bình Tân, Tp Hồ Chí Minh",Quận Bình Tân,Tp Hồ Chí Minh,10.807803,106.59462,Căn hộ/Chung cư,3.0,1,1,,,2.0,4.0,1000000.0,[],11,Triệu an HiFriendz Tp ,,5.0,2026-09-17 14:29:46,https://nha.chotot.com/tin/178839353,2026-09-17T07:30:26.580278
326,Cần cho thuê nhà góc 2 Mặt Tiền 84A Phổ Quang P.2 Q.Tân Bình,30000000,0.3030303,99 m²,"Phường 2, Quận Tân Bình, Tp Hồ Chí Minh",Quận Tân Bình,Tp Hồ Chí Minh,10.806851,106.668365,Nhà ở,,5,5,4,,,1.0,60000000.0,[],6,Anh Thanh,,,2026-09-17 14:29:37,https://nha.chotot.com/tin/178839329,2026-09-17T07:30:26.580474
327,CHO THUÊ HẺM NGUYỄN VĂN TRỖI TÂN BÌNH | 12x15m siêu rộng,58000000,0.58,100 m²,"Phường 10, Quận Tân Bình, Tp Hồ Chí Minh",Quận Tân Bình,Tp Hồ Chí Minh,10.798557,106.67042,Đất,,,,,,,,116000000.0,[],8,Dung tr,,,2026-09-17 14:29:35,https://nha.chotot.com/tin/178839347,2026-09-17T07:30:26.580663
328,Bán nhà lầu đúc kiên cố hẻm xe hơi rộng đường Dương Bá Trạc P1 Q8 ,11800000000,245.83333,48 m²,"Phường 1, Quận 8, Tp Hồ Chí Minh",Quận 8,Tp Hồ Chí Minh,10.74418,106.69049,Nhà ở,,4,4,4,Nam,2.0,1.0,,[],3,Nguyễn Thìn ,,4.4,2026-09-17 14:29:34,https://nha.chotot.com/tin/178839333,2026-09-17T07:30:26.580843
329,"Chung cư Tecco Green - Phan Văn Hớn căn 2p ngủ , full NT, giá 7,3tr/th",7300000,0.1,73 m²,"Phường Tân Thới Nhất, Quận 12, Tp Hồ Chí Minh",Quận 12,Tp Hồ Chí Minh,10.82954,106.61561,Căn hộ/Chung cư,1.0,2,2,,,2.0,6.0,,[],6,Phí Linh,,,2026-09-17 14:29:29,https://nha.chotot.com/tin/178839257,2026-09-17T07:30:26.581019
330,"Bán nhà riêng 4mx18,3m",12300000000,169.65517,72.5 m²,"Phường Tân Sơn Nhì, Quận Tân Phú, Tp Hồ Chí Minh",Quận Tân Phú,Tp Hồ Chí Minh,10.796407,106.63215,Nhà ở,,1,,,,,,,[],3,Nguyễn Võ Châu Phát,,,2026-09-16 14:28:21,https://nha.chotot.com/tin/178817793,2026-09-17T07:30:26.581198
331,cho thuê,25000000,0.41666666,60 m²,"Phường 8, Quận 5, Tp Hồ Chí Minh",Quận 5,Tp Hồ Chí Minh,10.756033,106.671135,Nhà ở,,4,5,3,Đông,3.0,1.0,50000000.0,[],3,Phạm Ánh Lan,,5.0,2026-09-17 12:38:51,https://nha.chotot.com/tin/178836750,2026-09-17T07:30:26.581371
332,cho thuê nhà 2 tầng đường phan thanh sát đại học duy tân,11000000,0.22,50 m²,"Phường Thạc Gián, Quận Thanh Khê, Đà Nẵng",Quận Thanh Khê,Đà Nẵng,16.063013,108.208755,Nhà ở,,3,3,2,,1.0,,,[],10,Đại tuấn,,,2026-09-17 14:29:11,https://nha.chotot.com/tin/178839312,2026-09-17T07:30:26.581539
333,Nhà riêng ngõ 31 phố mai động gần đền lừ dt40m2x4t giá 10tr,10000000,0.25,40 m²,"Phường Mai Động, Quận Hoàng Mai, Hà Nội",Quận Hoàng Mai,Hà Nội,20.988625,105.86115,Nhà ở,,4,3,4,Đông,2.0,1.0,10000000.0,[],6,phạm minh chính,,,2026-09-10 10:59:00,https://nha.chotot.com/tin/178378145,2026-09-17T07:30:26.581700
334,bán nhà mặt tiền kinh doanh đường Trương Vĩnh Nguyên,5600000000,19.928825,281 m²,"Phường Phú Thứ, Quận Cái Răng, Cần Thơ",Quận Cái Răng,Cần Thơ,9.982768,105.78676,Nhà ở,,1,2,1,Đông Bắc,3.0,1.0,,[],5,Nguyen Tien Tai,,,2026-09-16 14:28:22,https://nha.chotot.com/tin/178149394,2026-09-17T07:30:26.581888
335,💥CHDV - FUL NT - 2PN - BALCONY THOÁNG ⚡️ PHAN ĐĂNG LƯU - BÙI ĐÌNH TUÝ 💥,7800000,0.111428574,70 m²,"Phường 1, Quận Bình Thạnh, Tp Hồ Chí Minh",Quận Bình Thạnh,Tp Hồ Chí Minh,10.802451,106.697495,Căn hộ/Chung cư,2.0,2,,,,,,,[],12,Lương Thanh Trúc,,,2026-09-12 21:54:42,https://nha.chotot.com/tin/178437508,2026-09-17T07:30:26.582192
336,"💥 HÀ ĐÔ CENTROSA – 2PN 2WC – NHÀ ĐẸP, FULL NỘI THẤT – Ở LIỀN CHỈ 22TR",22000000,0.25581396,86 m²,"Phường 12, Quận 10, Tp Hồ Chí Minh",Quận 10,Tp Hồ Chí Minh,10.7762,106.67889,Căn hộ/Chung cư,1.0,2,2,,,,,,[],12,Hoàng Dung,,4.5,2026-09-17 11:07:05,https://nha.chotot.com/tin/178834497,2026-09-17T07:30:26.582451
337,KHAI TRƯƠNG PHÒNG MỚI CÓ BẢO VỆ - LỄ TÂN - HẦM XE - BÌNH THẠNH,6500000,0.203125,32 m²,"Phường 7, Quận Bình Thạnh, Tp Hồ Chí Minh",Quận Bình Thạnh,Tp Hồ Chí Minh,10.809566,106.692924,Phòng trọ,,,,,,,,,[],12,Hoàng Anh Victory Home,,5.0,2026-09-13 08:59:36,https://nha.chotot.com/tin/176917252,2026-09-17T07:30:26.582688
338,Bán đất khu Việt Kiều - Củ Chi,4000000000,14.513788,275.6 m²,"Xã Tân Thông Hội, Huyện Củ Chi, Tp Hồ Chí Minh",Huyện Củ Chi,Tp Hồ Chí Minh,10.964226,106.506134,Văn phòng/Mặt bằng,,,,,,,1.0,,[],3,Tên chưa cung cấp,,,2026-09-17 14:28:42,https://nha.chotot.com/tin/178215800,2026-09-17T07:30:26.582904
339,CHO THUÊ STUDIO BAN CÔNG CỬA SỔ FULL NỘI THẤT NGAY TRUNG TÂM QUẬN 1,5700000,0.16285715,35 m²,"Phường Bến Thành, Quận 1, Tp Hồ Chí Minh",Quận 1,Tp Hồ Chí Minh,10.771173,106.69665,Phòng trọ,,,,,,,,,[],12,Mie Unite Group,,,2026-09-17 14:28:34,https://nha.chotot.com/tin/177897041,2026-09-17T07:30:26.583073
340,"Bán biệt thự 2 lầu áp mái P. Thạnh Mỹ Tây, TP.HCM giá 43 tỷ",43000000000,511.90475,84 m²,"Phường 12, Quận 3, Tp Hồ Chí Minh",Quận 3,Tp Hồ Chí Minh,10.789393,106.675064,Nhà ở,,1,,,,,,,[],3,vũ thành,,,2026-09-17 14:28:31,https://nha.chotot.com/tin/178839248,2026-09-17T07:30:26.583276
341,KHAI TRƯƠNG ĐUPLEX 3🍠X ĐƯỜNG SỐ 1_NGUYỄN THỊ TÚ NHẬN XE ĐIỆN FULL NT,3700000,0.13214286,28 m²,"Phường Bình Hưng Hoà B, Quận Bình Tân, Tp Hồ Chí Minh",Quận Bình Tân,Tp Hồ Chí Minh,10.807803,106.59462,Căn hộ/Chung cư,3.0,1,1,,,2.0,4.0,1000000.0,[],11,Triệu an HiFriendz Tp ,,5.0,2026-09-17 14:29:46,https://nha.chotot.com/tin/178839353,2026-09-17T07:30:27.936937
342,"Chung cư Tecco Green - Phan Văn Hớn căn 2p ngủ , full NT, giá 7,3tr/th",7300000,0.1,73 m²,"Phường Tân Thới Nhất, Quận 12, Tp Hồ Chí Minh",Quận 12,Tp Hồ Chí Minh,10.82954,106.61561,Căn hộ/Chung cư,1.0,2,2,,,2.0,6.0,,[],6,Phí Linh,,,2026-09-17 14:29:29,https://nha.chotot.com/tin/178839257,2026-09-17T07:30:27.937245
343,💥CHDV - FUL NT - 2PN - BALCONY THOÁNG ⚡️ PHAN ĐĂNG LƯU - BÙI ĐÌNH TUÝ 💥,7800000,0.111428574,70 m²,"Phường 1, Quận Bình Thạnh, Tp Hồ Chí Minh",Quận Bình Thạnh,Tp Hồ Chí Minh,10.802451,106.697495,Căn hộ/Chung cư,2.0,2,,,,,,,[],12,Lương Thanh Trúc,,,2026-09-12 21:54:42,https://nha.chotot.com/tin/178437508,2026-09-17T07:30:27.937449
344,"💥 HÀ ĐÔ CENTROSA – 2PN 2WC – NHÀ ĐẸP, FULL NỘI THẤT – Ở LIỀN CHỈ 22TR",22000000,0.25581396,86 m²,"Phường 12, Quận 10, Tp Hồ Chí Minh",Quận 10,Tp Hồ Chí Minh,10.7762,106.67889,Căn hộ/Chung cư,1.0,2,2,,,,,,[],12,Hoàng Dung,,4.5,2026-09-17 11:07:05,https://nha.chotot.com/tin/178834497,2026-09-17T07:30:27.937662
345,"CĂN HỘ MINI CAO CẤP MỚI 100%, FULL NỘI THẤT NGAY ẺMART PHAN HUY ÍCH",5000000,0.2,25 m²,"Phường 12, Quận Gò Vấp, Tp Hồ Chí Minh",Quận Gò Vấp,Tp Hồ Chí Minh,10.837349,106.636284,Căn hộ/Chung cư,2.0,1,1,,,1.0,4.0,5000000.0,[],12,Alo Ngoc Hoang,,5.0,2026-09-17 14:28:24,https://nha.chotot.com/tin/178839301,2026-09-17T07:30:27.937920
346,TÌM NỮ Ở GHÉP CĂN CHUNG CƯ 2PN,4500000,0.071428575,63 m²,"Phường Phú Thuận, Quận 7, Tp Hồ Chí Minh",Quận 7,Tp Hồ Chí Minh,10.722,106.7433,Căn hộ/Chung cư,1.0,2,2,,,2.0,4.0,4500000.0,[],7,Kim Thanh,,5.0,2026-09-17 14:28:16,https://nha.chotot.com/tin/178839296,2026-09-17T07:30:27.938110
347,Khách Cần Tiền Ra Di Căn 2PN Hiyori Siêu Mới,5200000000,83.870964,62 m²,"Phường An Hải Đông, Quận Sơn Trà, Đà Nẵng",Quận Sơn Trà,Đà Nẵng,16.06191,108.23652,Căn hộ/Chung cư,1.0,2,2,,,1.0,2.0,,[],11,Hồng Công,,,2026-09-17 14:26:46,https://nha.chotot.com/tin/171220229,2026-09-17T07:30:27.938314
348,⭐ RIVER PANORAMA CHO THUÊ 3PN2WC FULL NỘI THẤT VIEW ĐẸP CHỈ 19 TRIỆU,19000000,0.21111111,90 m²,"Phường Phú Mỹ, Quận 7, Tp Hồ Chí Minh",Quận 7,Tp Hồ Chí Minh,10.71422,106.73743,Căn hộ/Chung cư,1.0,3,2,,,2.0,6.0,,[],12,Huy,,5.0,2026-09-08 14:36:21,https://nha.chotot.com/tin/172861126,2026-09-17T07:30:27.938497
349,"THẢO ĐIỀN, QUẬN 2 🏡 CHO THUÊ CHDV CAO CẤP💘 1PN BAN CÔNG FULL NỘI THẤT",11000000,0.22,50 m²,"Phường Thảo Điền (Quận 2 cũ), Thành phố Thủ Đức, Tp Hồ Chí Minh",Thành phố Thủ Đức,Tp Hồ Chí Minh,10.803914,106.72912,Căn hộ/Chung cư,2.0,1,1,,Đông Bắc,1.0,4.0,11000000.0,[],11,Phương An Chuyên Căn Hộ Quận 2,,5.0,2026-09-11 14:06:45,https://nha.chotot.com/tin/177928071,2026-09-17T07:30:27.938704
350,CHDV FULL NỘI THẤT MỚI KENG GẦN MEGA MARKET Q12,3900000,0.156,25 m²,"Phường Tân Thới Hiệp, Quận 12, Tp Hồ Chí Minh",Quận 12,Tp Hồ Chí Minh,10.887289,106.64767,Căn hộ/Chung cư,2.0,1,1,4,,2.0,4.0,,[],10,Anh Tuấn Tìm Phòng,,5.0,2026-09-17 14:26:20,https://nha.chotot.com/tin/178839237,2026-09-17T07:30:27.938883
351,CHO THUÊ CĂN HỘ DUPLEX 2  GIƯỜNG NGỦ FULL NỘI THẤT CÓ CỬA SỔ THOÁNG,6000000,0.13333334,45 m²,"Phường 8, Thành phố Đà Lạt, Lâm Đồng",Thành phố Đà Lạt,Lâm Đồng,11.977858,108.45107,Căn hộ/Chung cư,3.0,1,1,,,,,,[],9,Quang gohome,,,2026-09-17 14:26:16,https://nha.chotot.com/tin/178839207,2026-09-17T07:30:27.939052
352,Khách Cần Tiền Bán Gấp Căn Ponte 1PN Stu View Biển Giá Cực Rẻ ,2700000000,103.84615,26 m²,"Phường An Hải Tây, Quận Sơn Trà, Đà Nẵng",Quận Sơn Trà,Đà Nẵng,16.059008,108.23034,Căn hộ/Chung cư,1.0,1,2,,Tây,4.0,6.0,,[],6,Hồng Công,,,2026-09-17 14:26:02,https://nha.chotot.com/tin/178096332,2026-09-17T07:30:27.939234
353,Bán Căn Hộ 2PN Toà A - Masteri Rivera Đà Nẵng,5700000000,91.935486,62 m²,"Phường Hòa Cường Nam, Quận Hải Châu, Đà Nẵng",Quận Hải Châu,Đà Nẵng,16.033035,108.225494,Căn hộ/Chung cư,1.0,2,2,39,Tây,2.0,6.0,,[],6,Hồng Công,,,2026-09-17 14:25:24,https://nha.chotot.com/tin/169931282,2026-09-17T07:30:27.939398
354,Căn hộ ban công Full nội thất ngay Trương Văn Bang thuận tiện qua sala,5800000,0.16571428,35 m²,"Phường Thạnh Mỹ Lợi (Quận 2 cũ), Thành phố Thủ Đức, Tp Hồ Chí Minh",Thành phố Thủ Đức,Tp Hồ Chí Minh,10.774195,106.75718,Căn hộ/Chung cư,2.0,1,1,,,2.0,4.0,6000000.0,[],11,Huỳnh Châu HiFriendz ,,5.0,2026-09-05 22:57:12,https://nha.chotot.com/tin/178592369,2026-09-17T07:30:27.939594
355,"CHO THUÊ  CHUNG CƯ TẠI PHỐ TU HOÀNG, NHỔN - 58M2, 2 NGỦ, ĐỦ ĐỒ-  5TR",5000000,0.0862069,58 m²,"Phường Phương Canh, Quận Nam Từ Liêm, Hà Nội",Quận Nam Từ Liêm,Hà Nội,21.053297,105.73126,Căn hộ/Chung cư,1.0,2,1,,,2.0,,,[],3,NGÔ THÚY,,,2026-09-17 14:24:32,https://nha.chotot.com/tin/178839180,2026-09-17T07:30:27.939757
356,"the Sun Avenue 2Pn 5,8 tỷ 65m",5800000000,89.23077,65 m²,"Phường An Phú (Quận 2 cũ), Thành phố Thủ Đức, Tp Hồ Chí Minh",Thành phố Thủ Đức,Tp Hồ Chí Minh,10.79675,106.75218,Căn hộ/Chung cư,1.0,2,,,,,,,[],3,Nguyễn Văn Hậu,,,2026-09-16 08:47:07,https://nha.chotot.com/tin/178808741,2026-09-17T07:30:27.939998
357,"Chủ Cần Tiền Nên Bán Nhanh Căn 1PN+1  Tầng Cao View Biển, Thành Phố",4500000000,66.17647,68 m²,"Phường An Hải Tây, Quận Sơn Trà, Đà Nẵng",Quận Sơn Trà,Đà Nẵng,16.059008,108.23034,Căn hộ/Chung cư,1.0,2,1,1,Tây Bắc,4.0,2.0,,[],6,Hồng Công,,,2026-09-17 14:24:16,https://nha.chotot.com/tin/174414504,2026-09-17T07:30:27.940168
358,Cho thuê căn hộ duplex 35m2 đầy đủ tiện nghi có dịch vụ giặt sấy free,6500000,0.18571429,35 m²,"Phường Tân Quy, Quận 7, Tp Hồ Chí Minh",Quận 7,Tp Hồ Chí Minh,10.741573,106.71589,Căn hộ/Chung cư,2.0,1,1,,,2.0,6.0,6500000.0,[],10,Hà Dương Chuyên CHDV quận 7,,5.0,2026-09-12 14:23:26,https://nha.chotot.com/tin/178731918,2026-09-17T07:30:27.940339
359,"CHO THUÊ DUPLEX TONE TRẮNG KEM SIU XINH NGAY UFM, IUH,OU,...",4500000,0.16071428,28 m²,"Phường 13, Quận Tân Bình, Tp Hồ Chí Minh",Quận Tân Bình,Tp Hồ Chí Minh,10.804742,106.645935,Căn hộ/Chung cư,3.0,1,1,2,,,,,[],5,Ngọc Hân,,,2026-09-17 14:24:11,https://nha.chotot.com/tin/177890569,2026-09-17T07:30:27.940503
360,cho thuê phòng,3500000,0.07777778,45 m²,"Phường 5, Quận 11, Tp Hồ Chí Minh",Quận 11,Tp Hồ Chí Minh,10.76784,106.6433,Căn hộ/Chung cư,1.0,1,2,,,2.0,,3500000.0,[],4,Vy Nguyen,,,2026-09-17 14:20:34,https://nha.chotot.com/tin/178839076,2026-09-17T07:30:27.940682
361,Cần cho thuê nhà góc 2 Mặt Tiền 84A Phổ Quang P.2 Q.Tân Bình,30000000,0.3030303,99 m²,"Phường 2, Quận Tân Bình, Tp Hồ Chí Minh",Quận Tân Bình,Tp Hồ Chí Minh,10.806851,106.668365,Nhà ở,,5,5,4,,,1.0,60000000.0,[],6,Anh Thanh,,,2026-09-17 14:29:37,https://nha.chotot.com/tin/178839329,2026-09-17T07:30:29.390446
362,Bán nhà lầu đúc kiên cố hẻm xe hơi rộng đường Dương Bá Trạc P1 Q8 ,11800000000,245.83333,48 m²,"Phường 1, Quận 8, Tp Hồ Chí Minh",Quận 8,Tp Hồ Chí Minh,10.74418,106.69049,Nhà ở,,4,4,4,Nam,2.0,1.0,,[],3,Nguyễn Thìn ,,4.4,2026-09-17 14:29:34,https://nha.chotot.com/tin/178839333,2026-09-17T07:30:29.390761
363,"Bán nhà riêng 4mx18,3m",12300000000,169.65517,72.5 m²,"Phường Tân Sơn Nhì, Quận Tân Phú, Tp Hồ Chí Minh",Quận Tân Phú,Tp Hồ Chí Minh,10.796407,106.63215,Nhà ở,,1,,,,,,,[],3,Nguyễn Võ Châu Phát,,,2026-09-16 14:28:21,https://nha.chotot.com/tin/178817793,2026-09-17T07:30:29.390970
364,cho thuê,25000000,0.41666666,60 m²,"Phường 8, Quận 5, Tp Hồ Chí Minh",Quận 5,Tp Hồ Chí Minh,10.756033,106.671135,Nhà ở,,4,5,3,Đông,3.0,1.0,50000000.0,[],3,Phạm Ánh Lan,,5.0,2026-09-17 12:38:51,https://nha.chotot.com/tin/178836750,2026-09-17T07:30:29.391160
365,cho thuê nhà 2 tầng đường phan thanh sát đại học duy tân,11000000,0.22,50 m²,"Phường Thạc Gián, Quận Thanh Khê, Đà Nẵng",Quận Thanh Khê,Đà Nẵng,16.063013,108.208755,Nhà ở,,3,3,2,,1.0,,,[],10,Đại tuấn,,,2026-09-17 14:29:11,https://nha.chotot.com/tin/178839312,2026-09-17T07:30:29.391339
366,Nhà riêng ngõ 31 phố mai động gần đền lừ dt40m2x4t giá 10tr,10000000,0.25,40 m²,"Phường Mai Động, Quận Hoàng Mai, Hà Nội",Quận Hoàng Mai,Hà Nội,20.988625,105.86115,Nhà ở,,4,3,4,Đông,2.0,1.0,10000000.0,[],6,phạm minh chính,,,2026-09-10 10:59:00,https://nha.chotot.com/tin/178378145,2026-09-17T07:30:29.391506
367,bán nhà mặt tiền kinh doanh đường Trương Vĩnh Nguyên,5600000000,19.928825,281 m²,"Phường Phú Thứ, Quận Cái Răng, Cần Thơ",Quận Cái Răng,Cần Thơ,9.982768,105.78676,Nhà ở,,1,2,1,Đông Bắc,3.0,1.0,,[],5,Nguyen Tien Tai,,,2026-09-16 14:28:22,https://nha.chotot.com/tin/178149394,2026-09-17T07:30:29.391778
368,"Bán biệt thự 2 lầu áp mái P. Thạnh Mỹ Tây, TP.HCM giá 43 tỷ",43000000000,511.90475,84 m²,"Phường 12, Quận 3, Tp Hồ Chí Minh",Quận 3,Tp Hồ Chí Minh,10.789393,106.675064,Nhà ở,,1,,,,,,,[],3,vũ thành,,,2026-09-17 14:28:31,https://nha.chotot.com/tin/178839248,2026-09-17T07:30:29.392077
369,"Bán gấp nhà 1 lầu, sân thượng, 76m2, hẻm 5m vị trí hẻm 477/ Mã Lò",6950000000,91.447365,76 m²,"Phường Bình Hưng Hoà A, Quận Bình Tân, Tp Hồ Chí Minh",Quận Bình Tân,Tp Hồ Chí Minh,10.7823,106.59924,Nhà ở,,2,,2,,,,,[],3, Vương Nguyễn,,5.0,2026-09-17 14:28:31,https://nha.chotot.com/tin/178839292,2026-09-17T07:30:29.392341
370,"Bán nhà mới khu đường bàn cờ thông 6m Đường Số 28, 4,5x15m, lửng,3 lầu",9500000000,158.33333,60 m²,"Phường 6, Quận Gò Vấp, Tp Hồ Chí Minh",Quận Gò Vấp,Tp Hồ Chí Minh,10.838439,106.6817,Nhà ở,,4,5,4,,,1.0,,[],8,TRUONG TAM,,,2026-09-17 14:28:04,https://nha.chotot.com/tin/175260106,2026-09-17T07:30:29.392525
371,Gần Trường Lý Tự Trọng GV - Hẻm Ôtô - Nhà mới xây 4 Tầng 4PN - KQH KLG,6680000000,151.81818,44 m²,"Phường 15, Quận Gò Vấp, Tp Hồ Chí Minh",Quận Gò Vấp,Tp Hồ Chí Minh,10.847257,106.669334,Nhà ở,,4,4,4,,,1.0,,[],12,Lý Ngọc Thanh,,,2026-09-13 13:07:56,https://nha.chotot.com/tin/178748929,2026-09-17T07:30:29.392704
372,"NHÀ MỚI ĐẸP, HẺM TẢI 1T2L 4PN NGAY PHẠM VĂN ĐỒNG",14000000,0.23333333,60 m²,"Phường Linh Tây (Quận Thủ Đức cũ), Thành phố Thủ Đức, Tp Hồ Chí Minh",Thành phố Thủ Đức,Tp Hồ Chí Minh,10.852818,106.75241,Nhà ở,,4,3,,,,,28000000.0,[],9,NHẤT NHÀ ĐẤT,,5.0,2026-09-11 11:23:04,https://nha.chotot.com/tin/178707503,2026-09-17T07:30:29.392860
373,🏠 CHO THUÊ NHÀ NGUYÊN CĂN LÀM VĂN PHÒNG – THỦ ĐỨC,18000000,0.12,150 m²,"Phường Trường Thọ (Quận Thủ Đức cũ), Thành phố Thủ Đức, Tp Hồ Chí Minh",Thành phố Thủ Đức,Tp Hồ Chí Minh,10.831532,106.757996,Nhà ở,,4,,,,,,,[],3,Đăng Quang Rental,,,2026-09-17 14:27:44,https://nha.chotot.com/tin/178478419,2026-09-17T07:30:29.393028
374,cần tiền bán gấp,5100000000,85.0,60 m²,"Phường Dĩ An, Thành phố Dĩ An, Bình Dương",Thành phố Dĩ An,Bình Dương,10.904065,106.75859,Nhà ở,,3,2,2,,2.0,1.0,,[],4,An Tam,,4.0,2026-09-17 14:27:32,https://nha.chotot.com/tin/178838974,2026-09-17T07:30:29.393211
375,"🔥Cho thuê nhà gần ĐH Ngân Hàng, Thủ Đức, 80m², 3PN, chỉ 8 triệu",8000000,0.1,80 m²,"Phường Linh Chiểu (Quận Thủ Đức cũ), Thành phố Thủ Đức, Tp Hồ Chí Minh",Thành phố Thủ Đức,Tp Hồ Chí Minh,10.854226,106.76946,Nhà ở,,3,,,,,,,[],5,Đăng Quang Rental,,,2026-09-17 14:27:19,https://nha.chotot.com/tin/178378958,2026-09-17T07:30:29.393405
376,💐 nhà cho thuê hương lộ 2. Phường Bình Trị Đông A Bình Tân,13000000,0.203125,64 m²,"Phường Bình Trị Đông A, Quận Bình Tân, Tp Hồ Chí Minh",Quận Bình Tân,Tp Hồ Chí Minh,10.766734,106.60688,Nhà ở,,5,3,,,,,,[],6,MS Tánh Chuyên Mua Bán Cho Thuê Nhà Quận  Bình Tân,,,2026-09-17 14:27:15,https://nha.chotot.com/tin/178829961,2026-09-17T07:30:29.393666
377,"Bán Nhà Đẹp Đường Lý Tuệ, Tân Phú, DT 4,2 x 13m, 2Tầng, 3PN, 2WC. ",4900000000,89.74392,54.5998 m²,"Phường Tân Quý, Quận Tân Phú, Tp Hồ Chí Minh",Quận Tân Phú,Tp Hồ Chí Minh,10.7982025,106.62133,Nhà ở,,3,2,2,,3.0,1.0,,[],7,Tuấn Nhà Phố ,,,2026-09-09 15:26:20,https://nha.chotot.com/tin/177170637,2026-09-17T07:30:29.393865
378,CHO THUÊ NHÀ Q6 – CÓ BAN CÔNG – GẦN CHỢ MINH PHỤNG,9900000,0.17678571,56 m²,"Phường 7, Quận 6, Tp Hồ Chí Minh",Quận 6,Tp Hồ Chí Minh,10.740315,106.643776,Nhà ở,,2,,2,,2.0,1.0,9900000.0,[],5,Ming sài gòn,,,2026-09-17 14:26:59,https://nha.chotot.com/tin/178839162,2026-09-17T07:30:29.394111
379,"💥 Nhà Trường Thọ, Thủ Đức, 80m², gần Metro, ĐH SPKT, chỉ 7,5 triệu",7500000,0.09375,80 m²,"Phường Trường Thọ (Quận Thủ Đức cũ), Thành phố Thủ Đức, Tp Hồ Chí Minh",Thành phố Thủ Đức,Tp Hồ Chí Minh,10.838916,106.75297,Nhà ở,,2,,,,,,,[],3,Đăng Quang Rental,,,2026-09-17 14:26:58,https://nha.chotot.com/tin/178334860,2026-09-17T07:30:29.394280
380,Nhà mới xây Thống Nhất 5x6m 1 lầu 2pn,7000000,0.23333333,30 m²,"Phường 11, Quận Gò Vấp, Tp Hồ Chí Minh",Quận Gò Vấp,Tp Hồ Chí Minh,10.832626,106.66401,Nhà ở,,2,,,,,,,[],5,trần đức,,3.7,2026-09-17 14:26:54,https://nha.chotot.com/tin/178839246,2026-09-17T07:30:29.394451
381,CHO THUÊ HẺM NGUYỄN VĂN TRỖI TÂN BÌNH | 12x15m siêu rộng,58000000,0.58,100 m²,"Phường 10, Quận Tân Bình, Tp Hồ Chí Minh",Quận Tân Bình,Tp Hồ Chí Minh,10.798557,106.67042,Đất,,,,,,,,116000000.0,[],8,Dung tr,,,2026-09-17 14:29:35,https://nha.chotot.com/tin/178839347,2026-09-17T07:30:30.804090
382,"Cho thuê nhà phố 5 tầng có thang máy, rèm đường D9",45000000,0.53571427,84 m²,"Phường Long Bình (Quận 9 cũ), Thành phố Thủ Đức, Tp Hồ Chí Minh",Thành phố Thủ Đức,Tp Hồ Chí Minh,10.84805,106.83874,Đất,,,,5,,3.0,1.0,,[],4,DUY HOMES,,,2026-09-09 09:41:13,https://nha.chotot.com/tin/178661906,2026-09-17T07:30:30.804405
383,"Cho thuê vp phố nguyên hồng,đống đa,dt 68m2,giá 13tr/tháng",13000000,0.19117647,68 m²,"Phường Láng Hạ, Quận Đống Đa, Hà Nội",Quận Đống Đa,Hà Nội,21.015743,105.80971,Đất,,,,8,,1.0,1.0,,[],5,Đào Thành Lân,,,2026-09-17 14:27:34,https://nha.chotot.com/tin/178839277,2026-09-17T07:30:30.804630
384,🔥 CHO THUÊ BIỆT THỰ SÂN VƯỜN NGUYỄN VĂN TRỖI – NGANG 12M – GIÁ 59TR/TH,59000000,0.118,500 m²,"Phường 10, Quận Phú Nhuận, Tp Hồ Chí Minh",Quận Phú Nhuận,Tp Hồ Chí Minh,10.798557,106.67042,Đất,,,,,,,,150000000.0,[],7,Kiều Hằng,,,2026-09-17 14:27:01,https://nha.chotot.com/tin/178839254,2026-09-17T07:30:30.804840
385,Cho thuê kho 1200m QL1A Tam Bình chỉ 75k,90000000,0.075,1200 m²,"Phường Tam Bình (Quận Thủ Đức cũ), Thành phố Thủ Đức, Tp Hồ Chí Minh",Thành phố Thủ Đức,Tp Hồ Chí Minh,10.871881,106.739655,Đất,,,,,,,,3.0,[],3,Anhthe,,4.0,2026-09-14 18:07:53,https://nha.chotot.com/tin/178775394,2026-09-17T07:30:30.805090
386,BIỆT THỰ SÂN VƯỜN KHU TỔ HỢP F&B VÀ ĐA NGÀNH NGHỀ TRUNG TÂM QUẬN 3 ,115000000,0.34848484,330 m²,"Phường Võ Thị Sáu, Quận 3, Tp Hồ Chí Minh",Quận 3,Tp Hồ Chí Minh,10.788824,106.690765,Đất,,,,,,,,,[],9,Yến Ngọc,,,2026-09-17 14:25:23,https://nha.chotot.com/tin/178839200,2026-09-17T07:30:30.805416
387,🍑Đoạn Đẹp NGUYỄN GIA TRÍ - 4x25m (Trệt 2 Lầu)🍑,65000000,0.21666667,300 m²,"Phường 25, Quận Bình Thạnh, Tp Hồ Chí Minh",Quận Bình Thạnh,Tp Hồ Chí Minh,10.810227,106.71722,Đất,,,,,,,,,[],6,Nhà Phố Cho Thuê,,,2026-09-17 14:24:57,https://nha.chotot.com/tin/175622468,2026-09-17T07:30:30.805668
388,"🌟10x15m - TRẦN QUỐC TOẢN, Quận 3🌟 Trệt 2 Lầu",60000000,0.13333334,450 m²,"Phường Võ Thị Sáu, Quận 3, Tp Hồ Chí Minh",Quận 3,Tp Hồ Chí Minh,10.78659,106.68779,Đất,,,,,,,,,[],4,Nhà Phố Cho Thuê,,,2026-09-17 14:24:26,https://nha.chotot.com/tin/175903201,2026-09-17T07:30:30.805959
389,cho thuê 100m văn phòng giá 30 tr,30000000,0.3,100 m²,"Phường An Khánh (Quận 2 cũ), Thành phố Thủ Đức, Tp Hồ Chí Minh",Thành phố Thủ Đức,Tp Hồ Chí Minh,10.79159,106.73052,Đất,,,,,,,,60000000.0,[],3,Nguyễn Văn Hậu,,,2026-09-05 13:44:09,https://nha.chotot.com/tin/178581677,2026-09-17T07:30:30.806215
390,CHO THUÊ TÒA NHÀ VĂN PHÒNG NGUYỄN VĂN TRỖI NGAY NGÃ TƯ PHÚ NHUẬN,130000000,0.096296296,1350 m²,"Phường 10, Quận Phú Nhuận, Tp Hồ Chí Minh",Quận Phú Nhuận,Tp Hồ Chí Minh,10.798557,106.67042,Đất,,,,,,,,,[],3,Anh Đào,,,2026-09-12 11:08:02,https://nha.chotot.com/tin/178727010,2026-09-17T07:30:30.806409
391,Mặt bằng đẹp Hồ Văn Huê 30m2,7490000,0.24966666,30 m²,"Phường 9, Quận Phú Nhuận, Tp Hồ Chí Minh",Quận Phú Nhuận,Tp Hồ Chí Minh,10.80251,106.67629,Đất,,,,,,,,7490000.0,[],7,NGUYỄN THỊ ANH THƯ,,,2026-09-06 15:25:13,https://nha.chotot.com/tin/178603931,2026-09-17T07:30:30.806621
392,"🇻🇳SHOPHOUSE 3 TẦNG MẶT TIỀN MÊ LINH | GẦN ORI, KCN HÒA KHÁNH",14000000,0.11666667,120 m²,"Phường Hòa Hiệp Nam, Quận Liên Chiểu, Đà Nẵng",Quận Liên Chiểu,Đà Nẵng,16.09171,108.12595,Đất,,04,,3,,,,,[],10,Ngô Văn Cảnh,,4.4,2026-09-17 14:22:04,https://nha.chotot.com/tin/178839109,2026-09-17T07:30:30.806800
393,🔥 HẺM XE HƠI  HUỲNH VĂN BÁNH – PHÚ NHUẬN | 4PN – 4WC | CHỈ 2x,23000000,0.23,100 m²,"Phường 10, Quận Phú Nhuận, Tp Hồ Chí Minh",Quận Phú Nhuận,Tp Hồ Chí Minh,10.791831,106.671616,Đất,,4,,,,,,46000000.0,[],6,Dung tr,,,2026-09-17 14:21:51,https://nha.chotot.com/tin/178839122,2026-09-17T07:30:30.806968
394,"Măt tiền Nguyễn Cư Trinh, Quận 1 (Ngang 17m)",90000000,0.45,200 m²,"Phường Nguyễn Cư Trinh, Quận 1, Tp Hồ Chí Minh",Quận 1,Tp Hồ Chí Minh,10.763458,106.68884,Đất,,,,,,,,,[],5,Nhà Phố Cho Thuê,,,2026-09-17 14:21:14,https://nha.chotot.com/tin/178280784,2026-09-17T07:30:30.807148
395,"🔥GÓC 2MT - NGUYỄN TRÃI, Bến Thành, Q1🔥400m2 sử dụng",150000000,0.375,400 m²,"Phường Bến Thành, Quận 1, Tp Hồ Chí Minh",Quận 1,Tp Hồ Chí Minh,10.771166,106.68731,Đất,,,,,,,,,[],4,Nhà Phố Cho Thuê,,,2026-09-17 14:20:35,https://nha.chotot.com/tin/175556911,2026-09-17T07:30:30.807411
396,CHO THUÊ TÒA NHÀ 2 MẶT TIỀN VÕ VĂN NGÂN DT 12M X 36M TP THỦ ĐỨC,100000000,0.07692308,1300 m²,"Phường Bình Thọ (Quận Thủ Đức cũ), Thành phố Thủ Đức, Tp Hồ Chí Minh",Thành phố Thủ Đức,Tp Hồ Chí Minh,10.850573,106.76223,Đất,,,,,,,1.0,,[],3,Oanh Home,,,2026-09-17 14:20:21,https://nha.chotot.com/tin/178262159,2026-09-17T07:30:30.807671
397,"🔥 CHO THUÊ TẦNG 7 160m2 – 104A XUÂN THUỶ, THẢO ĐIỀN, Q2 🔥",50000000,0.3125,160 m²,"Phường Thảo Điền (Quận 2 cũ), Thành phố Thủ Đức, Tp Hồ Chí Minh",Thành phố Thủ Đức,Tp Hồ Chí Minh,10.803889,106.73543,Đất,,,,,,,,150000000.0,[],8,Kiều Hằng,,,2026-09-17 14:18:58,https://nha.chotot.com/tin/178839027,2026-09-17T07:30:30.807953
398,Cho thuê  Shophouse Panorama Phú Mỹ Hưng 2 tầng 50tr/th,50000000,0.35460994,141 m²,"Phường Tân Phong, Quận 7, Tp Hồ Chí Minh",Quận 7,Tp Hồ Chí Minh,10.72168,106.71284,Đất,,,,2,Tây Nam,,1.0,,[],7,Dân,,,2026-09-17 14:18:55,https://nha.chotot.com/tin/177011854,2026-09-17T07:30:30.808143
399,Kho trống VIEW SÔNG 235/50A Đặng Thùy Trâm. DT 8X20M.,20000000,0.125,160 m²,"Phường 13, Quận Bình Thạnh, Tp Hồ Chí Minh",Quận Bình Thạnh,Tp Hồ Chí Minh,10.824377,106.70332,Đất,,,,,,2.0,1.0,,[],3,Anh Dũng,,4.0,2026-09-17 14:17:42,https://nha.chotot.com/tin/167862234,2026-09-17T07:30:30.808347
400,"Cho thuê Nhà - Hồ Biểu Chánh, Phú Nhuận (700m2 sử dụng)",80000000,0.2857143,280 m²,"Phường 11, Quận Phú Nhuận, Tp Hồ Chí Minh",Quận Phú Nhuận,Tp Hồ Chí Minh,10.793179,106.676544,Đất,,,,,,,,,[],6,Nhà Phố Cho Thuê,,,2026-09-17 14:16:58,https://nha.chotot.com/tin/178838963,2026-09-17T07:30:30.808624
401,Nhà Lầu 4 Tầng Hẻm Oto Xây Mới 100% Âu Dương Lân P2 Q8,8600000000,204.7619,42 m²,"Phường 2, Quận 8, Tp Hồ Chí Minh",Quận 8,Tp Hồ Chí Minh,10.742134,106.685104,Nhà ở,,4,3,4,,2.0,1.0,,[],8,Phạm Quốc Thắng,,,2026-09-17 14:29:58,https://nha.chotot.com/tin/178839361,2026-09-17T07:30:32.216003
402,Lô đất 2500m thổ cư mặt tiền Hồ khu Biệt thự nghỉ dưỡng,4000000000,1.6891892,2368 m²,"Xã Đinh Lạc, Huyện Di Linh, Lâm Đồng",Huyện Di Linh,Lâm Đồng,11.63063,108.13101,Văn phòng/Mặt bằng,,,,,,,1.0,,[],4,Nguyễn Anh Sang,,4.1,2026-09-17 14:29:58,https://nha.chotot.com/tin/178141305,2026-09-17T07:30:32.216303
403,"Cho Thuê Biệt Thự Nam Thông PMH Q7 - 450m2, 5PN, Đường 20m",70000000,0.15555556,450 m²,"Phường Tân Phong, Quận 7, Tp Hồ Chí Minh",Quận 7,Tp Hồ Chí Minh,10.73019,106.70033,Nhà ở,,5,4,5,,,,,[],12,Thuỷ Trần,,,2026-08-31 09:55:18,https://nha.chotot.com/tin/178484863,2026-09-17T07:30:32.216526
404,"MẶT TIỀN ĐƯỜNG SỐ 6 – LÒ LU, TRƯỜNG THẠNH, TP. THỦ ĐỨC",4680000000,53.793102,87 m²,"Phường Trường Thạnh (Quận 9 cũ), Thành phố Thủ Đức, Tp Hồ Chí Minh",Thành phố Thủ Đức,Tp Hồ Chí Minh,10.801835,106.81432,Văn phòng/Mặt bằng,,,,,,,,,[],5,Duy Hoàng Land,,5.0,2026-09-17 14:29:46,https://nha.chotot.com/tin/178839348,2026-09-17T07:30:32.216719
405,KHAI TRƯƠNG ĐUPLEX 3🍠X ĐƯỜNG SỐ 1_NGUYỄN THỊ TÚ NHẬN XE ĐIỆN FULL NT,3700000,0.13214286,28 m²,"Phường Bình Hưng Hoà B, Quận Bình Tân, Tp Hồ Chí Minh",Quận Bình Tân,Tp Hồ Chí Minh,10.807803,106.59462,Căn hộ/Chung cư,3.0,1,1,,,2.0,4.0,1000000.0,[],11,Triệu an HiFriendz Tp ,,5.0,2026-09-17 14:29:46,https://nha.chotot.com/tin/178839353,2026-09-17T07:30:32.216971
406,Cần cho thuê nhà góc 2 Mặt Tiền 84A Phổ Quang P.2 Q.Tân Bình,30000000,0.3030303,99 m²,"Phường 2, Quận Tân Bình, Tp Hồ Chí Minh",Quận Tân Bình,Tp Hồ Chí Minh,10.806851,106.668365,Nhà ở,,5,5,4,,,1.0,60000000.0,[],6,Anh Thanh,,,2026-09-17 14:29:37,https://nha.chotot.com/tin/178839329,2026-09-17T07:30:32.217158
407,CHO THUÊ HẺM NGUYỄN VĂN TRỖI TÂN BÌNH | 12x15m siêu rộng,58000000,0.58,100 m²,"Phường 10, Quận Tân Bình, Tp Hồ Chí Minh",Quận Tân Bình,Tp Hồ Chí Minh,10.798557,106.67042,Đất,,,,,,,,116000000.0,[],8,Dung tr,,,2026-09-17 14:29:35,https://nha.chotot.com/tin/178839347,2026-09-17T07:30:32.217352
408,Bán nhà lầu đúc kiên cố hẻm xe hơi rộng đường Dương Bá Trạc P1 Q8 ,11800000000,245.83333,48 m²,"Phường 1, Quận 8, Tp Hồ Chí Minh",Quận 8,Tp Hồ Chí Minh,10.74418,106.69049,Nhà ở,,4,4,4,Nam,2.0,1.0,,[],3,Nguyễn Thìn ,,4.4,2026-09-17 14:29:34,https://nha.chotot.com/tin/178839333,2026-09-17T07:30:32.217555
409,"Chung cư Tecco Green - Phan Văn Hớn căn 2p ngủ , full NT, giá 7,3tr/th",7300000,0.1,73 m²,"Phường Tân Thới Nhất, Quận 12, Tp Hồ Chí Minh",Quận 12,Tp Hồ Chí Minh,10.82954,106.61561,Căn hộ/Chung cư,1.0,2,2,,,2.0,6.0,,[],6,Phí Linh,,,2026-09-17 14:29:29,https://nha.chotot.com/tin/178839257,2026-09-17T07:30:32.217741
410,"Bán nhà riêng 4mx18,3m",12300000000,169.65517,72.5 m²,"Phường Tân Sơn Nhì, Quận Tân Phú, Tp Hồ Chí Minh",Quận Tân Phú,Tp Hồ Chí Minh,10.796407,106.63215,Nhà ở,,1,,,,,,,[],3,Nguyễn Võ Châu Phát,,,2026-09-16 14:28:21,https://nha.chotot.com/tin/178817793,2026-09-17T07:30:32.217909
411,cho thuê,25000000,0.41666666,60 m²,"Phường 8, Quận 5, Tp Hồ Chí Minh",Quận 5,Tp Hồ Chí Minh,10.756033,106.671135,Nhà ở,,4,5,3,Đông,3.0,1.0,50000000.0,[],3,Phạm Ánh Lan,,5.0,2026-09-17 12:38:51,https://nha.chotot.com/tin/178836750,2026-09-17T07:30:32.218074
412,cho thuê nhà 2 tầng đường phan thanh sát đại học duy tân,11000000,0.22,50 m²,"Phường Thạc Gián, Quận Thanh Khê, Đà Nẵng",Quận Thanh Khê,Đà Nẵng,16.063013,108.208755,Nhà ở,,3,3,2,,1.0,,,[],10,Đại tuấn,,,2026-09-17 14:29:11,https://nha.chotot.com/tin/178839312,2026-09-17T07:30:32.218232
413,Nhà riêng ngõ 31 phố mai động gần đền lừ dt40m2x4t giá 10tr,10000000,0.25,40 m²,"Phường Mai Động, Quận Hoàng Mai, Hà Nội",Quận Hoàng Mai,Hà Nội,20.988625,105.86115,Nhà ở,,4,3,4,Đông,2.0,1.0,10000000.0,[],6,phạm minh chính,,,2026-09-10 10:59:00,https://nha.chotot.com/tin/178378145,2026-09-17T07:30:32.218406
414,bán nhà mặt tiền kinh doanh đường Trương Vĩnh Nguyên,5600000000,19.928825,281 m²,"Phường Phú Thứ, Quận Cái Răng, Cần Thơ",Quận Cái Răng,Cần Thơ,9.982768,105.78676,Nhà ở,,1,2,1,Đông Bắc,3.0,1.0,,[],5,Nguyen Tien Tai,,,2026-09-16 14:28:22,https://nha.chotot.com/tin/178149394,2026-09-17T07:30:32.218593
415,💥CHDV - FUL NT - 2PN - BALCONY THOÁNG ⚡️ PHAN ĐĂNG LƯU - BÙI ĐÌNH TUÝ 💥,7800000,0.111428574,70 m²,"Phường 1, Quận Bình Thạnh, Tp Hồ Chí Minh",Quận Bình Thạnh,Tp Hồ Chí Minh,10.802451,106.697495,Căn hộ/Chung cư,2.0,2,,,,,,,[],12,Lương Thanh Trúc,,,2026-09-12 21:54:42,https://nha.chotot.com/tin/178437508,2026-09-17T07:30:32.218874
416,"💥 HÀ ĐÔ CENTROSA – 2PN 2WC – NHÀ ĐẸP, FULL NỘI THẤT – Ở LIỀN CHỈ 22TR",22000000,0.25581396,86 m²,"Phường 12, Quận 10, Tp Hồ Chí Minh",Quận 10,Tp Hồ Chí Minh,10.7762,106.67889,Căn hộ/Chung cư,1.0,2,2,,,,,,[],12,Hoàng Dung,,4.5,2026-09-17 11:07:05,https://nha.chotot.com/tin/178834497,2026-09-17T07:30:32.219309
417,KHAI TRƯƠNG PHÒNG MỚI CÓ BẢO VỆ - LỄ TÂN - HẦM XE - BÌNH THẠNH,6500000,0.203125,32 m²,"Phường 7, Quận Bình Thạnh, Tp Hồ Chí Minh",Quận Bình Thạnh,Tp Hồ Chí Minh,10.809566,106.692924,Phòng trọ,,,,,,,,,[],12,Hoàng Anh Victory Home,,5.0,2026-09-13 08:59:36,https://nha.chotot.com/tin/176917252,2026-09-17T07:30:32.219512
418,Bán đất khu Việt Kiều - Củ Chi,4000000000,14.513788,275.6 m²,"Xã Tân Thông Hội, Huyện Củ Chi, Tp Hồ Chí Minh",Huyện Củ Chi,Tp Hồ Chí Minh,10.964226,106.506134,Văn phòng/Mặt bằng,,,,,,,1.0,,[],3,Tên chưa cung cấp,,,2026-09-17 14:28:42,https://nha.chotot.com/tin/178215800,2026-09-17T07:30:32.219759
419,CHO THUÊ STUDIO BAN CÔNG CỬA SỔ FULL NỘI THẤT NGAY TRUNG TÂM QUẬN 1,5700000,0.16285715,35 m²,"Phường Bến Thành, Quận 1, Tp Hồ Chí Minh",Quận 1,Tp Hồ Chí Minh,10.771173,106.69665,Phòng trọ,,,,,,,,,[],12,Mie Unite Group,,,2026-09-17 14:28:34,https://nha.chotot.com/tin/177897041,2026-09-17T07:30:32.219948
420,"Bán biệt thự 2 lầu áp mái P. Thạnh Mỹ Tây, TP.HCM giá 43 tỷ",43000000000,511.90475,84 m²,"Phường 12, Quận 3, Tp Hồ Chí Minh",Quận 3,Tp Hồ Chí Minh,10.789393,106.675064,Nhà ở,,1,,,,,,,[],3,vũ thành,,,2026-09-17 14:28:31,https://nha.chotot.com/tin/178839248,2026-09-17T07:30:32.220138
421,KHAI TRƯƠNG ĐUPLEX 3🍠X ĐƯỜNG SỐ 1_NGUYỄN THỊ TÚ NHẬN XE ĐIỆN FULL NT,3700000,0.13214286,28 m²,"Phường Bình Hưng Hoà B, Quận Bình Tân, Tp Hồ Chí Minh",Quận Bình Tân,Tp Hồ Chí Minh,10.807803,106.59462,Căn hộ/Chung cư,3.0,1,1,,,2.0,4.0,1000000.0,[],11,Triệu an HiFriendz Tp ,,5.0,2026-09-17 14:29:46,https://nha.chotot.com/tin/178839353,2026-09-17T07:30:33.411168
422,"Chung cư Tecco Green - Phan Văn Hớn căn 2p ngủ , full NT, giá 7,3tr/th",7300000,0.1,73 m²,"Phường Tân Thới Nhất, Quận 12, Tp Hồ Chí Minh",Quận 12,Tp Hồ Chí Minh,10.82954,106.61561,Căn hộ/Chung cư,1.0,2,2,,,2.0,6.0,,[],6,Phí Linh,,,2026-09-17 14:29:29,https://nha.chotot.com/tin/178839257,2026-09-17T07:30:33.411483
423,💥CHDV - FUL NT - 2PN - BALCONY THOÁNG ⚡️ PHAN ĐĂNG LƯU - BÙI ĐÌNH TUÝ 💥,7800000,0.111428574,70 m²,"Phường 1, Quận Bình Thạnh, Tp Hồ Chí Minh",Quận Bình Thạnh,Tp Hồ Chí Minh,10.802451,106.697495,Căn hộ/Chung cư,2.0,2,,,,,,,[],12,Lương Thanh Trúc,,,2026-09-12 21:54:42,https://nha.chotot.com/tin/178437508,2026-09-17T07:30:33.411708
424,"💥 HÀ ĐÔ CENTROSA – 2PN 2WC – NHÀ ĐẸP, FULL NỘI THẤT – Ở LIỀN CHỈ 22TR",22000000,0.25581396,86 m²,"Phường 12, Quận 10, Tp Hồ Chí Minh",Quận 10,Tp Hồ Chí Minh,10.7762,106.67889,Căn hộ/Chung cư,1.0,2,2,,,,,,[],12,Hoàng Dung,,4.5,2026-09-17 11:07:05,https://nha.chotot.com/tin/178834497,2026-09-17T07:30:33.411898
425,"CĂN HỘ MINI CAO CẤP MỚI 100%, FULL NỘI THẤT NGAY ẺMART PHAN HUY ÍCH",5000000,0.2,25 m²,"Phường 12, Quận Gò Vấp, Tp Hồ Chí Minh",Quận Gò Vấp,Tp Hồ Chí Minh,10.837349,106.636284,Căn hộ/Chung cư,2.0,1,1,,,1.0,4.0,5000000.0,[],12,Alo Ngoc Hoang,,5.0,2026-09-17 14:28:24,https://nha.chotot.com/tin/178839301,2026-09-17T07:30:33.412181
426,TÌM NỮ Ở GHÉP CĂN CHUNG CƯ 2PN,4500000,0.071428575,63 m²,"Phường Phú Thuận, Quận 7, Tp Hồ Chí Minh",Quận 7,Tp Hồ Chí Minh,10.722,106.7433,Căn hộ/Chung cư,1.0,2,2,,,2.0,4.0,4500000.0,[],7,Kim Thanh,,5.0,2026-09-17 14:28:16,https://nha.chotot.com/tin/178839296,2026-09-17T07:30:33.412393
427,Khách Cần Tiền Ra Di Căn 2PN Hiyori Siêu Mới,5200000000,83.870964,62 m²,"Phường An Hải Đông, Quận Sơn Trà, Đà Nẵng",Quận Sơn Trà,Đà Nẵng,16.06191,108.23652,Căn hộ/Chung cư,1.0,2,2,,,1.0,2.0,,[],11,Hồng Công,,,2026-09-17 14:26:46,https://nha.chotot.com/tin/171220229,2026-09-17T07:30:33.412626
428,⭐ RIVER PANORAMA CHO THUÊ 3PN2WC FULL NỘI THẤT VIEW ĐẸP CHỈ 19 TRIỆU,19000000,0.21111111,90 m²,"Phường Phú Mỹ, Quận 7, Tp Hồ Chí Minh",Quận 7,Tp Hồ Chí Minh,10.71422,106.73743,Căn hộ/Chung cư,1.0,3,2,,,2.0,6.0,,[],12,Huy,,5.0,2026-09-08 14:36:21,https://nha.chotot.com/tin/172861126,2026-09-17T07:30:33.412800
429,"THẢO ĐIỀN, QUẬN 2 🏡 CHO THUÊ CHDV CAO CẤP💘 1PN BAN CÔNG FULL NỘI THẤT",11000000,0.22,50 m²,"Phường Thảo Điền (Quận 2 cũ), Thành phố Thủ Đức, Tp Hồ Chí Minh",Thành phố Thủ Đức,Tp Hồ Chí Minh,10.803914,106.72912,Căn hộ/Chung cư,2.0,1,1,,Đông Bắc,1.0,4.0,11000000.0,[],11,Phương An Chuyên Căn Hộ Quận 2,,5.0,2026-09-11 14:06:45,https://nha.chotot.com/tin/177928071,2026-09-17T07:30:33.412993
430,CHDV FULL NỘI THẤT MỚI KENG GẦN MEGA MARKET Q12,3900000,0.156,25 m²,"Phường Tân Thới Hiệp, Quận 12, Tp Hồ Chí Minh",Quận 12,Tp Hồ Chí Minh,10.887289,106.64767,Căn hộ/Chung cư,2.0,1,1,4,,2.0,4.0,,[],10,Anh Tuấn Tìm Phòng,,5.0,2026-09-17 14:26:20,https://nha.chotot.com/tin/178839237,2026-09-17T07:30:33.413171
431,CHO THUÊ CĂN HỘ DUPLEX 2  GIƯỜNG NGỦ FULL NỘI THẤT CÓ CỬA SỔ THOÁNG,6000000,0.13333334,45 m²,"Phường 8, Thành phố Đà Lạt, Lâm Đồng",Thành phố Đà Lạt,Lâm Đồng,11.977858,108.45107,Căn hộ/Chung cư,3.0,1,1,,,,,,[],9,Quang gohome,,,2026-09-17 14:26:16,https://nha.chotot.com/tin/178839207,2026-09-17T07:30:33.413353
432,Khách Cần Tiền Bán Gấp Căn Ponte 1PN Stu View Biển Giá Cực Rẻ ,2700000000,103.84615,26 m²,"Phường An Hải Tây, Quận Sơn Trà, Đà Nẵng",Quận Sơn Trà,Đà Nẵng,16.059008,108.23034,Căn hộ/Chung cư,1.0,1,2,,Tây,4.0,6.0,,[],6,Hồng Công,,,2026-09-17 14:26:02,https://nha.chotot.com/tin/178096332,2026-09-17T07:30:33.413583
433,Bán Căn Hộ 2PN Toà A - Masteri Rivera Đà Nẵng,5700000000,91.935486,62 m²,"Phường Hòa Cường Nam, Quận Hải Châu, Đà Nẵng",Quận Hải Châu,Đà Nẵng,16.033035,108.225494,Căn hộ/Chung cư,1.0,2,2,39,Tây,2.0,6.0,,[],6,Hồng Công,,,2026-09-17 14:25:24,https://nha.chotot.com/tin/169931282,2026-09-17T07:30:33.413794
434,Căn hộ ban công Full nội thất ngay Trương Văn Bang thuận tiện qua sala,5800000,0.16571428,35 m²,"Phường Thạnh Mỹ Lợi (Quận 2 cũ), Thành phố Thủ Đức, Tp Hồ Chí Minh",Thành phố Thủ Đức,Tp Hồ Chí Minh,10.774195,106.75718,Căn hộ/Chung cư,2.0,1,1,,,2.0,4.0,6000000.0,[],11,Huỳnh Châu HiFriendz ,,5.0,2026-09-05 22:57:12,https://nha.chotot.com/tin/178592369,2026-09-17T07:30:33.413998
435,"CHO THUÊ  CHUNG CƯ TẠI PHỐ TU HOÀNG, NHỔN - 58M2, 2 NGỦ, ĐỦ ĐỒ-  5TR",5000000,0.0862069,58 m²,"Phường Phương Canh, Quận Nam Từ Liêm, Hà Nội",Quận Nam Từ Liêm,Hà Nội,21.053297,105.73126,Căn hộ/Chung cư,1.0,2,1,,,2.0,,,[],3,NGÔ THÚY,,,2026-09-17 14:24:32,https://nha.chotot.com/tin/178839180,2026-09-17T07:30:33.414169
436,"the Sun Avenue 2Pn 5,8 tỷ 65m",5800000000,89.23077,65 m²,"Phường An Phú (Quận 2 cũ), Thành phố Thủ Đức, Tp Hồ Chí Minh",Thành phố Thủ Đức,Tp Hồ Chí Minh,10.79675,106.75218,Căn hộ/Chung cư,1.0,2,,,,,,,[],3,Nguyễn Văn Hậu,,,2026-09-16 08:47:07,https://nha.chotot.com/tin/178808741,2026-09-17T07:30:33.414420
437,"Chủ Cần Tiền Nên Bán Nhanh Căn 1PN+1  Tầng Cao View Biển, Thành Phố",4500000000,66.17647,68 m²,"Phường An Hải Tây, Quận Sơn Trà, Đà Nẵng",Quận Sơn Trà,Đà Nẵng,16.059008,108.23034,Căn hộ/Chung cư,1.0,2,1,1,Tây Bắc,4.0,2.0,,[],6,Hồng Công,,,2026-09-17 14:24:16,https://nha.chotot.com/tin/174414504,2026-09-17T07:30:33.414608
438,Cho thuê căn hộ duplex 35m2 đầy đủ tiện nghi có dịch vụ giặt sấy free,6500000,0.18571429,35 m²,"Phường Tân Quy, Quận 7, Tp Hồ Chí Minh",Quận 7,Tp Hồ Chí Minh,10.741573,106.71589,Căn hộ/Chung cư,2.0,1,1,,,2.0,6.0,6500000.0,[],10,Hà Dương Chuyên CHDV quận 7,,5.0,2026-09-12 14:23:26,https://nha.chotot.com/tin/178731918,2026-09-17T07:30:33.414774
439,"CHO THUÊ DUPLEX TONE TRẮNG KEM SIU XINH NGAY UFM, IUH,OU,...",4500000,0.16071428,28 m²,"Phường 13, Quận Tân Bình, Tp Hồ Chí Minh",Quận Tân Bình,Tp Hồ Chí Minh,10.804742,106.645935,Căn hộ/Chung cư,3.0,1,1,2,,,,,[],5,Ngọc Hân,,,2026-09-17 14:24:11,https://nha.chotot.com/tin/177890569,2026-09-17T07:30:33.414942
440,cho thuê phòng,3500000,0.07777778,45 m²,"Phường 5, Quận 11, Tp Hồ Chí Minh",Quận 11,Tp Hồ Chí Minh,10.76784,106.6433,Căn hộ/Chung cư,1.0,1,2,,,2.0,,3500000.0,[],4,Vy Nguyen,,,2026-09-17 14:20:34,https://nha.chotot.com/tin/178839076,2026-09-17T07:30:33.415105
441,Cần cho thuê nhà góc 2 Mặt Tiền 84A Phổ Quang P.2 Q.Tân Bình,30000000,0.3030303,99 m²,"Phường 2, Quận Tân Bình, Tp Hồ Chí Minh",Quận Tân Bình,Tp Hồ Chí Minh,10.806851,106.668365,Nhà ở,,5,5,4,,,1.0,60000000.0,[],6,Anh Thanh,,,2026-09-17 14:29:37,https://nha.chotot.com/tin/178839329,2026-09-17T07:30:34.794898
442,Bán nhà lầu đúc kiên cố hẻm xe hơi rộng đường Dương Bá Trạc P1 Q8 ,11800000000,245.83333,48 m²,"Phường 1, Quận 8, Tp Hồ Chí Minh",Quận 8,Tp Hồ Chí Minh,10.74418,106.69049,Nhà ở,,4,4,4,Nam,2.0,1.0,,[],3,Nguyễn Thìn ,,4.4,2026-09-17 14:29:34,https://nha.chotot.com/tin/178839333,2026-09-17T07:30:34.795192
443,"Bán nhà riêng 4mx18,3m",12300000000,169.65517,72.5 m²,"Phường Tân Sơn Nhì, Quận Tân Phú, Tp Hồ Chí Minh",Quận Tân Phú,Tp Hồ Chí Minh,10.796407,106.63215,Nhà ở,,1,,,,,,,[],3,Nguyễn Võ Châu Phát,,,2026-09-16 14:28:21,https://nha.chotot.com/tin/178817793,2026-09-17T07:30:34.795410
444,cho thuê,25000000,0.41666666,60 m²,"Phường 8, Quận 5, Tp Hồ Chí Minh",Quận 5,Tp Hồ Chí Minh,10.756033,106.671135,Nhà ở,,4,5,3,Đông,3.0,1.0,50000000.0,[],3,Phạm Ánh Lan,,5.0,2026-09-17 12:38:51,https://nha.chotot.com/tin/178836750,2026-09-17T07:30:34.795634
445,cho thuê nhà 2 tầng đường phan thanh sát đại học duy tân,11000000,0.22,50 m²,"Phường Thạc Gián, Quận Thanh Khê, Đà Nẵng",Quận Thanh Khê,Đà Nẵng,16.063013,108.208755,Nhà ở,,3,3,2,,1.0,,,[],10,Đại tuấn,,,2026-09-17 14:29:11,https://nha.chotot.com/tin/178839312,2026-09-17T07:30:34.795867
446,Nhà riêng ngõ 31 phố mai động gần đền lừ dt40m2x4t giá 10tr,10000000,0.25,40 m²,"Phường Mai Động, Quận Hoàng Mai, Hà Nội",Quận Hoàng Mai,Hà Nội,20.988625,105.86115,Nhà ở,,4,3,4,Đông,2.0,1.0,10000000.0,[],6,phạm minh chính,,,2026-09-10 10:59:00,https://nha.chotot.com/tin/178378145,2026-09-17T07:30:34.796040
447,bán nhà mặt tiền kinh doanh đường Trương Vĩnh Nguyên,5600000000,19.928825,281 m²,"Phường Phú Thứ, Quận Cái Răng, Cần Thơ",Quận Cái Răng,Cần Thơ,9.982768,105.78676,Nhà ở,,1,2,1,Đông Bắc,3.0,1.0,,[],5,Nguyen Tien Tai,,,2026-09-16 14:28:22,https://nha.chotot.com/tin/178149394,2026-09-17T07:30:34.796201
448,"Bán biệt thự 2 lầu áp mái P. Thạnh Mỹ Tây, TP.HCM giá 43 tỷ",43000000000,511.90475,84 m²,"Phường 12, Quận 3, Tp Hồ Chí Minh",Quận 3,Tp Hồ Chí Minh,10.789393,106.675064,Nhà ở,,1,,,,,,,[],3,vũ thành,,,2026-09-17 14:28:31,https://nha.chotot.com/tin/178839248,2026-09-17T07:30:34.796487
449,"Bán gấp nhà 1 lầu, sân thượng, 76m2, hẻm 5m vị trí hẻm 477/ Mã Lò",6950000000,91.447365,76 m²,"Phường Bình Hưng Hoà A, Quận Bình Tân, Tp Hồ Chí Minh",Quận Bình Tân,Tp Hồ Chí Minh,10.7823,106.59924,Nhà ở,,2,,2,,,,,[],3, Vương Nguyễn,,5.0,2026-09-17 14:28:31,https://nha.chotot.com/tin/178839292,2026-09-17T07:30:34.796756
450,"Bán nhà mới khu đường bàn cờ thông 6m Đường Số 28, 4,5x15m, lửng,3 lầu",9500000000,158.33333,60 m²,"Phường 6, Quận Gò Vấp, Tp Hồ Chí Minh",Quận Gò Vấp,Tp Hồ Chí Minh,10.838439,106.6817,Nhà ở,,4,5,4,,,1.0,,[],8,TRUONG TAM,,,2026-09-17 14:28:04,https://nha.chotot.com/tin/175260106,2026-09-17T07:30:34.796919
451,Gần Trường Lý Tự Trọng GV - Hẻm Ôtô - Nhà mới xây 4 Tầng 4PN - KQH KLG,6680000000,151.81818,44 m²,"Phường 15, Quận Gò Vấp, Tp Hồ Chí Minh",Quận Gò Vấp,Tp Hồ Chí Minh,10.847257,106.669334,Nhà ở,,4,4,4,,,1.0,,[],12,Lý Ngọc Thanh,,,2026-09-13 13:07:56,https://nha.chotot.com/tin/178748929,2026-09-17T07:30:34.797081
452,"NHÀ MỚI ĐẸP, HẺM TẢI 1T2L 4PN NGAY PHẠM VĂN ĐỒNG",14000000,0.23333333,60 m²,"Phường Linh Tây (Quận Thủ Đức cũ), Thành phố Thủ Đức, Tp Hồ Chí Minh",Thành phố Thủ Đức,Tp Hồ Chí Minh,10.852818,106.75241,Nhà ở,,4,3,,,,,28000000.0,[],9,NHẤT NHÀ ĐẤT,,5.0,2026-09-11 11:23:04,https://nha.chotot.com/tin/178707503,2026-09-17T07:30:34.797255
453,🏠 CHO THUÊ NHÀ NGUYÊN CĂN LÀM VĂN PHÒNG – THỦ ĐỨC,18000000,0.12,150 m²,"Phường Trường Thọ (Quận Thủ Đức cũ), Thành phố Thủ Đức, Tp Hồ Chí Minh",Thành phố Thủ Đức,Tp Hồ Chí Minh,10.831532,106.757996,Nhà ở,,4,,,,,,,[],3,Đăng Quang Rental,,,2026-09-17 14:27:44,https://nha.chotot.com/tin/178478419,2026-09-17T07:30:34.797431
454,cần tiền bán gấp,5100000000,85.0,60 m²,"Phường Dĩ An, Thành phố Dĩ An, Bình Dương",Thành phố Dĩ An,Bình Dương,10.904065,106.75859,Nhà ở,,3,2,2,,2.0,1.0,,[],4,An Tam,,4.0,2026-09-17 14:27:32,https://nha.chotot.com/tin/178838974,2026-09-17T07:30:34.797633
455,"🔥Cho thuê nhà gần ĐH Ngân Hàng, Thủ Đức, 80m², 3PN, chỉ 8 triệu",8000000,0.1,80 m²,"Phường Linh Chiểu (Quận Thủ Đức cũ), Thành phố Thủ Đức, Tp Hồ Chí Minh",Thành phố Thủ Đức,Tp Hồ Chí Minh,10.854226,106.76946,Nhà ở,,3,,,,,,,[],5,Đăng Quang Rental,,,2026-09-17 14:27:19,https://nha.chotot.com/tin/178378958,2026-09-17T07:30:34.797794
456,💐 nhà cho thuê hương lộ 2. Phường Bình Trị Đông A Bình Tân,13000000,0.203125,64 m²,"Phường Bình Trị Đông A, Quận Bình Tân, Tp Hồ Chí Minh",Quận Bình Tân,Tp Hồ Chí Minh,10.766734,106.60688,Nhà ở,,5,3,,,,,,[],6,MS Tánh Chuyên Mua Bán Cho Thuê Nhà Quận  Bình Tân,,,2026-09-17 14:27:15,https://nha.chotot.com/tin/178829961,2026-09-17T07:30:34.798031
457,"Bán Nhà Đẹp Đường Lý Tuệ, Tân Phú, DT 4,2 x 13m, 2Tầng, 3PN, 2WC. ",4900000000,89.74392,54.5998 m²,"Phường Tân Quý, Quận Tân Phú, Tp Hồ Chí Minh",Quận Tân Phú,Tp Hồ Chí Minh,10.7982025,106.62133,Nhà ở,,3,2,2,,3.0,1.0,,[],7,Tuấn Nhà Phố ,,,2026-09-09 15:26:20,https://nha.chotot.com/tin/177170637,2026-09-17T07:30:34.798194
458,CHO THUÊ NHÀ Q6 – CÓ BAN CÔNG – GẦN CHỢ MINH PHỤNG,9900000,0.17678571,56 m²,"Phường 7, Quận 6, Tp Hồ Chí Minh",Quận 6,Tp Hồ Chí Minh,10.740315,106.643776,Nhà ở,,2,,2,,2.0,1.0,9900000.0,[],5,Ming sài gòn,,,2026-09-17 14:26:59,https://nha.chotot.com/tin/178839162,2026-09-17T07:30:34.798366
459,"💥 Nhà Trường Thọ, Thủ Đức, 80m², gần Metro, ĐH SPKT, chỉ 7,5 triệu",7500000,0.09375,80 m²,"Phường Trường Thọ (Quận Thủ Đức cũ), Thành phố Thủ Đức, Tp Hồ Chí Minh",Thành phố Thủ Đức,Tp Hồ Chí Minh,10.838916,106.75297,Nhà ở,,2,,,,,,,[],3,Đăng Quang Rental,,,2026-09-17 14:26:58,https://nha.chotot.com/tin/178334860,2026-09-17T07:30:34.798537
460,Nhà mới xây Thống Nhất 5x6m 1 lầu 2pn,7000000,0.23333333,30 m²,"Phường 11, Quận Gò Vấp, Tp Hồ Chí Minh",Quận Gò Vấp,Tp Hồ Chí Minh,10.832626,106.66401,Nhà ở,,2,,,,,,,[],5,trần đức,,3.7,2026-09-17 14:26:54,https://nha.chotot.com/tin/178839246,2026-09-17T07:30:34.798709
461,CHO THUÊ HẺM NGUYỄN VĂN TRỖI TÂN BÌNH | 12x15m siêu rộng,58000000,0.58,100 m²,"Phường 10, Quận Tân Bình, Tp Hồ Chí Minh",Quận Tân Bình,Tp Hồ Chí Minh,10.798557,106.67042,Đất,,,,,,,,116000000.0,[],8,Dung tr,,,2026-09-17 14:29:35,https://nha.chotot.com/tin/178839347,2026-09-17T07:30:35.545501
462,"Cho thuê nhà phố 5 tầng có thang máy, rèm đường D9",45000000,0.53571427,84 m²,"Phường Long Bình (Quận 9 cũ), Thành phố Thủ Đức, Tp Hồ Chí Minh",Thành phố Thủ Đức,Tp Hồ Chí Minh,10.84805,106.83874,Đất,,,,5,,3.0,1.0,,[],4,DUY HOMES,,,2026-09-09 09:41:13,https://nha.chotot.com/tin/178661906,2026-09-17T07:30:35.545822
463,"Cho thuê vp phố nguyên hồng,đống đa,dt 68m2,giá 13tr/tháng",13000000,0.19117647,68 m²,"Phường Láng Hạ, Quận Đống Đa, Hà Nội",Quận Đống Đa,Hà Nội,21.015743,105.80971,Đất,,,,8,,1.0,1.0,,[],5,Đào Thành Lân,,,2026-09-17 14:27:34,https://nha.chotot.com/tin/178839277,2026-09-17T07:30:35.546023
464,🔥 CHO THUÊ BIỆT THỰ SÂN VƯỜN NGUYỄN VĂN TRỖI – NGANG 12M – GIÁ 59TR/TH,59000000,0.118,500 m²,"Phường 10, Quận Phú Nhuận, Tp Hồ Chí Minh",Quận Phú Nhuận,Tp Hồ Chí Minh,10.798557,106.67042,Đất,,,,,,,,150000000.0,[],7,Kiều Hằng,,,2026-09-17 14:27:01,https://nha.chotot.com/tin/178839254,2026-09-17T07:30:35.546230
465,Cho thuê kho 1200m QL1A Tam Bình chỉ 75k,90000000,0.075,1200 m²,"Phường Tam Bình (Quận Thủ Đức cũ), Thành phố Thủ Đức, Tp Hồ Chí Minh",Thành phố Thủ Đức,Tp Hồ Chí Minh,10.871881,106.739655,Đất,,,,,,,,3.0,[],3,Anhthe,,4.0,2026-09-14 18:07:53,https://nha.chotot.com/tin/178775394,2026-09-17T07:30:35.546456
466,BIỆT THỰ SÂN VƯỜN KHU TỔ HỢP F&B VÀ ĐA NGÀNH NGHỀ TRUNG TÂM QUẬN 3 ,115000000,0.34848484,330 m²,"Phường Võ Thị Sáu, Quận 3, Tp Hồ Chí Minh",Quận 3,Tp Hồ Chí Minh,10.788824,106.690765,Đất,,,,,,,,,[],9,Yến Ngọc,,,2026-09-17 14:25:23,https://nha.chotot.com/tin/178839200,2026-09-17T07:30:35.546786
467,🍑Đoạn Đẹp NGUYỄN GIA TRÍ - 4x25m (Trệt 2 Lầu)🍑,65000000,0.21666667,300 m²,"Phường 25, Quận Bình Thạnh, Tp Hồ Chí Minh",Quận Bình Thạnh,Tp Hồ Chí Minh,10.810227,106.71722,Đất,,,,,,,,,[],6,Nhà Phố Cho Thuê,,,2026-09-17 14:24:57,https://nha.chotot.com/tin/175622468,2026-09-17T07:30:35.547060
468,"🌟10x15m - TRẦN QUỐC TOẢN, Quận 3🌟 Trệt 2 Lầu",60000000,0.13333334,450 m²,"Phường Võ Thị Sáu, Quận 3, Tp Hồ Chí Minh",Quận 3,Tp Hồ Chí Minh,10.78659,106.68779,Đất,,,,,,,,,[],4,Nhà Phố Cho Thuê,,,2026-09-17 14:24:26,https://nha.chotot.com/tin/175903201,2026-09-17T07:30:35.547342
469,cho thuê 100m văn phòng giá 30 tr,30000000,0.3,100 m²,"Phường An Khánh (Quận 2 cũ), Thành phố Thủ Đức, Tp Hồ Chí Minh",Thành phố Thủ Đức,Tp Hồ Chí Minh,10.79159,106.73052,Đất,,,,,,,,60000000.0,[],3,Nguyễn Văn Hậu,,,2026-09-05 13:44:09,https://nha.chotot.com/tin/178581677,2026-09-17T07:30:35.547615
470,CHO THUÊ TÒA NHÀ VĂN PHÒNG NGUYỄN VĂN TRỖI NGAY NGÃ TƯ PHÚ NHUẬN,130000000,0.096296296,1350 m²,"Phường 10, Quận Phú Nhuận, Tp Hồ Chí Minh",Quận Phú Nhuận,Tp Hồ Chí Minh,10.798557,106.67042,Đất,,,,,,,,,[],3,Anh Đào,,,2026-09-12 11:08:02,https://nha.chotot.com/tin/178727010,2026-09-17T07:30:35.547812
471,Mặt bằng đẹp Hồ Văn Huê 30m2,7490000,0.24966666,30 m²,"Phường 9, Quận Phú Nhuận, Tp Hồ Chí Minh",Quận Phú Nhuận,Tp Hồ Chí Minh,10.80251,106.67629,Đất,,,,,,,,7490000.0,[],7,NGUYỄN THỊ ANH THƯ,,,2026-09-06 15:25:13,https://nha.chotot.com/tin/178603931,2026-09-17T07:30:35.548005
472,"🇻🇳SHOPHOUSE 3 TẦNG MẶT TIỀN MÊ LINH | GẦN ORI, KCN HÒA KHÁNH",14000000,0.11666667,120 m²,"Phường Hòa Hiệp Nam, Quận Liên Chiểu, Đà Nẵng",Quận Liên Chiểu,Đà Nẵng,16.09171,108.12595,Đất,,04,,3,,,,,[],10,Ngô Văn Cảnh,,4.4,2026-09-17 14:22:04,https://nha.chotot.com/tin/178839109,2026-09-17T07:30:35.548190
473,🔥 HẺM XE HƠI  HUỲNH VĂN BÁNH – PHÚ NHUẬN | 4PN – 4WC | CHỈ 2x,23000000,0.23,100 m²,"Phường 10, Quận Phú Nhuận, Tp Hồ Chí Minh",Quận Phú Nhuận,Tp Hồ Chí Minh,10.791831,106.671616,Đất,,4,,,,,,46000000.0,[],6,Dung tr,,,2026-09-17 14:21:51,https://nha.chotot.com/tin/178839122,2026-09-17T07:30:35.548375
474,"Măt tiền Nguyễn Cư Trinh, Quận 1 (Ngang 17m)",90000000,0.45,200 m²,"Phường Nguyễn Cư Trinh, Quận 1, Tp Hồ Chí Minh",Quận 1,Tp Hồ Chí Minh,10.763458,106.68884,Đất,,,,,,,,,[],5,Nhà Phố Cho Thuê,,,2026-09-17 14:21:14,https://nha.chotot.com/tin/178280784,2026-09-17T07:30:35.548574
475,"🔥GÓC 2MT - NGUYỄN TRÃI, Bến Thành, Q1🔥400m2 sử dụng",150000000,0.375,400 m²,"Phường Bến Thành, Quận 1, Tp Hồ Chí Minh",Quận 1,Tp Hồ Chí Minh,10.771166,106.68731,Đất,,,,,,,,,[],4,Nhà Phố Cho Thuê,,,2026-09-17 14:20:35,https://nha.chotot.com/tin/175556911,2026-09-17T07:30:35.548831
476,CHO THUÊ TÒA NHÀ 2 MẶT TIỀN VÕ VĂN NGÂN DT 12M X 36M TP THỦ ĐỨC,100000000,0.07692308,1300 m²,"Phường Bình Thọ (Quận Thủ Đức cũ), Thành phố Thủ Đức, Tp Hồ Chí Minh",Thành phố Thủ Đức,Tp Hồ Chí Minh,10.850573,106.76223,Đất,,,,,,,1.0,,[],3,Oanh Home,,,2026-09-17 14:20:21,https://nha.chotot.com/tin/178262159,2026-09-17T07:30:35.549079
477,"🔥 CHO THUÊ TẦNG 7 160m2 – 104A XUÂN THUỶ, THẢO ĐIỀN, Q2 🔥",50000000,0.3125,160 m²,"Phường Thảo Điền (Quận 2 cũ), Thành phố Thủ Đức, Tp Hồ Chí Minh",Thành phố Thủ Đức,Tp Hồ Chí Minh,10.803889,106.73543,Đất,,,,,,,,150000000.0,[],8,Kiều Hằng,,,2026-09-17 14:18:58,https://nha.chotot.com/tin/178839027,2026-09-17T07:30:35.549278
478,Cho thuê  Shophouse Panorama Phú Mỹ Hưng 2 tầng 50tr/th,50000000,0.35460994,141 m²,"Phường Tân Phong, Quận 7, Tp Hồ Chí Minh",Quận 7,Tp Hồ Chí Minh,10.72168,106.71284,Đất,,,,2,Tây Nam,,1.0,,[],7,Dân,,,2026-09-17 14:18:55,https://nha.chotot.com/tin/177011854,2026-09-17T07:30:35.549462
479,Kho trống VIEW SÔNG 235/50A Đặng Thùy Trâm. DT 8X20M.,20000000,0.125,160 m²,"Phường 13, Quận Bình Thạnh, Tp Hồ Chí Minh",Quận Bình Thạnh,Tp Hồ Chí Minh,10.824377,106.70332,Đất,,,,,,2.0,1.0,,[],3,Anh Dũng,,4.0,2026-09-17 14:17:42,https://nha.chotot.com/tin/167862234,2026-09-17T07:30:35.549809
480,"Cho thuê Nhà - Hồ Biểu Chánh, Phú Nhuận (700m2 sử dụng)",80000000,0.2857143,280 m²,"Phường 11, Quận Phú Nhuận, Tp Hồ Chí Minh",Quận Phú Nhuận,Tp Hồ Chí Minh,10.793179,106.676544,Đất,,,,,,,,,[],6,Nhà Phố Cho Thuê,,,2026-09-17 14:16:58,https://nha.chotot.com/tin/178838963,2026-09-17T07:30:35.550072
481,KHAI TRƯƠNG PHÒNG TRỌ SINH VIÊN GIÁ RẺ NGAY ĐH CÔNG THƯƠNG TÂN PHÚ,3500000,0.14,25 m²,"Phường Tân Sơn Nhì, Quận Tân Phú, Tp Hồ Chí Minh",Quận Tân Phú,Tp Hồ Chí Minh,10.801903,106.625885,Phòng trọ,,,,,,,,3500000.0,[],5,Kiều Oanh NeWay Home ,,5.0,2026-09-17 14:30:15,https://nha.chotot.com/tin/178453357,2026-09-17T07:30:37.151789
482,"HIẾM!!!! - Hẻm Sư Vạn Hạnh, P12, Q.10 - 5x20m, 4 Tầng, 400m2",38000000,0.38,100 m²,"Phường 12, Quận 10, Tp Hồ Chí Minh",Quận 10,Tp Hồ Chí Minh,10.775027,106.667755,Đất,,,,4,,,,,[],9,Ngô Thanh Hùng,,,2026-09-17 14:30:13,https://nha.chotot.com/tin/178839362,2026-09-17T07:30:37.152118
483,Bán Đất Lô Góc Võ Văn Vân giá cực tốt,4190000000,37.410713,112 m²,"Xã Vĩnh Lộc B, Huyện Bình Chánh, Tp Hồ Chí Minh",Huyện Bình Chánh,Tp Hồ Chí Minh,10.773623,106.57547,Văn phòng/Mặt bằng,,,,,,,1.0,,[],6,Thanh Hưng,,3.4,2026-09-09 18:08:26,https://nha.chotot.com/tin/178674907,2026-09-17T07:30:37.152350
484,"BCONS ARIA TRẢ TRƯỚC CHỈ 5% CHIẾT KHẤU 8,5% HỖ TRỢ LS 6,9% TRONG 4 NĂM",2600000000,49.056602,53 m²,"Phường Đông Hòa, Thành phố Dĩ An, Bình Dương",Thành phố Dĩ An,Bình Dương,10.89115,106.8022,Căn hộ/Chung cư,1.0,2,2,37,Tây,3.0,4.0,,[],12,Huy Hoàng Bcons ,,,2026-08-25 09:52:10,https://nha.chotot.com/tin/178364490,2026-09-17T07:30:37.152577
485,"CHO THUÊ CĂN HỘ MỚI 2 PHÒNG NGỦ, DIỆN TÍCH 60M² ",13500000,0.20769231,65 m²,"Phường Khuê Mỹ, Quận Ngũ Hành Sơn, Đà Nẵng",Quận Ngũ Hành Sơn,Đà Nẵng,16.023426,108.2459,Căn hộ/Chung cư,2.0,2,,,,2.0,,,[],4,VANA,,,2026-09-17 14:30:06,https://nha.chotot.com/tin/178838887,2026-09-17T07:30:37.152768
486,Bán căn Hưng Phát Silver Star - sát vách sunrise reverside - 4.6ty,4350000000,41.037735,106 m²,"Xã Phước Kiển, Huyện Nhà Bè, Tp Hồ Chí Minh",Huyện Nhà Bè,Tp Hồ Chí Minh,10.70387,106.71276,Căn hộ/Chung cư,1.0,3,,,Tây Nam,2.0,6.0,,[],9,Vân,,4.8,2026-09-03 11:16:19,https://nha.chotot.com/tin/177025273,2026-09-17T07:30:37.152949
487,Nhà mới DT:4x9m 2 Tầng 2pn 2wc hẻm 1942 Huỳnh Tấn Phát,1960000000,61.25,32 m²,"Thị trấn Nhà Bè, Huyện Nhà Bè, Tp Hồ Chí Minh",Huyện Nhà Bè,Tp Hồ Chí Minh,10.698072,106.738914,Nhà ở,,2,,2,,,,,[],11,Nam Phú Gia,,,2026-09-06 06:52:42,https://nha.chotot.com/tin/178593726,2026-09-17T07:30:37.153184
488,Cho thuê CC Garden gate 40m2 Offictel 1WC giá cực tốt chỉ 11tr/th ,11000000,0.31428573,35 m²,"Phường 9, Quận Phú Nhuận, Tp Hồ Chí Minh",Quận Phú Nhuận,Tp Hồ Chí Minh,10.80964,106.67425,Căn hộ/Chung cư,1.0,1,1,,,,,,[],3,Nguyễn Hoàng Toàn,,,2026-09-15 10:14:56,https://nha.chotot.com/tin/178787965,2026-09-17T07:30:37.153372
489,🏡Khai Trương Ký túc xá ngay ngã tư Hàng xanh đầy đủ tiện nghi 🎉KTX,1700000,0.04857143,35 m²,"Phường 25, Quận Bình Thạnh, Tp Hồ Chí Minh",Quận Bình Thạnh,Tp Hồ Chí Minh,10.802271,106.71938,Phòng trọ,,,,,,,,1700000.0,[],4,LQ Vinhomes,,,2026-08-24 10:56:00,https://nha.chotot.com/tin/163698886,2026-09-17T07:30:37.153559
490,Nhà Lầu 4 Tầng Hẻm Oto Xây Mới 100% Âu Dương Lân P2 Q8,8600000000,204.7619,42 m²,"Phường 2, Quận 8, Tp Hồ Chí Minh",Quận 8,Tp Hồ Chí Minh,10.742134,106.685104,Nhà ở,,4,3,4,,2.0,1.0,,[],8,Phạm Quốc Thắng,,,2026-09-17 14:29:58,https://nha.chotot.com/tin/178839361,2026-09-17T07:30:37.153723
491,Lô đất 2500m thổ cư mặt tiền Hồ khu Biệt thự nghỉ dưỡng,4000000000,1.6891892,2368 m²,"Xã Đinh Lạc, Huyện Di Linh, Lâm Đồng",Huyện Di Linh,Lâm Đồng,11.63063,108.13101,Văn phòng/Mặt bằng,,,,,,,1.0,,[],4,Nguyễn Anh Sang,,4.1,2026-09-17 14:29:58,https://nha.chotot.com/tin/178141305,2026-09-17T07:30:37.153887
492,"Cho Thuê Biệt Thự Nam Thông PMH Q7 - 450m2, 5PN, Đường 20m",70000000,0.15555556,450 m²,"Phường Tân Phong, Quận 7, Tp Hồ Chí Minh",Quận 7,Tp Hồ Chí Minh,10.73019,106.70033,Nhà ở,,5,4,5,,,,,[],12,Thuỷ Trần,,,2026-08-31 09:55:18,https://nha.chotot.com/tin/178484863,2026-09-17T07:30:37.154091
493,"MẶT TIỀN ĐƯỜNG SỐ 6 – LÒ LU, TRƯỜNG THẠNH, TP. THỦ ĐỨC",4680000000,53.793102,87 m²,"Phường Trường Thạnh (Quận 9 cũ), Thành phố Thủ Đức, Tp Hồ Chí Minh",Thành phố Thủ Đức,Tp Hồ Chí Minh,10.801835,106.81432,Văn phòng/Mặt bằng,,,,,,,,,[],5,Duy Hoàng Land,,5.0,2026-09-17 14:29:46,https://nha.chotot.com/tin/178839348,2026-09-17T07:30:37.154258
494,KHAI TRƯƠNG ĐUPLEX 3🍠X ĐƯỜNG SỐ 1_NGUYỄN THỊ TÚ NHẬN XE ĐIỆN FULL NT,3700000,0.13214286,28 m²,"Phường Bình Hưng Hoà B, Quận Bình Tân, Tp Hồ Chí Minh",Quận Bình Tân,Tp Hồ Chí Minh,10.807803,106.59462,Căn hộ/Chung cư,3.0,1,1,,,2.0,4.0,1000000.0,[],11,Triệu an HiFriendz Tp ,,5.0,2026-09-17 14:29:46,https://nha.chotot.com/tin/178839353,2026-09-17T07:30:37.154444
495,Cần cho thuê nhà góc 2 Mặt Tiền 84A Phổ Quang P.2 Q.Tân Bình,30000000,0.3030303,99 m²,"Phường 2, Quận Tân Bình, Tp Hồ Chí Minh",Quận Tân Bình,Tp Hồ Chí Minh,10.806851,106.668365,Nhà ở,,5,5,4,,,1.0,60000000.0,[],6,Anh Thanh,,,2026-09-17 14:29:37,https://nha.chotot.com/tin/178839329,2026-09-17T07:30:37.154648
496,CHO THUÊ HẺM NGUYỄN VĂN TRỖI TÂN BÌNH | 12x15m siêu rộng,58000000,0.58,100 m²,"Phường 10, Quận Tân Bình, Tp Hồ Chí Minh",Quận Tân Bình,Tp Hồ Chí Minh,10.798557,106.67042,Đất,,,,,,,,116000000.0,[],8,Dung tr,,,2026-09-17 14:29:35,https://nha.chotot.com/tin/178839347,2026-09-17T07:30:37.154804
497,Bán nhà lầu đúc kiên cố hẻm xe hơi rộng đường Dương Bá Trạc P1 Q8 ,11800000000,245.83333,48 m²,"Phường 1, Quận 8, Tp Hồ Chí Minh",Quận 8,Tp Hồ Chí Minh,10.74418,106.69049,Nhà ở,,4,4,4,Nam,2.0,1.0,,[],3,Nguyễn Thìn ,,4.4,2026-09-17 14:29:34,https://nha.chotot.com/tin/178839333,2026-09-17T07:30:37.154968
498,"Chung cư Tecco Green - Phan Văn Hớn căn 2p ngủ , full NT, giá 7,3tr/th",7300000,0.1,73 m²,"Phường Tân Thới Nhất, Quận 12, Tp Hồ Chí Minh",Quận 12,Tp Hồ Chí Minh,10.82954,106.61561,Căn hộ/Chung cư,1.0,2,2,,,2.0,6.0,,[],6,Phí Linh,,,2026-09-17 14:29:29,https://nha.chotot.com/tin/178839257,2026-09-17T07:30:37.155205
499,"Bán nhà riêng 4mx18,3m",12300000000,169.65517,72.5 m²,"Phường Tân Sơn Nhì, Quận Tân Phú, Tp Hồ Chí Minh",Quận Tân Phú,Tp Hồ Chí Minh,10.796407,106.63215,Nhà ở,,1,,,,,,,[],3,Nguyễn Võ Châu Phát,,,2026-09-16 14:28:21,https://nha.chotot.com/tin/178817793,2026-09-17T07:30:37.155375
500,cho thuê,25000000,0.41666666,60 m²,"Phường 8, Quận 5, Tp Hồ Chí Minh",Quận 5,Tp Hồ Chí Minh,10.756033,106.671135,Nhà ở,,4,5,3,Đông,3.0,1.0,50000000.0,[],3,Phạm Ánh Lan,,5.0,2026-09-17 12:38:51,https://nha.chotot.com/tin/178836750,2026-09-17T07:30:37.155543
501,"BCONS ARIA TRẢ TRƯỚC CHỈ 5% CHIẾT KHẤU 8,5% HỖ TRỢ LS 6,9% TRONG 4 NĂM",2600000000,49.056602,53 m²,"Phường Đông Hòa, Thành phố Dĩ An, Bình Dương",Thành phố Dĩ An,Bình Dương,10.89115,106.8022,Căn hộ/Chung cư,1.0,2,2,37,Tây,3.0,4.0,,[],12,Huy Hoàng Bcons ,,,2026-08-25 09:52:10,https://nha.chotot.com/tin/178364490,2026-09-17T07:30:38.185739
502,"CHO THUÊ CĂN HỘ MỚI 2 PHÒNG NGỦ, DIỆN TÍCH 60M² ",13500000,0.20769231,65 m²,"Phường Khuê Mỹ, Quận Ngũ Hành Sơn, Đà Nẵng",Quận Ngũ Hành Sơn,Đà Nẵng,16.023426,108.2459,Căn hộ/Chung cư,2.0,2,,,,2.0,,,[],4,VANA,,,2026-09-17 14:30:06,https://nha.chotot.com/tin/178838887,2026-09-17T07:30:38.186040
503,Bán căn Hưng Phát Silver Star - sát vách sunrise reverside - 4.6ty,4350000000,41.037735,106 m²,"Xã Phước Kiển, Huyện Nhà Bè, Tp Hồ Chí Minh",Huyện Nhà Bè,Tp Hồ Chí Minh,10.70387,106.71276,Căn hộ/Chung cư,1.0,3,,,Tây Nam,2.0,6.0,,[],9,Vân,,4.8,2026-09-03 11:16:19,https://nha.chotot.com/tin/177025273,2026-09-17T07:30:38.186249
504,Cho thuê CC Garden gate 40m2 Offictel 1WC giá cực tốt chỉ 11tr/th ,11000000,0.31428573,35 m²,"Phường 9, Quận Phú Nhuận, Tp Hồ Chí Minh",Quận Phú Nhuận,Tp Hồ Chí Minh,10.80964,106.67425,Căn hộ/Chung cư,1.0,1,1,,,,,,[],3,Nguyễn Hoàng Toàn,,,2026-09-15 10:14:56,https://nha.chotot.com/tin/178787965,2026-09-17T07:30:38.186463
505,KHAI TRƯƠNG ĐUPLEX 3🍠X ĐƯỜNG SỐ 1_NGUYỄN THỊ TÚ NHẬN XE ĐIỆN FULL NT,3700000,0.13214286,28 m²,"Phường Bình Hưng Hoà B, Quận Bình Tân, Tp Hồ Chí Minh",Quận Bình Tân,Tp Hồ Chí Minh,10.807803,106.59462,Căn hộ/Chung cư,3.0,1,1,,,2.0,4.0,1000000.0,[],11,Triệu an HiFriendz Tp ,,5.0,2026-09-17 14:29:46,https://nha.chotot.com/tin/178839353,2026-09-17T07:30:38.186907
506,"Chung cư Tecco Green - Phan Văn Hớn căn 2p ngủ , full NT, giá 7,3tr/th",7300000,0.1,73 m²,"Phường Tân Thới Nhất, Quận 12, Tp Hồ Chí Minh",Quận 12,Tp Hồ Chí Minh,10.82954,106.61561,Căn hộ/Chung cư,1.0,2,2,,,2.0,6.0,,[],6,Phí Linh,,,2026-09-17 14:29:29,https://nha.chotot.com/tin/178839257,2026-09-17T07:30:38.187105
507,💥CHDV - FUL NT - 2PN - BALCONY THOÁNG ⚡️ PHAN ĐĂNG LƯU - BÙI ĐÌNH TUÝ 💥,7800000,0.111428574,70 m²,"Phường 1, Quận Bình Thạnh, Tp Hồ Chí Minh",Quận Bình Thạnh,Tp Hồ Chí Minh,10.802451,106.697495,Căn hộ/Chung cư,2.0,2,,,,,,,[],12,Lương Thanh Trúc,,,2026-09-12 21:54:42,https://nha.chotot.com/tin/178437508,2026-09-17T07:30:38.187293
508,"💥 HÀ ĐÔ CENTROSA – 2PN 2WC – NHÀ ĐẸP, FULL NỘI THẤT – Ở LIỀN CHỈ 22TR",22000000,0.25581396,86 m²,"Phường 12, Quận 10, Tp Hồ Chí Minh",Quận 10,Tp Hồ Chí Minh,10.7762,106.67889,Căn hộ/Chung cư,1.0,2,2,,,,,,[],12,Hoàng Dung,,4.5,2026-09-17 11:07:05,https://nha.chotot.com/tin/178834497,2026-09-17T07:30:38.187469
509,"CĂN HỘ MINI CAO CẤP MỚI 100%, FULL NỘI THẤT NGAY ẺMART PHAN HUY ÍCH",5000000,0.2,25 m²,"Phường 12, Quận Gò Vấp, Tp Hồ Chí Minh",Quận Gò Vấp,Tp Hồ Chí Minh,10.837349,106.636284,Căn hộ/Chung cư,2.0,1,1,,,1.0,4.0,5000000.0,[],12,Alo Ngoc Hoang,,5.0,2026-09-17 14:28:24,https://nha.chotot.com/tin/178839301,2026-09-17T07:30:38.187690
510,TÌM NỮ Ở GHÉP CĂN CHUNG CƯ 2PN,4500000,0.071428575,63 m²,"Phường Phú Thuận, Quận 7, Tp Hồ Chí Minh",Quận 7,Tp Hồ Chí Minh,10.722,106.7433,Căn hộ/Chung cư,1.0,2,2,,,2.0,4.0,4500000.0,[],7,Kim Thanh,,5.0,2026-09-17 14:28:16,https://nha.chotot.com/tin/178839296,2026-09-17T07:30:38.187874
511,Khách Cần Tiền Ra Di Căn 2PN Hiyori Siêu Mới,5200000000,83.870964,62 m²,"Phường An Hải Đông, Quận Sơn Trà, Đà Nẵng",Quận Sơn Trà,Đà Nẵng,16.06191,108.23652,Căn hộ/Chung cư,1.0,2,2,,,1.0,2.0,,[],11,Hồng Công,,,2026-09-17 14:26:46,https://nha.chotot.com/tin/171220229,2026-09-17T07:30:38.188067
512,⭐ RIVER PANORAMA CHO THUÊ 3PN2WC FULL NỘI THẤT VIEW ĐẸP CHỈ 19 TRIỆU,19000000,0.21111111,90 m²,"Phường Phú Mỹ, Quận 7, Tp Hồ Chí Minh",Quận 7,Tp Hồ Chí Minh,10.71422,106.73743,Căn hộ/Chung cư,1.0,3,2,,,2.0,6.0,,[],12,Huy,,5.0,2026-09-08 14:36:21,https://nha.chotot.com/tin/172861126,2026-09-17T07:30:38.188248
513,"THẢO ĐIỀN, QUẬN 2 🏡 CHO THUÊ CHDV CAO CẤP💘 1PN BAN CÔNG FULL NỘI THẤT",11000000,0.22,50 m²,"Phường Thảo Điền (Quận 2 cũ), Thành phố Thủ Đức, Tp Hồ Chí Minh",Thành phố Thủ Đức,Tp Hồ Chí Minh,10.803914,106.72912,Căn hộ/Chung cư,2.0,1,1,,Đông Bắc,1.0,4.0,11000000.0,[],11,Phương An Chuyên Căn Hộ Quận 2,,5.0,2026-09-11 14:06:45,https://nha.chotot.com/tin/177928071,2026-09-17T07:30:38.188454
514,CHDV FULL NỘI THẤT MỚI KENG GẦN MEGA MARKET Q12,3900000,0.156,25 m²,"Phường Tân Thới Hiệp, Quận 12, Tp Hồ Chí Minh",Quận 12,Tp Hồ Chí Minh,10.887289,106.64767,Căn hộ/Chung cư,2.0,1,1,4,,2.0,4.0,,[],10,Anh Tuấn Tìm Phòng,,5.0,2026-09-17 14:26:20,https://nha.chotot.com/tin/178839237,2026-09-17T07:30:38.188662
515,CHO THUÊ CĂN HỘ DUPLEX 2  GIƯỜNG NGỦ FULL NỘI THẤT CÓ CỬA SỔ THOÁNG,6000000,0.13333334,45 m²,"Phường 8, Thành phố Đà Lạt, Lâm Đồng",Thành phố Đà Lạt,Lâm Đồng,11.977858,108.45107,Căn hộ/Chung cư,3.0,1,1,,,,,,[],9,Quang gohome,,,2026-09-17 14:26:16,https://nha.chotot.com/tin/178839207,2026-09-17T07:30:38.188834
516,Khách Cần Tiền Bán Gấp Căn Ponte 1PN Stu View Biển Giá Cực Rẻ ,2700000000,103.84615,26 m²,"Phường An Hải Tây, Quận Sơn Trà, Đà Nẵng",Quận Sơn Trà,Đà Nẵng,16.059008,108.23034,Căn hộ/Chung cư,1.0,1,2,,Tây,4.0,6.0,,[],6,Hồng Công,,,2026-09-17 14:26:02,https://nha.chotot.com/tin/178096332,2026-09-17T07:30:38.189010
517,Bán Căn Hộ 2PN Toà A - Masteri Rivera Đà Nẵng,5700000000,91.935486,62 m²,"Phường Hòa Cường Nam, Quận Hải Châu, Đà Nẵng",Quận Hải Châu,Đà Nẵng,16.033035,108.225494,Căn hộ/Chung cư,1.0,2,2,39,Tây,2.0,6.0,,[],6,Hồng Công,,,2026-09-17 14:25:24,https://nha.chotot.com/tin/169931282,2026-09-17T07:30:38.189267
518,Căn hộ ban công Full nội thất ngay Trương Văn Bang thuận tiện qua sala,5800000,0.16571428,35 m²,"Phường Thạnh Mỹ Lợi (Quận 2 cũ), Thành phố Thủ Đức, Tp Hồ Chí Minh",Thành phố Thủ Đức,Tp Hồ Chí Minh,10.774195,106.75718,Căn hộ/Chung cư,2.0,1,1,,,2.0,4.0,6000000.0,[],11,Huỳnh Châu HiFriendz ,,5.0,2026-09-05 22:57:12,https://nha.chotot.com/tin/178592369,2026-09-17T07:30:38.189475
519,"CHO THUÊ  CHUNG CƯ TẠI PHỐ TU HOÀNG, NHỔN - 58M2, 2 NGỦ, ĐỦ ĐỒ-  5TR",5000000,0.0862069,58 m²,"Phường Phương Canh, Quận Nam Từ Liêm, Hà Nội",Quận Nam Từ Liêm,Hà Nội,21.053297,105.73126,Căn hộ/Chung cư,1.0,2,1,,,2.0,,,[],3,NGÔ THÚY,,,2026-09-17 14:24:32,https://nha.chotot.com/tin/178839180,2026-09-17T07:30:38.189695
520,"the Sun Avenue 2Pn 5,8 tỷ 65m",5800000000,89.23077,65 m²,"Phường An Phú (Quận 2 cũ), Thành phố Thủ Đức, Tp Hồ Chí Minh",Thành phố Thủ Đức,Tp Hồ Chí Minh,10.79675,106.75218,Căn hộ/Chung cư,1.0,2,,,,,,,[],3,Nguyễn Văn Hậu,,,2026-09-16 08:47:07,https://nha.chotot.com/tin/178808741,2026-09-17T07:30:38.189870
521,Cần cho thuê nhà góc 2 Mặt Tiền 84A Phổ Quang P.2 Q.Tân Bình,30000000,0.3030303,99 m²,"Phường 2, Quận Tân Bình, Tp Hồ Chí Minh",Quận Tân Bình,Tp Hồ Chí Minh,10.806851,106.668365,Nhà ở,,5,5,4,,,1.0,60000000.0,[],6,Anh Thanh,,,2026-09-17 14:29:37,https://nha.chotot.com/tin/178839329,2026-09-17T07:30:39.355527
522,Bán nhà lầu đúc kiên cố hẻm xe hơi rộng đường Dương Bá Trạc P1 Q8 ,11800000000,245.83333,48 m²,"Phường 1, Quận 8, Tp Hồ Chí Minh",Quận 8,Tp Hồ Chí Minh,10.74418,106.69049,Nhà ở,,4,4,4,Nam,2.0,1.0,,[],3,Nguyễn Thìn ,,4.4,2026-09-17 14:29:34,https://nha.chotot.com/tin/178839333,2026-09-17T07:30:39.355813
523,"Bán nhà riêng 4mx18,3m",12300000000,169.65517,72.5 m²,"Phường Tân Sơn Nhì, Quận Tân Phú, Tp Hồ Chí Minh",Quận Tân Phú,Tp Hồ Chí Minh,10.796407,106.63215,Nhà ở,,1,,,,,,,[],3,Nguyễn Võ Châu Phát,,,2026-09-16 14:28:21,https://nha.chotot.com/tin/178817793,2026-09-17T07:30:39.356012
524,cho thuê,25000000,0.41666666,60 m²,"Phường 8, Quận 5, Tp Hồ Chí Minh",Quận 5,Tp Hồ Chí Minh,10.756033,106.671135,Nhà ở,,4,5,3,Đông,3.0,1.0,50000000.0,[],3,Phạm Ánh Lan,,5.0,2026-09-17 12:38:51,https://nha.chotot.com/tin/178836750,2026-09-17T07:30:39.356205
525,cho thuê nhà 2 tầng đường phan thanh sát đại học duy tân,11000000,0.22,50 m²,"Phường Thạc Gián, Quận Thanh Khê, Đà Nẵng",Quận Thanh Khê,Đà Nẵng,16.063013,108.208755,Nhà ở,,3,3,2,,1.0,,,[],10,Đại tuấn,,,2026-09-17 14:29:11,https://nha.chotot.com/tin/178839312,2026-09-17T07:30:39.356447
526,Nhà riêng ngõ 31 phố mai động gần đền lừ dt40m2x4t giá 10tr,10000000,0.25,40 m²,"Phường Mai Động, Quận Hoàng Mai, Hà Nội",Quận Hoàng Mai,Hà Nội,20.988625,105.86115,Nhà ở,,4,3,4,Đông,2.0,1.0,10000000.0,[],6,phạm minh chính,,,2026-09-10 10:59:00,https://nha.chotot.com/tin/178378145,2026-09-17T07:30:39.356660
527,bán nhà mặt tiền kinh doanh đường Trương Vĩnh Nguyên,5600000000,19.928825,281 m²,"Phường Phú Thứ, Quận Cái Răng, Cần Thơ",Quận Cái Răng,Cần Thơ,9.982768,105.78676,Nhà ở,,1,2,1,Đông Bắc,3.0,1.0,,[],5,Nguyen Tien Tai,,,2026-09-16 14:28:22,https://nha.chotot.com/tin/178149394,2026-09-17T07:30:39.356827
528,"Bán biệt thự 2 lầu áp mái P. Thạnh Mỹ Tây, TP.HCM giá 43 tỷ",43000000000,511.90475,84 m²,"Phường 12, Quận 3, Tp Hồ Chí Minh",Quận 3,Tp Hồ Chí Minh,10.789393,106.675064,Nhà ở,,1,,,,,,,[],3,vũ thành,,,2026-09-17 14:28:31,https://nha.chotot.com/tin/178839248,2026-09-17T07:30:39.357113
529,"Bán gấp nhà 1 lầu, sân thượng, 76m2, hẻm 5m vị trí hẻm 477/ Mã Lò",6950000000,91.447365,76 m²,"Phường Bình Hưng Hoà A, Quận Bình Tân, Tp Hồ Chí Minh",Quận Bình Tân,Tp Hồ Chí Minh,10.7823,106.59924,Nhà ở,,2,,2,,,,,[],3, Vương Nguyễn,,5.0,2026-09-17 14:28:31,https://nha.chotot.com/tin/178839292,2026-09-17T07:30:39.357372
530,"Bán nhà mới khu đường bàn cờ thông 6m Đường Số 28, 4,5x15m, lửng,3 lầu",9500000000,158.33333,60 m²,"Phường 6, Quận Gò Vấp, Tp Hồ Chí Minh",Quận Gò Vấp,Tp Hồ Chí Minh,10.838439,106.6817,Nhà ở,,4,5,4,,,1.0,,[],8,TRUONG TAM,,,2026-09-17 14:28:04,https://nha.chotot.com/tin/175260106,2026-09-17T07:30:39.357567
531,Gần Trường Lý Tự Trọng GV - Hẻm Ôtô - Nhà mới xây 4 Tầng 4PN - KQH KLG,6680000000,151.81818,44 m²,"Phường 15, Quận Gò Vấp, Tp Hồ Chí Minh",Quận Gò Vấp,Tp Hồ Chí Minh,10.847257,106.669334,Nhà ở,,4,4,4,,,1.0,,[],12,Lý Ngọc Thanh,,,2026-09-13 13:07:56,https://nha.chotot.com/tin/178748929,2026-09-17T07:30:39.357731
532,"NHÀ MỚI ĐẸP, HẺM TẢI 1T2L 4PN NGAY PHẠM VĂN ĐỒNG",14000000,0.23333333,60 m²,"Phường Linh Tây (Quận Thủ Đức cũ), Thành phố Thủ Đức, Tp Hồ Chí Minh",Thành phố Thủ Đức,Tp Hồ Chí Minh,10.852818,106.75241,Nhà ở,,4,3,,,,,28000000.0,[],9,NHẤT NHÀ ĐẤT,,5.0,2026-09-11 11:23:04,https://nha.chotot.com/tin/178707503,2026-09-17T07:30:39.357890
533,🏠 CHO THUÊ NHÀ NGUYÊN CĂN LÀM VĂN PHÒNG – THỦ ĐỨC,18000000,0.12,150 m²,"Phường Trường Thọ (Quận Thủ Đức cũ), Thành phố Thủ Đức, Tp Hồ Chí Minh",Thành phố Thủ Đức,Tp Hồ Chí Minh,10.831532,106.757996,Nhà ở,,4,,,,,,,[],3,Đăng Quang Rental,,,2026-09-17 14:27:44,https://nha.chotot.com/tin/178478419,2026-09-17T07:30:39.358060
534,cần tiền bán gấp,5100000000,85.0,60 m²,"Phường Dĩ An, Thành phố Dĩ An, Bình Dương",Thành phố Dĩ An,Bình Dương,10.904065,106.75859,Nhà ở,,3,2,2,,2.0,1.0,,[],4,An Tam,,4.0,2026-09-17 14:27:32,https://nha.chotot.com/tin/178838974,2026-09-17T07:30:39.358234
535,"🔥Cho thuê nhà gần ĐH Ngân Hàng, Thủ Đức, 80m², 3PN, chỉ 8 triệu",8000000,0.1,80 m²,"Phường Linh Chiểu (Quận Thủ Đức cũ), Thành phố Thủ Đức, Tp Hồ Chí Minh",Thành phố Thủ Đức,Tp Hồ Chí Minh,10.854226,106.76946,Nhà ở,,3,,,,,,,[],5,Đăng Quang Rental,,,2026-09-17 14:27:19,https://nha.chotot.com/tin/178378958,2026-09-17T07:30:39.358416
536,💐 nhà cho thuê hương lộ 2. Phường Bình Trị Đông A Bình Tân,13000000,0.203125,64 m²,"Phường Bình Trị Đông A, Quận Bình Tân, Tp Hồ Chí Minh",Quận Bình Tân,Tp Hồ Chí Minh,10.766734,106.60688,Nhà ở,,5,3,,,,,,[],6,MS Tánh Chuyên Mua Bán Cho Thuê Nhà Quận  Bình Tân,,,2026-09-17 14:27:15,https://nha.chotot.com/tin/178829961,2026-09-17T07:30:39.358707
537,"Bán Nhà Đẹp Đường Lý Tuệ, Tân Phú, DT 4,2 x 13m, 2Tầng, 3PN, 2WC. ",4900000000,89.74392,54.5998 m²,"Phường Tân Quý, Quận Tân Phú, Tp Hồ Chí Minh",Quận Tân Phú,Tp Hồ Chí Minh,10.7982025,106.62133,Nhà ở,,3,2,2,,3.0,1.0,,[],7,Tuấn Nhà Phố ,,,2026-09-09 15:26:20,https://nha.chotot.com/tin/177170637,2026-09-17T07:30:39.358873
538,CHO THUÊ NHÀ Q6 – CÓ BAN CÔNG – GẦN CHỢ MINH PHỤNG,9900000,0.17678571,56 m²,"Phường 7, Quận 6, Tp Hồ Chí Minh",Quận 6,Tp Hồ Chí Minh,10.740315,106.643776,Nhà ở,,2,,2,,2.0,1.0,9900000.0,[],5,Ming sài gòn,,,2026-09-17 14:26:59,https://nha.chotot.com/tin/178839162,2026-09-17T07:30:39.359036
539,"💥 Nhà Trường Thọ, Thủ Đức, 80m², gần Metro, ĐH SPKT, chỉ 7,5 triệu",7500000,0.09375,80 m²,"Phường Trường Thọ (Quận Thủ Đức cũ), Thành phố Thủ Đức, Tp Hồ Chí Minh",Thành phố Thủ Đức,Tp Hồ Chí Minh,10.838916,106.75297,Nhà ở,,2,,,,,,,[],3,Đăng Quang Rental,,,2026-09-17 14:26:58,https://nha.chotot.com/tin/178334860,2026-09-17T07:30:39.359188
540,Nhà mới xây Thống Nhất 5x6m 1 lầu 2pn,7000000,0.23333333,30 m²,"Phường 11, Quận Gò Vấp, Tp Hồ Chí Minh",Quận Gò Vấp,Tp Hồ Chí Minh,10.832626,106.66401,Nhà ở,,2,,,,,,,[],5,trần đức,,3.7,2026-09-17 14:26:54,https://nha.chotot.com/tin/178839246,2026-09-17T07:30:39.359363
541,CHO THUÊ HẺM NGUYỄN VĂN TRỖI TÂN BÌNH | 12x15m siêu rộng,58000000,0.58,100 m²,"Phường 10, Quận Tân Bình, Tp Hồ Chí Minh",Quận Tân Bình,Tp Hồ Chí Minh,10.798557,106.67042,Đất,,,,,,,,116000000.0,[],8,Dung tr,,,2026-09-17 14:29:35,https://nha.chotot.com/tin/178839347,2026-09-17T07:30:40.655651
542,"Cho thuê nhà phố 5 tầng có thang máy, rèm đường D9",45000000,0.53571427,84 m²,"Phường Long Bình (Quận 9 cũ), Thành phố Thủ Đức, Tp Hồ Chí Minh",Thành phố Thủ Đức,Tp Hồ Chí Minh,10.84805,106.83874,Đất,,,,5,,3.0,1.0,,[],4,DUY HOMES,,,2026-09-09 09:41:13,https://nha.chotot.com/tin/178661906,2026-09-17T07:30:40.655953
543,"Cho thuê vp phố nguyên hồng,đống đa,dt 68m2,giá 13tr/tháng",13000000,0.19117647,68 m²,"Phường Láng Hạ, Quận Đống Đa, Hà Nội",Quận Đống Đa,Hà Nội,21.015743,105.80971,Đất,,,,8,,1.0,1.0,,[],5,Đào Thành Lân,,,2026-09-17 14:27:34,https://nha.chotot.com/tin/178839277,2026-09-17T07:30:40.656148
544,🔥 CHO THUÊ BIỆT THỰ SÂN VƯỜN NGUYỄN VĂN TRỖI – NGANG 12M – GIÁ 59TR/TH,59000000,0.118,500 m²,"Phường 10, Quận Phú Nhuận, Tp Hồ Chí Minh",Quận Phú Nhuận,Tp Hồ Chí Minh,10.798557,106.67042,Đất,,,,,,,,150000000.0,[],7,Kiều Hằng,,,2026-09-17 14:27:01,https://nha.chotot.com/tin/178839254,2026-09-17T07:30:40.656351
545,Cho thuê kho 1200m QL1A Tam Bình chỉ 75k,90000000,0.075,1200 m²,"Phường Tam Bình (Quận Thủ Đức cũ), Thành phố Thủ Đức, Tp Hồ Chí Minh",Thành phố Thủ Đức,Tp Hồ Chí Minh,10.871881,106.739655,Đất,,,,,,,,3.0,[],3,Anhthe,,4.0,2026-09-14 18:07:53,https://nha.chotot.com/tin/178775394,2026-09-17T07:30:40.656602
546,BIỆT THỰ SÂN VƯỜN KHU TỔ HỢP F&B VÀ ĐA NGÀNH NGHỀ TRUNG TÂM QUẬN 3 ,115000000,0.34848484,330 m²,"Phường Võ Thị Sáu, Quận 3, Tp Hồ Chí Minh",Quận 3,Tp Hồ Chí Minh,10.788824,106.690765,Đất,,,,,,,,,[],9,Yến Ngọc,,,2026-09-17 14:25:23,https://nha.chotot.com/tin/178839200,2026-09-17T07:30:40.656905
547,🍑Đoạn Đẹp NGUYỄN GIA TRÍ - 4x25m (Trệt 2 Lầu)🍑,65000000,0.21666667,300 m²,"Phường 25, Quận Bình Thạnh, Tp Hồ Chí Minh",Quận Bình Thạnh,Tp Hồ Chí Minh,10.810227,106.71722,Đất,,,,,,,,,[],6,Nhà Phố Cho Thuê,,,2026-09-17 14:24:57,https://nha.chotot.com/tin/175622468,2026-09-17T07:30:40.657101
548,"🌟10x15m - TRẦN QUỐC TOẢN, Quận 3🌟 Trệt 2 Lầu",60000000,0.13333334,450 m²,"Phường Võ Thị Sáu, Quận 3, Tp Hồ Chí Minh",Quận 3,Tp Hồ Chí Minh,10.78659,106.68779,Đất,,,,,,,,,[],4,Nhà Phố Cho Thuê,,,2026-09-17 14:24:26,https://nha.chotot.com/tin/175903201,2026-09-17T07:30:40.657367
549,cho thuê 100m văn phòng giá 30 tr,30000000,0.3,100 m²,"Phường An Khánh (Quận 2 cũ), Thành phố Thủ Đức, Tp Hồ Chí Minh",Thành phố Thủ Đức,Tp Hồ Chí Minh,10.79159,106.73052,Đất,,,,,,,,60000000.0,[],3,Nguyễn Văn Hậu,,,2026-09-05 13:44:09,https://nha.chotot.com/tin/178581677,2026-09-17T07:30:40.657625
550,CHO THUÊ TÒA NHÀ VĂN PHÒNG NGUYỄN VĂN TRỖI NGAY NGÃ TƯ PHÚ NHUẬN,130000000,0.096296296,1350 m²,"Phường 10, Quận Phú Nhuận, Tp Hồ Chí Minh",Quận Phú Nhuận,Tp Hồ Chí Minh,10.798557,106.67042,Đất,,,,,,,,,[],3,Anh Đào,,,2026-09-12 11:08:02,https://nha.chotot.com/tin/178727010,2026-09-17T07:30:40.657805
551,Mặt bằng đẹp Hồ Văn Huê 30m2,7490000,0.24966666,30 m²,"Phường 9, Quận Phú Nhuận, Tp Hồ Chí Minh",Quận Phú Nhuận,Tp Hồ Chí Minh,10.80251,106.67629,Đất,,,,,,,,7490000.0,[],7,NGUYỄN THỊ ANH THƯ,,,2026-09-06 15:25:13,https://nha.chotot.com/tin/178603931,2026-09-17T07:30:40.657988
552,"🇻🇳SHOPHOUSE 3 TẦNG MẶT TIỀN MÊ LINH | GẦN ORI, KCN HÒA KHÁNH",14000000,0.11666667,120 m²,"Phường Hòa Hiệp Nam, Quận Liên Chiểu, Đà Nẵng",Quận Liên Chiểu,Đà Nẵng,16.09171,108.12595,Đất,,04,,3,,,,,[],10,Ngô Văn Cảnh,,4.4,2026-09-17 14:22:04,https://nha.chotot.com/tin/178839109,2026-09-17T07:30:40.658158
553,🔥 HẺM XE HƠI  HUỲNH VĂN BÁNH – PHÚ NHUẬN | 4PN – 4WC | CHỈ 2x,23000000,0.23,100 m²,"Phường 10, Quận Phú Nhuận, Tp Hồ Chí Minh",Quận Phú Nhuận,Tp Hồ Chí Minh,10.791831,106.671616,Đất,,4,,,,,,46000000.0,[],6,Dung tr,,,2026-09-17 14:21:51,https://nha.chotot.com/tin/178839122,2026-09-17T07:30:40.658332
554,"Măt tiền Nguyễn Cư Trinh, Quận 1 (Ngang 17m)",90000000,0.45,200 m²,"Phường Nguyễn Cư Trinh, Quận 1, Tp Hồ Chí Minh",Quận 1,Tp Hồ Chí Minh,10.763458,106.68884,Đất,,,,,,,,,[],5,Nhà Phố Cho Thuê,,,2026-09-17 14:21:14,https://nha.chotot.com/tin/178280784,2026-09-17T07:30:40.658523
555,"🔥GÓC 2MT - NGUYỄN TRÃI, Bến Thành, Q1🔥400m2 sử dụng",150000000,0.375,400 m²,"Phường Bến Thành, Quận 1, Tp Hồ Chí Minh",Quận 1,Tp Hồ Chí Minh,10.771166,106.68731,Đất,,,,,,,,,[],4,Nhà Phố Cho Thuê,,,2026-09-17 14:20:35,https://nha.chotot.com/tin/175556911,2026-09-17T07:30:40.658808
556,CHO THUÊ TÒA NHÀ 2 MẶT TIỀN VÕ VĂN NGÂN DT 12M X 36M TP THỦ ĐỨC,100000000,0.07692308,1300 m²,"Phường Bình Thọ (Quận Thủ Đức cũ), Thành phố Thủ Đức, Tp Hồ Chí Minh",Thành phố Thủ Đức,Tp Hồ Chí Minh,10.850573,106.76223,Đất,,,,,,,1.0,,[],3,Oanh Home,,,2026-09-17 14:20:21,https://nha.chotot.com/tin/178262159,2026-09-17T07:30:40.659060
557,"🔥 CHO THUÊ TẦNG 7 160m2 – 104A XUÂN THUỶ, THẢO ĐIỀN, Q2 🔥",50000000,0.3125,160 m²,"Phường Thảo Điền (Quận 2 cũ), Thành phố Thủ Đức, Tp Hồ Chí Minh",Thành phố Thủ Đức,Tp Hồ Chí Minh,10.803889,106.73543,Đất,,,,,,,,150000000.0,[],8,Kiều Hằng,,,2026-09-17 14:18:58,https://nha.chotot.com/tin/178839027,2026-09-17T07:30:40.659326
558,Cho thuê  Shophouse Panorama Phú Mỹ Hưng 2 tầng 50tr/th,50000000,0.35460994,141 m²,"Phường Tân Phong, Quận 7, Tp Hồ Chí Minh",Quận 7,Tp Hồ Chí Minh,10.72168,106.71284,Đất,,,,2,Tây Nam,,1.0,,[],7,Dân,,,2026-09-17 14:18:55,https://nha.chotot.com/tin/177011854,2026-09-17T07:30:40.659503
559,Kho trống VIEW SÔNG 235/50A Đặng Thùy Trâm. DT 8X20M.,20000000,0.125,160 m²,"Phường 13, Quận Bình Thạnh, Tp Hồ Chí Minh",Quận Bình Thạnh,Tp Hồ Chí Minh,10.824377,106.70332,Đất,,,,,,2.0,1.0,,[],3,Anh Dũng,,4.0,2026-09-17 14:17:42,https://nha.chotot.com/tin/167862234,2026-09-17T07:30:40.659717
560,"Cho thuê Nhà - Hồ Biểu Chánh, Phú Nhuận (700m2 sử dụng)",80000000,0.2857143,280 m²,"Phường 11, Quận Phú Nhuận, Tp Hồ Chí Minh",Quận Phú Nhuận,Tp Hồ Chí Minh,10.793179,106.676544,Đất,,,,,,,,,[],6,Nhà Phố Cho Thuê,,,2026-09-17 14:16:58,https://nha.chotot.com/tin/178838963,2026-09-17T07:30:40.659964
561,KHAI TRƯƠNG PHÒNG TRỌ SINH VIÊN GIÁ RẺ NGAY ĐH CÔNG THƯƠNG TÂN PHÚ,3500000,0.14,25 m²,"Phường Tân Sơn Nhì, Quận Tân Phú, Tp Hồ Chí Minh",Quận Tân Phú,Tp Hồ Chí Minh,10.801903,106.625885,Phòng trọ,,,,,,,,3500000.0,[],5,Kiều Oanh NeWay Home ,,5.0,2026-09-17 14:30:15,https://nha.chotot.com/tin/178453357,2026-09-17T07:30:42.166531
562,"HIẾM!!!! - Hẻm Sư Vạn Hạnh, P12, Q.10 - 5x20m, 4 Tầng, 400m2",38000000,0.38,100 m²,"Phường 12, Quận 10, Tp Hồ Chí Minh",Quận 10,Tp Hồ Chí Minh,10.775027,106.667755,Đất,,,,4,,,,,[],9,Ngô Thanh Hùng,,,2026-09-17 14:30:13,https://nha.chotot.com/tin/178839362,2026-09-17T07:30:42.166858
563,Bán Đất Lô Góc Võ Văn Vân giá cực tốt,4190000000,37.410713,112 m²,"Xã Vĩnh Lộc B, Huyện Bình Chánh, Tp Hồ Chí Minh",Huyện Bình Chánh,Tp Hồ Chí Minh,10.773623,106.57547,Văn phòng/Mặt bằng,,,,,,,1.0,,[],6,Thanh Hưng,,3.4,2026-09-09 18:08:26,https://nha.chotot.com/tin/178674907,2026-09-17T07:30:42.167080
564,"BCONS ARIA TRẢ TRƯỚC CHỈ 5% CHIẾT KHẤU 8,5% HỖ TRỢ LS 6,9% TRONG 4 NĂM",2600000000,49.056602,53 m²,"Phường Đông Hòa, Thành phố Dĩ An, Bình Dương",Thành phố Dĩ An,Bình Dương,10.89115,106.8022,Căn hộ/Chung cư,1.0,2,2,37,Tây,3.0,4.0,,[],12,Huy Hoàng Bcons ,,,2026-08-25 09:52:10,https://nha.chotot.com/tin/178364490,2026-09-17T07:30:42.167273
565,"CHO THUÊ CĂN HỘ MỚI 2 PHÒNG NGỦ, DIỆN TÍCH 60M² ",13500000,0.20769231,65 m²,"Phường Khuê Mỹ, Quận Ngũ Hành Sơn, Đà Nẵng",Quận Ngũ Hành Sơn,Đà Nẵng,16.023426,108.2459,Căn hộ/Chung cư,2.0,2,,,,2.0,,,[],4,VANA,,,2026-09-17 14:30:06,https://nha.chotot.com/tin/178838887,2026-09-17T07:30:42.167536
566,Bán căn Hưng Phát Silver Star - sát vách sunrise reverside - 4.6ty,4350000000,41.037735,106 m²,"Xã Phước Kiển, Huyện Nhà Bè, Tp Hồ Chí Minh",Huyện Nhà Bè,Tp Hồ Chí Minh,10.70387,106.71276,Căn hộ/Chung cư,1.0,3,,,Tây Nam,2.0,6.0,,[],9,Vân,,4.8,2026-09-03 11:16:19,https://nha.chotot.com/tin/177025273,2026-09-17T07:30:42.167738
567,Nhà mới DT:4x9m 2 Tầng 2pn 2wc hẻm 1942 Huỳnh Tấn Phát,1960000000,61.25,32 m²,"Thị trấn Nhà Bè, Huyện Nhà Bè, Tp Hồ Chí Minh",Huyện Nhà Bè,Tp Hồ Chí Minh,10.698072,106.738914,Nhà ở,,2,,2,,,,,[],11,Nam Phú Gia,,,2026-09-06 06:52:42,https://nha.chotot.com/tin/178593726,2026-09-17T07:30:42.167916
568,Cho thuê CC Garden gate 40m2 Offictel 1WC giá cực tốt chỉ 11tr/th ,11000000,0.31428573,35 m²,"Phường 9, Quận Phú Nhuận, Tp Hồ Chí Minh",Quận Phú Nhuận,Tp Hồ Chí Minh,10.80964,106.67425,Căn hộ/Chung cư,1.0,1,1,,,,,,[],3,Nguyễn Hoàng Toàn,,,2026-09-15 10:14:56,https://nha.chotot.com/tin/178787965,2026-09-17T07:30:42.168082
569,🏡Khai Trương Ký túc xá ngay ngã tư Hàng xanh đầy đủ tiện nghi 🎉KTX,1700000,0.04857143,35 m²,"Phường 25, Quận Bình Thạnh, Tp Hồ Chí Minh",Quận Bình Thạnh,Tp Hồ Chí Minh,10.802271,106.71938,Phòng trọ,,,,,,,,1700000.0,[],4,LQ Vinhomes,,,2026-08-24 10:56:00,https://nha.chotot.com/tin/163698886,2026-09-17T07:30:42.168250
570,Nhà Lầu 4 Tầng Hẻm Oto Xây Mới 100% Âu Dương Lân P2 Q8,8600000000,204.7619,42 m²,"Phường 2, Quận 8, Tp Hồ Chí Minh",Quận 8,Tp Hồ Chí Minh,10.742134,106.685104,Nhà ở,,4,3,4,,2.0,1.0,,[],8,Phạm Quốc Thắng,,,2026-09-17 14:29:58,https://nha.chotot.com/tin/178839361,2026-09-17T07:30:42.168418
571,Lô đất 2500m thổ cư mặt tiền Hồ khu Biệt thự nghỉ dưỡng,4000000000,1.6891892,2368 m²,"Xã Đinh Lạc, Huyện Di Linh, Lâm Đồng",Huyện Di Linh,Lâm Đồng,11.63063,108.13101,Văn phòng/Mặt bằng,,,,,,,1.0,,[],4,Nguyễn Anh Sang,,4.1,2026-09-17 14:29:58,https://nha.chotot.com/tin/178141305,2026-09-17T07:30:42.168601
572,"Cho Thuê Biệt Thự Nam Thông PMH Q7 - 450m2, 5PN, Đường 20m",70000000,0.15555556,450 m²,"Phường Tân Phong, Quận 7, Tp Hồ Chí Minh",Quận 7,Tp Hồ Chí Minh,10.73019,106.70033,Nhà ở,,5,4,5,,,,,[],12,Thuỷ Trần,,,2026-08-31 09:55:18,https://nha.chotot.com/tin/178484863,2026-09-17T07:30:42.168766
573,"MẶT TIỀN ĐƯỜNG SỐ 6 – LÒ LU, TRƯỜNG THẠNH, TP. THỦ ĐỨC",4680000000,53.793102,87 m²,"Phường Trường Thạnh (Quận 9 cũ), Thành phố Thủ Đức, Tp Hồ Chí Minh",Thành phố Thủ Đức,Tp Hồ Chí Minh,10.801835,106.81432,Văn phòng/Mặt bằng,,,,,,,,,[],5,Duy Hoàng Land,,5.0,2026-09-17 14:29:46,https://nha.chotot.com/tin/178839348,2026-09-17T07:30:42.168916
574,KHAI TRƯƠNG ĐUPLEX 3🍠X ĐƯỜNG SỐ 1_NGUYỄN THỊ TÚ NHẬN XE ĐIỆN FULL NT,3700000,0.13214286,28 m²,"Phường Bình Hưng Hoà B, Quận Bình Tân, Tp Hồ Chí Minh",Quận Bình Tân,Tp Hồ Chí Minh,10.807803,106.59462,Căn hộ/Chung cư,3.0,1,1,,,2.0,4.0,1000000.0,[],11,Triệu an HiFriendz Tp ,,5.0,2026-09-17 14:29:46,https://nha.chotot.com/tin/178839353,2026-09-17T07:30:42.169087
575,Cần cho thuê nhà góc 2 Mặt Tiền 84A Phổ Quang P.2 Q.Tân Bình,30000000,0.3030303,99 m²,"Phường 2, Quận Tân Bình, Tp Hồ Chí Minh",Quận Tân Bình,Tp Hồ Chí Minh,10.806851,106.668365,Nhà ở,,5,5,4,,,1.0,60000000.0,[],6,Anh Thanh,,,2026-09-17 14:29:37,https://nha.chotot.com/tin/178839329,2026-09-17T07:30:42.169251
576,CHO THUÊ HẺM NGUYỄN VĂN TRỖI TÂN BÌNH | 12x15m siêu rộng,58000000,0.58,100 m²,"Phường 10, Quận Tân Bình, Tp Hồ Chí Minh",Quận Tân Bình,Tp Hồ Chí Minh,10.798557,106.67042,Đất,,,,,,,,116000000.0,[],8,Dung tr,,,2026-09-17 14:29:35,https://nha.chotot.com/tin/178839347,2026-09-17T07:30:42.169500
577,Bán nhà lầu đúc kiên cố hẻm xe hơi rộng đường Dương Bá Trạc P1 Q8 ,11800000000,245.83333,48 m²,"Phường 1, Quận 8, Tp Hồ Chí Minh",Quận 8,Tp Hồ Chí Minh,10.74418,106.69049,Nhà ở,,4,4,4,Nam,2.0,1.0,,[],3,Nguyễn Thìn ,,4.4,2026-09-17 14:29:34,https://nha.chotot.com/tin/178839333,2026-09-17T07:30:42.169701
578,"Chung cư Tecco Green - Phan Văn Hớn căn 2p ngủ , full NT, giá 7,3tr/th",7300000,0.1,73 m²,"Phường Tân Thới Nhất, Quận 12, Tp Hồ Chí Minh",Quận 12,Tp Hồ Chí Minh,10.82954,106.61561,Căn hộ/Chung cư,1.0,2,2,,,2.0,6.0,,[],6,Phí Linh,,,2026-09-17 14:29:29,https://nha.chotot.com/tin/178839257,2026-09-17T07:30:42.169891
579,"Bán nhà riêng 4mx18,3m",12300000000,169.65517,72.5 m²,"Phường Tân Sơn Nhì, Quận Tân Phú, Tp Hồ Chí Minh",Quận Tân Phú,Tp Hồ Chí Minh,10.796407,106.63215,Nhà ở,,1,,,,,,,[],3,Nguyễn Võ Châu Phát,,,2026-09-16 14:28:21,https://nha.chotot.com/tin/178817793,2026-09-17T07:30:42.170063
580,cho thuê,25000000,0.41666666,60 m²,"Phường 8, Quận 5, Tp Hồ Chí Minh",Quận 5,Tp Hồ Chí Minh,10.756033,106.671135,Nhà ở,,4,5,3,Đông,3.0,1.0,50000000.0,[],3,Phạm Ánh Lan,,5.0,2026-09-17 12:38:51,https://nha.chotot.com/tin/178836750,2026-09-17T07:30:42.170233
581,"BCONS ARIA TRẢ TRƯỚC CHỈ 5% CHIẾT KHẤU 8,5% HỖ TRỢ LS 6,9% TRONG 4 NĂM",2600000000,49.056602,53 m²,"Phường Đông Hòa, Thành phố Dĩ An, Bình Dương",Thành phố Dĩ An,Bình Dương,10.89115,106.8022,Căn hộ/Chung cư,1.0,2,2,37,Tây,3.0,4.0,,[],12,Huy Hoàng Bcons ,,,2026-08-25 09:52:10,https://nha.chotot.com/tin/178364490,2026-09-17T07:30:43.228421
582,"CHO THUÊ CĂN HỘ MỚI 2 PHÒNG NGỦ, DIỆN TÍCH 60M² ",13500000,0.20769231,65 m²,"Phường Khuê Mỹ, Quận Ngũ Hành Sơn, Đà Nẵng",Quận Ngũ Hành Sơn,Đà Nẵng,16.023426,108.2459,Căn hộ/Chung cư,2.0,2,,,,2.0,,,[],4,VANA,,,2026-09-17 14:30:06,https://nha.chotot.com/tin/178838887,2026-09-17T07:30:43.228749
583,Bán căn Hưng Phát Silver Star - sát vách sunrise reverside - 4.6ty,4350000000,41.037735,106 m²,"Xã Phước Kiển, Huyện Nhà Bè, Tp Hồ Chí Minh",Huyện Nhà Bè,Tp Hồ Chí Minh,10.70387,106.71276,Căn hộ/Chung cư,1.0,3,,,Tây Nam,2.0,6.0,,[],9,Vân,,4.8,2026-09-03 11:16:19,https://nha.chotot.com/tin/177025273,2026-09-17T07:30:43.228958
584,Cho thuê CC Garden gate 40m2 Offictel 1WC giá cực tốt chỉ 11tr/th ,11000000,0.31428573,35 m²,"Phường 9, Quận Phú Nhuận, Tp Hồ Chí Minh",Quận Phú Nhuận,Tp Hồ Chí Minh,10.80964,106.67425,Căn hộ/Chung cư,1.0,1,1,,,,,,[],3,Nguyễn Hoàng Toàn,,,2026-09-15 10:14:56,https://nha.chotot.com/tin/178787965,2026-09-17T07:30:43.229147
585,KHAI TRƯƠNG ĐUPLEX 3🍠X ĐƯỜNG SỐ 1_NGUYỄN THỊ TÚ NHẬN XE ĐIỆN FULL NT,3700000,0.13214286,28 m²,"Phường Bình Hưng Hoà B, Quận Bình Tân, Tp Hồ Chí Minh",Quận Bình Tân,Tp Hồ Chí Minh,10.807803,106.59462,Căn hộ/Chung cư,3.0,1,1,,,2.0,4.0,1000000.0,[],11,Triệu an HiFriendz Tp ,,5.0,2026-09-17 14:29:46,https://nha.chotot.com/tin/178839353,2026-09-17T07:30:43.229399
586,"Chung cư Tecco Green - Phan Văn Hớn căn 2p ngủ , full NT, giá 7,3tr/th",7300000,0.1,73 m²,"Phường Tân Thới Nhất, Quận 12, Tp Hồ Chí Minh",Quận 12,Tp Hồ Chí Minh,10.82954,106.61561,Căn hộ/Chung cư,1.0,2,2,,,2.0,6.0,,[],6,Phí Linh,,,2026-09-17 14:29:29,https://nha.chotot.com/tin/178839257,2026-09-17T07:30:43.229634
587,💥CHDV - FUL NT - 2PN - BALCONY THOÁNG ⚡️ PHAN ĐĂNG LƯU - BÙI ĐÌNH TUÝ 💥,7800000,0.111428574,70 m²,"Phường 1, Quận Bình Thạnh, Tp Hồ Chí Minh",Quận Bình Thạnh,Tp Hồ Chí Minh,10.802451,106.697495,Căn hộ/Chung cư,2.0,2,,,,,,,[],12,Lương Thanh Trúc,,,2026-09-12 21:54:42,https://nha.chotot.com/tin/178437508,2026-09-17T07:30:43.229810
588,"💥 HÀ ĐÔ CENTROSA – 2PN 2WC – NHÀ ĐẸP, FULL NỘI THẤT – Ở LIỀN CHỈ 22TR",22000000,0.25581396,86 m²,"Phường 12, Quận 10, Tp Hồ Chí Minh",Quận 10,Tp Hồ Chí Minh,10.7762,106.67889,Căn hộ/Chung cư,1.0,2,2,,,,,,[],12,Hoàng Dung,,4.5,2026-09-17 11:07:05,https://nha.chotot.com/tin/178834497,2026-09-17T07:30:43.229979
589,"CĂN HỘ MINI CAO CẤP MỚI 100%, FULL NỘI THẤT NGAY ẺMART PHAN HUY ÍCH",5000000,0.2,25 m²,"Phường 12, Quận Gò Vấp, Tp Hồ Chí Minh",Quận Gò Vấp,Tp Hồ Chí Minh,10.837349,106.636284,Căn hộ/Chung cư,2.0,1,1,,,1.0,4.0,5000000.0,[],12,Alo Ngoc Hoang,,5.0,2026-09-17 14:28:24,https://nha.chotot.com/tin/178839301,2026-09-17T07:30:43.230169
590,TÌM NỮ Ở GHÉP CĂN CHUNG CƯ 2PN,4500000,0.071428575,63 m²,"Phường Phú Thuận, Quận 7, Tp Hồ Chí Minh",Quận 7,Tp Hồ Chí Minh,10.722,106.7433,Căn hộ/Chung cư,1.0,2,2,,,2.0,4.0,4500000.0,[],7,Kim Thanh,,5.0,2026-09-17 14:28:16,https://nha.chotot.com/tin/178839296,2026-09-17T07:30:43.230353
591,Khách Cần Tiền Ra Di Căn 2PN Hiyori Siêu Mới,5200000000,83.870964,62 m²,"Phường An Hải Đông, Quận Sơn Trà, Đà Nẵng",Quận Sơn Trà,Đà Nẵng,16.06191,108.23652,Căn hộ/Chung cư,1.0,2,2,,,1.0,2.0,,[],11,Hồng Công,,,2026-09-17 14:26:46,https://nha.chotot.com/tin/171220229,2026-09-17T07:30:43.230552
592,⭐ RIVER PANORAMA CHO THUÊ 3PN2WC FULL NỘI THẤT VIEW ĐẸP CHỈ 19 TRIỆU,19000000,0.21111111,90 m²,"Phường Phú Mỹ, Quận 7, Tp Hồ Chí Minh",Quận 7,Tp Hồ Chí Minh,10.71422,106.73743,Căn hộ/Chung cư,1.0,3,2,,,2.0,6.0,,[],12,Huy,,5.0,2026-09-08 14:36:21,https://nha.chotot.com/tin/172861126,2026-09-17T07:30:43.230721
593,"THẢO ĐIỀN, QUẬN 2 🏡 CHO THUÊ CHDV CAO CẤP💘 1PN BAN CÔNG FULL NỘI THẤT",11000000,0.22,50 m²,"Phường Thảo Điền (Quận 2 cũ), Thành phố Thủ Đức, Tp Hồ Chí Minh",Thành phố Thủ Đức,Tp Hồ Chí Minh,10.803914,106.72912,Căn hộ/Chung cư,2.0,1,1,,Đông Bắc,1.0,4.0,11000000.0,[],11,Phương An Chuyên Căn Hộ Quận 2,,5.0,2026-09-11 14:06:45,https://nha.chotot.com/tin/177928071,2026-09-17T07:30:43.230904
594,CHDV FULL NỘI THẤT MỚI KENG GẦN MEGA MARKET Q12,3900000,0.156,25 m²,"Phường Tân Thới Hiệp, Quận 12, Tp Hồ Chí Minh",Quận 12,Tp Hồ Chí Minh,10.887289,106.64767,Căn hộ/Chung cư,2.0,1,1,4,,2.0,4.0,,[],10,Anh Tuấn Tìm Phòng,,5.0,2026-09-17 14:26:20,https://nha.chotot.com/tin/178839237,2026-09-17T07:30:43.231077
595,CHO THUÊ CĂN HỘ DUPLEX 2  GIƯỜNG NGỦ FULL NỘI THẤT CÓ CỬA SỔ THOÁNG,6000000,0.13333334,45 m²,"Phường 8, Thành phố Đà Lạt, Lâm Đồng",Thành phố Đà Lạt,Lâm Đồng,11.977858,108.45107,Căn hộ/Chung cư,3.0,1,1,,,,,,[],9,Quang gohome,,,2026-09-17 14:26:16,https://nha.chotot.com/tin/178839207,2026-09-17T07:30:43.231248
596,Khách Cần Tiền Bán Gấp Căn Ponte 1PN Stu View Biển Giá Cực Rẻ ,2700000000,103.84615,26 m²,"Phường An Hải Tây, Quận Sơn Trà, Đà Nẵng",Quận Sơn Trà,Đà Nẵng,16.059008,108.23034,Căn hộ/Chung cư,1.0,1,2,,Tây,4.0,6.0,,[],6,Hồng Công,,,2026-09-17 14:26:02,https://nha.chotot.com/tin/178096332,2026-09-17T07:30:43.231507
597,Bán Căn Hộ 2PN Toà A - Masteri Rivera Đà Nẵng,5700000000,91.935486,62 m²,"Phường Hòa Cường Nam, Quận Hải Châu, Đà Nẵng",Quận Hải Châu,Đà Nẵng,16.033035,108.225494,Căn hộ/Chung cư,1.0,2,2,39,Tây,2.0,6.0,,[],6,Hồng Công,,,2026-09-17 14:25:24,https://nha.chotot.com/tin/169931282,2026-09-17T07:30:43.231689
598,Căn hộ ban công Full nội thất ngay Trương Văn Bang thuận tiện qua sala,5800000,0.16571428,35 m²,"Phường Thạnh Mỹ Lợi (Quận 2 cũ), Thành phố Thủ Đức, Tp Hồ Chí Minh",Thành phố Thủ Đức,Tp Hồ Chí Minh,10.774195,106.75718,Căn hộ/Chung cư,2.0,1,1,,,2.0,4.0,6000000.0,[],11,Huỳnh Châu HiFriendz ,,5.0,2026-09-05 22:57:12,https://nha.chotot.com/tin/178592369,2026-09-17T07:30:43.231861
599,"CHO THUÊ  CHUNG CƯ TẠI PHỐ TU HOÀNG, NHỔN - 58M2, 2 NGỦ, ĐỦ ĐỒ-  5TR",5000000,0.0862069,58 m²,"Phường Phương Canh, Quận Nam Từ Liêm, Hà Nội",Quận Nam Từ Liêm,Hà Nội,21.053297,105.73126,Căn hộ/Chung cư,1.0,2,1,,,2.0,,,[],3,NGÔ THÚY,,,2026-09-17 14:24:32,https://nha.chotot.com/tin/178839180,2026-09-17T07:30:43.232024
600,"the Sun Avenue 2Pn 5,8 tỷ 65m",5800000000,89.23077,65 m²,"Phường An Phú (Quận 2 cũ), Thành phố Thủ Đức, Tp Hồ Chí Minh",Thành phố Thủ Đức,Tp Hồ Chí Minh,10.79675,106.75218,Căn hộ/Chung cư,1.0,2,,,,,,,[],3,Nguyễn Văn Hậu,,,2026-09-16 08:47:07,https://nha.chotot.com/tin/178808741,2026-09-17T07:30:43.232190
601,"BÁN GẤP NHÀ KQH HOÀNG DIỆU PHƯỜNG CAM LY ĐÀ LẠT CHỈ 5,4 TỶ",5400000000,120.0,45 m²,"Phường 5, Thành phố Đà Lạt, Lâm Đồng",Thành phố Đà Lạt,Lâm Đồng,11.942885,108.427925,Nhà ở,,3,2,3,Tây Bắc,3.0,,,[],4,Tô Hoàng Phương Trinh,,,2026-09-15 15:32:14,https://nha.chotot.com/tin/178796817,2026-09-17T07:30:44.862966
602,Nhà mới DT:4x9m 2 Tầng 2pn 2wc hẻm 1942 Huỳnh Tấn Phát,1960000000,61.25,32 m²,"Thị trấn Nhà Bè, Huyện Nhà Bè, Tp Hồ Chí Minh",Huyện Nhà Bè,Tp Hồ Chí Minh,10.698072,106.738914,Nhà ở,,2,,2,,,,,[],11,Nam Phú Gia,,,2026-09-06 06:52:42,https://nha.chotot.com/tin/178593726,2026-09-17T07:30:44.863248
603,Nhà Lầu 4 Tầng Hẻm Oto Xây Mới 100% Âu Dương Lân P2 Q8,8600000000,204.7619,42 m²,"Phường 2, Quận 8, Tp Hồ Chí Minh",Quận 8,Tp Hồ Chí Minh,10.742134,106.685104,Nhà ở,,4,3,4,,2.0,1.0,,[],8,Phạm Quốc Thắng,,,2026-09-17 14:29:58,https://nha.chotot.com/tin/178839361,2026-09-17T07:30:44.863453
604,"Cho Thuê Biệt Thự Nam Thông PMH Q7 - 450m2, 5PN, Đường 20m",70000000,0.15555556,450 m²,"Phường Tân Phong, Quận 7, Tp Hồ Chí Minh",Quận 7,Tp Hồ Chí Minh,10.73019,106.70033,Nhà ở,,5,4,5,,,,,[],12,Thuỷ Trần,,,2026-08-31 09:55:18,https://nha.chotot.com/tin/178484863,2026-09-17T07:30:44.863650
605,Cần cho thuê nhà góc 2 Mặt Tiền 84A Phổ Quang P.2 Q.Tân Bình,30000000,0.3030303,99 m²,"Phường 2, Quận Tân Bình, Tp Hồ Chí Minh",Quận Tân Bình,Tp Hồ Chí Minh,10.806851,106.668365,Nhà ở,,5,5,4,,,1.0,60000000.0,[],6,Anh Thanh,,,2026-09-17 14:29:37,https://nha.chotot.com/tin/178839329,2026-09-17T07:30:44.863820
606,Bán nhà lầu đúc kiên cố hẻm xe hơi rộng đường Dương Bá Trạc P1 Q8 ,11800000000,245.83333,48 m²,"Phường 1, Quận 8, Tp Hồ Chí Minh",Quận 8,Tp Hồ Chí Minh,10.74418,106.69049,Nhà ở,,4,4,4,Nam,2.0,1.0,,[],3,Nguyễn Thìn ,,4.4,2026-09-17 14:29:34,https://nha.chotot.com/tin/178839333,2026-09-17T07:30:44.863985
607,"Bán nhà riêng 4mx18,3m",12300000000,169.65517,72.5 m²,"Phường Tân Sơn Nhì, Quận Tân Phú, Tp Hồ Chí Minh",Quận Tân Phú,Tp Hồ Chí Minh,10.796407,106.63215,Nhà ở,,1,,,,,,,[],3,Nguyễn Võ Châu Phát,,,2026-09-16 14:28:21,https://nha.chotot.com/tin/178817793,2026-09-17T07:30:44.883315
608,cho thuê,25000000,0.41666666,60 m²,"Phường 8, Quận 5, Tp Hồ Chí Minh",Quận 5,Tp Hồ Chí Minh,10.756033,106.671135,Nhà ở,,4,5,3,Đông,3.0,1.0,50000000.0,[],3,Phạm Ánh Lan,,5.0,2026-09-17 12:38:51,https://nha.chotot.com/tin/178836750,2026-09-17T07:30:44.883563
609,cho thuê nhà 2 tầng đường phan thanh sát đại học duy tân,11000000,0.22,50 m²,"Phường Thạc Gián, Quận Thanh Khê, Đà Nẵng",Quận Thanh Khê,Đà Nẵng,16.063013,108.208755,Nhà ở,,3,3,2,,1.0,,,[],10,Đại tuấn,,,2026-09-17 14:29:11,https://nha.chotot.com/tin/178839312,2026-09-17T07:30:44.883750
610,Nhà riêng ngõ 31 phố mai động gần đền lừ dt40m2x4t giá 10tr,10000000,0.25,40 m²,"Phường Mai Động, Quận Hoàng Mai, Hà Nội",Quận Hoàng Mai,Hà Nội,20.988625,105.86115,Nhà ở,,4,3,4,Đông,2.0,1.0,10000000.0,[],6,phạm minh chính,,,2026-09-10 10:59:00,https://nha.chotot.com/tin/178378145,2026-09-17T07:30:44.883923
611,bán nhà mặt tiền kinh doanh đường Trương Vĩnh Nguyên,5600000000,19.928825,281 m²,"Phường Phú Thứ, Quận Cái Răng, Cần Thơ",Quận Cái Răng,Cần Thơ,9.982768,105.78676,Nhà ở,,1,2,1,Đông Bắc,3.0,1.0,,[],5,Nguyen Tien Tai,,,2026-09-16 14:28:22,https://nha.chotot.com/tin/178149394,2026-09-17T07:30:44.884090
612,"Bán biệt thự 2 lầu áp mái P. Thạnh Mỹ Tây, TP.HCM giá 43 tỷ",43000000000,511.90475,84 m²,"Phường 12, Quận 3, Tp Hồ Chí Minh",Quận 3,Tp Hồ Chí Minh,10.789393,106.675064,Nhà ở,,1,,,,,,,[],3,vũ thành,,,2026-09-17 14:28:31,https://nha.chotot.com/tin/178839248,2026-09-17T07:30:44.884439
613,"Bán gấp nhà 1 lầu, sân thượng, 76m2, hẻm 5m vị trí hẻm 477/ Mã Lò",6950000000,91.447365,76 m²,"Phường Bình Hưng Hoà A, Quận Bình Tân, Tp Hồ Chí Minh",Quận Bình Tân,Tp Hồ Chí Minh,10.7823,106.59924,Nhà ở,,2,,2,,,,,[],3, Vương Nguyễn,,5.0,2026-09-17 14:28:31,https://nha.chotot.com/tin/178839292,2026-09-17T07:30:44.884711
614,"Bán nhà mới khu đường bàn cờ thông 6m Đường Số 28, 4,5x15m, lửng,3 lầu",9500000000,158.33333,60 m²,"Phường 6, Quận Gò Vấp, Tp Hồ Chí Minh",Quận Gò Vấp,Tp Hồ Chí Minh,10.838439,106.6817,Nhà ở,,4,5,4,,,1.0,,[],8,TRUONG TAM,,,2026-09-17 14:28:04,https://nha.chotot.com/tin/175260106,2026-09-17T07:30:44.884880
615,Gần Trường Lý Tự Trọng GV - Hẻm Ôtô - Nhà mới xây 4 Tầng 4PN - KQH KLG,6680000000,151.81818,44 m²,"Phường 15, Quận Gò Vấp, Tp Hồ Chí Minh",Quận Gò Vấp,Tp Hồ Chí Minh,10.847257,106.669334,Nhà ở,,4,4,4,,,1.0,,[],12,Lý Ngọc Thanh,,,2026-09-13 13:07:56,https://nha.chotot.com/tin/178748929,2026-09-17T07:30:44.885043
616,"NHÀ MỚI ĐẸP, HẺM TẢI 1T2L 4PN NGAY PHẠM VĂN ĐỒNG",14000000,0.23333333,60 m²,"Phường Linh Tây (Quận Thủ Đức cũ), Thành phố Thủ Đức, Tp Hồ Chí Minh",Thành phố Thủ Đức,Tp Hồ Chí Minh,10.852818,106.75241,Nhà ở,,4,3,,,,,28000000.0,[],9,NHẤT NHÀ ĐẤT,,5.0,2026-09-11 11:23:04,https://nha.chotot.com/tin/178707503,2026-09-17T07:30:44.885206
617,🏠 CHO THUÊ NHÀ NGUYÊN CĂN LÀM VĂN PHÒNG – THỦ ĐỨC,18000000,0.12,150 m²,"Phường Trường Thọ (Quận Thủ Đức cũ), Thành phố Thủ Đức, Tp Hồ Chí Minh",Thành phố Thủ Đức,Tp Hồ Chí Minh,10.831532,106.757996,Nhà ở,,4,,,,,,,[],3,Đăng Quang Rental,,,2026-09-17 14:27:44,https://nha.chotot.com/tin/178478419,2026-09-17T07:30:44.885388
618,cần tiền bán gấp,5100000000,85.0,60 m²,"Phường Dĩ An, Thành phố Dĩ An, Bình Dương",Thành phố Dĩ An,Bình Dương,10.904065,106.75859,Nhà ở,,3,2,2,,2.0,1.0,,[],4,An Tam,,4.0,2026-09-17 14:27:32,https://nha.chotot.com/tin/178838974,2026-09-17T07:30:44.885582
619,"🔥Cho thuê nhà gần ĐH Ngân Hàng, Thủ Đức, 80m², 3PN, chỉ 8 triệu",8000000,0.1,80 m²,"Phường Linh Chiểu (Quận Thủ Đức cũ), Thành phố Thủ Đức, Tp Hồ Chí Minh",Thành phố Thủ Đức,Tp Hồ Chí Minh,10.854226,106.76946,Nhà ở,,3,,,,,,,[],5,Đăng Quang Rental,,,2026-09-17 14:27:19,https://nha.chotot.com/tin/178378958,2026-09-17T07:30:44.885742
620,💐 nhà cho thuê hương lộ 2. Phường Bình Trị Đông A Bình Tân,13000000,0.203125,64 m²,"Phường Bình Trị Đông A, Quận Bình Tân, Tp Hồ Chí Minh",Quận Bình Tân,Tp Hồ Chí Minh,10.766734,106.60688,Nhà ở,,5,3,,,,,,[],6,MS Tánh Chuyên Mua Bán Cho Thuê Nhà Quận  Bình Tân,,,2026-09-17 14:27:15,https://nha.chotot.com/tin/178829961,2026-09-17T07:30:44.885909
621,"HIẾM!!!! - Hẻm Sư Vạn Hạnh, P12, Q.10 - 5x20m, 4 Tầng, 400m2",38000000,0.38,100 m²,"Phường 12, Quận 10, Tp Hồ Chí Minh",Quận 10,Tp Hồ Chí Minh,10.775027,106.667755,Đất,,,,4,,,,,[],9,Ngô Thanh Hùng,,,2026-09-17 14:30:13,https://nha.chotot.com/tin/178839362,2026-09-17T07:30:46.330706
622,CHO THUÊ HẺM NGUYỄN VĂN TRỖI TÂN BÌNH | 12x15m siêu rộng,58000000,0.58,100 m²,"Phường 10, Quận Tân Bình, Tp Hồ Chí Minh",Quận Tân Bình,Tp Hồ Chí Minh,10.798557,106.67042,Đất,,,,,,,,116000000.0,[],8,Dung tr,,,2026-09-17 14:29:35,https://nha.chotot.com/tin/178839347,2026-09-17T07:30:46.331009
623,"Cho thuê nhà phố 5 tầng có thang máy, rèm đường D9",45000000,0.53571427,84 m²,"Phường Long Bình (Quận 9 cũ), Thành phố Thủ Đức, Tp Hồ Chí Minh",Thành phố Thủ Đức,Tp Hồ Chí Minh,10.84805,106.83874,Đất,,,,5,,3.0,1.0,,[],4,DUY HOMES,,,2026-09-09 09:41:13,https://nha.chotot.com/tin/178661906,2026-09-17T07:30:46.331205
624,"Cho thuê vp phố nguyên hồng,đống đa,dt 68m2,giá 13tr/tháng",13000000,0.19117647,68 m²,"Phường Láng Hạ, Quận Đống Đa, Hà Nội",Quận Đống Đa,Hà Nội,21.015743,105.80971,Đất,,,,8,,1.0,1.0,,[],5,Đào Thành Lân,,,2026-09-17 14:27:34,https://nha.chotot.com/tin/178839277,2026-09-17T07:30:46.331404
625,🔥 CHO THUÊ BIỆT THỰ SÂN VƯỜN NGUYỄN VĂN TRỖI – NGANG 12M – GIÁ 59TR/TH,59000000,0.118,500 m²,"Phường 10, Quận Phú Nhuận, Tp Hồ Chí Minh",Quận Phú Nhuận,Tp Hồ Chí Minh,10.798557,106.67042,Đất,,,,,,,,150000000.0,[],7,Kiều Hằng,,,2026-09-17 14:27:01,https://nha.chotot.com/tin/178839254,2026-09-17T07:30:46.331682
626,Cho thuê kho 1200m QL1A Tam Bình chỉ 75k,90000000,0.075,1200 m²,"Phường Tam Bình (Quận Thủ Đức cũ), Thành phố Thủ Đức, Tp Hồ Chí Minh",Thành phố Thủ Đức,Tp Hồ Chí Minh,10.871881,106.739655,Đất,,,,,,,,3.0,[],3,Anhthe,,4.0,2026-09-14 18:07:53,https://nha.chotot.com/tin/178775394,2026-09-17T07:30:46.331885
627,BIỆT THỰ SÂN VƯỜN KHU TỔ HỢP F&B VÀ ĐA NGÀNH NGHỀ TRUNG TÂM QUẬN 3 ,115000000,0.34848484,330 m²,"Phường Võ Thị Sáu, Quận 3, Tp Hồ Chí Minh",Quận 3,Tp Hồ Chí Minh,10.788824,106.690765,Đất,,,,,,,,,[],9,Yến Ngọc,,,2026-09-17 14:25:23,https://nha.chotot.com/tin/178839200,2026-09-17T07:30:46.332219
628,🍑Đoạn Đẹp NGUYỄN GIA TRÍ - 4x25m (Trệt 2 Lầu)🍑,65000000,0.21666667,300 m²,"Phường 25, Quận Bình Thạnh, Tp Hồ Chí Minh",Quận Bình Thạnh,Tp Hồ Chí Minh,10.810227,106.71722,Đất,,,,,,,,,[],6,Nhà Phố Cho Thuê,,,2026-09-17 14:24:57,https://nha.chotot.com/tin/175622468,2026-09-17T07:30:46.332426
629,"🌟10x15m - TRẦN QUỐC TOẢN, Quận 3🌟 Trệt 2 Lầu",60000000,0.13333334,450 m²,"Phường Võ Thị Sáu, Quận 3, Tp Hồ Chí Minh",Quận 3,Tp Hồ Chí Minh,10.78659,106.68779,Đất,,,,,,,,,[],4,Nhà Phố Cho Thuê,,,2026-09-17 14:24:26,https://nha.chotot.com/tin/175903201,2026-09-17T07:30:46.332704
630,cho thuê 100m văn phòng giá 30 tr,30000000,0.3,100 m²,"Phường An Khánh (Quận 2 cũ), Thành phố Thủ Đức, Tp Hồ Chí Minh",Thành phố Thủ Đức,Tp Hồ Chí Minh,10.79159,106.73052,Đất,,,,,,,,60000000.0,[],3,Nguyễn Văn Hậu,,,2026-09-05 13:44:09,https://nha.chotot.com/tin/178581677,2026-09-17T07:30:46.332948
631,CHO THUÊ TÒA NHÀ VĂN PHÒNG NGUYỄN VĂN TRỖI NGAY NGÃ TƯ PHÚ NHUẬN,130000000,0.096296296,1350 m²,"Phường 10, Quận Phú Nhuận, Tp Hồ Chí Minh",Quận Phú Nhuận,Tp Hồ Chí Minh,10.798557,106.67042,Đất,,,,,,,,,[],3,Anh Đào,,,2026-09-12 11:08:02,https://nha.chotot.com/tin/178727010,2026-09-17T07:30:46.333125
632,Mặt bằng đẹp Hồ Văn Huê 30m2,7490000,0.24966666,30 m²,"Phường 9, Quận Phú Nhuận, Tp Hồ Chí Minh",Quận Phú Nhuận,Tp Hồ Chí Minh,10.80251,106.67629,Đất,,,,,,,,7490000.0,[],7,NGUYỄN THỊ ANH THƯ,,,2026-09-06 15:25:13,https://nha.chotot.com/tin/178603931,2026-09-17T07:30:46.333299
633,"🇻🇳SHOPHOUSE 3 TẦNG MẶT TIỀN MÊ LINH | GẦN ORI, KCN HÒA KHÁNH",14000000,0.11666667,120 m²,"Phường Hòa Hiệp Nam, Quận Liên Chiểu, Đà Nẵng",Quận Liên Chiểu,Đà Nẵng,16.09171,108.12595,Đất,,04,,3,,,,,[],10,Ngô Văn Cảnh,,4.4,2026-09-17 14:22:04,https://nha.chotot.com/tin/178839109,2026-09-17T07:30:46.333476
634,🔥 HẺM XE HƠI  HUỲNH VĂN BÁNH – PHÚ NHUẬN | 4PN – 4WC | CHỈ 2x,23000000,0.23,100 m²,"Phường 10, Quận Phú Nhuận, Tp Hồ Chí Minh",Quận Phú Nhuận,Tp Hồ Chí Minh,10.791831,106.671616,Đất,,4,,,,,,46000000.0,[],6,Dung tr,,,2026-09-17 14:21:51,https://nha.chotot.com/tin/178839122,2026-09-17T07:30:46.333667
635,"Măt tiền Nguyễn Cư Trinh, Quận 1 (Ngang 17m)",90000000,0.45,200 m²,"Phường Nguyễn Cư Trinh, Quận 1, Tp Hồ Chí Minh",Quận 1,Tp Hồ Chí Minh,10.763458,106.68884,Đất,,,,,,,,,[],5,Nhà Phố Cho Thuê,,,2026-09-17 14:21:14,https://nha.chotot.com/tin/178280784,2026-09-17T07:30:46.333834
636,"🔥GÓC 2MT - NGUYỄN TRÃI, Bến Thành, Q1🔥400m2 sử dụng",150000000,0.375,400 m²,"Phường Bến Thành, Quận 1, Tp Hồ Chí Minh",Quận 1,Tp Hồ Chí Minh,10.771166,106.68731,Đất,,,,,,,,,[],4,Nhà Phố Cho Thuê,,,2026-09-17 14:20:35,https://nha.chotot.com/tin/175556911,2026-09-17T07:30:46.334085
637,CHO THUÊ TÒA NHÀ 2 MẶT TIỀN VÕ VĂN NGÂN DT 12M X 36M TP THỦ ĐỨC,100000000,0.07692308,1300 m²,"Phường Bình Thọ (Quận Thủ Đức cũ), Thành phố Thủ Đức, Tp Hồ Chí Minh",Thành phố Thủ Đức,Tp Hồ Chí Minh,10.850573,106.76223,Đất,,,,,,,1.0,,[],3,Oanh Home,,,2026-09-17 14:20:21,https://nha.chotot.com/tin/178262159,2026-09-17T07:30:46.334434
638,"🔥 CHO THUÊ TẦNG 7 160m2 – 104A XUÂN THUỶ, THẢO ĐIỀN, Q2 🔥",50000000,0.3125,160 m²,"Phường Thảo Điền (Quận 2 cũ), Thành phố Thủ Đức, Tp Hồ Chí Minh",Thành phố Thủ Đức,Tp Hồ Chí Minh,10.803889,106.73543,Đất,,,,,,,,150000000.0,[],8,Kiều Hằng,,,2026-09-17 14:18:58,https://nha.chotot.com/tin/178839027,2026-09-17T07:30:46.334651
639,Cho thuê  Shophouse Panorama Phú Mỹ Hưng 2 tầng 50tr/th,50000000,0.35460994,141 m²,"Phường Tân Phong, Quận 7, Tp Hồ Chí Minh",Quận 7,Tp Hồ Chí Minh,10.72168,106.71284,Đất,,,,2,Tây Nam,,1.0,,[],7,Dân,,,2026-09-17 14:18:55,https://nha.chotot.com/tin/177011854,2026-09-17T07:30:46.334822
640,Kho trống VIEW SÔNG 235/50A Đặng Thùy Trâm. DT 8X20M.,20000000,0.125,160 m²,"Phường 13, Quận Bình Thạnh, Tp Hồ Chí Minh",Quận Bình Thạnh,Tp Hồ Chí Minh,10.824377,106.70332,Đất,,,,,,2.0,1.0,,[],3,Anh Dũng,,4.0,2026-09-17 14:17:42,https://nha.chotot.com/tin/167862234,2026-09-17T07:30:46.335002
641,KHAI TRƯƠNG PHÒNG TRỌ SINH VIÊN GIÁ RẺ NGAY ĐH CÔNG THƯƠNG TÂN PHÚ,3500000,0.14,25 m²,"Phường Tân Sơn Nhì, Quận Tân Phú, Tp Hồ Chí Minh",Quận Tân Phú,Tp Hồ Chí Minh,10.801903,106.625885,Phòng trọ,,,,,,,,3500000.0,[],5,Kiều Oanh NeWay Home ,,5.0,2026-09-17 14:30:15,https://nha.chotot.com/tin/178453357,2026-09-17T07:30:47.248852
642,"HIẾM!!!! - Hẻm Sư Vạn Hạnh, P12, Q.10 - 5x20m, 4 Tầng, 400m2",38000000,0.38,100 m²,"Phường 12, Quận 10, Tp Hồ Chí Minh",Quận 10,Tp Hồ Chí Minh,10.775027,106.667755,Đất,,,,4,,,,,[],9,Ngô Thanh Hùng,,,2026-09-17 14:30:13,https://nha.chotot.com/tin/178839362,2026-09-17T07:30:47.249179
643,Bán Đất Lô Góc Võ Văn Vân giá cực tốt,4190000000,37.410713,112 m²,"Xã Vĩnh Lộc B, Huyện Bình Chánh, Tp Hồ Chí Minh",Huyện Bình Chánh,Tp Hồ Chí Minh,10.773623,106.57547,Văn phòng/Mặt bằng,,,,,,,1.0,,[],6,Thanh Hưng,,3.4,2026-09-09 18:08:26,https://nha.chotot.com/tin/178674907,2026-09-17T07:30:47.249417
644,"BCONS ARIA TRẢ TRƯỚC CHỈ 5% CHIẾT KHẤU 8,5% HỖ TRỢ LS 6,9% TRONG 4 NĂM",2600000000,49.056602,53 m²,"Phường Đông Hòa, Thành phố Dĩ An, Bình Dương",Thành phố Dĩ An,Bình Dương,10.89115,106.8022,Căn hộ/Chung cư,1.0,2,2,37,Tây,3.0,4.0,,[],12,Huy Hoàng Bcons ,,,2026-08-25 09:52:10,https://nha.chotot.com/tin/178364490,2026-09-17T07:30:47.249643
645,"CHO THUÊ CĂN HỘ MỚI 2 PHÒNG NGỦ, DIỆN TÍCH 60M² ",13500000,0.20769231,65 m²,"Phường Khuê Mỹ, Quận Ngũ Hành Sơn, Đà Nẵng",Quận Ngũ Hành Sơn,Đà Nẵng,16.023426,108.2459,Căn hộ/Chung cư,2.0,2,,,,2.0,,,[],4,VANA,,,2026-09-17 14:30:06,https://nha.chotot.com/tin/178838887,2026-09-17T07:30:47.249893
646,Bán căn Hưng Phát Silver Star - sát vách sunrise reverside - 4.6ty,4350000000,41.037735,106 m²,"Xã Phước Kiển, Huyện Nhà Bè, Tp Hồ Chí Minh",Huyện Nhà Bè,Tp Hồ Chí Minh,10.70387,106.71276,Căn hộ/Chung cư,1.0,3,,,Tây Nam,2.0,6.0,,[],9,Vân,,4.8,2026-09-03 11:16:19,https://nha.chotot.com/tin/177025273,2026-09-17T07:30:47.250092
647,Nhà mới DT:4x9m 2 Tầng 2pn 2wc hẻm 1942 Huỳnh Tấn Phát,1960000000,61.25,32 m²,"Thị trấn Nhà Bè, Huyện Nhà Bè, Tp Hồ Chí Minh",Huyện Nhà Bè,Tp Hồ Chí Minh,10.698072,106.738914,Nhà ở,,2,,2,,,,,[],11,Nam Phú Gia,,,2026-09-06 06:52:42,https://nha.chotot.com/tin/178593726,2026-09-17T07:30:47.250278
648,Cho thuê CC Garden gate 40m2 Offictel 1WC giá cực tốt chỉ 11tr/th ,11000000,0.31428573,35 m²,"Phường 9, Quận Phú Nhuận, Tp Hồ Chí Minh",Quận Phú Nhuận,Tp Hồ Chí Minh,10.80964,106.67425,Căn hộ/Chung cư,1.0,1,1,,,,,,[],3,Nguyễn Hoàng Toàn,,,2026-09-15 10:14:56,https://nha.chotot.com/tin/178787965,2026-09-17T07:30:47.250509
649,🏡Khai Trương Ký túc xá ngay ngã tư Hàng xanh đầy đủ tiện nghi 🎉KTX,1700000,0.04857143,35 m²,"Phường 25, Quận Bình Thạnh, Tp Hồ Chí Minh",Quận Bình Thạnh,Tp Hồ Chí Minh,10.802271,106.71938,Phòng trọ,,,,,,,,1700000.0,[],4,LQ Vinhomes,,,2026-08-24 10:56:00,https://nha.chotot.com/tin/163698886,2026-09-17T07:30:47.250763
650,Nhà Lầu 4 Tầng Hẻm Oto Xây Mới 100% Âu Dương Lân P2 Q8,8600000000,204.7619,42 m²,"Phường 2, Quận 8, Tp Hồ Chí Minh",Quận 8,Tp Hồ Chí Minh,10.742134,106.685104,Nhà ở,,4,3,4,,2.0,1.0,,[],8,Phạm Quốc Thắng,,,2026-09-17 14:29:58,https://nha.chotot.com/tin/178839361,2026-09-17T07:30:47.250991
651,Lô đất 2500m thổ cư mặt tiền Hồ khu Biệt thự nghỉ dưỡng,4000000000,1.6891892,2368 m²,"Xã Đinh Lạc, Huyện Di Linh, Lâm Đồng",Huyện Di Linh,Lâm Đồng,11.63063,108.13101,Văn phòng/Mặt bằng,,,,,,,1.0,,[],4,Nguyễn Anh Sang,,4.1,2026-09-17 14:29:58,https://nha.chotot.com/tin/178141305,2026-09-17T07:30:47.251227
652,"Cho Thuê Biệt Thự Nam Thông PMH Q7 - 450m2, 5PN, Đường 20m",70000000,0.15555556,450 m²,"Phường Tân Phong, Quận 7, Tp Hồ Chí Minh",Quận 7,Tp Hồ Chí Minh,10.73019,106.70033,Nhà ở,,5,4,5,,,,,[],12,Thuỷ Trần,,,2026-08-31 09:55:18,https://nha.chotot.com/tin/178484863,2026-09-17T07:30:47.251491
653,"MẶT TIỀN ĐƯỜNG SỐ 6 – LÒ LU, TRƯỜNG THẠNH, TP. THỦ ĐỨC",4680000000,53.793102,87 m²,"Phường Trường Thạnh (Quận 9 cũ), Thành phố Thủ Đức, Tp Hồ Chí Minh",Thành phố Thủ Đức,Tp Hồ Chí Minh,10.801835,106.81432,Văn phòng/Mặt bằng,,,,,,,,,[],5,Duy Hoàng Land,,5.0,2026-09-17 14:29:46,https://nha.chotot.com/tin/178839348,2026-09-17T07:30:47.251695
654,KHAI TRƯƠNG ĐUPLEX 3🍠X ĐƯỜNG SỐ 1_NGUYỄN THỊ TÚ NHẬN XE ĐIỆN FULL NT,3700000,0.13214286,28 m²,"Phường Bình Hưng Hoà B, Quận Bình Tân, Tp Hồ Chí Minh",Quận Bình Tân,Tp Hồ Chí Minh,10.807803,106.59462,Căn hộ/Chung cư,3.0,1,1,,,2.0,4.0,1000000.0,[],11,Triệu an HiFriendz Tp ,,5.0,2026-09-17 14:29:46,https://nha.chotot.com/tin/178839353,2026-09-17T07:30:47.251941
655,Cần cho thuê nhà góc 2 Mặt Tiền 84A Phổ Quang P.2 Q.Tân Bình,30000000,0.3030303,99 m²,"Phường 2, Quận Tân Bình, Tp Hồ Chí Minh",Quận Tân Bình,Tp Hồ Chí Minh,10.806851,106.668365,Nhà ở,,5,5,4,,,1.0,60000000.0,[],6,Anh Thanh,,,2026-09-17 14:29:37,https://nha.chotot.com/tin/178839329,2026-09-17T07:30:47.252136
656,CHO THUÊ HẺM NGUYỄN VĂN TRỖI TÂN BÌNH | 12x15m siêu rộng,58000000,0.58,100 m²,"Phường 10, Quận Tân Bình, Tp Hồ Chí Minh",Quận Tân Bình,Tp Hồ Chí Minh,10.798557,106.67042,Đất,,,,,,,,116000000.0,[],8,Dung tr,,,2026-09-17 14:29:35,https://nha.chotot.com/tin/178839347,2026-09-17T07:30:47.252658
657,Bán nhà lầu đúc kiên cố hẻm xe hơi rộng đường Dương Bá Trạc P1 Q8 ,11800000000,245.83333,48 m²,"Phường 1, Quận 8, Tp Hồ Chí Minh",Quận 8,Tp Hồ Chí Minh,10.74418,106.69049,Nhà ở,,4,4,4,Nam,2.0,1.0,,[],3,Nguyễn Thìn ,,4.4,2026-09-17 14:29:34,https://nha.chotot.com/tin/178839333,2026-09-17T07:30:47.252872
658,"Chung cư Tecco Green - Phan Văn Hớn căn 2p ngủ , full NT, giá 7,3tr/th",7300000,0.1,73 m²,"Phường Tân Thới Nhất, Quận 12, Tp Hồ Chí Minh",Quận 12,Tp Hồ Chí Minh,10.82954,106.61561,Căn hộ/Chung cư,1.0,2,2,,,2.0,6.0,,[],6,Phí Linh,,,2026-09-17 14:29:29,https://nha.chotot.com/tin/178839257,2026-09-17T07:30:47.253063
659,"Bán nhà riêng 4mx18,3m",12300000000,169.65517,72.5 m²,"Phường Tân Sơn Nhì, Quận Tân Phú, Tp Hồ Chí Minh",Quận Tân Phú,Tp Hồ Chí Minh,10.796407,106.63215,Nhà ở,,1,,,,,,,[],3,Nguyễn Võ Châu Phát,,,2026-09-16 14:28:21,https://nha.chotot.com/tin/178817793,2026-09-17T07:30:47.253245
660,cho thuê,25000000,0.41666666,60 m²,"Phường 8, Quận 5, Tp Hồ Chí Minh",Quận 5,Tp Hồ Chí Minh,10.756033,106.671135,Nhà ở,,4,5,3,Đông,3.0,1.0,50000000.0,[],3,Phạm Ánh Lan,,5.0,2026-09-17 12:38:51,https://nha.chotot.com/tin/178836750,2026-09-17T07:30:47.253431
661,"BCONS ARIA TRẢ TRƯỚC CHỈ 5% CHIẾT KHẤU 8,5% HỖ TRỢ LS 6,9% TRONG 4 NĂM",2600000000,49.056602,53 m²,"Phường Đông Hòa, Thành phố Dĩ An, Bình Dương",Thành phố Dĩ An,Bình Dương,10.89115,106.8022,Căn hộ/Chung cư,1.0,2,2,37,Tây,3.0,4.0,,[],12,Huy Hoàng Bcons ,,,2026-08-25 09:52:10,https://nha.chotot.com/tin/178364490,2026-09-17T07:30:48.548387
662,"CHO THUÊ CĂN HỘ MỚI 2 PHÒNG NGỦ, DIỆN TÍCH 60M² ",13500000,0.20769231,65 m²,"Phường Khuê Mỹ, Quận Ngũ Hành Sơn, Đà Nẵng",Quận Ngũ Hành Sơn,Đà Nẵng,16.023426,108.2459,Căn hộ/Chung cư,2.0,2,,,,2.0,,,[],4,VANA,,,2026-09-17 14:30:06,https://nha.chotot.com/tin/178838887,2026-09-17T07:30:48.548711
663,Bán căn Hưng Phát Silver Star - sát vách sunrise reverside - 4.6ty,4350000000,41.037735,106 m²,"Xã Phước Kiển, Huyện Nhà Bè, Tp Hồ Chí Minh",Huyện Nhà Bè,Tp Hồ Chí Minh,10.70387,106.71276,Căn hộ/Chung cư,1.0,3,,,Tây Nam,2.0,6.0,,[],9,Vân,,4.8,2026-09-03 11:16:19,https://nha.chotot.com/tin/177025273,2026-09-17T07:30:48.548923
664,Cho thuê CC Garden gate 40m2 Offictel 1WC giá cực tốt chỉ 11tr/th ,11000000,0.31428573,35 m²,"Phường 9, Quận Phú Nhuận, Tp Hồ Chí Minh",Quận Phú Nhuận,Tp Hồ Chí Minh,10.80964,106.67425,Căn hộ/Chung cư,1.0,1,1,,,,,,[],3,Nguyễn Hoàng Toàn,,,2026-09-15 10:14:56,https://nha.chotot.com/tin/178787965,2026-09-17T07:30:48.549115
665,KHAI TRƯƠNG ĐUPLEX 3🍠X ĐƯỜNG SỐ 1_NGUYỄN THỊ TÚ NHẬN XE ĐIỆN FULL NT,3700000,0.13214286,28 m²,"Phường Bình Hưng Hoà B, Quận Bình Tân, Tp Hồ Chí Minh",Quận Bình Tân,Tp Hồ Chí Minh,10.807803,106.59462,Căn hộ/Chung cư,3.0,1,1,,,2.0,4.0,1000000.0,[],11,Triệu an HiFriendz Tp ,,5.0,2026-09-17 14:29:46,https://nha.chotot.com/tin/178839353,2026-09-17T07:30:48.549366
666,"Chung cư Tecco Green - Phan Văn Hớn căn 2p ngủ , full NT, giá 7,3tr/th",7300000,0.1,73 m²,"Phường Tân Thới Nhất, Quận 12, Tp Hồ Chí Minh",Quận 12,Tp Hồ Chí Minh,10.82954,106.61561,Căn hộ/Chung cư,1.0,2,2,,,2.0,6.0,,[],6,Phí Linh,,,2026-09-17 14:29:29,https://nha.chotot.com/tin/178839257,2026-09-17T07:30:48.549569
667,💥CHDV - FUL NT - 2PN - BALCONY THOÁNG ⚡️ PHAN ĐĂNG LƯU - BÙI ĐÌNH TUÝ 💥,7800000,0.111428574,70 m²,"Phường 1, Quận Bình Thạnh, Tp Hồ Chí Minh",Quận Bình Thạnh,Tp Hồ Chí Minh,10.802451,106.697495,Căn hộ/Chung cư,2.0,2,,,,,,,[],12,Lương Thanh Trúc,,,2026-09-12 21:54:42,https://nha.chotot.com/tin/178437508,2026-09-17T07:30:48.549745
668,"💥 HÀ ĐÔ CENTROSA – 2PN 2WC – NHÀ ĐẸP, FULL NỘI THẤT – Ở LIỀN CHỈ 22TR",22000000,0.25581396,86 m²,"Phường 12, Quận 10, Tp Hồ Chí Minh",Quận 10,Tp Hồ Chí Minh,10.7762,106.67889,Căn hộ/Chung cư,1.0,2,2,,,,,,[],12,Hoàng Dung,,4.5,2026-09-17 11:07:05,https://nha.chotot.com/tin/178834497,2026-09-17T07:30:48.549915
669,"CĂN HỘ MINI CAO CẤP MỚI 100%, FULL NỘI THẤT NGAY ẺMART PHAN HUY ÍCH",5000000,0.2,25 m²,"Phường 12, Quận Gò Vấp, Tp Hồ Chí Minh",Quận Gò Vấp,Tp Hồ Chí Minh,10.837349,106.636284,Căn hộ/Chung cư,2.0,1,1,,,1.0,4.0,5000000.0,[],12,Alo Ngoc Hoang,,5.0,2026-09-17 14:28:24,https://nha.chotot.com/tin/178839301,2026-09-17T07:30:48.550107
670,TÌM NỮ Ở GHÉP CĂN CHUNG CƯ 2PN,4500000,0.071428575,63 m²,"Phường Phú Thuận, Quận 7, Tp Hồ Chí Minh",Quận 7,Tp Hồ Chí Minh,10.722,106.7433,Căn hộ/Chung cư,1.0,2,2,,,2.0,4.0,4500000.0,[],7,Kim Thanh,,5.0,2026-09-17 14:28:16,https://nha.chotot.com/tin/178839296,2026-09-17T07:30:48.550284
671,Khách Cần Tiền Ra Di Căn 2PN Hiyori Siêu Mới,5200000000,83.870964,62 m²,"Phường An Hải Đông, Quận Sơn Trà, Đà Nẵng",Quận Sơn Trà,Đà Nẵng,16.06191,108.23652,Căn hộ/Chung cư,1.0,2,2,,,1.0,2.0,,[],11,Hồng Công,,,2026-09-17 14:26:46,https://nha.chotot.com/tin/171220229,2026-09-17T07:30:48.550486
672,⭐ RIVER PANORAMA CHO THUÊ 3PN2WC FULL NỘI THẤT VIEW ĐẸP CHỈ 19 TRIỆU,19000000,0.21111111,90 m²,"Phường Phú Mỹ, Quận 7, Tp Hồ Chí Minh",Quận 7,Tp Hồ Chí Minh,10.71422,106.73743,Căn hộ/Chung cư,1.0,3,2,,,2.0,6.0,,[],12,Huy,,5.0,2026-09-08 14:36:21,https://nha.chotot.com/tin/172861126,2026-09-17T07:30:48.550676
673,"THẢO ĐIỀN, QUẬN 2 🏡 CHO THUÊ CHDV CAO CẤP💘 1PN BAN CÔNG FULL NỘI THẤT",11000000,0.22,50 m²,"Phường Thảo Điền (Quận 2 cũ), Thành phố Thủ Đức, Tp Hồ Chí Minh",Thành phố Thủ Đức,Tp Hồ Chí Minh,10.803914,106.72912,Căn hộ/Chung cư,2.0,1,1,,Đông Bắc,1.0,4.0,11000000.0,[],11,Phương An Chuyên Căn Hộ Quận 2,,5.0,2026-09-11 14:06:45,https://nha.chotot.com/tin/177928071,2026-09-17T07:30:48.550854
674,CHDV FULL NỘI THẤT MỚI KENG GẦN MEGA MARKET Q12,3900000,0.156,25 m²,"Phường Tân Thới Hiệp, Quận 12, Tp Hồ Chí Minh",Quận 12,Tp Hồ Chí Minh,10.887289,106.64767,Căn hộ/Chung cư,2.0,1,1,4,,2.0,4.0,,[],10,Anh Tuấn Tìm Phòng,,5.0,2026-09-17 14:26:20,https://nha.chotot.com/tin/178839237,2026-09-17T07:30:48.551023
675,CHO THUÊ CĂN HỘ DUPLEX 2  GIƯỜNG NGỦ FULL NỘI THẤT CÓ CỬA SỔ THOÁNG,6000000,0.13333334,45 m²,"Phường 8, Thành phố Đà Lạt, Lâm Đồng",Thành phố Đà Lạt,Lâm Đồng,11.977858,108.45107,Căn hộ/Chung cư,3.0,1,1,,,,,,[],9,Quang gohome,,,2026-09-17 14:26:16,https://nha.chotot.com/tin/178839207,2026-09-17T07:30:48.551180
676,Khách Cần Tiền Bán Gấp Căn Ponte 1PN Stu View Biển Giá Cực Rẻ ,2700000000,103.84615,26 m²,"Phường An Hải Tây, Quận Sơn Trà, Đà Nẵng",Quận Sơn Trà,Đà Nẵng,16.059008,108.23034,Căn hộ/Chung cư,1.0,1,2,,Tây,4.0,6.0,,[],6,Hồng Công,,,2026-09-17 14:26:02,https://nha.chotot.com/tin/178096332,2026-09-17T07:30:48.551458
677,Bán Căn Hộ 2PN Toà A - Masteri Rivera Đà Nẵng,5700000000,91.935486,62 m²,"Phường Hòa Cường Nam, Quận Hải Châu, Đà Nẵng",Quận Hải Châu,Đà Nẵng,16.033035,108.225494,Căn hộ/Chung cư,1.0,2,2,39,Tây,2.0,6.0,,[],6,Hồng Công,,,2026-09-17 14:25:24,https://nha.chotot.com/tin/169931282,2026-09-17T07:30:48.551661
678,Căn hộ ban công Full nội thất ngay Trương Văn Bang thuận tiện qua sala,5800000,0.16571428,35 m²,"Phường Thạnh Mỹ Lợi (Quận 2 cũ), Thành phố Thủ Đức, Tp Hồ Chí Minh",Thành phố Thủ Đức,Tp Hồ Chí Minh,10.774195,106.75718,Căn hộ/Chung cư,2.0,1,1,,,2.0,4.0,6000000.0,[],11,Huỳnh Châu HiFriendz ,,5.0,2026-09-05 22:57:12,https://nha.chotot.com/tin/178592369,2026-09-17T07:30:48.551835
679,"CHO THUÊ  CHUNG CƯ TẠI PHỐ TU HOÀNG, NHỔN - 58M2, 2 NGỦ, ĐỦ ĐỒ-  5TR",5000000,0.0862069,58 m²,"Phường Phương Canh, Quận Nam Từ Liêm, Hà Nội",Quận Nam Từ Liêm,Hà Nội,21.053297,105.73126,Căn hộ/Chung cư,1.0,2,1,,,2.0,,,[],3,NGÔ THÚY,,,2026-09-17 14:24:32,https://nha.chotot.com/tin/178839180,2026-09-17T07:30:48.552000
680,"the Sun Avenue 2Pn 5,8 tỷ 65m",5800000000,89.23077,65 m²,"Phường An Phú (Quận 2 cũ), Thành phố Thủ Đức, Tp Hồ Chí Minh",Thành phố Thủ Đức,Tp Hồ Chí Minh,10.79675,106.75218,Căn hộ/Chung cư,1.0,2,,,,,,,[],3,Nguyễn Văn Hậu,,,2026-09-16 08:47:07,https://nha.chotot.com/tin/178808741,2026-09-17T07:30:48.552163
681,"BÁN GẤP NHÀ KQH HOÀNG DIỆU PHƯỜNG CAM LY ĐÀ LẠT CHỈ 5,4 TỶ",5400000000,120.0,45 m²,"Phường 5, Thành phố Đà Lạt, Lâm Đồng",Thành phố Đà Lạt,Lâm Đồng,11.942885,108.427925,Nhà ở,,3,2,3,Tây Bắc,3.0,,,[],4,Tô Hoàng Phương Trinh,,,2026-09-15 15:32:14,https://nha.chotot.com/tin/178796817,2026-09-17T07:30:49.923440
682,Nhà mới DT:4x9m 2 Tầng 2pn 2wc hẻm 1942 Huỳnh Tấn Phát,1960000000,61.25,32 m²,"Thị trấn Nhà Bè, Huyện Nhà Bè, Tp Hồ Chí Minh",Huyện Nhà Bè,Tp Hồ Chí Minh,10.698072,106.738914,Nhà ở,,2,,2,,,,,[],11,Nam Phú Gia,,,2026-09-06 06:52:42,https://nha.chotot.com/tin/178593726,2026-09-17T07:30:49.923752
683,Nhà Lầu 4 Tầng Hẻm Oto Xây Mới 100% Âu Dương Lân P2 Q8,8600000000,204.7619,42 m²,"Phường 2, Quận 8, Tp Hồ Chí Minh",Quận 8,Tp Hồ Chí Minh,10.742134,106.685104,Nhà ở,,4,3,4,,2.0,1.0,,[],8,Phạm Quốc Thắng,,,2026-09-17 14:29:58,https://nha.chotot.com/tin/178839361,2026-09-17T07:30:49.923947
684,"Cho Thuê Biệt Thự Nam Thông PMH Q7 - 450m2, 5PN, Đường 20m",70000000,0.15555556,450 m²,"Phường Tân Phong, Quận 7, Tp Hồ Chí Minh",Quận 7,Tp Hồ Chí Minh,10.73019,106.70033,Nhà ở,,5,4,5,,,,,[],12,Thuỷ Trần,,,2026-08-31 09:55:18,https://nha.chotot.com/tin/178484863,2026-09-17T07:30:49.924118
685,Cần cho thuê nhà góc 2 Mặt Tiền 84A Phổ Quang P.2 Q.Tân Bình,30000000,0.3030303,99 m²,"Phường 2, Quận Tân Bình, Tp Hồ Chí Minh",Quận Tân Bình,Tp Hồ Chí Minh,10.806851,106.668365,Nhà ở,,5,5,4,,,1.0,60000000.0,[],6,Anh Thanh,,,2026-09-17 14:29:37,https://nha.chotot.com/tin/178839329,2026-09-17T07:30:49.924355
686,Bán nhà lầu đúc kiên cố hẻm xe hơi rộng đường Dương Bá Trạc P1 Q8 ,11800000000,245.83333,48 m²,"Phường 1, Quận 8, Tp Hồ Chí Minh",Quận 8,Tp Hồ Chí Minh,10.74418,106.69049,Nhà ở,,4,4,4,Nam,2.0,1.0,,[],3,Nguyễn Thìn ,,4.4,2026-09-17 14:29:34,https://nha.chotot.com/tin/178839333,2026-09-17T07:30:49.924536
687,"Bán nhà riêng 4mx18,3m",12300000000,169.65517,72.5 m²,"Phường Tân Sơn Nhì, Quận Tân Phú, Tp Hồ Chí Minh",Quận Tân Phú,Tp Hồ Chí Minh,10.796407,106.63215,Nhà ở,,1,,,,,,,[],3,Nguyễn Võ Châu Phát,,,2026-09-16 14:28:21,https://nha.chotot.com/tin/178817793,2026-09-17T07:30:49.924714
688,cho thuê,25000000,0.41666666,60 m²,"Phường 8, Quận 5, Tp Hồ Chí Minh",Quận 5,Tp Hồ Chí Minh,10.756033,106.671135,Nhà ở,,4,5,3,Đông,3.0,1.0,50000000.0,[],3,Phạm Ánh Lan,,5.0,2026-09-17 12:38:51,https://nha.chotot.com/tin/178836750,2026-09-17T07:30:49.924880
689,cho thuê nhà 2 tầng đường phan thanh sát đại học duy tân,11000000,0.22,50 m²,"Phường Thạc Gián, Quận Thanh Khê, Đà Nẵng",Quận Thanh Khê,Đà Nẵng,16.063013,108.208755,Nhà ở,,3,3,2,,1.0,,,[],10,Đại tuấn,,,2026-09-17 14:29:11,https://nha.chotot.com/tin/178839312,2026-09-17T07:30:49.925038
690,Nhà riêng ngõ 31 phố mai động gần đền lừ dt40m2x4t giá 10tr,10000000,0.25,40 m²,"Phường Mai Động, Quận Hoàng Mai, Hà Nội",Quận Hoàng Mai,Hà Nội,20.988625,105.86115,Nhà ở,,4,3,4,Đông,2.0,1.0,10000000.0,[],6,phạm minh chính,,,2026-09-10 10:59:00,https://nha.chotot.com/tin/178378145,2026-09-17T07:30:49.925196
691,bán nhà mặt tiền kinh doanh đường Trương Vĩnh Nguyên,5600000000,19.928825,281 m²,"Phường Phú Thứ, Quận Cái Răng, Cần Thơ",Quận Cái Răng,Cần Thơ,9.982768,105.78676,Nhà ở,,1,2,1,Đông Bắc,3.0,1.0,,[],5,Nguyen Tien Tai,,,2026-09-16 14:28:22,https://nha.chotot.com/tin/178149394,2026-09-17T07:30:49.925359
692,"Bán biệt thự 2 lầu áp mái P. Thạnh Mỹ Tây, TP.HCM giá 43 tỷ",43000000000,511.90475,84 m²,"Phường 12, Quận 3, Tp Hồ Chí Minh",Quận 3,Tp Hồ Chí Minh,10.789393,106.675064,Nhà ở,,1,,,,,,,[],3,vũ thành,,,2026-09-17 14:28:31,https://nha.chotot.com/tin/178839248,2026-09-17T07:30:49.925649
693,"Bán gấp nhà 1 lầu, sân thượng, 76m2, hẻm 5m vị trí hẻm 477/ Mã Lò",6950000000,91.447365,76 m²,"Phường Bình Hưng Hoà A, Quận Bình Tân, Tp Hồ Chí Minh",Quận Bình Tân,Tp Hồ Chí Minh,10.7823,106.59924,Nhà ở,,2,,2,,,,,[],3, Vương Nguyễn,,5.0,2026-09-17 14:28:31,https://nha.chotot.com/tin/178839292,2026-09-17T07:30:49.925906
694,"Bán nhà mới khu đường bàn cờ thông 6m Đường Số 28, 4,5x15m, lửng,3 lầu",9500000000,158.33333,60 m²,"Phường 6, Quận Gò Vấp, Tp Hồ Chí Minh",Quận Gò Vấp,Tp Hồ Chí Minh,10.838439,106.6817,Nhà ở,,4,5,4,,,1.0,,[],8,TRUONG TAM,,,2026-09-17 14:28:04,https://nha.chotot.com/tin/175260106,2026-09-17T07:30:49.926084
695,Gần Trường Lý Tự Trọng GV - Hẻm Ôtô - Nhà mới xây 4 Tầng 4PN - KQH KLG,6680000000,151.81818,44 m²,"Phường 15, Quận Gò Vấp, Tp Hồ Chí Minh",Quận Gò Vấp,Tp Hồ Chí Minh,10.847257,106.669334,Nhà ở,,4,4,4,,,1.0,,[],12,Lý Ngọc Thanh,,,2026-09-13 13:07:56,https://nha.chotot.com/tin/178748929,2026-09-17T07:30:49.926251
696,"NHÀ MỚI ĐẸP, HẺM TẢI 1T2L 4PN NGAY PHẠM VĂN ĐỒNG",14000000,0.23333333,60 m²,"Phường Linh Tây (Quận Thủ Đức cũ), Thành phố Thủ Đức, Tp Hồ Chí Minh",Thành phố Thủ Đức,Tp Hồ Chí Minh,10.852818,106.75241,Nhà ở,,4,3,,,,,28000000.0,[],9,NHẤT NHÀ ĐẤT,,5.0,2026-09-11 11:23:04,https://nha.chotot.com/tin/178707503,2026-09-17T07:30:49.926492
697,🏠 CHO THUÊ NHÀ NGUYÊN CĂN LÀM VĂN PHÒNG – THỦ ĐỨC,18000000,0.12,150 m²,"Phường Trường Thọ (Quận Thủ Đức cũ), Thành phố Thủ Đức, Tp Hồ Chí Minh",Thành phố Thủ Đức,Tp Hồ Chí Minh,10.831532,106.757996,Nhà ở,,4,,,,,,,[],3,Đăng Quang Rental,,,2026-09-17 14:27:44,https://nha.chotot.com/tin/178478419,2026-09-17T07:30:49.926680
698,cần tiền bán gấp,5100000000,85.0,60 m²,"Phường Dĩ An, Thành phố Dĩ An, Bình Dương",Thành phố Dĩ An,Bình Dương,10.904065,106.75859,Nhà ở,,3,2,2,,2.0,1.0,,[],4,An Tam,,4.0,2026-09-17 14:27:32,https://nha.chotot.com/tin/178838974,2026-09-17T07:30:49.926848
699,"🔥Cho thuê nhà gần ĐH Ngân Hàng, Thủ Đức, 80m², 3PN, chỉ 8 triệu",8000000,0.1,80 m²,"Phường Linh Chiểu (Quận Thủ Đức cũ), Thành phố Thủ Đức, Tp Hồ Chí Minh",Thành phố Thủ Đức,Tp Hồ Chí Minh,10.854226,106.76946,Nhà ở,,3,,,,,,,[],5,Đăng Quang Rental,,,2026-09-17 14:27:19,https://nha.chotot.com/tin/178378958,2026-09-17T07:30:49.926997
700,💐 nhà cho thuê hương lộ 2. Phường Bình Trị Đông A Bình Tân,13000000,0.203125,64 m²,"Phường Bình Trị Đông A, Quận Bình Tân, Tp Hồ Chí Minh",Quận Bình Tân,Tp Hồ Chí Minh,10.766734,106.60688,Nhà ở,,5,3,,,,,,[],6,MS Tánh Chuyên Mua Bán Cho Thuê Nhà Quận  Bình Tân,,,2026-09-17 14:27:15,https://nha.chotot.com/tin/178829961,2026-09-17T07:30:49.927157
701,"HIẾM!!!! - Hẻm Sư Vạn Hạnh, P12, Q.10 - 5x20m, 4 Tầng, 400m2",38000000,0.38,100 m²,"Phường 12, Quận 10, Tp Hồ Chí Minh",Quận 10,Tp Hồ Chí Minh,10.775027,106.667755,Đất,,,,4,,,,,[],9,Ngô Thanh Hùng,,,2026-09-17 14:30:13,https://nha.chotot.com/tin/178839362,2026-09-17T07:30:50.844471
702,CHO THUÊ HẺM NGUYỄN VĂN TRỖI TÂN BÌNH | 12x15m siêu rộng,58000000,0.58,100 m²,"Phường 10, Quận Tân Bình, Tp Hồ Chí Minh",Quận Tân Bình,Tp Hồ Chí Minh,10.798557,106.67042,Đất,,,,,,,,116000000.0,[],8,Dung tr,,,2026-09-17 14:29:35,https://nha.chotot.com/tin/178839347,2026-09-17T07:30:50.844792
703,"Cho thuê nhà phố 5 tầng có thang máy, rèm đường D9",45000000,0.53571427,84 m²,"Phường Long Bình (Quận 9 cũ), Thành phố Thủ Đức, Tp Hồ Chí Minh",Thành phố Thủ Đức,Tp Hồ Chí Minh,10.84805,106.83874,Đất,,,,5,,3.0,1.0,,[],4,DUY HOMES,,,2026-09-09 09:41:13,https://nha.chotot.com/tin/178661906,2026-09-17T07:30:50.844991
704,"Cho thuê vp phố nguyên hồng,đống đa,dt 68m2,giá 13tr/tháng",13000000,0.19117647,68 m²,"Phường Láng Hạ, Quận Đống Đa, Hà Nội",Quận Đống Đa,Hà Nội,21.015743,105.80971,Đất,,,,8,,1.0,1.0,,[],5,Đào Thành Lân,,,2026-09-17 14:27:34,https://nha.chotot.com/tin/178839277,2026-09-17T07:30:50.845171
705,🔥 CHO THUÊ BIỆT THỰ SÂN VƯỜN NGUYỄN VĂN TRỖI – NGANG 12M – GIÁ 59TR/TH,59000000,0.118,500 m²,"Phường 10, Quận Phú Nhuận, Tp Hồ Chí Minh",Quận Phú Nhuận,Tp Hồ Chí Minh,10.798557,106.67042,Đất,,,,,,,,150000000.0,[],7,Kiều Hằng,,,2026-09-17 14:27:01,https://nha.chotot.com/tin/178839254,2026-09-17T07:30:50.845367
706,Cho thuê kho 1200m QL1A Tam Bình chỉ 75k,90000000,0.075,1200 m²,"Phường Tam Bình (Quận Thủ Đức cũ), Thành phố Thủ Đức, Tp Hồ Chí Minh",Thành phố Thủ Đức,Tp Hồ Chí Minh,10.871881,106.739655,Đất,,,,,,,,3.0,[],3,Anhthe,,4.0,2026-09-14 18:07:53,https://nha.chotot.com/tin/178775394,2026-09-17T07:30:50.845573
707,BIỆT THỰ SÂN VƯỜN KHU TỔ HỢP F&B VÀ ĐA NGÀNH NGHỀ TRUNG TÂM QUẬN 3 ,115000000,0.34848484,330 m²,"Phường Võ Thị Sáu, Quận 3, Tp Hồ Chí Minh",Quận 3,Tp Hồ Chí Minh,10.788824,106.690765,Đất,,,,,,,,,[],9,Yến Ngọc,,,2026-09-17 14:25:23,https://nha.chotot.com/tin/178839200,2026-09-17T07:30:50.845951
708,🍑Đoạn Đẹp NGUYỄN GIA TRÍ - 4x25m (Trệt 2 Lầu)🍑,65000000,0.21666667,300 m²,"Phường 25, Quận Bình Thạnh, Tp Hồ Chí Minh",Quận Bình Thạnh,Tp Hồ Chí Minh,10.810227,106.71722,Đất,,,,,,,,,[],6,Nhà Phố Cho Thuê,,,2026-09-17 14:24:57,https://nha.chotot.com/tin/175622468,2026-09-17T07:30:50.846153
709,"🌟10x15m - TRẦN QUỐC TOẢN, Quận 3🌟 Trệt 2 Lầu",60000000,0.13333334,450 m²,"Phường Võ Thị Sáu, Quận 3, Tp Hồ Chí Minh",Quận 3,Tp Hồ Chí Minh,10.78659,106.68779,Đất,,,,,,,,,[],4,Nhà Phố Cho Thuê,,,2026-09-17 14:24:26,https://nha.chotot.com/tin/175903201,2026-09-17T07:30:50.846416
710,cho thuê 100m văn phòng giá 30 tr,30000000,0.3,100 m²,"Phường An Khánh (Quận 2 cũ), Thành phố Thủ Đức, Tp Hồ Chí Minh",Thành phố Thủ Đức,Tp Hồ Chí Minh,10.79159,106.73052,Đất,,,,,,,,60000000.0,[],3,Nguyễn Văn Hậu,,,2026-09-05 13:44:09,https://nha.chotot.com/tin/178581677,2026-09-17T07:30:50.846675
711,CHO THUÊ TÒA NHÀ VĂN PHÒNG NGUYỄN VĂN TRỖI NGAY NGÃ TƯ PHÚ NHUẬN,130000000,0.096296296,1350 m²,"Phường 10, Quận Phú Nhuận, Tp Hồ Chí Minh",Quận Phú Nhuận,Tp Hồ Chí Minh,10.798557,106.67042,Đất,,,,,,,,,[],3,Anh Đào,,,2026-09-12 11:08:02,https://nha.chotot.com/tin/178727010,2026-09-17T07:30:50.846852
712,Mặt bằng đẹp Hồ Văn Huê 30m2,7490000,0.24966666,30 m²,"Phường 9, Quận Phú Nhuận, Tp Hồ Chí Minh",Quận Phú Nhuận,Tp Hồ Chí Minh,10.80251,106.67629,Đất,,,,,,,,7490000.0,[],7,NGUYỄN THỊ ANH THƯ,,,2026-09-06 15:25:13,https://nha.chotot.com/tin/178603931,2026-09-17T07:30:50.847024
713,"🇻🇳SHOPHOUSE 3 TẦNG MẶT TIỀN MÊ LINH | GẦN ORI, KCN HÒA KHÁNH",14000000,0.11666667,120 m²,"Phường Hòa Hiệp Nam, Quận Liên Chiểu, Đà Nẵng",Quận Liên Chiểu,Đà Nẵng,16.09171,108.12595,Đất,,04,,3,,,,,[],10,Ngô Văn Cảnh,,4.4,2026-09-17 14:22:04,https://nha.chotot.com/tin/178839109,2026-09-17T07:30:50.847191
714,🔥 HẺM XE HƠI  HUỲNH VĂN BÁNH – PHÚ NHUẬN | 4PN – 4WC | CHỈ 2x,23000000,0.23,100 m²,"Phường 10, Quận Phú Nhuận, Tp Hồ Chí Minh",Quận Phú Nhuận,Tp Hồ Chí Minh,10.791831,106.671616,Đất,,4,,,,,,46000000.0,[],6,Dung tr,,,2026-09-17 14:21:51,https://nha.chotot.com/tin/178839122,2026-09-17T07:30:50.847355
715,"Măt tiền Nguyễn Cư Trinh, Quận 1 (Ngang 17m)",90000000,0.45,200 m²,"Phường Nguyễn Cư Trinh, Quận 1, Tp Hồ Chí Minh",Quận 1,Tp Hồ Chí Minh,10.763458,106.68884,Đất,,,,,,,,,[],5,Nhà Phố Cho Thuê,,,2026-09-17 14:21:14,https://nha.chotot.com/tin/178280784,2026-09-17T07:30:50.847544
716,"🔥GÓC 2MT - NGUYỄN TRÃI, Bến Thành, Q1🔥400m2 sử dụng",150000000,0.375,400 m²,"Phường Bến Thành, Quận 1, Tp Hồ Chí Minh",Quận 1,Tp Hồ Chí Minh,10.771166,106.68731,Đất,,,,,,,,,[],4,Nhà Phố Cho Thuê,,,2026-09-17 14:20:35,https://nha.chotot.com/tin/175556911,2026-09-17T07:30:50.847805
717,CHO THUÊ TÒA NHÀ 2 MẶT TIỀN VÕ VĂN NGÂN DT 12M X 36M TP THỦ ĐỨC,100000000,0.07692308,1300 m²,"Phường Bình Thọ (Quận Thủ Đức cũ), Thành phố Thủ Đức, Tp Hồ Chí Minh",Thành phố Thủ Đức,Tp Hồ Chí Minh,10.850573,106.76223,Đất,,,,,,,1.0,,[],3,Oanh Home,,,2026-09-17 14:20:21,https://nha.chotot.com/tin/178262159,2026-09-17T07:30:50.848043
718,"🔥 CHO THUÊ TẦNG 7 160m2 – 104A XUÂN THUỶ, THẢO ĐIỀN, Q2 🔥",50000000,0.3125,160 m²,"Phường Thảo Điền (Quận 2 cũ), Thành phố Thủ Đức, Tp Hồ Chí Minh",Thành phố Thủ Đức,Tp Hồ Chí Minh,10.803889,106.73543,Đất,,,,,,,,150000000.0,[],8,Kiều Hằng,,,2026-09-17 14:18:58,https://nha.chotot.com/tin/178839027,2026-09-17T07:30:50.848224
719,Cho thuê  Shophouse Panorama Phú Mỹ Hưng 2 tầng 50tr/th,50000000,0.35460994,141 m²,"Phường Tân Phong, Quận 7, Tp Hồ Chí Minh",Quận 7,Tp Hồ Chí Minh,10.72168,106.71284,Đất,,,,2,Tây Nam,,1.0,,[],7,Dân,,,2026-09-17 14:18:55,https://nha.chotot.com/tin/177011854,2026-09-17T07:30:50.848477
720,Kho trống VIEW SÔNG 235/50A Đặng Thùy Trâm. DT 8X20M.,20000000,0.125,160 m²,"Phường 13, Quận Bình Thạnh, Tp Hồ Chí Minh",Quận Bình Thạnh,Tp Hồ Chí Minh,10.824377,106.70332,Đất,,,,,,2.0,1.0,,[],3,Anh Dũng,,4.0,2026-09-17 14:17:42,https://nha.chotot.com/tin/167862234,2026-09-17T07:30:50.848684
721,KHAI TRƯƠNG PHÒNG TRỌ SINH VIÊN GIÁ RẺ NGAY ĐH CÔNG THƯƠNG TÂN PHÚ,3500000,0.14,25 m²,"Phường Tân Sơn Nhì, Quận Tân Phú, Tp Hồ Chí Minh",Quận Tân Phú,Tp Hồ Chí Minh,10.801903,106.625885,Phòng trọ,,,,,,,,3500000.0,[],5,Kiều Oanh NeWay Home ,,5.0,2026-09-17 14:30:15,https://nha.chotot.com/tin/178453357,2026-09-17T07:30:51.958162
722,"HIẾM!!!! - Hẻm Sư Vạn Hạnh, P12, Q.10 - 5x20m, 4 Tầng, 400m2",38000000,0.38,100 m²,"Phường 12, Quận 10, Tp Hồ Chí Minh",Quận 10,Tp Hồ Chí Minh,10.775027,106.667755,Đất,,,,4,,,,,[],9,Ngô Thanh Hùng,,,2026-09-17 14:30:13,https://nha.chotot.com/tin/178839362,2026-09-17T07:30:51.958528
723,Bán Đất Lô Góc Võ Văn Vân giá cực tốt,4190000000,37.410713,112 m²,"Xã Vĩnh Lộc B, Huyện Bình Chánh, Tp Hồ Chí Minh",Huyện Bình Chánh,Tp Hồ Chí Minh,10.773623,106.57547,Văn phòng/Mặt bằng,,,,,,,1.0,,[],6,Thanh Hưng,,3.4,2026-09-09 18:08:26,https://nha.chotot.com/tin/178674907,2026-09-17T07:30:51.958752
724,"BCONS ARIA TRẢ TRƯỚC CHỈ 5% CHIẾT KHẤU 8,5% HỖ TRỢ LS 6,9% TRONG 4 NĂM",2600000000,49.056602,53 m²,"Phường Đông Hòa, Thành phố Dĩ An, Bình Dương",Thành phố Dĩ An,Bình Dương,10.89115,106.8022,Căn hộ/Chung cư,1.0,2,2,37,Tây,3.0,4.0,,[],12,Huy Hoàng Bcons ,,,2026-08-25 09:52:10,https://nha.chotot.com/tin/178364490,2026-09-17T07:30:51.958943
725,"CHO THUÊ CĂN HỘ MỚI 2 PHÒNG NGỦ, DIỆN TÍCH 60M² ",13500000,0.20769231,65 m²,"Phường Khuê Mỹ, Quận Ngũ Hành Sơn, Đà Nẵng",Quận Ngũ Hành Sơn,Đà Nẵng,16.023426,108.2459,Căn hộ/Chung cư,2.0,2,,,,2.0,,,[],4,VANA,,,2026-09-17 14:30:06,https://nha.chotot.com/tin/178838887,2026-09-17T07:30:51.959187
726,Bán căn Hưng Phát Silver Star - sát vách sunrise reverside - 4.6ty,4350000000,41.037735,106 m²,"Xã Phước Kiển, Huyện Nhà Bè, Tp Hồ Chí Minh",Huyện Nhà Bè,Tp Hồ Chí Minh,10.70387,106.71276,Căn hộ/Chung cư,1.0,3,,,Tây Nam,2.0,6.0,,[],9,Vân,,4.8,2026-09-03 11:16:19,https://nha.chotot.com/tin/177025273,2026-09-17T07:30:51.959390
727,Nhà mới DT:4x9m 2 Tầng 2pn 2wc hẻm 1942 Huỳnh Tấn Phát,1960000000,61.25,32 m²,"Thị trấn Nhà Bè, Huyện Nhà Bè, Tp Hồ Chí Minh",Huyện Nhà Bè,Tp Hồ Chí Minh,10.698072,106.738914,Nhà ở,,2,,2,,,,,[],11,Nam Phú Gia,,,2026-09-06 06:52:42,https://nha.chotot.com/tin/178593726,2026-09-17T07:30:51.959612
728,Cho thuê CC Garden gate 40m2 Offictel 1WC giá cực tốt chỉ 11tr/th ,11000000,0.31428573,35 m²,"Phường 9, Quận Phú Nhuận, Tp Hồ Chí Minh",Quận Phú Nhuận,Tp Hồ Chí Minh,10.80964,106.67425,Căn hộ/Chung cư,1.0,1,1,,,,,,[],3,Nguyễn Hoàng Toàn,,,2026-09-15 10:14:56,https://nha.chotot.com/tin/178787965,2026-09-17T07:30:51.959778
729,🏡Khai Trương Ký túc xá ngay ngã tư Hàng xanh đầy đủ tiện nghi 🎉KTX,1700000,0.04857143,35 m²,"Phường 25, Quận Bình Thạnh, Tp Hồ Chí Minh",Quận Bình Thạnh,Tp Hồ Chí Minh,10.802271,106.71938,Phòng trọ,,,,,,,,1700000.0,[],4,LQ Vinhomes,,,2026-08-24 10:56:00,https://nha.chotot.com/tin/163698886,2026-09-17T07:30:51.959949
730,Nhà Lầu 4 Tầng Hẻm Oto Xây Mới 100% Âu Dương Lân P2 Q8,8600000000,204.7619,42 m²,"Phường 2, Quận 8, Tp Hồ Chí Minh",Quận 8,Tp Hồ Chí Minh,10.742134,106.685104,Nhà ở,,4,3,4,,2.0,1.0,,[],8,Phạm Quốc Thắng,,,2026-09-17 14:29:58,https://nha.chotot.com/tin/178839361,2026-09-17T07:30:51.960109
731,Lô đất 2500m thổ cư mặt tiền Hồ khu Biệt thự nghỉ dưỡng,4000000000,1.6891892,2368 m²,"Xã Đinh Lạc, Huyện Di Linh, Lâm Đồng",Huyện Di Linh,Lâm Đồng,11.63063,108.13101,Văn phòng/Mặt bằng,,,,,,,1.0,,[],4,Nguyễn Anh Sang,,4.1,2026-09-17 14:29:58,https://nha.chotot.com/tin/178141305,2026-09-17T07:30:51.960259
732,"Cho Thuê Biệt Thự Nam Thông PMH Q7 - 450m2, 5PN, Đường 20m",70000000,0.15555556,450 m²,"Phường Tân Phong, Quận 7, Tp Hồ Chí Minh",Quận 7,Tp Hồ Chí Minh,10.73019,106.70033,Nhà ở,,5,4,5,,,,,[],12,Thuỷ Trần,,,2026-08-31 09:55:18,https://nha.chotot.com/tin/178484863,2026-09-17T07:30:51.960440
733,"MẶT TIỀN ĐƯỜNG SỐ 6 – LÒ LU, TRƯỜNG THẠNH, TP. THỦ ĐỨC",4680000000,53.793102,87 m²,"Phường Trường Thạnh (Quận 9 cũ), Thành phố Thủ Đức, Tp Hồ Chí Minh",Thành phố Thủ Đức,Tp Hồ Chí Minh,10.801835,106.81432,Văn phòng/Mặt bằng,,,,,,,,,[],5,Duy Hoàng Land,,5.0,2026-09-17 14:29:46,https://nha.chotot.com/tin/178839348,2026-09-17T07:30:51.960616
734,KHAI TRƯƠNG ĐUPLEX 3🍠X ĐƯỜNG SỐ 1_NGUYỄN THỊ TÚ NHẬN XE ĐIỆN FULL NT,3700000,0.13214286,28 m²,"Phường Bình Hưng Hoà B, Quận Bình Tân, Tp Hồ Chí Minh",Quận Bình Tân,Tp Hồ Chí Minh,10.807803,106.59462,Căn hộ/Chung cư,3.0,1,1,,,2.0,4.0,1000000.0,[],11,Triệu an HiFriendz Tp ,,5.0,2026-09-17 14:29:46,https://nha.chotot.com/tin/178839353,2026-09-17T07:30:51.960790
735,Cần cho thuê nhà góc 2 Mặt Tiền 84A Phổ Quang P.2 Q.Tân Bình,30000000,0.3030303,99 m²,"Phường 2, Quận Tân Bình, Tp Hồ Chí Minh",Quận Tân Bình,Tp Hồ Chí Minh,10.806851,106.668365,Nhà ở,,5,5,4,,,1.0,60000000.0,[],6,Anh Thanh,,,2026-09-17 14:29:37,https://nha.chotot.com/tin/178839329,2026-09-17T07:30:51.960964
736,CHO THUÊ HẺM NGUYỄN VĂN TRỖI TÂN BÌNH | 12x15m siêu rộng,58000000,0.58,100 m²,"Phường 10, Quận Tân Bình, Tp Hồ Chí Minh",Quận Tân Bình,Tp Hồ Chí Minh,10.798557,106.67042,Đất,,,,,,,,116000000.0,[],8,Dung tr,,,2026-09-17 14:29:35,https://nha.chotot.com/tin/178839347,2026-09-17T07:30:51.961194
737,Bán nhà lầu đúc kiên cố hẻm xe hơi rộng đường Dương Bá Trạc P1 Q8 ,11800000000,245.83333,48 m²,"Phường 1, Quận 8, Tp Hồ Chí Minh",Quận 8,Tp Hồ Chí Minh,10.74418,106.69049,Nhà ở,,4,4,4,Nam,2.0,1.0,,[],3,Nguyễn Thìn ,,4.4,2026-09-17 14:29:34,https://nha.chotot.com/tin/178839333,2026-09-17T07:30:51.961371
738,"Chung cư Tecco Green - Phan Văn Hớn căn 2p ngủ , full NT, giá 7,3tr/th",7300000,0.1,73 m²,"Phường Tân Thới Nhất, Quận 12, Tp Hồ Chí Minh",Quận 12,Tp Hồ Chí Minh,10.82954,106.61561,Căn hộ/Chung cư,1.0,2,2,,,2.0,6.0,,[],6,Phí Linh,,,2026-09-17 14:29:29,https://nha.chotot.com/tin/178839257,2026-09-17T07:30:51.961551
739,"Bán nhà riêng 4mx18,3m",12300000000,169.65517,72.5 m²,"Phường Tân Sơn Nhì, Quận Tân Phú, Tp Hồ Chí Minh",Quận Tân Phú,Tp Hồ Chí Minh,10.796407,106.63215,Nhà ở,,1,,,,,,,[],3,Nguyễn Võ Châu Phát,,,2026-09-16 14:28:21,https://nha.chotot.com/tin/178817793,2026-09-17T07:30:51.961719
740,cho thuê,25000000,0.41666666,60 m²,"Phường 8, Quận 5, Tp Hồ Chí Minh",Quận 5,Tp Hồ Chí Minh,10.756033,106.671135,Nhà ở,,4,5,3,Đông,3.0,1.0,50000000.0,[],3,Phạm Ánh Lan,,5.0,2026-09-17 12:38:51,https://nha.chotot.com/tin/178836750,2026-09-17T07:30:51.961878
741,"BCONS ARIA TRẢ TRƯỚC CHỈ 5% CHIẾT KHẤU 8,5% HỖ TRỢ LS 6,9% TRONG 4 NĂM",2600000000,49.056602,53 m²,"Phường Đông Hòa, Thành phố Dĩ An, Bình Dương",Thành phố Dĩ An,Bình Dương,10.89115,106.8022,Căn hộ/Chung cư,1.0,2,2,37,Tây,3.0,4.0,,[],12,Huy Hoàng Bcons ,,,2026-08-25 09:52:10,https://nha.chotot.com/tin/178364490,2026-09-17T07:30:53.119134
742,"CHO THUÊ CĂN HỘ MỚI 2 PHÒNG NGỦ, DIỆN TÍCH 60M² ",13500000,0.20769231,65 m²,"Phường Khuê Mỹ, Quận Ngũ Hành Sơn, Đà Nẵng",Quận Ngũ Hành Sơn,Đà Nẵng,16.023426,108.2459,Căn hộ/Chung cư,2.0,2,,,,2.0,,,[],4,VANA,,,2026-09-17 14:30:06,https://nha.chotot.com/tin/178838887,2026-09-17T07:30:53.119447
743,Bán căn Hưng Phát Silver Star - sát vách sunrise reverside - 4.6ty,4350000000,41.037735,106 m²,"Xã Phước Kiển, Huyện Nhà Bè, Tp Hồ Chí Minh",Huyện Nhà Bè,Tp Hồ Chí Minh,10.70387,106.71276,Căn hộ/Chung cư,1.0,3,,,Tây Nam,2.0,6.0,,[],9,Vân,,4.8,2026-09-03 11:16:19,https://nha.chotot.com/tin/177025273,2026-09-17T07:30:53.119697
744,Cho thuê CC Garden gate 40m2 Offictel 1WC giá cực tốt chỉ 11tr/th ,11000000,0.31428573,35 m²,"Phường 9, Quận Phú Nhuận, Tp Hồ Chí Minh",Quận Phú Nhuận,Tp Hồ Chí Minh,10.80964,106.67425,Căn hộ/Chung cư,1.0,1,1,,,,,,[],3,Nguyễn Hoàng Toàn,,,2026-09-15 10:14:56,https://nha.chotot.com/tin/178787965,2026-09-17T07:30:53.119933
745,KHAI TRƯƠNG ĐUPLEX 3🍠X ĐƯỜNG SỐ 1_NGUYỄN THỊ TÚ NHẬN XE ĐIỆN FULL NT,3700000,0.13214286,28 m²,"Phường Bình Hưng Hoà B, Quận Bình Tân, Tp Hồ Chí Minh",Quận Bình Tân,Tp Hồ Chí Minh,10.807803,106.59462,Căn hộ/Chung cư,3.0,1,1,,,2.0,4.0,1000000.0,[],11,Triệu an HiFriendz Tp ,,5.0,2026-09-17 14:29:46,https://nha.chotot.com/tin/178839353,2026-09-17T07:30:53.120341
746,"Chung cư Tecco Green - Phan Văn Hớn căn 2p ngủ , full NT, giá 7,3tr/th",7300000,0.1,73 m²,"Phường Tân Thới Nhất, Quận 12, Tp Hồ Chí Minh",Quận 12,Tp Hồ Chí Minh,10.82954,106.61561,Căn hộ/Chung cư,1.0,2,2,,,2.0,6.0,,[],6,Phí Linh,,,2026-09-17 14:29:29,https://nha.chotot.com/tin/178839257,2026-09-17T07:30:53.120566
747,💥CHDV - FUL NT - 2PN - BALCONY THOÁNG ⚡️ PHAN ĐĂNG LƯU - BÙI ĐÌNH TUÝ 💥,7800000,0.111428574,70 m²,"Phường 1, Quận Bình Thạnh, Tp Hồ Chí Minh",Quận Bình Thạnh,Tp Hồ Chí Minh,10.802451,106.697495,Căn hộ/Chung cư,2.0,2,,,,,,,[],12,Lương Thanh Trúc,,,2026-09-12 21:54:42,https://nha.chotot.com/tin/178437508,2026-09-17T07:30:53.120753
748,"💥 HÀ ĐÔ CENTROSA – 2PN 2WC – NHÀ ĐẸP, FULL NỘI THẤT – Ở LIỀN CHỈ 22TR",22000000,0.25581396,86 m²,"Phường 12, Quận 10, Tp Hồ Chí Minh",Quận 10,Tp Hồ Chí Minh,10.7762,106.67889,Căn hộ/Chung cư,1.0,2,2,,,,,,[],12,Hoàng Dung,,4.5,2026-09-17 11:07:05,https://nha.chotot.com/tin/178834497,2026-09-17T07:30:53.120929
749,"CĂN HỘ MINI CAO CẤP MỚI 100%, FULL NỘI THẤT NGAY ẺMART PHAN HUY ÍCH",5000000,0.2,25 m²,"Phường 12, Quận Gò Vấp, Tp Hồ Chí Minh",Quận Gò Vấp,Tp Hồ Chí Minh,10.837349,106.636284,Căn hộ/Chung cư,2.0,1,1,,,1.0,4.0,5000000.0,[],12,Alo Ngoc Hoang,,5.0,2026-09-17 14:28:24,https://nha.chotot.com/tin/178839301,2026-09-17T07:30:53.121122
750,TÌM NỮ Ở GHÉP CĂN CHUNG CƯ 2PN,4500000,0.071428575,63 m²,"Phường Phú Thuận, Quận 7, Tp Hồ Chí Minh",Quận 7,Tp Hồ Chí Minh,10.722,106.7433,Căn hộ/Chung cư,1.0,2,2,,,2.0,4.0,4500000.0,[],7,Kim Thanh,,5.0,2026-09-17 14:28:16,https://nha.chotot.com/tin/178839296,2026-09-17T07:30:53.121301
751,Khách Cần Tiền Ra Di Căn 2PN Hiyori Siêu Mới,5200000000,83.870964,62 m²,"Phường An Hải Đông, Quận Sơn Trà, Đà Nẵng",Quận Sơn Trà,Đà Nẵng,16.06191,108.23652,Căn hộ/Chung cư,1.0,2,2,,,1.0,2.0,,[],11,Hồng Công,,,2026-09-17 14:26:46,https://nha.chotot.com/tin/171220229,2026-09-17T07:30:53.121496
752,⭐ RIVER PANORAMA CHO THUÊ 3PN2WC FULL NỘI THẤT VIEW ĐẸP CHỈ 19 TRIỆU,19000000,0.21111111,90 m²,"Phường Phú Mỹ, Quận 7, Tp Hồ Chí Minh",Quận 7,Tp Hồ Chí Minh,10.71422,106.73743,Căn hộ/Chung cư,1.0,3,2,,,2.0,6.0,,[],12,Huy,,5.0,2026-09-08 14:36:21,https://nha.chotot.com/tin/172861126,2026-09-17T07:30:53.121684
753,"THẢO ĐIỀN, QUẬN 2 🏡 CHO THUÊ CHDV CAO CẤP💘 1PN BAN CÔNG FULL NỘI THẤT",11000000,0.22,50 m²,"Phường Thảo Điền (Quận 2 cũ), Thành phố Thủ Đức, Tp Hồ Chí Minh",Thành phố Thủ Đức,Tp Hồ Chí Minh,10.803914,106.72912,Căn hộ/Chung cư,2.0,1,1,,Đông Bắc,1.0,4.0,11000000.0,[],11,Phương An Chuyên Căn Hộ Quận 2,,5.0,2026-09-11 14:06:45,https://nha.chotot.com/tin/177928071,2026-09-17T07:30:53.121868
754,CHDV FULL NỘI THẤT MỚI KENG GẦN MEGA MARKET Q12,3900000,0.156,25 m²,"Phường Tân Thới Hiệp, Quận 12, Tp Hồ Chí Minh",Quận 12,Tp Hồ Chí Minh,10.887289,106.64767,Căn hộ/Chung cư,2.0,1,1,4,,2.0,4.0,,[],10,Anh Tuấn Tìm Phòng,,5.0,2026-09-17 14:26:20,https://nha.chotot.com/tin/178839237,2026-09-17T07:30:53.122047
755,CHO THUÊ CĂN HỘ DUPLEX 2  GIƯỜNG NGỦ FULL NỘI THẤT CÓ CỬA SỔ THOÁNG,6000000,0.13333334,45 m²,"Phường 8, Thành phố Đà Lạt, Lâm Đồng",Thành phố Đà Lạt,Lâm Đồng,11.977858,108.45107,Căn hộ/Chung cư,3.0,1,1,,,,,,[],9,Quang gohome,,,2026-09-17 14:26:16,https://nha.chotot.com/tin/178839207,2026-09-17T07:30:53.122213
756,Khách Cần Tiền Bán Gấp Căn Ponte 1PN Stu View Biển Giá Cực Rẻ ,2700000000,103.84615,26 m²,"Phường An Hải Tây, Quận Sơn Trà, Đà Nẵng",Quận Sơn Trà,Đà Nẵng,16.059008,108.23034,Căn hộ/Chung cư,1.0,1,2,,Tây,4.0,6.0,,[],6,Hồng Công,,,2026-09-17 14:26:02,https://nha.chotot.com/tin/178096332,2026-09-17T07:30:53.122400
757,Bán Căn Hộ 2PN Toà A - Masteri Rivera Đà Nẵng,5700000000,91.935486,62 m²,"Phường Hòa Cường Nam, Quận Hải Châu, Đà Nẵng",Quận Hải Châu,Đà Nẵng,16.033035,108.225494,Căn hộ/Chung cư,1.0,2,2,39,Tây,2.0,6.0,,[],6,Hồng Công,,,2026-09-17 14:25:24,https://nha.chotot.com/tin/169931282,2026-09-17T07:30:53.122679
758,Căn hộ ban công Full nội thất ngay Trương Văn Bang thuận tiện qua sala,5800000,0.16571428,35 m²,"Phường Thạnh Mỹ Lợi (Quận 2 cũ), Thành phố Thủ Đức, Tp Hồ Chí Minh",Thành phố Thủ Đức,Tp Hồ Chí Minh,10.774195,106.75718,Căn hộ/Chung cư,2.0,1,1,,,2.0,4.0,6000000.0,[],11,Huỳnh Châu HiFriendz ,,5.0,2026-09-05 22:57:12,https://nha.chotot.com/tin/178592369,2026-09-17T07:30:53.122848
759,"CHO THUÊ  CHUNG CƯ TẠI PHỐ TU HOÀNG, NHỔN - 58M2, 2 NGỦ, ĐỦ ĐỒ-  5TR",5000000,0.0862069,58 m²,"Phường Phương Canh, Quận Nam Từ Liêm, Hà Nội",Quận Nam Từ Liêm,Hà Nội,21.053297,105.73126,Căn hộ/Chung cư,1.0,2,1,,,2.0,,,[],3,NGÔ THÚY,,,2026-09-17 14:24:32,https://nha.chotot.com/tin/178839180,2026-09-17T07:30:53.123008
760,"the Sun Avenue 2Pn 5,8 tỷ 65m",5800000000,89.23077,65 m²,"Phường An Phú (Quận 2 cũ), Thành phố Thủ Đức, Tp Hồ Chí Minh",Thành phố Thủ Đức,Tp Hồ Chí Minh,10.79675,106.75218,Căn hộ/Chung cư,1.0,2,,,,,,,[],3,Nguyễn Văn Hậu,,,2026-09-16 08:47:07,https://nha.chotot.com/tin/178808741,2026-09-17T07:30:53.123184
761,"BÁN GẤP NHÀ KQH HOÀNG DIỆU PHƯỜNG CAM LY ĐÀ LẠT CHỈ 5,4 TỶ",5400000000,120.0,45 m²,"Phường 5, Thành phố Đà Lạt, Lâm Đồng",Thành phố Đà Lạt,Lâm Đồng,11.942885,108.427925,Nhà ở,,3,2,3,Tây Bắc,3.0,,,[],4,Tô Hoàng Phương Trinh,,,2026-09-15 15:32:14,https://nha.chotot.com/tin/178796817,2026-09-17T07:30:54.407362
762,Nhà mới DT:4x9m 2 Tầng 2pn 2wc hẻm 1942 Huỳnh Tấn Phát,1960000000,61.25,32 m²,"Thị trấn Nhà Bè, Huyện Nhà Bè, Tp Hồ Chí Minh",Huyện Nhà Bè,Tp Hồ Chí Minh,10.698072,106.738914,Nhà ở,,2,,2,,,,,[],11,Nam Phú Gia,,,2026-09-06 06:52:42,https://nha.chotot.com/tin/178593726,2026-09-17T07:30:54.407707
763,Nhà Lầu 4 Tầng Hẻm Oto Xây Mới 100% Âu Dương Lân P2 Q8,8600000000,204.7619,42 m²,"Phường 2, Quận 8, Tp Hồ Chí Minh",Quận 8,Tp Hồ Chí Minh,10.742134,106.685104,Nhà ở,,4,3,4,,2.0,1.0,,[],8,Phạm Quốc Thắng,,,2026-09-17 14:29:58,https://nha.chotot.com/tin/178839361,2026-09-17T07:30:54.407904
764,"Cho Thuê Biệt Thự Nam Thông PMH Q7 - 450m2, 5PN, Đường 20m",70000000,0.15555556,450 m²,"Phường Tân Phong, Quận 7, Tp Hồ Chí Minh",Quận 7,Tp Hồ Chí Minh,10.73019,106.70033,Nhà ở,,5,4,5,,,,,[],12,Thuỷ Trần,,,2026-08-31 09:55:18,https://nha.chotot.com/tin/178484863,2026-09-17T07:30:54.408075
765,Cần cho thuê nhà góc 2 Mặt Tiền 84A Phổ Quang P.2 Q.Tân Bình,30000000,0.3030303,99 m²,"Phường 2, Quận Tân Bình, Tp Hồ Chí Minh",Quận Tân Bình,Tp Hồ Chí Minh,10.806851,106.668365,Nhà ở,,5,5,4,,,1.0,60000000.0,[],6,Anh Thanh,,,2026-09-17 14:29:37,https://nha.chotot.com/tin/178839329,2026-09-17T07:30:54.408301
766,Bán nhà lầu đúc kiên cố hẻm xe hơi rộng đường Dương Bá Trạc P1 Q8 ,11800000000,245.83333,48 m²,"Phường 1, Quận 8, Tp Hồ Chí Minh",Quận 8,Tp Hồ Chí Minh,10.74418,106.69049,Nhà ở,,4,4,4,Nam,2.0,1.0,,[],3,Nguyễn Thìn ,,4.4,2026-09-17 14:29:34,https://nha.chotot.com/tin/178839333,2026-09-17T07:30:54.408478
767,"Bán nhà riêng 4mx18,3m",12300000000,169.65517,72.5 m²,"Phường Tân Sơn Nhì, Quận Tân Phú, Tp Hồ Chí Minh",Quận Tân Phú,Tp Hồ Chí Minh,10.796407,106.63215,Nhà ở,,1,,,,,,,[],3,Nguyễn Võ Châu Phát,,,2026-09-16 14:28:21,https://nha.chotot.com/tin/178817793,2026-09-17T07:30:54.408703
768,cho thuê,25000000,0.41666666,60 m²,"Phường 8, Quận 5, Tp Hồ Chí Minh",Quận 5,Tp Hồ Chí Minh,10.756033,106.671135,Nhà ở,,4,5,3,Đông,3.0,1.0,50000000.0,[],3,Phạm Ánh Lan,,5.0,2026-09-17 12:38:51,https://nha.chotot.com/tin/178836750,2026-09-17T07:30:54.408883
769,cho thuê nhà 2 tầng đường phan thanh sát đại học duy tân,11000000,0.22,50 m²,"Phường Thạc Gián, Quận Thanh Khê, Đà Nẵng",Quận Thanh Khê,Đà Nẵng,16.063013,108.208755,Nhà ở,,3,3,2,,1.0,,,[],10,Đại tuấn,,,2026-09-17 14:29:11,https://nha.chotot.com/tin/178839312,2026-09-17T07:30:54.409046
770,Nhà riêng ngõ 31 phố mai động gần đền lừ dt40m2x4t giá 10tr,10000000,0.25,40 m²,"Phường Mai Động, Quận Hoàng Mai, Hà Nội",Quận Hoàng Mai,Hà Nội,20.988625,105.86115,Nhà ở,,4,3,4,Đông,2.0,1.0,10000000.0,[],6,phạm minh chính,,,2026-09-10 10:59:00,https://nha.chotot.com/tin/178378145,2026-09-17T07:30:54.409204
771,bán nhà mặt tiền kinh doanh đường Trương Vĩnh Nguyên,5600000000,19.928825,281 m²,"Phường Phú Thứ, Quận Cái Răng, Cần Thơ",Quận Cái Răng,Cần Thơ,9.982768,105.78676,Nhà ở,,1,2,1,Đông Bắc,3.0,1.0,,[],5,Nguyen Tien Tai,,,2026-09-16 14:28:22,https://nha.chotot.com/tin/178149394,2026-09-17T07:30:54.409359
772,"Bán biệt thự 2 lầu áp mái P. Thạnh Mỹ Tây, TP.HCM giá 43 tỷ",43000000000,511.90475,84 m²,"Phường 12, Quận 3, Tp Hồ Chí Minh",Quận 3,Tp Hồ Chí Minh,10.789393,106.675064,Nhà ở,,1,,,,,,,[],3,vũ thành,,,2026-09-17 14:28:31,https://nha.chotot.com/tin/178839248,2026-09-17T07:30:54.409687
773,"Bán gấp nhà 1 lầu, sân thượng, 76m2, hẻm 5m vị trí hẻm 477/ Mã Lò",6950000000,91.447365,76 m²,"Phường Bình Hưng Hoà A, Quận Bình Tân, Tp Hồ Chí Minh",Quận Bình Tân,Tp Hồ Chí Minh,10.7823,106.59924,Nhà ở,,2,,2,,,,,[],3, Vương Nguyễn,,5.0,2026-09-17 14:28:31,https://nha.chotot.com/tin/178839292,2026-09-17T07:30:54.409949
774,"Bán nhà mới khu đường bàn cờ thông 6m Đường Số 28, 4,5x15m, lửng,3 lầu",9500000000,158.33333,60 m²,"Phường 6, Quận Gò Vấp, Tp Hồ Chí Minh",Quận Gò Vấp,Tp Hồ Chí Minh,10.838439,106.6817,Nhà ở,,4,5,4,,,1.0,,[],8,TRUONG TAM,,,2026-09-17 14:28:04,https://nha.chotot.com/tin/175260106,2026-09-17T07:30:54.410117
775,Gần Trường Lý Tự Trọng GV - Hẻm Ôtô - Nhà mới xây 4 Tầng 4PN - KQH KLG,6680000000,151.81818,44 m²,"Phường 15, Quận Gò Vấp, Tp Hồ Chí Minh",Quận Gò Vấp,Tp Hồ Chí Minh,10.847257,106.669334,Nhà ở,,4,4,4,,,1.0,,[],12,Lý Ngọc Thanh,,,2026-09-13 13:07:56,https://nha.chotot.com/tin/178748929,2026-09-17T07:30:54.410276
776,"NHÀ MỚI ĐẸP, HẺM TẢI 1T2L 4PN NGAY PHẠM VĂN ĐỒNG",14000000,0.23333333,60 m²,"Phường Linh Tây (Quận Thủ Đức cũ), Thành phố Thủ Đức, Tp Hồ Chí Minh",Thành phố Thủ Đức,Tp Hồ Chí Minh,10.852818,106.75241,Nhà ở,,4,3,,,,,28000000.0,[],9,NHẤT NHÀ ĐẤT,,5.0,2026-09-11 11:23:04,https://nha.chotot.com/tin/178707503,2026-09-17T07:30:54.410559
777,🏠 CHO THUÊ NHÀ NGUYÊN CĂN LÀM VĂN PHÒNG – THỦ ĐỨC,18000000,0.12,150 m²,"Phường Trường Thọ (Quận Thủ Đức cũ), Thành phố Thủ Đức, Tp Hồ Chí Minh",Thành phố Thủ Đức,Tp Hồ Chí Minh,10.831532,106.757996,Nhà ở,,4,,,,,,,[],3,Đăng Quang Rental,,,2026-09-17 14:27:44,https://nha.chotot.com/tin/178478419,2026-09-17T07:30:54.410741
778,cần tiền bán gấp,5100000000,85.0,60 m²,"Phường Dĩ An, Thành phố Dĩ An, Bình Dương",Thành phố Dĩ An,Bình Dương,10.904065,106.75859,Nhà ở,,3,2,2,,2.0,1.0,,[],4,An Tam,,4.0,2026-09-17 14:27:32,https://nha.chotot.com/tin/178838974,2026-09-17T07:30:54.410918
779,"🔥Cho thuê nhà gần ĐH Ngân Hàng, Thủ Đức, 80m², 3PN, chỉ 8 triệu",8000000,0.1,80 m²,"Phường Linh Chiểu (Quận Thủ Đức cũ), Thành phố Thủ Đức, Tp Hồ Chí Minh",Thành phố Thủ Đức,Tp Hồ Chí Minh,10.854226,106.76946,Nhà ở,,3,,,,,,,[],5,Đăng Quang Rental,,,2026-09-17 14:27:19,https://nha.chotot.com/tin/178378958,2026-09-17T07:30:54.411075
780,💐 nhà cho thuê hương lộ 2. Phường Bình Trị Đông A Bình Tân,13000000,0.203125,64 m²,"Phường Bình Trị Đông A, Quận Bình Tân, Tp Hồ Chí Minh",Quận Bình Tân,Tp Hồ Chí Minh,10.766734,106.60688,Nhà ở,,5,3,,,,,,[],6,MS Tánh Chuyên Mua Bán Cho Thuê Nhà Quận  Bình Tân,,,2026-09-17 14:27:15,https://nha.chotot.com/tin/178829961,2026-09-17T07:30:54.411253
781,"HIẾM!!!! - Hẻm Sư Vạn Hạnh, P12, Q.10 - 5x20m, 4 Tầng, 400m2",38000000,0.38,100 m²,"Phường 12, Quận 10, Tp Hồ Chí Minh",Quận 10,Tp Hồ Chí Minh,10.775027,106.667755,Đất,,,,4,,,,,[],9,Ngô Thanh Hùng,,,2026-09-17 14:30:13,https://nha.chotot.com/tin/178839362,2026-09-17T07:30:55.820854
782,CHO THUÊ HẺM NGUYỄN VĂN TRỖI TÂN BÌNH | 12x15m siêu rộng,58000000,0.58,100 m²,"Phường 10, Quận Tân Bình, Tp Hồ Chí Minh",Quận Tân Bình,Tp Hồ Chí Minh,10.798557,106.67042,Đất,,,,,,,,116000000.0,[],8,Dung tr,,,2026-09-17 14:29:35,https://nha.chotot.com/tin/178839347,2026-09-17T07:30:55.821156
783,"Cho thuê nhà phố 5 tầng có thang máy, rèm đường D9",45000000,0.53571427,84 m²,"Phường Long Bình (Quận 9 cũ), Thành phố Thủ Đức, Tp Hồ Chí Minh",Thành phố Thủ Đức,Tp Hồ Chí Minh,10.84805,106.83874,Đất,,,,5,,3.0,1.0,,[],4,DUY HOMES,,,2026-09-09 09:41:13,https://nha.chotot.com/tin/178661906,2026-09-17T07:30:55.821356
784,"Cho thuê vp phố nguyên hồng,đống đa,dt 68m2,giá 13tr/tháng",13000000,0.19117647,68 m²,"Phường Láng Hạ, Quận Đống Đa, Hà Nội",Quận Đống Đa,Hà Nội,21.015743,105.80971,Đất,,,,8,,1.0,1.0,,[],5,Đào Thành Lân,,,2026-09-17 14:27:34,https://nha.chotot.com/tin/178839277,2026-09-17T07:30:55.821565
785,🔥 CHO THUÊ BIỆT THỰ SÂN VƯỜN NGUYỄN VĂN TRỖI – NGANG 12M – GIÁ 59TR/TH,59000000,0.118,500 m²,"Phường 10, Quận Phú Nhuận, Tp Hồ Chí Minh",Quận Phú Nhuận,Tp Hồ Chí Minh,10.798557,106.67042,Đất,,,,,,,,150000000.0,[],7,Kiều Hằng,,,2026-09-17 14:27:01,https://nha.chotot.com/tin/178839254,2026-09-17T07:30:55.821816
786,Cho thuê kho 1200m QL1A Tam Bình chỉ 75k,90000000,0.075,1200 m²,"Phường Tam Bình (Quận Thủ Đức cũ), Thành phố Thủ Đức, Tp Hồ Chí Minh",Thành phố Thủ Đức,Tp Hồ Chí Minh,10.871881,106.739655,Đất,,,,,,,,3.0,[],3,Anhthe,,4.0,2026-09-14 18:07:53,https://nha.chotot.com/tin/178775394,2026-09-17T07:30:55.822006
787,BIỆT THỰ SÂN VƯỜN KHU TỔ HỢP F&B VÀ ĐA NGÀNH NGHỀ TRUNG TÂM QUẬN 3 ,115000000,0.34848484,330 m²,"Phường Võ Thị Sáu, Quận 3, Tp Hồ Chí Minh",Quận 3,Tp Hồ Chí Minh,10.788824,106.690765,Đất,,,,,,,,,[],9,Yến Ngọc,,,2026-09-17 14:25:23,https://nha.chotot.com/tin/178839200,2026-09-17T07:30:55.822313
788,🍑Đoạn Đẹp NGUYỄN GIA TRÍ - 4x25m (Trệt 2 Lầu)🍑,65000000,0.21666667,300 m²,"Phường 25, Quận Bình Thạnh, Tp Hồ Chí Minh",Quận Bình Thạnh,Tp Hồ Chí Minh,10.810227,106.71722,Đất,,,,,,,,,[],6,Nhà Phố Cho Thuê,,,2026-09-17 14:24:57,https://nha.chotot.com/tin/175622468,2026-09-17T07:30:55.822526
789,"🌟10x15m - TRẦN QUỐC TOẢN, Quận 3🌟 Trệt 2 Lầu",60000000,0.13333334,450 m²,"Phường Võ Thị Sáu, Quận 3, Tp Hồ Chí Minh",Quận 3,Tp Hồ Chí Minh,10.78659,106.68779,Đất,,,,,,,,,[],4,Nhà Phố Cho Thuê,,,2026-09-17 14:24:26,https://nha.chotot.com/tin/175903201,2026-09-17T07:30:55.822810
790,cho thuê 100m văn phòng giá 30 tr,30000000,0.3,100 m²,"Phường An Khánh (Quận 2 cũ), Thành phố Thủ Đức, Tp Hồ Chí Minh",Thành phố Thủ Đức,Tp Hồ Chí Minh,10.79159,106.73052,Đất,,,,,,,,60000000.0,[],3,Nguyễn Văn Hậu,,,2026-09-05 13:44:09,https://nha.chotot.com/tin/178581677,2026-09-17T07:30:55.823044
791,CHO THUÊ TÒA NHÀ VĂN PHÒNG NGUYỄN VĂN TRỖI NGAY NGÃ TƯ PHÚ NHUẬN,130000000,0.096296296,1350 m²,"Phường 10, Quận Phú Nhuận, Tp Hồ Chí Minh",Quận Phú Nhuận,Tp Hồ Chí Minh,10.798557,106.67042,Đất,,,,,,,,,[],3,Anh Đào,,,2026-09-12 11:08:02,https://nha.chotot.com/tin/178727010,2026-09-17T07:30:55.823221
792,Mặt bằng đẹp Hồ Văn Huê 30m2,7490000,0.24966666,30 m²,"Phường 9, Quận Phú Nhuận, Tp Hồ Chí Minh",Quận Phú Nhuận,Tp Hồ Chí Minh,10.80251,106.67629,Đất,,,,,,,,7490000.0,[],7,NGUYỄN THỊ ANH THƯ,,,2026-09-06 15:25:13,https://nha.chotot.com/tin/178603931,2026-09-17T07:30:55.823400
793,"🇻🇳SHOPHOUSE 3 TẦNG MẶT TIỀN MÊ LINH | GẦN ORI, KCN HÒA KHÁNH",14000000,0.11666667,120 m²,"Phường Hòa Hiệp Nam, Quận Liên Chiểu, Đà Nẵng",Quận Liên Chiểu,Đà Nẵng,16.09171,108.12595,Đất,,04,,3,,,,,[],10,Ngô Văn Cảnh,,4.4,2026-09-17 14:22:04,https://nha.chotot.com/tin/178839109,2026-09-17T07:30:55.823610
794,🔥 HẺM XE HƠI  HUỲNH VĂN BÁNH – PHÚ NHUẬN | 4PN – 4WC | CHỈ 2x,23000000,0.23,100 m²,"Phường 10, Quận Phú Nhuận, Tp Hồ Chí Minh",Quận Phú Nhuận,Tp Hồ Chí Minh,10.791831,106.671616,Đất,,4,,,,,,46000000.0,[],6,Dung tr,,,2026-09-17 14:21:51,https://nha.chotot.com/tin/178839122,2026-09-17T07:30:55.823770
795,"Măt tiền Nguyễn Cư Trinh, Quận 1 (Ngang 17m)",90000000,0.45,200 m²,"Phường Nguyễn Cư Trinh, Quận 1, Tp Hồ Chí Minh",Quận 1,Tp Hồ Chí Minh,10.763458,106.68884,Đất,,,,,,,,,[],5,Nhà Phố Cho Thuê,,,2026-09-17 14:21:14,https://nha.chotot.com/tin/178280784,2026-09-17T07:30:55.823929
796,"🔥GÓC 2MT - NGUYỄN TRÃI, Bến Thành, Q1🔥400m2 sử dụng",150000000,0.375,400 m²,"Phường Bến Thành, Quận 1, Tp Hồ Chí Minh",Quận 1,Tp Hồ Chí Minh,10.771166,106.68731,Đất,,,,,,,,,[],4,Nhà Phố Cho Thuê,,,2026-09-17 14:20:35,https://nha.chotot.com/tin/175556911,2026-09-17T07:30:55.824189
797,CHO THUÊ TÒA NHÀ 2 MẶT TIỀN VÕ VĂN NGÂN DT 12M X 36M TP THỦ ĐỨC,100000000,0.07692308,1300 m²,"Phường Bình Thọ (Quận Thủ Đức cũ), Thành phố Thủ Đức, Tp Hồ Chí Minh",Thành phố Thủ Đức,Tp Hồ Chí Minh,10.850573,106.76223,Đất,,,,,,,1.0,,[],3,Oanh Home,,,2026-09-17 14:20:21,https://nha.chotot.com/tin/178262159,2026-09-17T07:30:55.824526
798,"🔥 CHO THUÊ TẦNG 7 160m2 – 104A XUÂN THUỶ, THẢO ĐIỀN, Q2 🔥",50000000,0.3125,160 m²,"Phường Thảo Điền (Quận 2 cũ), Thành phố Thủ Đức, Tp Hồ Chí Minh",Thành phố Thủ Đức,Tp Hồ Chí Minh,10.803889,106.73543,Đất,,,,,,,,150000000.0,[],8,Kiều Hằng,,,2026-09-17 14:18:58,https://nha.chotot.com/tin/178839027,2026-09-17T07:30:55.824719
799,Cho thuê  Shophouse Panorama Phú Mỹ Hưng 2 tầng 50tr/th,50000000,0.35460994,141 m²,"Phường Tân Phong, Quận 7, Tp Hồ Chí Minh",Quận 7,Tp Hồ Chí Minh,10.72168,106.71284,Đất,,,,2,Tây Nam,,1.0,,[],7,Dân,,,2026-09-17 14:18:55,https://nha.chotot.com/tin/177011854,2026-09-17T07:30:55.824888
800,Kho trống VIEW SÔNG 235/50A Đặng Thùy Trâm. DT 8X20M.,20000000,0.125,160 m²,"Phường 13, Quận Bình Thạnh, Tp Hồ Chí Minh",Quận Bình Thạnh,Tp Hồ Chí Minh,10.824377,106.70332,Đất,,,,,,2.0,1.0,,[],3,Anh Dũng,,4.0,2026-09-17 14:17:42,https://nha.chotot.com/tin/167862234,2026-09-17T07:30:55.825070
801,KHAI TRƯƠNG PHÒNG TRỌ SINH VIÊN GIÁ RẺ NGAY ĐH CÔNG THƯƠNG TÂN PHÚ,3500000,0.14,25 m²,"Phường Tân Sơn Nhì, Quận Tân Phú, Tp Hồ Chí Minh",Quận Tân Phú,Tp Hồ Chí Minh,10.801903,106.625885,Phòng trọ,,,,,,,,3500000.0,[],5,Kiều Oanh NeWay Home ,,5.0,2026-09-17 14:30:15,https://nha.chotot.com/tin/178453357,2026-09-17T07:30:57.159693
802,"HIẾM!!!! - Hẻm Sư Vạn Hạnh, P12, Q.10 - 5x20m, 4 Tầng, 400m2",38000000,0.38,100 m²,"Phường 12, Quận 10, Tp Hồ Chí Minh",Quận 10,Tp Hồ Chí Minh,10.775027,106.667755,Đất,,,,4,,,,,[],9,Ngô Thanh Hùng,,,2026-09-17 14:30:13,https://nha.chotot.com/tin/178839362,2026-09-17T07:30:57.160020
803,Bán Đất Lô Góc Võ Văn Vân giá cực tốt,4190000000,37.410713,112 m²,"Xã Vĩnh Lộc B, Huyện Bình Chánh, Tp Hồ Chí Minh",Huyện Bình Chánh,Tp Hồ Chí Minh,10.773623,106.57547,Văn phòng/Mặt bằng,,,,,,,1.0,,[],6,Thanh Hưng,,3.4,2026-09-09 18:08:26,https://nha.chotot.com/tin/178674907,2026-09-17T07:30:57.160224
804,"BCONS ARIA TRẢ TRƯỚC CHỈ 5% CHIẾT KHẤU 8,5% HỖ TRỢ LS 6,9% TRONG 4 NĂM",2600000000,49.056602,53 m²,"Phường Đông Hòa, Thành phố Dĩ An, Bình Dương",Thành phố Dĩ An,Bình Dương,10.89115,106.8022,Căn hộ/Chung cư,1.0,2,2,37,Tây,3.0,4.0,,[],12,Huy Hoàng Bcons ,,,2026-08-25 09:52:10,https://nha.chotot.com/tin/178364490,2026-09-17T07:30:57.160420
805,"CHO THUÊ CĂN HỘ MỚI 2 PHÒNG NGỦ, DIỆN TÍCH 60M² ",13500000,0.20769231,65 m²,"Phường Khuê Mỹ, Quận Ngũ Hành Sơn, Đà Nẵng",Quận Ngũ Hành Sơn,Đà Nẵng,16.023426,108.2459,Căn hộ/Chung cư,2.0,2,,,,2.0,,,[],4,VANA,,,2026-09-17 14:30:06,https://nha.chotot.com/tin/178838887,2026-09-17T07:30:57.160694
806,Bán căn Hưng Phát Silver Star - sát vách sunrise reverside - 4.6ty,4350000000,41.037735,106 m²,"Xã Phước Kiển, Huyện Nhà Bè, Tp Hồ Chí Minh",Huyện Nhà Bè,Tp Hồ Chí Minh,10.70387,106.71276,Căn hộ/Chung cư,1.0,3,,,Tây Nam,2.0,6.0,,[],9,Vân,,4.8,2026-09-03 11:16:19,https://nha.chotot.com/tin/177025273,2026-09-17T07:30:57.160883
807,Nhà mới DT:4x9m 2 Tầng 2pn 2wc hẻm 1942 Huỳnh Tấn Phát,1960000000,61.25,32 m²,"Thị trấn Nhà Bè, Huyện Nhà Bè, Tp Hồ Chí Minh",Huyện Nhà Bè,Tp Hồ Chí Minh,10.698072,106.738914,Nhà ở,,2,,2,,,,,[],11,Nam Phú Gia,,,2026-09-06 06:52:42,https://nha.chotot.com/tin/178593726,2026-09-17T07:30:57.161060
808,Cho thuê CC Garden gate 40m2 Offictel 1WC giá cực tốt chỉ 11tr/th ,11000000,0.31428573,35 m²,"Phường 9, Quận Phú Nhuận, Tp Hồ Chí Minh",Quận Phú Nhuận,Tp Hồ Chí Minh,10.80964,106.67425,Căn hộ/Chung cư,1.0,1,1,,,,,,[],3,Nguyễn Hoàng Toàn,,,2026-09-15 10:14:56,https://nha.chotot.com/tin/178787965,2026-09-17T07:30:57.161226
809,🏡Khai Trương Ký túc xá ngay ngã tư Hàng xanh đầy đủ tiện nghi 🎉KTX,1700000,0.04857143,35 m²,"Phường 25, Quận Bình Thạnh, Tp Hồ Chí Minh",Quận Bình Thạnh,Tp Hồ Chí Minh,10.802271,106.71938,Phòng trọ,,,,,,,,1700000.0,[],4,LQ Vinhomes,,,2026-08-24 10:56:00,https://nha.chotot.com/tin/163698886,2026-09-17T07:30:57.161400
810,Nhà Lầu 4 Tầng Hẻm Oto Xây Mới 100% Âu Dương Lân P2 Q8,8600000000,204.7619,42 m²,"Phường 2, Quận 8, Tp Hồ Chí Minh",Quận 8,Tp Hồ Chí Minh,10.742134,106.685104,Nhà ở,,4,3,4,,2.0,1.0,,[],8,Phạm Quốc Thắng,,,2026-09-17 14:29:58,https://nha.chotot.com/tin/178839361,2026-09-17T07:30:57.161597
811,Lô đất 2500m thổ cư mặt tiền Hồ khu Biệt thự nghỉ dưỡng,4000000000,1.6891892,2368 m²,"Xã Đinh Lạc, Huyện Di Linh, Lâm Đồng",Huyện Di Linh,Lâm Đồng,11.63063,108.13101,Văn phòng/Mặt bằng,,,,,,,1.0,,[],4,Nguyễn Anh Sang,,4.1,2026-09-17 14:29:58,https://nha.chotot.com/tin/178141305,2026-09-17T07:30:57.161749
812,"Cho Thuê Biệt Thự Nam Thông PMH Q7 - 450m2, 5PN, Đường 20m",70000000,0.15555556,450 m²,"Phường Tân Phong, Quận 7, Tp Hồ Chí Minh",Quận 7,Tp Hồ Chí Minh,10.73019,106.70033,Nhà ở,,5,4,5,,,,,[],12,Thuỷ Trần,,,2026-08-31 09:55:18,https://nha.chotot.com/tin/178484863,2026-09-17T07:30:57.161913
813,"MẶT TIỀN ĐƯỜNG SỐ 6 – LÒ LU, TRƯỜNG THẠNH, TP. THỦ ĐỨC",4680000000,53.793102,87 m²,"Phường Trường Thạnh (Quận 9 cũ), Thành phố Thủ Đức, Tp Hồ Chí Minh",Thành phố Thủ Đức,Tp Hồ Chí Minh,10.801835,106.81432,Văn phòng/Mặt bằng,,,,,,,,,[],5,Duy Hoàng Land,,5.0,2026-09-17 14:29:46,https://nha.chotot.com/tin/178839348,2026-09-17T07:30:57.162064
814,KHAI TRƯƠNG ĐUPLEX 3🍠X ĐƯỜNG SỐ 1_NGUYỄN THỊ TÚ NHẬN XE ĐIỆN FULL NT,3700000,0.13214286,28 m²,"Phường Bình Hưng Hoà B, Quận Bình Tân, Tp Hồ Chí Minh",Quận Bình Tân,Tp Hồ Chí Minh,10.807803,106.59462,Căn hộ/Chung cư,3.0,1,1,,,2.0,4.0,1000000.0,[],11,Triệu an HiFriendz Tp ,,5.0,2026-09-17 14:29:46,https://nha.chotot.com/tin/178839353,2026-09-17T07:30:57.162229
815,Cần cho thuê nhà góc 2 Mặt Tiền 84A Phổ Quang P.2 Q.Tân Bình,30000000,0.3030303,99 m²,"Phường 2, Quận Tân Bình, Tp Hồ Chí Minh",Quận Tân Bình,Tp Hồ Chí Minh,10.806851,106.668365,Nhà ở,,5,5,4,,,1.0,60000000.0,[],6,Anh Thanh,,,2026-09-17 14:29:37,https://nha.chotot.com/tin/178839329,2026-09-17T07:30:57.162386
816,CHO THUÊ HẺM NGUYỄN VĂN TRỖI TÂN BÌNH | 12x15m siêu rộng,58000000,0.58,100 m²,"Phường 10, Quận Tân Bình, Tp Hồ Chí Minh",Quận Tân Bình,Tp Hồ Chí Minh,10.798557,106.67042,Đất,,,,,,,,116000000.0,[],8,Dung tr,,,2026-09-17 14:29:35,https://nha.chotot.com/tin/178839347,2026-09-17T07:30:57.162654
817,Bán nhà lầu đúc kiên cố hẻm xe hơi rộng đường Dương Bá Trạc P1 Q8 ,11800000000,245.83333,48 m²,"Phường 1, Quận 8, Tp Hồ Chí Minh",Quận 8,Tp Hồ Chí Minh,10.74418,106.69049,Nhà ở,,4,4,4,Nam,2.0,1.0,,[],3,Nguyễn Thìn ,,4.4,2026-09-17 14:29:34,https://nha.chotot.com/tin/178839333,2026-09-17T07:30:57.162839
818,"Chung cư Tecco Green - Phan Văn Hớn căn 2p ngủ , full NT, giá 7,3tr/th",7300000,0.1,73 m²,"Phường Tân Thới Nhất, Quận 12, Tp Hồ Chí Minh",Quận 12,Tp Hồ Chí Minh,10.82954,106.61561,Căn hộ/Chung cư,1.0,2,2,,,2.0,6.0,,[],6,Phí Linh,,,2026-09-17 14:29:29,https://nha.chotot.com/tin/178839257,2026-09-17T07:30:57.163014
819,"Bán nhà riêng 4mx18,3m",12300000000,169.65517,72.5 m²,"Phường Tân Sơn Nhì, Quận Tân Phú, Tp Hồ Chí Minh",Quận Tân Phú,Tp Hồ Chí Minh,10.796407,106.63215,Nhà ở,,1,,,,,,,[],3,Nguyễn Võ Châu Phát,,,2026-09-16 14:28:21,https://nha.chotot.com/tin/178817793,2026-09-17T07:30:57.163182
820,cho thuê,25000000,0.41666666,60 m²,"Phường 8, Quận 5, Tp Hồ Chí Minh",Quận 5,Tp Hồ Chí Minh,10.756033,106.671135,Nhà ở,,4,5,3,Đông,3.0,1.0,50000000.0,[],3,Phạm Ánh Lan,,5.0,2026-09-17 12:38:51,https://nha.chotot.com/tin/178836750,2026-09-17T07:30:57.163348
821,"BCONS ARIA TRẢ TRƯỚC CHỈ 5% CHIẾT KHẤU 8,5% HỖ TRỢ LS 6,9% TRONG 4 NĂM",2600000000,49.056602,53 m²,"Phường Đông Hòa, Thành phố Dĩ An, Bình Dương",Thành phố Dĩ An,Bình Dương,10.89115,106.8022,Căn hộ/Chung cư,1.0,2,2,37,Tây,3.0,4.0,,[],12,Huy Hoàng Bcons ,,,2026-08-25 09:52:10,https://nha.chotot.com/tin/178364490,2026-09-17T07:30:58.559505
822,"CHO THUÊ CĂN HỘ MỚI 2 PHÒNG NGỦ, DIỆN TÍCH 60M² ",13500000,0.20769231,65 m²,"Phường Khuê Mỹ, Quận Ngũ Hành Sơn, Đà Nẵng",Quận Ngũ Hành Sơn,Đà Nẵng,16.023426,108.2459,Căn hộ/Chung cư,2.0,2,,,,2.0,,,[],4,VANA,,,2026-09-17 14:30:06,https://nha.chotot.com/tin/178838887,2026-09-17T07:30:58.559845
823,Bán căn Hưng Phát Silver Star - sát vách sunrise reverside - 4.6ty,4350000000,41.037735,106 m²,"Xã Phước Kiển, Huyện Nhà Bè, Tp Hồ Chí Minh",Huyện Nhà Bè,Tp Hồ Chí Minh,10.70387,106.71276,Căn hộ/Chung cư,1.0,3,,,Tây Nam,2.0,6.0,,[],9,Vân,,4.8,2026-09-03 11:16:19,https://nha.chotot.com/tin/177025273,2026-09-17T07:30:58.560138
824,Cho thuê CC Garden gate 40m2 Offictel 1WC giá cực tốt chỉ 11tr/th ,11000000,0.31428573,35 m²,"Phường 9, Quận Phú Nhuận, Tp Hồ Chí Minh",Quận Phú Nhuận,Tp Hồ Chí Minh,10.80964,106.67425,Căn hộ/Chung cư,1.0,1,1,,,,,,[],3,Nguyễn Hoàng Toàn,,,2026-09-15 10:14:56,https://nha.chotot.com/tin/178787965,2026-09-17T07:30:58.560354
825,KHAI TRƯƠNG ĐUPLEX 3🍠X ĐƯỜNG SỐ 1_NGUYỄN THỊ TÚ NHẬN XE ĐIỆN FULL NT,3700000,0.13214286,28 m²,"Phường Bình Hưng Hoà B, Quận Bình Tân, Tp Hồ Chí Minh",Quận Bình Tân,Tp Hồ Chí Minh,10.807803,106.59462,Căn hộ/Chung cư,3.0,1,1,,,2.0,4.0,1000000.0,[],11,Triệu an HiFriendz Tp ,,5.0,2026-09-17 14:29:46,https://nha.chotot.com/tin/178839353,2026-09-17T07:30:58.560652
826,"Chung cư Tecco Green - Phan Văn Hớn căn 2p ngủ , full NT, giá 7,3tr/th",7300000,0.1,73 m²,"Phường Tân Thới Nhất, Quận 12, Tp Hồ Chí Minh",Quận 12,Tp Hồ Chí Minh,10.82954,106.61561,Căn hộ/Chung cư,1.0,2,2,,,2.0,6.0,,[],6,Phí Linh,,,2026-09-17 14:29:29,https://nha.chotot.com/tin/178839257,2026-09-17T07:30:58.560842
827,💥CHDV - FUL NT - 2PN - BALCONY THOÁNG ⚡️ PHAN ĐĂNG LƯU - BÙI ĐÌNH TUÝ 💥,7800000,0.111428574,70 m²,"Phường 1, Quận Bình Thạnh, Tp Hồ Chí Minh",Quận Bình Thạnh,Tp Hồ Chí Minh,10.802451,106.697495,Căn hộ/Chung cư,2.0,2,,,,,,,[],12,Lương Thanh Trúc,,,2026-09-12 21:54:42,https://nha.chotot.com/tin/178437508,2026-09-17T07:30:58.561019
828,"💥 HÀ ĐÔ CENTROSA – 2PN 2WC – NHÀ ĐẸP, FULL NỘI THẤT – Ở LIỀN CHỈ 22TR",22000000,0.25581396,86 m²,"Phường 12, Quận 10, Tp Hồ Chí Minh",Quận 10,Tp Hồ Chí Minh,10.7762,106.67889,Căn hộ/Chung cư,1.0,2,2,,,,,,[],12,Hoàng Dung,,4.5,2026-09-17 11:07:05,https://nha.chotot.com/tin/178834497,2026-09-17T07:30:58.561187
829,"CĂN HỘ MINI CAO CẤP MỚI 100%, FULL NỘI THẤT NGAY ẺMART PHAN HUY ÍCH",5000000,0.2,25 m²,"Phường 12, Quận Gò Vấp, Tp Hồ Chí Minh",Quận Gò Vấp,Tp Hồ Chí Minh,10.837349,106.636284,Căn hộ/Chung cư,2.0,1,1,,,1.0,4.0,5000000.0,[],12,Alo Ngoc Hoang,,5.0,2026-09-17 14:28:24,https://nha.chotot.com/tin/178839301,2026-09-17T07:30:58.561378
830,TÌM NỮ Ở GHÉP CĂN CHUNG CƯ 2PN,4500000,0.071428575,63 m²,"Phường Phú Thuận, Quận 7, Tp Hồ Chí Minh",Quận 7,Tp Hồ Chí Minh,10.722,106.7433,Căn hộ/Chung cư,1.0,2,2,,,2.0,4.0,4500000.0,[],7,Kim Thanh,,5.0,2026-09-17 14:28:16,https://nha.chotot.com/tin/178839296,2026-09-17T07:30:58.561593
831,Khách Cần Tiền Ra Di Căn 2PN Hiyori Siêu Mới,5200000000,83.870964,62 m²,"Phường An Hải Đông, Quận Sơn Trà, Đà Nẵng",Quận Sơn Trà,Đà Nẵng,16.06191,108.23652,Căn hộ/Chung cư,1.0,2,2,,,1.0,2.0,,[],11,Hồng Công,,,2026-09-17 14:26:46,https://nha.chotot.com/tin/171220229,2026-09-17T07:30:58.561784
832,⭐ RIVER PANORAMA CHO THUÊ 3PN2WC FULL NỘI THẤT VIEW ĐẸP CHỈ 19 TRIỆU,19000000,0.21111111,90 m²,"Phường Phú Mỹ, Quận 7, Tp Hồ Chí Minh",Quận 7,Tp Hồ Chí Minh,10.71422,106.73743,Căn hộ/Chung cư,1.0,3,2,,,2.0,6.0,,[],12,Huy,,5.0,2026-09-08 14:36:21,https://nha.chotot.com/tin/172861126,2026-09-17T07:30:58.561953
833,"THẢO ĐIỀN, QUẬN 2 🏡 CHO THUÊ CHDV CAO CẤP💘 1PN BAN CÔNG FULL NỘI THẤT",11000000,0.22,50 m²,"Phường Thảo Điền (Quận 2 cũ), Thành phố Thủ Đức, Tp Hồ Chí Minh",Thành phố Thủ Đức,Tp Hồ Chí Minh,10.803914,106.72912,Căn hộ/Chung cư,2.0,1,1,,Đông Bắc,1.0,4.0,11000000.0,[],11,Phương An Chuyên Căn Hộ Quận 2,,5.0,2026-09-11 14:06:45,https://nha.chotot.com/tin/177928071,2026-09-17T07:30:58.562136
834,CHDV FULL NỘI THẤT MỚI KENG GẦN MEGA MARKET Q12,3900000,0.156,25 m²,"Phường Tân Thới Hiệp, Quận 12, Tp Hồ Chí Minh",Quận 12,Tp Hồ Chí Minh,10.887289,106.64767,Căn hộ/Chung cư,2.0,1,1,4,,2.0,4.0,,[],10,Anh Tuấn Tìm Phòng,,5.0,2026-09-17 14:26:20,https://nha.chotot.com/tin/178839237,2026-09-17T07:30:58.562306
835,CHO THUÊ CĂN HỘ DUPLEX 2  GIƯỜNG NGỦ FULL NỘI THẤT CÓ CỬA SỔ THOÁNG,6000000,0.13333334,45 m²,"Phường 8, Thành phố Đà Lạt, Lâm Đồng",Thành phố Đà Lạt,Lâm Đồng,11.977858,108.45107,Căn hộ/Chung cư,3.0,1,1,,,,,,[],9,Quang gohome,,,2026-09-17 14:26:16,https://nha.chotot.com/tin/178839207,2026-09-17T07:30:58.562525
836,Khách Cần Tiền Bán Gấp Căn Ponte 1PN Stu View Biển Giá Cực Rẻ ,2700000000,103.84615,26 m²,"Phường An Hải Tây, Quận Sơn Trà, Đà Nẵng",Quận Sơn Trà,Đà Nẵng,16.059008,108.23034,Căn hộ/Chung cư,1.0,1,2,,Tây,4.0,6.0,,[],6,Hồng Công,,,2026-09-17 14:26:02,https://nha.chotot.com/tin/178096332,2026-09-17T07:30:58.562803
837,Bán Căn Hộ 2PN Toà A - Masteri Rivera Đà Nẵng,5700000000,91.935486,62 m²,"Phường Hòa Cường Nam, Quận Hải Châu, Đà Nẵng",Quận Hải Châu,Đà Nẵng,16.033035,108.225494,Căn hộ/Chung cư,1.0,2,2,39,Tây,2.0,6.0,,[],6,Hồng Công,,,2026-09-17 14:25:24,https://nha.chotot.com/tin/169931282,2026-09-17T07:30:58.562978
838,Căn hộ ban công Full nội thất ngay Trương Văn Bang thuận tiện qua sala,5800000,0.16571428,35 m²,"Phường Thạnh Mỹ Lợi (Quận 2 cũ), Thành phố Thủ Đức, Tp Hồ Chí Minh",Thành phố Thủ Đức,Tp Hồ Chí Minh,10.774195,106.75718,Căn hộ/Chung cư,2.0,1,1,,,2.0,4.0,6000000.0,[],11,Huỳnh Châu HiFriendz ,,5.0,2026-09-05 22:57:12,https://nha.chotot.com/tin/178592369,2026-09-17T07:30:58.563154
839,"CHO THUÊ  CHUNG CƯ TẠI PHỐ TU HOÀNG, NHỔN - 58M2, 2 NGỦ, ĐỦ ĐỒ-  5TR",5000000,0.0862069,58 m²,"Phường Phương Canh, Quận Nam Từ Liêm, Hà Nội",Quận Nam Từ Liêm,Hà Nội,21.053297,105.73126,Căn hộ/Chung cư,1.0,2,1,,,2.0,,,[],3,NGÔ THÚY,,,2026-09-17 14:24:32,https://nha.chotot.com/tin/178839180,2026-09-17T07:30:58.563320
840,"the Sun Avenue 2Pn 5,8 tỷ 65m",5800000000,89.23077,65 m²,"Phường An Phú (Quận 2 cũ), Thành phố Thủ Đức, Tp Hồ Chí Minh",Thành phố Thủ Đức,Tp Hồ Chí Minh,10.79675,106.75218,Căn hộ/Chung cư,1.0,2,,,,,,,[],3,Nguyễn Văn Hậu,,,2026-09-16 08:47:07,https://nha.chotot.com/tin/178808741,2026-09-17T07:30:58.563499
841,"BÁN GẤP NHÀ KQH HOÀNG DIỆU PHƯỜNG CAM LY ĐÀ LẠT CHỈ 5,4 TỶ",5400000000,120.0,45 m²,"Phường 5, Thành phố Đà Lạt, Lâm Đồng",Thành phố Đà Lạt,Lâm Đồng,11.942885,108.427925,Nhà ở,,3,2,3,Tây Bắc,3.0,,,[],4,Tô Hoàng Phương Trinh,,,2026-09-15 15:32:14,https://nha.chotot.com/tin/178796817,2026-09-17T07:30:59.883361
842,Nhà mới DT:4x9m 2 Tầng 2pn 2wc hẻm 1942 Huỳnh Tấn Phát,1960000000,61.25,32 m²,"Thị trấn Nhà Bè, Huyện Nhà Bè, Tp Hồ Chí Minh",Huyện Nhà Bè,Tp Hồ Chí Minh,10.698072,106.738914,Nhà ở,,2,,2,,,,,[],11,Nam Phú Gia,,,2026-09-06 06:52:42,https://nha.chotot.com/tin/178593726,2026-09-17T07:30:59.883685
843,Nhà Lầu 4 Tầng Hẻm Oto Xây Mới 100% Âu Dương Lân P2 Q8,8600000000,204.7619,42 m²,"Phường 2, Quận 8, Tp Hồ Chí Minh",Quận 8,Tp Hồ Chí Minh,10.742134,106.685104,Nhà ở,,4,3,4,,2.0,1.0,,[],8,Phạm Quốc Thắng,,,2026-09-17 14:29:58,https://nha.chotot.com/tin/178839361,2026-09-17T07:30:59.883881
844,"Cho Thuê Biệt Thự Nam Thông PMH Q7 - 450m2, 5PN, Đường 20m",70000000,0.15555556,450 m²,"Phường Tân Phong, Quận 7, Tp Hồ Chí Minh",Quận 7,Tp Hồ Chí Minh,10.73019,106.70033,Nhà ở,,5,4,5,,,,,[],12,Thuỷ Trần,,,2026-08-31 09:55:18,https://nha.chotot.com/tin/178484863,2026-09-17T07:30:59.884062
845,Cần cho thuê nhà góc 2 Mặt Tiền 84A Phổ Quang P.2 Q.Tân Bình,30000000,0.3030303,99 m²,"Phường 2, Quận Tân Bình, Tp Hồ Chí Minh",Quận Tân Bình,Tp Hồ Chí Minh,10.806851,106.668365,Nhà ở,,5,5,4,,,1.0,60000000.0,[],6,Anh Thanh,,,2026-09-17 14:29:37,https://nha.chotot.com/tin/178839329,2026-09-17T07:30:59.884231
846,Bán nhà lầu đúc kiên cố hẻm xe hơi rộng đường Dương Bá Trạc P1 Q8 ,11800000000,245.83333,48 m²,"Phường 1, Quận 8, Tp Hồ Chí Minh",Quận 8,Tp Hồ Chí Minh,10.74418,106.69049,Nhà ở,,4,4,4,Nam,2.0,1.0,,[],3,Nguyễn Thìn ,,4.4,2026-09-17 14:29:34,https://nha.chotot.com/tin/178839333,2026-09-17T07:30:59.884423
847,"Bán nhà riêng 4mx18,3m",12300000000,169.65517,72.5 m²,"Phường Tân Sơn Nhì, Quận Tân Phú, Tp Hồ Chí Minh",Quận Tân Phú,Tp Hồ Chí Minh,10.796407,106.63215,Nhà ở,,1,,,,,,,[],3,Nguyễn Võ Châu Phát,,,2026-09-16 14:28:21,https://nha.chotot.com/tin/178817793,2026-09-17T07:30:59.884703
848,cho thuê,25000000,0.41666666,60 m²,"Phường 8, Quận 5, Tp Hồ Chí Minh",Quận 5,Tp Hồ Chí Minh,10.756033,106.671135,Nhà ở,,4,5,3,Đông,3.0,1.0,50000000.0,[],3,Phạm Ánh Lan,,5.0,2026-09-17 12:38:51,https://nha.chotot.com/tin/178836750,2026-09-17T07:30:59.884880
849,cho thuê nhà 2 tầng đường phan thanh sát đại học duy tân,11000000,0.22,50 m²,"Phường Thạc Gián, Quận Thanh Khê, Đà Nẵng",Quận Thanh Khê,Đà Nẵng,16.063013,108.208755,Nhà ở,,3,3,2,,1.0,,,[],10,Đại tuấn,,,2026-09-17 14:29:11,https://nha.chotot.com/tin/178839312,2026-09-17T07:30:59.885039
850,Nhà riêng ngõ 31 phố mai động gần đền lừ dt40m2x4t giá 10tr,10000000,0.25,40 m²,"Phường Mai Động, Quận Hoàng Mai, Hà Nội",Quận Hoàng Mai,Hà Nội,20.988625,105.86115,Nhà ở,,4,3,4,Đông,2.0,1.0,10000000.0,[],6,phạm minh chính,,,2026-09-10 10:59:00,https://nha.chotot.com/tin/178378145,2026-09-17T07:30:59.885193
851,bán nhà mặt tiền kinh doanh đường Trương Vĩnh Nguyên,5600000000,19.928825,281 m²,"Phường Phú Thứ, Quận Cái Răng, Cần Thơ",Quận Cái Răng,Cần Thơ,9.982768,105.78676,Nhà ở,,1,2,1,Đông Bắc,3.0,1.0,,[],5,Nguyen Tien Tai,,,2026-09-16 14:28:22,https://nha.chotot.com/tin/178149394,2026-09-17T07:30:59.885346
852,"Bán biệt thự 2 lầu áp mái P. Thạnh Mỹ Tây, TP.HCM giá 43 tỷ",43000000000,511.90475,84 m²,"Phường 12, Quận 3, Tp Hồ Chí Minh",Quận 3,Tp Hồ Chí Minh,10.789393,106.675064,Nhà ở,,1,,,,,,,[],3,vũ thành,,,2026-09-17 14:28:31,https://nha.chotot.com/tin/178839248,2026-09-17T07:30:59.885665
853,"Bán gấp nhà 1 lầu, sân thượng, 76m2, hẻm 5m vị trí hẻm 477/ Mã Lò",6950000000,91.447365,76 m²,"Phường Bình Hưng Hoà A, Quận Bình Tân, Tp Hồ Chí Minh",Quận Bình Tân,Tp Hồ Chí Minh,10.7823,106.59924,Nhà ở,,2,,2,,,,,[],3, Vương Nguyễn,,5.0,2026-09-17 14:28:31,https://nha.chotot.com/tin/178839292,2026-09-17T07:30:59.885906
854,"Bán nhà mới khu đường bàn cờ thông 6m Đường Số 28, 4,5x15m, lửng,3 lầu",9500000000,158.33333,60 m²,"Phường 6, Quận Gò Vấp, Tp Hồ Chí Minh",Quận Gò Vấp,Tp Hồ Chí Minh,10.838439,106.6817,Nhà ở,,4,5,4,,,1.0,,[],8,TRUONG TAM,,,2026-09-17 14:28:04,https://nha.chotot.com/tin/175260106,2026-09-17T07:30:59.886067
855,Gần Trường Lý Tự Trọng GV - Hẻm Ôtô - Nhà mới xây 4 Tầng 4PN - KQH KLG,6680000000,151.81818,44 m²,"Phường 15, Quận Gò Vấp, Tp Hồ Chí Minh",Quận Gò Vấp,Tp Hồ Chí Minh,10.847257,106.669334,Nhà ở,,4,4,4,,,1.0,,[],12,Lý Ngọc Thanh,,,2026-09-13 13:07:56,https://nha.chotot.com/tin/178748929,2026-09-17T07:30:59.886231
856,"NHÀ MỚI ĐẸP, HẺM TẢI 1T2L 4PN NGAY PHẠM VĂN ĐỒNG",14000000,0.23333333,60 m²,"Phường Linh Tây (Quận Thủ Đức cũ), Thành phố Thủ Đức, Tp Hồ Chí Minh",Thành phố Thủ Đức,Tp Hồ Chí Minh,10.852818,106.75241,Nhà ở,,4,3,,,,,28000000.0,[],9,NHẤT NHÀ ĐẤT,,5.0,2026-09-11 11:23:04,https://nha.chotot.com/tin/178707503,2026-09-17T07:30:59.886394
857,🏠 CHO THUÊ NHÀ NGUYÊN CĂN LÀM VĂN PHÒNG – THỦ ĐỨC,18000000,0.12,150 m²,"Phường Trường Thọ (Quận Thủ Đức cũ), Thành phố Thủ Đức, Tp Hồ Chí Minh",Thành phố Thủ Đức,Tp Hồ Chí Minh,10.831532,106.757996,Nhà ở,,4,,,,,,,[],3,Đăng Quang Rental,,,2026-09-17 14:27:44,https://nha.chotot.com/tin/178478419,2026-09-17T07:30:59.886587
858,cần tiền bán gấp,5100000000,85.0,60 m²,"Phường Dĩ An, Thành phố Dĩ An, Bình Dương",Thành phố Dĩ An,Bình Dương,10.904065,106.75859,Nhà ở,,3,2,2,,2.0,1.0,,[],4,An Tam,,4.0,2026-09-17 14:27:32,https://nha.chotot.com/tin/178838974,2026-09-17T07:30:59.886867
859,"🔥Cho thuê nhà gần ĐH Ngân Hàng, Thủ Đức, 80m², 3PN, chỉ 8 triệu",8000000,0.1,80 m²,"Phường Linh Chiểu (Quận Thủ Đức cũ), Thành phố Thủ Đức, Tp Hồ Chí Minh",Thành phố Thủ Đức,Tp Hồ Chí Minh,10.854226,106.76946,Nhà ở,,3,,,,,,,[],5,Đăng Quang Rental,,,2026-09-17 14:27:19,https://nha.chotot.com/tin/178378958,2026-09-17T07:30:59.887034
860,💐 nhà cho thuê hương lộ 2. Phường Bình Trị Đông A Bình Tân,13000000,0.203125,64 m²,"Phường Bình Trị Đông A, Quận Bình Tân, Tp Hồ Chí Minh",Quận Bình Tân,Tp Hồ Chí Minh,10.766734,106.60688,Nhà ở,,5,3,,,,,,[],6,MS Tánh Chuyên Mua Bán Cho Thuê Nhà Quận  Bình Tân,,,2026-09-17 14:27:15,https://nha.chotot.com/tin/178829961,2026-09-17T07:30:59.887197
861,"HIẾM!!!! - Hẻm Sư Vạn Hạnh, P12, Q.10 - 5x20m, 4 Tầng, 400m2",38000000,0.38,100 m²,"Phường 12, Quận 10, Tp Hồ Chí Minh",Quận 10,Tp Hồ Chí Minh,10.775027,106.667755,Đất,,,,4,,,,,[],9,Ngô Thanh Hùng,,,2026-09-17 14:30:13,https://nha.chotot.com/tin/178839362,2026-09-17T07:31:01.155305
862,CHO THUÊ HẺM NGUYỄN VĂN TRỖI TÂN BÌNH | 12x15m siêu rộng,58000000,0.58,100 m²,"Phường 10, Quận Tân Bình, Tp Hồ Chí Minh",Quận Tân Bình,Tp Hồ Chí Minh,10.798557,106.67042,Đất,,,,,,,,116000000.0,[],8,Dung tr,,,2026-09-17 14:29:35,https://nha.chotot.com/tin/178839347,2026-09-17T07:31:01.155646
863,"Cho thuê nhà phố 5 tầng có thang máy, rèm đường D9",45000000,0.53571427,84 m²,"Phường Long Bình (Quận 9 cũ), Thành phố Thủ Đức, Tp Hồ Chí Minh",Thành phố Thủ Đức,Tp Hồ Chí Minh,10.84805,106.83874,Đất,,,,5,,3.0,1.0,,[],4,DUY HOMES,,,2026-09-09 09:41:13,https://nha.chotot.com/tin/178661906,2026-09-17T07:31:01.155848
864,"Cho thuê vp phố nguyên hồng,đống đa,dt 68m2,giá 13tr/tháng",13000000,0.19117647,68 m²,"Phường Láng Hạ, Quận Đống Đa, Hà Nội",Quận Đống Đa,Hà Nội,21.015743,105.80971,Đất,,,,8,,1.0,1.0,,[],5,Đào Thành Lân,,,2026-09-17 14:27:34,https://nha.chotot.com/tin/178839277,2026-09-17T07:31:01.156033
865,🔥 CHO THUÊ BIỆT THỰ SÂN VƯỜN NGUYỄN VĂN TRỖI – NGANG 12M – GIÁ 59TR/TH,59000000,0.118,500 m²,"Phường 10, Quận Phú Nhuận, Tp Hồ Chí Minh",Quận Phú Nhuận,Tp Hồ Chí Minh,10.798557,106.67042,Đất,,,,,,,,150000000.0,[],7,Kiều Hằng,,,2026-09-17 14:27:01,https://nha.chotot.com/tin/178839254,2026-09-17T07:31:01.156301
866,Cho thuê kho 1200m QL1A Tam Bình chỉ 75k,90000000,0.075,1200 m²,"Phường Tam Bình (Quận Thủ Đức cũ), Thành phố Thủ Đức, Tp Hồ Chí Minh",Thành phố Thủ Đức,Tp Hồ Chí Minh,10.871881,106.739655,Đất,,,,,,,,3.0,[],3,Anhthe,,4.0,2026-09-14 18:07:53,https://nha.chotot.com/tin/178775394,2026-09-17T07:31:01.156504
867,BIỆT THỰ SÂN VƯỜN KHU TỔ HỢP F&B VÀ ĐA NGÀNH NGHỀ TRUNG TÂM QUẬN 3 ,115000000,0.34848484,330 m²,"Phường Võ Thị Sáu, Quận 3, Tp Hồ Chí Minh",Quận 3,Tp Hồ Chí Minh,10.788824,106.690765,Đất,,,,,,,,,[],9,Yến Ngọc,,,2026-09-17 14:25:23,https://nha.chotot.com/tin/178839200,2026-09-17T07:31:01.156835
868,🍑Đoạn Đẹp NGUYỄN GIA TRÍ - 4x25m (Trệt 2 Lầu)🍑,65000000,0.21666667,300 m²,"Phường 25, Quận Bình Thạnh, Tp Hồ Chí Minh",Quận Bình Thạnh,Tp Hồ Chí Minh,10.810227,106.71722,Đất,,,,,,,,,[],6,Nhà Phố Cho Thuê,,,2026-09-17 14:24:57,https://nha.chotot.com/tin/175622468,2026-09-17T07:31:01.157059
869,"🌟10x15m - TRẦN QUỐC TOẢN, Quận 3🌟 Trệt 2 Lầu",60000000,0.13333334,450 m²,"Phường Võ Thị Sáu, Quận 3, Tp Hồ Chí Minh",Quận 3,Tp Hồ Chí Minh,10.78659,106.68779,Đất,,,,,,,,,[],4,Nhà Phố Cho Thuê,,,2026-09-17 14:24:26,https://nha.chotot.com/tin/175903201,2026-09-17T07:31:01.157326
870,cho thuê 100m văn phòng giá 30 tr,30000000,0.3,100 m²,"Phường An Khánh (Quận 2 cũ), Thành phố Thủ Đức, Tp Hồ Chí Minh",Thành phố Thủ Đức,Tp Hồ Chí Minh,10.79159,106.73052,Đất,,,,,,,,60000000.0,[],3,Nguyễn Văn Hậu,,,2026-09-05 13:44:09,https://nha.chotot.com/tin/178581677,2026-09-17T07:31:01.157594
871,CHO THUÊ TÒA NHÀ VĂN PHÒNG NGUYỄN VĂN TRỖI NGAY NGÃ TƯ PHÚ NHUẬN,130000000,0.096296296,1350 m²,"Phường 10, Quận Phú Nhuận, Tp Hồ Chí Minh",Quận Phú Nhuận,Tp Hồ Chí Minh,10.798557,106.67042,Đất,,,,,,,,,[],3,Anh Đào,,,2026-09-12 11:08:02,https://nha.chotot.com/tin/178727010,2026-09-17T07:31:01.157778
872,Mặt bằng đẹp Hồ Văn Huê 30m2,7490000,0.24966666,30 m²,"Phường 9, Quận Phú Nhuận, Tp Hồ Chí Minh",Quận Phú Nhuận,Tp Hồ Chí Minh,10.80251,106.67629,Đất,,,,,,,,7490000.0,[],7,NGUYỄN THỊ ANH THƯ,,,2026-09-06 15:25:13,https://nha.chotot.com/tin/178603931,2026-09-17T07:31:01.157954
873,"🇻🇳SHOPHOUSE 3 TẦNG MẶT TIỀN MÊ LINH | GẦN ORI, KCN HÒA KHÁNH",14000000,0.11666667,120 m²,"Phường Hòa Hiệp Nam, Quận Liên Chiểu, Đà Nẵng",Quận Liên Chiểu,Đà Nẵng,16.09171,108.12595,Đất,,04,,3,,,,,[],10,Ngô Văn Cảnh,,4.4,2026-09-17 14:22:04,https://nha.chotot.com/tin/178839109,2026-09-17T07:31:01.158122
874,🔥 HẺM XE HƠI  HUỲNH VĂN BÁNH – PHÚ NHUẬN | 4PN – 4WC | CHỈ 2x,23000000,0.23,100 m²,"Phường 10, Quận Phú Nhuận, Tp Hồ Chí Minh",Quận Phú Nhuận,Tp Hồ Chí Minh,10.791831,106.671616,Đất,,4,,,,,,46000000.0,[],6,Dung tr,,,2026-09-17 14:21:51,https://nha.chotot.com/tin/178839122,2026-09-17T07:31:01.158292
875,"Măt tiền Nguyễn Cư Trinh, Quận 1 (Ngang 17m)",90000000,0.45,200 m²,"Phường Nguyễn Cư Trinh, Quận 1, Tp Hồ Chí Minh",Quận 1,Tp Hồ Chí Minh,10.763458,106.68884,Đất,,,,,,,,,[],5,Nhà Phố Cho Thuê,,,2026-09-17 14:21:14,https://nha.chotot.com/tin/178280784,2026-09-17T07:31:01.158465
876,"🔥GÓC 2MT - NGUYỄN TRÃI, Bến Thành, Q1🔥400m2 sử dụng",150000000,0.375,400 m²,"Phường Bến Thành, Quận 1, Tp Hồ Chí Minh",Quận 1,Tp Hồ Chí Minh,10.771166,106.68731,Đất,,,,,,,,,[],4,Nhà Phố Cho Thuê,,,2026-09-17 14:20:35,https://nha.chotot.com/tin/175556911,2026-09-17T07:31:01.158747
877,CHO THUÊ TÒA NHÀ 2 MẶT TIỀN VÕ VĂN NGÂN DT 12M X 36M TP THỦ ĐỨC,100000000,0.07692308,1300 m²,"Phường Bình Thọ (Quận Thủ Đức cũ), Thành phố Thủ Đức, Tp Hồ Chí Minh",Thành phố Thủ Đức,Tp Hồ Chí Minh,10.850573,106.76223,Đất,,,,,,,1.0,,[],3,Oanh Home,,,2026-09-17 14:20:21,https://nha.chotot.com/tin/178262159,2026-09-17T07:31:01.159065
878,"🔥 CHO THUÊ TẦNG 7 160m2 – 104A XUÂN THUỶ, THẢO ĐIỀN, Q2 🔥",50000000,0.3125,160 m²,"Phường Thảo Điền (Quận 2 cũ), Thành phố Thủ Đức, Tp Hồ Chí Minh",Thành phố Thủ Đức,Tp Hồ Chí Minh,10.803889,106.73543,Đất,,,,,,,,150000000.0,[],8,Kiều Hằng,,,2026-09-17 14:18:58,https://nha.chotot.com/tin/178839027,2026-09-17T07:31:01.159245
879,Cho thuê  Shophouse Panorama Phú Mỹ Hưng 2 tầng 50tr/th,50000000,0.35460994,141 m²,"Phường Tân Phong, Quận 7, Tp Hồ Chí Minh",Quận 7,Tp Hồ Chí Minh,10.72168,106.71284,Đất,,,,2,Tây Nam,,1.0,,[],7,Dân,,,2026-09-17 14:18:55,https://nha.chotot.com/tin/177011854,2026-09-17T07:31:01.159414
880,Kho trống VIEW SÔNG 235/50A Đặng Thùy Trâm. DT 8X20M.,20000000,0.125,160 m²,"Phường 13, Quận Bình Thạnh, Tp Hồ Chí Minh",Quận Bình Thạnh,Tp Hồ Chí Minh,10.824377,106.70332,Đất,,,,,,2.0,1.0,,[],3,Anh Dũng,,4.0,2026-09-17 14:17:42,https://nha.chotot.com/tin/167862234,2026-09-17T07:31:01.159636
881,KHAI TRƯƠNG PHÒNG TRỌ SINH VIÊN GIÁ RẺ NGAY ĐH CÔNG THƯƠNG TÂN PHÚ,3500000,0.14,25 m²,"Phường Tân Sơn Nhì, Quận Tân Phú, Tp Hồ Chí Minh",Quận Tân Phú,Tp Hồ Chí Minh,10.801903,106.625885,Phòng trọ,,,,,,,,3500000.0,[],5,Kiều Oanh NeWay Home ,,5.0,2026-09-17 14:30:15,https://nha.chotot.com/tin/178453357,2026-09-17T07:31:02.491039
882,"HIẾM!!!! - Hẻm Sư Vạn Hạnh, P12, Q.10 - 5x20m, 4 Tầng, 400m2",38000000,0.38,100 m²,"Phường 12, Quận 10, Tp Hồ Chí Minh",Quận 10,Tp Hồ Chí Minh,10.775027,106.667755,Đất,,,,4,,,,,[],9,Ngô Thanh Hùng,,,2026-09-17 14:30:13,https://nha.chotot.com/tin/178839362,2026-09-17T07:31:02.491377
883,Bán Đất Lô Góc Võ Văn Vân giá cực tốt,4190000000,37.410713,112 m²,"Xã Vĩnh Lộc B, Huyện Bình Chánh, Tp Hồ Chí Minh",Huyện Bình Chánh,Tp Hồ Chí Minh,10.773623,106.57547,Văn phòng/Mặt bằng,,,,,,,1.0,,[],6,Thanh Hưng,,3.4,2026-09-09 18:08:26,https://nha.chotot.com/tin/178674907,2026-09-17T07:31:02.491638
884,"BCONS ARIA TRẢ TRƯỚC CHỈ 5% CHIẾT KHẤU 8,5% HỖ TRỢ LS 6,9% TRONG 4 NĂM",2600000000,49.056602,53 m²,"Phường Đông Hòa, Thành phố Dĩ An, Bình Dương",Thành phố Dĩ An,Bình Dương,10.89115,106.8022,Căn hộ/Chung cư,1.0,2,2,37,Tây,3.0,4.0,,[],12,Huy Hoàng Bcons ,,,2026-08-25 09:52:10,https://nha.chotot.com/tin/178364490,2026-09-17T07:31:02.491845
885,"CHO THUÊ CĂN HỘ MỚI 2 PHÒNG NGỦ, DIỆN TÍCH 60M² ",13500000,0.20769231,65 m²,"Phường Khuê Mỹ, Quận Ngũ Hành Sơn, Đà Nẵng",Quận Ngũ Hành Sơn,Đà Nẵng,16.023426,108.2459,Căn hộ/Chung cư,2.0,2,,,,2.0,,,[],4,VANA,,,2026-09-17 14:30:06,https://nha.chotot.com/tin/178838887,2026-09-17T07:31:02.492131
886,Bán căn Hưng Phát Silver Star - sát vách sunrise reverside - 4.6ty,4350000000,41.037735,106 m²,"Xã Phước Kiển, Huyện Nhà Bè, Tp Hồ Chí Minh",Huyện Nhà Bè,Tp Hồ Chí Minh,10.70387,106.71276,Căn hộ/Chung cư,1.0,3,,,Tây Nam,2.0,6.0,,[],9,Vân,,4.8,2026-09-03 11:16:19,https://nha.chotot.com/tin/177025273,2026-09-17T07:31:02.492338
887,Nhà mới DT:4x9m 2 Tầng 2pn 2wc hẻm 1942 Huỳnh Tấn Phát,1960000000,61.25,32 m²,"Thị trấn Nhà Bè, Huyện Nhà Bè, Tp Hồ Chí Minh",Huyện Nhà Bè,Tp Hồ Chí Minh,10.698072,106.738914,Nhà ở,,2,,2,,,,,[],11,Nam Phú Gia,,,2026-09-06 06:52:42,https://nha.chotot.com/tin/178593726,2026-09-17T07:31:02.492564
888,Cho thuê CC Garden gate 40m2 Offictel 1WC giá cực tốt chỉ 11tr/th ,11000000,0.31428573,35 m²,"Phường 9, Quận Phú Nhuận, Tp Hồ Chí Minh",Quận Phú Nhuận,Tp Hồ Chí Minh,10.80964,106.67425,Căn hộ/Chung cư,1.0,1,1,,,,,,[],3,Nguyễn Hoàng Toàn,,,2026-09-15 10:14:56,https://nha.chotot.com/tin/178787965,2026-09-17T07:31:02.492740
889,🏡Khai Trương Ký túc xá ngay ngã tư Hàng xanh đầy đủ tiện nghi 🎉KTX,1700000,0.04857143,35 m²,"Phường 25, Quận Bình Thạnh, Tp Hồ Chí Minh",Quận Bình Thạnh,Tp Hồ Chí Minh,10.802271,106.71938,Phòng trọ,,,,,,,,1700000.0,[],4,LQ Vinhomes,,,2026-08-24 10:56:00,https://nha.chotot.com/tin/163698886,2026-09-17T07:31:02.492923
890,Nhà Lầu 4 Tầng Hẻm Oto Xây Mới 100% Âu Dương Lân P2 Q8,8600000000,204.7619,42 m²,"Phường 2, Quận 8, Tp Hồ Chí Minh",Quận 8,Tp Hồ Chí Minh,10.742134,106.685104,Nhà ở,,4,3,4,,2.0,1.0,,[],8,Phạm Quốc Thắng,,,2026-09-17 14:29:58,https://nha.chotot.com/tin/178839361,2026-09-17T07:31:02.493096
891,Lô đất 2500m thổ cư mặt tiền Hồ khu Biệt thự nghỉ dưỡng,4000000000,1.6891892,2368 m²,"Xã Đinh Lạc, Huyện Di Linh, Lâm Đồng",Huyện Di Linh,Lâm Đồng,11.63063,108.13101,Văn phòng/Mặt bằng,,,,,,,1.0,,[],4,Nguyễn Anh Sang,,4.1,2026-09-17 14:29:58,https://nha.chotot.com/tin/178141305,2026-09-17T07:31:02.493258
892,"Cho Thuê Biệt Thự Nam Thông PMH Q7 - 450m2, 5PN, Đường 20m",70000000,0.15555556,450 m²,"Phường Tân Phong, Quận 7, Tp Hồ Chí Minh",Quận 7,Tp Hồ Chí Minh,10.73019,106.70033,Nhà ở,,5,4,5,,,,,[],12,Thuỷ Trần,,,2026-08-31 09:55:18,https://nha.chotot.com/tin/178484863,2026-09-17T07:31:02.493444
893,"MẶT TIỀN ĐƯỜNG SỐ 6 – LÒ LU, TRƯỜNG THẠNH, TP. THỦ ĐỨC",4680000000,53.793102,87 m²,"Phường Trường Thạnh (Quận 9 cũ), Thành phố Thủ Đức, Tp Hồ Chí Minh",Thành phố Thủ Đức,Tp Hồ Chí Minh,10.801835,106.81432,Văn phòng/Mặt bằng,,,,,,,,,[],5,Duy Hoàng Land,,5.0,2026-09-17 14:29:46,https://nha.chotot.com/tin/178839348,2026-09-17T07:31:02.493642
894,KHAI TRƯƠNG ĐUPLEX 3🍠X ĐƯỜNG SỐ 1_NGUYỄN THỊ TÚ NHẬN XE ĐIỆN FULL NT,3700000,0.13214286,28 m²,"Phường Bình Hưng Hoà B, Quận Bình Tân, Tp Hồ Chí Minh",Quận Bình Tân,Tp Hồ Chí Minh,10.807803,106.59462,Căn hộ/Chung cư,3.0,1,1,,,2.0,4.0,1000000.0,[],11,Triệu an HiFriendz Tp ,,5.0,2026-09-17 14:29:46,https://nha.chotot.com/tin/178839353,2026-09-17T07:31:02.493818
895,Cần cho thuê nhà góc 2 Mặt Tiền 84A Phổ Quang P.2 Q.Tân Bình,30000000,0.3030303,99 m²,"Phường 2, Quận Tân Bình, Tp Hồ Chí Minh",Quận Tân Bình,Tp Hồ Chí Minh,10.806851,106.668365,Nhà ở,,5,5,4,,,1.0,60000000.0,[],6,Anh Thanh,,,2026-09-17 14:29:37,https://nha.chotot.com/tin/178839329,2026-09-17T07:31:02.493982
896,CHO THUÊ HẺM NGUYỄN VĂN TRỖI TÂN BÌNH | 12x15m siêu rộng,58000000,0.58,100 m²,"Phường 10, Quận Tân Bình, Tp Hồ Chí Minh",Quận Tân Bình,Tp Hồ Chí Minh,10.798557,106.67042,Đất,,,,,,,,116000000.0,[],8,Dung tr,,,2026-09-17 14:29:35,https://nha.chotot.com/tin/178839347,2026-09-17T07:31:02.494403
897,Bán nhà lầu đúc kiên cố hẻm xe hơi rộng đường Dương Bá Trạc P1 Q8 ,11800000000,245.83333,48 m²,"Phường 1, Quận 8, Tp Hồ Chí Minh",Quận 8,Tp Hồ Chí Minh,10.74418,106.69049,Nhà ở,,4,4,4,Nam,2.0,1.0,,[],3,Nguyễn Thìn ,,4.4,2026-09-17 14:29:34,https://nha.chotot.com/tin/178839333,2026-09-17T07:31:02.494614
898,"Chung cư Tecco Green - Phan Văn Hớn căn 2p ngủ , full NT, giá 7,3tr/th",7300000,0.1,73 m²,"Phường Tân Thới Nhất, Quận 12, Tp Hồ Chí Minh",Quận 12,Tp Hồ Chí Minh,10.82954,106.61561,Căn hộ/Chung cư,1.0,2,2,,,2.0,6.0,,[],6,Phí Linh,,,2026-09-17 14:29:29,https://nha.chotot.com/tin/178839257,2026-09-17T07:31:02.494792
899,"Bán nhà riêng 4mx18,3m",12300000000,169.65517,72.5 m²,"Phường Tân Sơn Nhì, Quận Tân Phú, Tp Hồ Chí Minh",Quận Tân Phú,Tp Hồ Chí Minh,10.796407,106.63215,Nhà ở,,1,,,,,,,[],3,Nguyễn Võ Châu Phát,,,2026-09-16 14:28:21,https://nha.chotot.com/tin/178817793,2026-09-17T07:31:02.494960
900,cho thuê,25000000,0.41666666,60 m²,"Phường 8, Quận 5, Tp Hồ Chí Minh",Quận 5,Tp Hồ Chí Minh,10.756033,106.671135,Nhà ở,,4,5,3,Đông,3.0,1.0,50000000.0,[],3,Phạm Ánh Lan,,5.0,2026-09-17 12:38:51,https://nha.chotot.com/tin/178836750,2026-09-17T07:31:02.495124
901,"BCONS ARIA TRẢ TRƯỚC CHỈ 5% CHIẾT KHẤU 8,5% HỖ TRỢ LS 6,9% TRONG 4 NĂM",2600000000,49.056602,53 m²,"Phường Đông Hòa, Thành phố Dĩ An, Bình Dương",Thành phố Dĩ An,Bình Dương,10.89115,106.8022,Căn hộ/Chung cư,1.0,2,2,37,Tây,3.0,4.0,,[],12,Huy Hoàng Bcons ,,,2026-08-25 09:52:10,https://nha.chotot.com/tin/178364490,2026-09-17T07:31:03.585234
902,"CHO THUÊ CĂN HỘ MỚI 2 PHÒNG NGỦ, DIỆN TÍCH 60M² ",13500000,0.20769231,65 m²,"Phường Khuê Mỹ, Quận Ngũ Hành Sơn, Đà Nẵng",Quận Ngũ Hành Sơn,Đà Nẵng,16.023426,108.2459,Căn hộ/Chung cư,2.0,2,,,,2.0,,,[],4,VANA,,,2026-09-17 14:30:06,https://nha.chotot.com/tin/178838887,2026-09-17T07:31:03.585586
903,Bán căn Hưng Phát Silver Star - sát vách sunrise reverside - 4.6ty,4350000000,41.037735,106 m²,"Xã Phước Kiển, Huyện Nhà Bè, Tp Hồ Chí Minh",Huyện Nhà Bè,Tp Hồ Chí Minh,10.70387,106.71276,Căn hộ/Chung cư,1.0,3,,,Tây Nam,2.0,6.0,,[],9,Vân,,4.8,2026-09-03 11:16:19,https://nha.chotot.com/tin/177025273,2026-09-17T07:31:03.585807
904,Cho thuê CC Garden gate 40m2 Offictel 1WC giá cực tốt chỉ 11tr/th ,11000000,0.31428573,35 m²,"Phường 9, Quận Phú Nhuận, Tp Hồ Chí Minh",Quận Phú Nhuận,Tp Hồ Chí Minh,10.80964,106.67425,Căn hộ/Chung cư,1.0,1,1,,,,,,[],3,Nguyễn Hoàng Toàn,,,2026-09-15 10:14:56,https://nha.chotot.com/tin/178787965,2026-09-17T07:31:03.586003
905,KHAI TRƯƠNG ĐUPLEX 3🍠X ĐƯỜNG SỐ 1_NGUYỄN THỊ TÚ NHẬN XE ĐIỆN FULL NT,3700000,0.13214286,28 m²,"Phường Bình Hưng Hoà B, Quận Bình Tân, Tp Hồ Chí Minh",Quận Bình Tân,Tp Hồ Chí Minh,10.807803,106.59462,Căn hộ/Chung cư,3.0,1,1,,,2.0,4.0,1000000.0,[],11,Triệu an HiFriendz Tp ,,5.0,2026-09-17 14:29:46,https://nha.chotot.com/tin/178839353,2026-09-17T07:31:03.586260
906,"Chung cư Tecco Green - Phan Văn Hớn căn 2p ngủ , full NT, giá 7,3tr/th",7300000,0.1,73 m²,"Phường Tân Thới Nhất, Quận 12, Tp Hồ Chí Minh",Quận 12,Tp Hồ Chí Minh,10.82954,106.61561,Căn hộ/Chung cư,1.0,2,2,,,2.0,6.0,,[],6,Phí Linh,,,2026-09-17 14:29:29,https://nha.chotot.com/tin/178839257,2026-09-17T07:31:03.586453
907,💥CHDV - FUL NT - 2PN - BALCONY THOÁNG ⚡️ PHAN ĐĂNG LƯU - BÙI ĐÌNH TUÝ 💥,7800000,0.111428574,70 m²,"Phường 1, Quận Bình Thạnh, Tp Hồ Chí Minh",Quận Bình Thạnh,Tp Hồ Chí Minh,10.802451,106.697495,Căn hộ/Chung cư,2.0,2,,,,,,,[],12,Lương Thanh Trúc,,,2026-09-12 21:54:42,https://nha.chotot.com/tin/178437508,2026-09-17T07:31:03.586658
908,"💥 HÀ ĐÔ CENTROSA – 2PN 2WC – NHÀ ĐẸP, FULL NỘI THẤT – Ở LIỀN CHỈ 22TR",22000000,0.25581396,86 m²,"Phường 12, Quận 10, Tp Hồ Chí Minh",Quận 10,Tp Hồ Chí Minh,10.7762,106.67889,Căn hộ/Chung cư,1.0,2,2,,,,,,[],12,Hoàng Dung,,4.5,2026-09-17 11:07:05,https://nha.chotot.com/tin/178834497,2026-09-17T07:31:03.586824
909,"CĂN HỘ MINI CAO CẤP MỚI 100%, FULL NỘI THẤT NGAY ẺMART PHAN HUY ÍCH",5000000,0.2,25 m²,"Phường 12, Quận Gò Vấp, Tp Hồ Chí Minh",Quận Gò Vấp,Tp Hồ Chí Minh,10.837349,106.636284,Căn hộ/Chung cư,2.0,1,1,,,1.0,4.0,5000000.0,[],12,Alo Ngoc Hoang,,5.0,2026-09-17 14:28:24,https://nha.chotot.com/tin/178839301,2026-09-17T07:31:03.587006
910,TÌM NỮ Ở GHÉP CĂN CHUNG CƯ 2PN,4500000,0.071428575,63 m²,"Phường Phú Thuận, Quận 7, Tp Hồ Chí Minh",Quận 7,Tp Hồ Chí Minh,10.722,106.7433,Căn hộ/Chung cư,1.0,2,2,,,2.0,4.0,4500000.0,[],7,Kim Thanh,,5.0,2026-09-17 14:28:16,https://nha.chotot.com/tin/178839296,2026-09-17T07:31:03.587177
911,Khách Cần Tiền Ra Di Căn 2PN Hiyori Siêu Mới,5200000000,83.870964,62 m²,"Phường An Hải Đông, Quận Sơn Trà, Đà Nẵng",Quận Sơn Trà,Đà Nẵng,16.06191,108.23652,Căn hộ/Chung cư,1.0,2,2,,,1.0,2.0,,[],11,Hồng Công,,,2026-09-17 14:26:46,https://nha.chotot.com/tin/171220229,2026-09-17T07:31:03.587354
912,⭐ RIVER PANORAMA CHO THUÊ 3PN2WC FULL NỘI THẤT VIEW ĐẸP CHỈ 19 TRIỆU,19000000,0.21111111,90 m²,"Phường Phú Mỹ, Quận 7, Tp Hồ Chí Minh",Quận 7,Tp Hồ Chí Minh,10.71422,106.73743,Căn hộ/Chung cư,1.0,3,2,,,2.0,6.0,,[],12,Huy,,5.0,2026-09-08 14:36:21,https://nha.chotot.com/tin/172861126,2026-09-17T07:31:03.587540
913,"THẢO ĐIỀN, QUẬN 2 🏡 CHO THUÊ CHDV CAO CẤP💘 1PN BAN CÔNG FULL NỘI THẤT",11000000,0.22,50 m²,"Phường Thảo Điền (Quận 2 cũ), Thành phố Thủ Đức, Tp Hồ Chí Minh",Thành phố Thủ Đức,Tp Hồ Chí Minh,10.803914,106.72912,Căn hộ/Chung cư,2.0,1,1,,Đông Bắc,1.0,4.0,11000000.0,[],11,Phương An Chuyên Căn Hộ Quận 2,,5.0,2026-09-11 14:06:45,https://nha.chotot.com/tin/177928071,2026-09-17T07:31:03.587739
914,CHDV FULL NỘI THẤT MỚI KENG GẦN MEGA MARKET Q12,3900000,0.156,25 m²,"Phường Tân Thới Hiệp, Quận 12, Tp Hồ Chí Minh",Quận 12,Tp Hồ Chí Minh,10.887289,106.64767,Căn hộ/Chung cư,2.0,1,1,4,,2.0,4.0,,[],10,Anh Tuấn Tìm Phòng,,5.0,2026-09-17 14:26:20,https://nha.chotot.com/tin/178839237,2026-09-17T07:31:03.587925
915,CHO THUÊ CĂN HỘ DUPLEX 2  GIƯỜNG NGỦ FULL NỘI THẤT CÓ CỬA SỔ THOÁNG,6000000,0.13333334,45 m²,"Phường 8, Thành phố Đà Lạt, Lâm Đồng",Thành phố Đà Lạt,Lâm Đồng,11.977858,108.45107,Căn hộ/Chung cư,3.0,1,1,,,,,,[],9,Quang gohome,,,2026-09-17 14:26:16,https://nha.chotot.com/tin/178839207,2026-09-17T07:31:03.588094
916,Khách Cần Tiền Bán Gấp Căn Ponte 1PN Stu View Biển Giá Cực Rẻ ,2700000000,103.84615,26 m²,"Phường An Hải Tây, Quận Sơn Trà, Đà Nẵng",Quận Sơn Trà,Đà Nẵng,16.059008,108.23034,Căn hộ/Chung cư,1.0,1,2,,Tây,4.0,6.0,,[],6,Hồng Công,,,2026-09-17 14:26:02,https://nha.chotot.com/tin/178096332,2026-09-17T07:31:03.588343
917,Bán Căn Hộ 2PN Toà A - Masteri Rivera Đà Nẵng,5700000000,91.935486,62 m²,"Phường Hòa Cường Nam, Quận Hải Châu, Đà Nẵng",Quận Hải Châu,Đà Nẵng,16.033035,108.225494,Căn hộ/Chung cư,1.0,2,2,39,Tây,2.0,6.0,,[],6,Hồng Công,,,2026-09-17 14:25:24,https://nha.chotot.com/tin/169931282,2026-09-17T07:31:03.588530
918,Căn hộ ban công Full nội thất ngay Trương Văn Bang thuận tiện qua sala,5800000,0.16571428,35 m²,"Phường Thạnh Mỹ Lợi (Quận 2 cũ), Thành phố Thủ Đức, Tp Hồ Chí Minh",Thành phố Thủ Đức,Tp Hồ Chí Minh,10.774195,106.75718,Căn hộ/Chung cư,2.0,1,1,,,2.0,4.0,6000000.0,[],11,Huỳnh Châu HiFriendz ,,5.0,2026-09-05 22:57:12,https://nha.chotot.com/tin/178592369,2026-09-17T07:31:03.588714
919,"CHO THUÊ  CHUNG CƯ TẠI PHỐ TU HOÀNG, NHỔN - 58M2, 2 NGỦ, ĐỦ ĐỒ-  5TR",5000000,0.0862069,58 m²,"Phường Phương Canh, Quận Nam Từ Liêm, Hà Nội",Quận Nam Từ Liêm,Hà Nội,21.053297,105.73126,Căn hộ/Chung cư,1.0,2,1,,,2.0,,,[],3,NGÔ THÚY,,,2026-09-17 14:24:32,https://nha.chotot.com/tin/178839180,2026-09-17T07:31:03.588875
920,"the Sun Avenue 2Pn 5,8 tỷ 65m",5800000000,89.23077,65 m²,"Phường An Phú (Quận 2 cũ), Thành phố Thủ Đức, Tp Hồ Chí Minh",Thành phố Thủ Đức,Tp Hồ Chí Minh,10.79675,106.75218,Căn hộ/Chung cư,1.0,2,,,,,,,[],3,Nguyễn Văn Hậu,,,2026-09-16 08:47:07,https://nha.chotot.com/tin/178808741,2026-09-17T07:31:03.589039
921,"BÁN GẤP NHÀ KQH HOÀNG DIỆU PHƯỜNG CAM LY ĐÀ LẠT CHỈ 5,4 TỶ",5400000000,120.0,45 m²,"Phường 5, Thành phố Đà Lạt, Lâm Đồng",Thành phố Đà Lạt,Lâm Đồng,11.942885,108.427925,Nhà ở,,3,2,3,Tây Bắc,3.0,,,[],4,Tô Hoàng Phương Trinh,,,2026-09-15 15:32:14,https://nha.chotot.com/tin/178796817,2026-09-17T07:31:04.731416
922,Nhà mới DT:4x9m 2 Tầng 2pn 2wc hẻm 1942 Huỳnh Tấn Phát,1960000000,61.25,32 m²,"Thị trấn Nhà Bè, Huyện Nhà Bè, Tp Hồ Chí Minh",Huyện Nhà Bè,Tp Hồ Chí Minh,10.698072,106.738914,Nhà ở,,2,,2,,,,,[],11,Nam Phú Gia,,,2026-09-06 06:52:42,https://nha.chotot.com/tin/178593726,2026-09-17T07:31:04.731753
923,Nhà Lầu 4 Tầng Hẻm Oto Xây Mới 100% Âu Dương Lân P2 Q8,8600000000,204.7619,42 m²,"Phường 2, Quận 8, Tp Hồ Chí Minh",Quận 8,Tp Hồ Chí Minh,10.742134,106.685104,Nhà ở,,4,3,4,,2.0,1.0,,[],8,Phạm Quốc Thắng,,,2026-09-17 14:29:58,https://nha.chotot.com/tin/178839361,2026-09-17T07:31:04.731945
924,"Cho Thuê Biệt Thự Nam Thông PMH Q7 - 450m2, 5PN, Đường 20m",70000000,0.15555556,450 m²,"Phường Tân Phong, Quận 7, Tp Hồ Chí Minh",Quận 7,Tp Hồ Chí Minh,10.73019,106.70033,Nhà ở,,5,4,5,,,,,[],12,Thuỷ Trần,,,2026-08-31 09:55:18,https://nha.chotot.com/tin/178484863,2026-09-17T07:31:04.732115
925,Cần cho thuê nhà góc 2 Mặt Tiền 84A Phổ Quang P.2 Q.Tân Bình,30000000,0.3030303,99 m²,"Phường 2, Quận Tân Bình, Tp Hồ Chí Minh",Quận Tân Bình,Tp Hồ Chí Minh,10.806851,106.668365,Nhà ở,,5,5,4,,,1.0,60000000.0,[],6,Anh Thanh,,,2026-09-17 14:29:37,https://nha.chotot.com/tin/178839329,2026-09-17T07:31:04.732338
926,Bán nhà lầu đúc kiên cố hẻm xe hơi rộng đường Dương Bá Trạc P1 Q8 ,11800000000,245.83333,48 m²,"Phường 1, Quận 8, Tp Hồ Chí Minh",Quận 8,Tp Hồ Chí Minh,10.74418,106.69049,Nhà ở,,4,4,4,Nam,2.0,1.0,,[],3,Nguyễn Thìn ,,4.4,2026-09-17 14:29:34,https://nha.chotot.com/tin/178839333,2026-09-17T07:31:04.732540
927,"Bán nhà riêng 4mx18,3m",12300000000,169.65517,72.5 m²,"Phường Tân Sơn Nhì, Quận Tân Phú, Tp Hồ Chí Minh",Quận Tân Phú,Tp Hồ Chí Minh,10.796407,106.63215,Nhà ở,,1,,,,,,,[],3,Nguyễn Võ Châu Phát,,,2026-09-16 14:28:21,https://nha.chotot.com/tin/178817793,2026-09-17T07:31:04.732751
928,cho thuê,25000000,0.41666666,60 m²,"Phường 8, Quận 5, Tp Hồ Chí Minh",Quận 5,Tp Hồ Chí Minh,10.756033,106.671135,Nhà ở,,4,5,3,Đông,3.0,1.0,50000000.0,[],3,Phạm Ánh Lan,,5.0,2026-09-17 12:38:51,https://nha.chotot.com/tin/178836750,2026-09-17T07:31:04.732939
929,cho thuê nhà 2 tầng đường phan thanh sát đại học duy tân,11000000,0.22,50 m²,"Phường Thạc Gián, Quận Thanh Khê, Đà Nẵng",Quận Thanh Khê,Đà Nẵng,16.063013,108.208755,Nhà ở,,3,3,2,,1.0,,,[],10,Đại tuấn,,,2026-09-17 14:29:11,https://nha.chotot.com/tin/178839312,2026-09-17T07:31:04.733096
930,Nhà riêng ngõ 31 phố mai động gần đền lừ dt40m2x4t giá 10tr,10000000,0.25,40 m²,"Phường Mai Động, Quận Hoàng Mai, Hà Nội",Quận Hoàng Mai,Hà Nội,20.988625,105.86115,Nhà ở,,4,3,4,Đông,2.0,1.0,10000000.0,[],6,phạm minh chính,,,2026-09-10 10:59:00,https://nha.chotot.com/tin/178378145,2026-09-17T07:31:04.733253
931,bán nhà mặt tiền kinh doanh đường Trương Vĩnh Nguyên,5600000000,19.928825,281 m²,"Phường Phú Thứ, Quận Cái Răng, Cần Thơ",Quận Cái Răng,Cần Thơ,9.982768,105.78676,Nhà ở,,1,2,1,Đông Bắc,3.0,1.0,,[],5,Nguyen Tien Tai,,,2026-09-16 14:28:22,https://nha.chotot.com/tin/178149394,2026-09-17T07:31:04.733405
932,"Bán biệt thự 2 lầu áp mái P. Thạnh Mỹ Tây, TP.HCM giá 43 tỷ",43000000000,511.90475,84 m²,"Phường 12, Quận 3, Tp Hồ Chí Minh",Quận 3,Tp Hồ Chí Minh,10.789393,106.675064,Nhà ở,,1,,,,,,,[],3,vũ thành,,,2026-09-17 14:28:31,https://nha.chotot.com/tin/178839248,2026-09-17T07:31:04.733731
933,"Bán gấp nhà 1 lầu, sân thượng, 76m2, hẻm 5m vị trí hẻm 477/ Mã Lò",6950000000,91.447365,76 m²,"Phường Bình Hưng Hoà A, Quận Bình Tân, Tp Hồ Chí Minh",Quận Bình Tân,Tp Hồ Chí Minh,10.7823,106.59924,Nhà ở,,2,,2,,,,,[],3, Vương Nguyễn,,5.0,2026-09-17 14:28:31,https://nha.chotot.com/tin/178839292,2026-09-17T07:31:04.733996
934,"Bán nhà mới khu đường bàn cờ thông 6m Đường Số 28, 4,5x15m, lửng,3 lầu",9500000000,158.33333,60 m²,"Phường 6, Quận Gò Vấp, Tp Hồ Chí Minh",Quận Gò Vấp,Tp Hồ Chí Minh,10.838439,106.6817,Nhà ở,,4,5,4,,,1.0,,[],8,TRUONG TAM,,,2026-09-17 14:28:04,https://nha.chotot.com/tin/175260106,2026-09-17T07:31:04.734179
935,Gần Trường Lý Tự Trọng GV - Hẻm Ôtô - Nhà mới xây 4 Tầng 4PN - KQH KLG,6680000000,151.81818,44 m²,"Phường 15, Quận Gò Vấp, Tp Hồ Chí Minh",Quận Gò Vấp,Tp Hồ Chí Minh,10.847257,106.669334,Nhà ở,,4,4,4,,,1.0,,[],12,Lý Ngọc Thanh,,,2026-09-13 13:07:56,https://nha.chotot.com/tin/178748929,2026-09-17T07:31:04.734343
936,"NHÀ MỚI ĐẸP, HẺM TẢI 1T2L 4PN NGAY PHẠM VĂN ĐỒNG",14000000,0.23333333,60 m²,"Phường Linh Tây (Quận Thủ Đức cũ), Thành phố Thủ Đức, Tp Hồ Chí Minh",Thành phố Thủ Đức,Tp Hồ Chí Minh,10.852818,106.75241,Nhà ở,,4,3,,,,,28000000.0,[],9,NHẤT NHÀ ĐẤT,,5.0,2026-09-11 11:23:04,https://nha.chotot.com/tin/178707503,2026-09-17T07:31:04.734613
937,🏠 CHO THUÊ NHÀ NGUYÊN CĂN LÀM VĂN PHÒNG – THỦ ĐỨC,18000000,0.12,150 m²,"Phường Trường Thọ (Quận Thủ Đức cũ), Thành phố Thủ Đức, Tp Hồ Chí Minh",Thành phố Thủ Đức,Tp Hồ Chí Minh,10.831532,106.757996,Nhà ở,,4,,,,,,,[],3,Đăng Quang Rental,,,2026-09-17 14:27:44,https://nha.chotot.com/tin/178478419,2026-09-17T07:31:04.734776
938,cần tiền bán gấp,5100000000,85.0,60 m²,"Phường Dĩ An, Thành phố Dĩ An, Bình Dương",Thành phố Dĩ An,Bình Dương,10.904065,106.75859,Nhà ở,,3,2,2,,2.0,1.0,,[],4,An Tam,,4.0,2026-09-17 14:27:32,https://nha.chotot.com/tin/178838974,2026-09-17T07:31:04.734942
939,"🔥Cho thuê nhà gần ĐH Ngân Hàng, Thủ Đức, 80m², 3PN, chỉ 8 triệu",8000000,0.1,80 m²,"Phường Linh Chiểu (Quận Thủ Đức cũ), Thành phố Thủ Đức, Tp Hồ Chí Minh",Thành phố Thủ Đức,Tp Hồ Chí Minh,10.854226,106.76946,Nhà ở,,3,,,,,,,[],5,Đăng Quang Rental,,,2026-09-17 14:27:19,https://nha.chotot.com/tin/178378958,2026-09-17T07:31:04.735122
940,💐 nhà cho thuê hương lộ 2. Phường Bình Trị Đông A Bình Tân,13000000,0.203125,64 m²,"Phường Bình Trị Đông A, Quận Bình Tân, Tp Hồ Chí Minh",Quận Bình Tân,Tp Hồ Chí Minh,10.766734,106.60688,Nhà ở,,5,3,,,,,,[],6,MS Tánh Chuyên Mua Bán Cho Thuê Nhà Quận  Bình Tân,,,2026-09-17 14:27:15,https://nha.chotot.com/tin/178829961,2026-09-17T07:31:04.735286
941,"HIẾM!!!! - Hẻm Sư Vạn Hạnh, P12, Q.10 - 5x20m, 4 Tầng, 400m2",38000000,0.38,100 m²,"Phường 12, Quận 10, Tp Hồ Chí Minh",Quận 10,Tp Hồ Chí Minh,10.775027,106.667755,Đất,,,,4,,,,,[],9,Ngô Thanh Hùng,,,2026-09-17 14:30:13,https://nha.chotot.com/tin/178839362,2026-09-17T07:31:06.025380
942,CHO THUÊ HẺM NGUYỄN VĂN TRỖI TÂN BÌNH | 12x15m siêu rộng,58000000,0.58,100 m²,"Phường 10, Quận Tân Bình, Tp Hồ Chí Minh",Quận Tân Bình,Tp Hồ Chí Minh,10.798557,106.67042,Đất,,,,,,,,116000000.0,[],8,Dung tr,,,2026-09-17 14:29:35,https://nha.chotot.com/tin/178839347,2026-09-17T07:31:06.025715
943,"Cho thuê nhà phố 5 tầng có thang máy, rèm đường D9",45000000,0.53571427,84 m²,"Phường Long Bình (Quận 9 cũ), Thành phố Thủ Đức, Tp Hồ Chí Minh",Thành phố Thủ Đức,Tp Hồ Chí Minh,10.84805,106.83874,Đất,,,,5,,3.0,1.0,,[],4,DUY HOMES,,,2026-09-09 09:41:13,https://nha.chotot.com/tin/178661906,2026-09-17T07:31:06.025911
944,"Cho thuê vp phố nguyên hồng,đống đa,dt 68m2,giá 13tr/tháng",13000000,0.19117647,68 m²,"Phường Láng Hạ, Quận Đống Đa, Hà Nội",Quận Đống Đa,Hà Nội,21.015743,105.80971,Đất,,,,8,,1.0,1.0,,[],5,Đào Thành Lân,,,2026-09-17 14:27:34,https://nha.chotot.com/tin/178839277,2026-09-17T07:31:06.026091
945,🔥 CHO THUÊ BIỆT THỰ SÂN VƯỜN NGUYỄN VĂN TRỖI – NGANG 12M – GIÁ 59TR/TH,59000000,0.118,500 m²,"Phường 10, Quận Phú Nhuận, Tp Hồ Chí Minh",Quận Phú Nhuận,Tp Hồ Chí Minh,10.798557,106.67042,Đất,,,,,,,,150000000.0,[],7,Kiều Hằng,,,2026-09-17 14:27:01,https://nha.chotot.com/tin/178839254,2026-09-17T07:31:06.026282
946,Cho thuê kho 1200m QL1A Tam Bình chỉ 75k,90000000,0.075,1200 m²,"Phường Tam Bình (Quận Thủ Đức cũ), Thành phố Thủ Đức, Tp Hồ Chí Minh",Thành phố Thủ Đức,Tp Hồ Chí Minh,10.871881,106.739655,Đất,,,,,,,,3.0,[],3,Anhthe,,4.0,2026-09-14 18:07:53,https://nha.chotot.com/tin/178775394,2026-09-17T07:31:06.026467
947,BIỆT THỰ SÂN VƯỜN KHU TỔ HỢP F&B VÀ ĐA NGÀNH NGHỀ TRUNG TÂM QUẬN 3 ,115000000,0.34848484,330 m²,"Phường Võ Thị Sáu, Quận 3, Tp Hồ Chí Minh",Quận 3,Tp Hồ Chí Minh,10.788824,106.690765,Đất,,,,,,,,,[],9,Yến Ngọc,,,2026-09-17 14:25:23,https://nha.chotot.com/tin/178839200,2026-09-17T07:31:06.026870
948,🍑Đoạn Đẹp NGUYỄN GIA TRÍ - 4x25m (Trệt 2 Lầu)🍑,65000000,0.21666667,300 m²,"Phường 25, Quận Bình Thạnh, Tp Hồ Chí Minh",Quận Bình Thạnh,Tp Hồ Chí Minh,10.810227,106.71722,Đất,,,,,,,,,[],6,Nhà Phố Cho Thuê,,,2026-09-17 14:24:57,https://nha.chotot.com/tin/175622468,2026-09-17T07:31:06.027069
949,"🌟10x15m - TRẦN QUỐC TOẢN, Quận 3🌟 Trệt 2 Lầu",60000000,0.13333334,450 m²,"Phường Võ Thị Sáu, Quận 3, Tp Hồ Chí Minh",Quận 3,Tp Hồ Chí Minh,10.78659,106.68779,Đất,,,,,,,,,[],4,Nhà Phố Cho Thuê,,,2026-09-17 14:24:26,https://nha.chotot.com/tin/175903201,2026-09-17T07:31:06.027325
950,cho thuê 100m văn phòng giá 30 tr,30000000,0.3,100 m²,"Phường An Khánh (Quận 2 cũ), Thành phố Thủ Đức, Tp Hồ Chí Minh",Thành phố Thủ Đức,Tp Hồ Chí Minh,10.79159,106.73052,Đất,,,,,,,,60000000.0,[],3,Nguyễn Văn Hậu,,,2026-09-05 13:44:09,https://nha.chotot.com/tin/178581677,2026-09-17T07:31:06.027585
951,CHO THUÊ TÒA NHÀ VĂN PHÒNG NGUYỄN VĂN TRỖI NGAY NGÃ TƯ PHÚ NHUẬN,130000000,0.096296296,1350 m²,"Phường 10, Quận Phú Nhuận, Tp Hồ Chí Minh",Quận Phú Nhuận,Tp Hồ Chí Minh,10.798557,106.67042,Đất,,,,,,,,,[],3,Anh Đào,,,2026-09-12 11:08:02,https://nha.chotot.com/tin/178727010,2026-09-17T07:31:06.027770
952,Mặt bằng đẹp Hồ Văn Huê 30m2,7490000,0.24966666,30 m²,"Phường 9, Quận Phú Nhuận, Tp Hồ Chí Minh",Quận Phú Nhuận,Tp Hồ Chí Minh,10.80251,106.67629,Đất,,,,,,,,7490000.0,[],7,NGUYỄN THỊ ANH THƯ,,,2026-09-06 15:25:13,https://nha.chotot.com/tin/178603931,2026-09-17T07:31:06.027946
953,"🇻🇳SHOPHOUSE 3 TẦNG MẶT TIỀN MÊ LINH | GẦN ORI, KCN HÒA KHÁNH",14000000,0.11666667,120 m²,"Phường Hòa Hiệp Nam, Quận Liên Chiểu, Đà Nẵng",Quận Liên Chiểu,Đà Nẵng,16.09171,108.12595,Đất,,04,,3,,,,,[],10,Ngô Văn Cảnh,,4.4,2026-09-17 14:22:04,https://nha.chotot.com/tin/178839109,2026-09-17T07:31:06.028113
954,🔥 HẺM XE HƠI  HUỲNH VĂN BÁNH – PHÚ NHUẬN | 4PN – 4WC | CHỈ 2x,23000000,0.23,100 m²,"Phường 10, Quận Phú Nhuận, Tp Hồ Chí Minh",Quận Phú Nhuận,Tp Hồ Chí Minh,10.791831,106.671616,Đất,,4,,,,,,46000000.0,[],6,Dung tr,,,2026-09-17 14:21:51,https://nha.chotot.com/tin/178839122,2026-09-17T07:31:06.028280
955,"Măt tiền Nguyễn Cư Trinh, Quận 1 (Ngang 17m)",90000000,0.45,200 m²,"Phường Nguyễn Cư Trinh, Quận 1, Tp Hồ Chí Minh",Quận 1,Tp Hồ Chí Minh,10.763458,106.68884,Đất,,,,,,,,,[],5,Nhà Phố Cho Thuê,,,2026-09-17 14:21:14,https://nha.chotot.com/tin/178280784,2026-09-17T07:31:06.028452
956,"🔥GÓC 2MT - NGUYỄN TRÃI, Bến Thành, Q1🔥400m2 sử dụng",150000000,0.375,400 m²,"Phường Bến Thành, Quận 1, Tp Hồ Chí Minh",Quận 1,Tp Hồ Chí Minh,10.771166,106.68731,Đất,,,,,,,,,[],4,Nhà Phố Cho Thuê,,,2026-09-17 14:20:35,https://nha.chotot.com/tin/175556911,2026-09-17T07:31:06.028715
957,CHO THUÊ TÒA NHÀ 2 MẶT TIỀN VÕ VĂN NGÂN DT 12M X 36M TP THỦ ĐỨC,100000000,0.07692308,1300 m²,"Phường Bình Thọ (Quận Thủ Đức cũ), Thành phố Thủ Đức, Tp Hồ Chí Minh",Thành phố Thủ Đức,Tp Hồ Chí Minh,10.850573,106.76223,Đất,,,,,,,1.0,,[],3,Oanh Home,,,2026-09-17 14:20:21,https://nha.chotot.com/tin/178262159,2026-09-17T07:31:06.028953
958,"🔥 CHO THUÊ TẦNG 7 160m2 – 104A XUÂN THUỶ, THẢO ĐIỀN, Q2 🔥",50000000,0.3125,160 m²,"Phường Thảo Điền (Quận 2 cũ), Thành phố Thủ Đức, Tp Hồ Chí Minh",Thành phố Thủ Đức,Tp Hồ Chí Minh,10.803889,106.73543,Đất,,,,,,,,150000000.0,[],8,Kiều Hằng,,,2026-09-17 14:18:58,https://nha.chotot.com/tin/178839027,2026-09-17T07:31:06.029134
959,Cho thuê  Shophouse Panorama Phú Mỹ Hưng 2 tầng 50tr/th,50000000,0.35460994,141 m²,"Phường Tân Phong, Quận 7, Tp Hồ Chí Minh",Quận 7,Tp Hồ Chí Minh,10.72168,106.71284,Đất,,,,2,Tây Nam,,1.0,,[],7,Dân,,,2026-09-17 14:18:55,https://nha.chotot.com/tin/177011854,2026-09-17T07:31:06.029383
960,Kho trống VIEW SÔNG 235/50A Đặng Thùy Trâm. DT 8X20M.,20000000,0.125,160 m²,"Phường 13, Quận Bình Thạnh, Tp Hồ Chí Minh",Quận Bình Thạnh,Tp Hồ Chí Minh,10.824377,106.70332,Đất,,,,,,2.0,1.0,,[],3,Anh Dũng,,4.0,2026-09-17 14:17:42,https://nha.chotot.com/tin/167862234,2026-09-17T07:31:06.029606
961,KHAI TRƯƠNG PHÒNG TRỌ SINH VIÊN GIÁ RẺ NGAY ĐH CÔNG THƯƠNG TÂN PHÚ,3500000,0.14,25 m²,"Phường Tân Sơn Nhì, Quận Tân Phú, Tp Hồ Chí Minh",Quận Tân Phú,Tp Hồ Chí Minh,10.801903,106.625885,Phòng trọ,,,,,,,,3500000.0,[],5,Kiều Oanh NeWay Home ,,5.0,2026-09-17 14:30:15,https://nha.chotot.com/tin/178453357,2026-09-17T07:31:06.905454
962,"HIẾM!!!! - Hẻm Sư Vạn Hạnh, P12, Q.10 - 5x20m, 4 Tầng, 400m2",38000000,0.38,100 m²,"Phường 12, Quận 10, Tp Hồ Chí Minh",Quận 10,Tp Hồ Chí Minh,10.775027,106.667755,Đất,,,,4,,,,,[],9,Ngô Thanh Hùng,,,2026-09-17 14:30:13,https://nha.chotot.com/tin/178839362,2026-09-17T07:31:06.905819
963,Bán Đất Lô Góc Võ Văn Vân giá cực tốt,4190000000,37.410713,112 m²,"Xã Vĩnh Lộc B, Huyện Bình Chánh, Tp Hồ Chí Minh",Huyện Bình Chánh,Tp Hồ Chí Minh,10.773623,106.57547,Văn phòng/Mặt bằng,,,,,,,1.0,,[],6,Thanh Hưng,,3.4,2026-09-09 18:08:26,https://nha.chotot.com/tin/178674907,2026-09-17T07:31:06.906029
964,"BCONS ARIA TRẢ TRƯỚC CHỈ 5% CHIẾT KHẤU 8,5% HỖ TRỢ LS 6,9% TRONG 4 NĂM",2600000000,49.056602,53 m²,"Phường Đông Hòa, Thành phố Dĩ An, Bình Dương",Thành phố Dĩ An,Bình Dương,10.89115,106.8022,Căn hộ/Chung cư,1.0,2,2,37,Tây,3.0,4.0,,[],12,Huy Hoàng Bcons ,,,2026-08-25 09:52:10,https://nha.chotot.com/tin/178364490,2026-09-17T07:31:06.906221
965,"CHO THUÊ CĂN HỘ MỚI 2 PHÒNG NGỦ, DIỆN TÍCH 60M² ",13500000,0.20769231,65 m²,"Phường Khuê Mỹ, Quận Ngũ Hành Sơn, Đà Nẵng",Quận Ngũ Hành Sơn,Đà Nẵng,16.023426,108.2459,Căn hộ/Chung cư,2.0,2,,,,2.0,,,[],4,VANA,,,2026-09-17 14:30:06,https://nha.chotot.com/tin/178838887,2026-09-17T07:31:06.906469
966,Bán căn Hưng Phát Silver Star - sát vách sunrise reverside - 4.6ty,4350000000,41.037735,106 m²,"Xã Phước Kiển, Huyện Nhà Bè, Tp Hồ Chí Minh",Huyện Nhà Bè,Tp Hồ Chí Minh,10.70387,106.71276,Căn hộ/Chung cư,1.0,3,,,Tây Nam,2.0,6.0,,[],9,Vân,,4.8,2026-09-03 11:16:19,https://nha.chotot.com/tin/177025273,2026-09-17T07:31:06.906685
967,Nhà mới DT:4x9m 2 Tầng 2pn 2wc hẻm 1942 Huỳnh Tấn Phát,1960000000,61.25,32 m²,"Thị trấn Nhà Bè, Huyện Nhà Bè, Tp Hồ Chí Minh",Huyện Nhà Bè,Tp Hồ Chí Minh,10.698072,106.738914,Nhà ở,,2,,2,,,,,[],11,Nam Phú Gia,,,2026-09-06 06:52:42,https://nha.chotot.com/tin/178593726,2026-09-17T07:31:06.906876
968,Cho thuê CC Garden gate 40m2 Offictel 1WC giá cực tốt chỉ 11tr/th ,11000000,0.31428573,35 m²,"Phường 9, Quận Phú Nhuận, Tp Hồ Chí Minh",Quận Phú Nhuận,Tp Hồ Chí Minh,10.80964,106.67425,Căn hộ/Chung cư,1.0,1,1,,,,,,[],3,Nguyễn Hoàng Toàn,,,2026-09-15 10:14:56,https://nha.chotot.com/tin/178787965,2026-09-17T07:31:06.907048
969,🏡Khai Trương Ký túc xá ngay ngã tư Hàng xanh đầy đủ tiện nghi 🎉KTX,1700000,0.04857143,35 m²,"Phường 25, Quận Bình Thạnh, Tp Hồ Chí Minh",Quận Bình Thạnh,Tp Hồ Chí Minh,10.802271,106.71938,Phòng trọ,,,,,,,,1700000.0,[],4,LQ Vinhomes,,,2026-08-24 10:56:00,https://nha.chotot.com/tin/163698886,2026-09-17T07:31:06.907222
970,Nhà Lầu 4 Tầng Hẻm Oto Xây Mới 100% Âu Dương Lân P2 Q8,8600000000,204.7619,42 m²,"Phường 2, Quận 8, Tp Hồ Chí Minh",Quận 8,Tp Hồ Chí Minh,10.742134,106.685104,Nhà ở,,4,3,4,,2.0,1.0,,[],8,Phạm Quốc Thắng,,,2026-09-17 14:29:58,https://nha.chotot.com/tin/178839361,2026-09-17T07:31:06.907390
971,Lô đất 2500m thổ cư mặt tiền Hồ khu Biệt thự nghỉ dưỡng,4000000000,1.6891892,2368 m²,"Xã Đinh Lạc, Huyện Di Linh, Lâm Đồng",Huyện Di Linh,Lâm Đồng,11.63063,108.13101,Văn phòng/Mặt bằng,,,,,,,1.0,,[],4,Nguyễn Anh Sang,,4.1,2026-09-17 14:29:58,https://nha.chotot.com/tin/178141305,2026-09-17T07:31:06.907574
972,"Cho Thuê Biệt Thự Nam Thông PMH Q7 - 450m2, 5PN, Đường 20m",70000000,0.15555556,450 m²,"Phường Tân Phong, Quận 7, Tp Hồ Chí Minh",Quận 7,Tp Hồ Chí Minh,10.73019,106.70033,Nhà ở,,5,4,5,,,,,[],12,Thuỷ Trần,,,2026-08-31 09:55:18,https://nha.chotot.com/tin/178484863,2026-09-17T07:31:06.907741
973,"MẶT TIỀN ĐƯỜNG SỐ 6 – LÒ LU, TRƯỜNG THẠNH, TP. THỦ ĐỨC",4680000000,53.793102,87 m²,"Phường Trường Thạnh (Quận 9 cũ), Thành phố Thủ Đức, Tp Hồ Chí Minh",Thành phố Thủ Đức,Tp Hồ Chí Minh,10.801835,106.81432,Văn phòng/Mặt bằng,,,,,,,,,[],5,Duy Hoàng Land,,5.0,2026-09-17 14:29:46,https://nha.chotot.com/tin/178839348,2026-09-17T07:31:06.907896
974,KHAI TRƯƠNG ĐUPLEX 3🍠X ĐƯỜNG SỐ 1_NGUYỄN THỊ TÚ NHẬN XE ĐIỆN FULL NT,3700000,0.13214286,28 m²,"Phường Bình Hưng Hoà B, Quận Bình Tân, Tp Hồ Chí Minh",Quận Bình Tân,Tp Hồ Chí Minh,10.807803,106.59462,Căn hộ/Chung cư,3.0,1,1,,,2.0,4.0,1000000.0,[],11,Triệu an HiFriendz Tp ,,5.0,2026-09-17 14:29:46,https://nha.chotot.com/tin/178839353,2026-09-17T07:31:06.908063
975,Cần cho thuê nhà góc 2 Mặt Tiền 84A Phổ Quang P.2 Q.Tân Bình,30000000,0.3030303,99 m²,"Phường 2, Quận Tân Bình, Tp Hồ Chí Minh",Quận Tân Bình,Tp Hồ Chí Minh,10.806851,106.668365,Nhà ở,,5,5,4,,,1.0,60000000.0,[],6,Anh Thanh,,,2026-09-17 14:29:37,https://nha.chotot.com/tin/178839329,2026-09-17T07:31:06.908222
976,CHO THUÊ HẺM NGUYỄN VĂN TRỖI TÂN BÌNH | 12x15m siêu rộng,58000000,0.58,100 m²,"Phường 10, Quận Tân Bình, Tp Hồ Chí Minh",Quận Tân Bình,Tp Hồ Chí Minh,10.798557,106.67042,Đất,,,,,,,,116000000.0,[],8,Dung tr,,,2026-09-17 14:29:35,https://nha.chotot.com/tin/178839347,2026-09-17T07:31:06.908453
977,Bán nhà lầu đúc kiên cố hẻm xe hơi rộng đường Dương Bá Trạc P1 Q8 ,11800000000,245.83333,48 m²,"Phường 1, Quận 8, Tp Hồ Chí Minh",Quận 8,Tp Hồ Chí Minh,10.74418,106.69049,Nhà ở,,4,4,4,Nam,2.0,1.0,,[],3,Nguyễn Thìn ,,4.4,2026-09-17 14:29:34,https://nha.chotot.com/tin/178839333,2026-09-17T07:31:06.908669
978,"Chung cư Tecco Green - Phan Văn Hớn căn 2p ngủ , full NT, giá 7,3tr/th",7300000,0.1,73 m²,"Phường Tân Thới Nhất, Quận 12, Tp Hồ Chí Minh",Quận 12,Tp Hồ Chí Minh,10.82954,106.61561,Căn hộ/Chung cư,1.0,2,2,,,2.0,6.0,,[],6,Phí Linh,,,2026-09-17 14:29:29,https://nha.chotot.com/tin/178839257,2026-09-17T07:31:06.908846
979,"Bán nhà riêng 4mx18,3m",12300000000,169.65517,72.5 m²,"Phường Tân Sơn Nhì, Quận Tân Phú, Tp Hồ Chí Minh",Quận Tân Phú,Tp Hồ Chí Minh,10.796407,106.63215,Nhà ở,,1,,,,,,,[],3,Nguyễn Võ Châu Phát,,,2026-09-16 14:28:21,https://nha.chotot.com/tin/178817793,2026-09-17T07:31:06.909020
980,cho thuê,25000000,0.41666666,60 m²,"Phường 8, Quận 5, Tp Hồ Chí Minh",Quận 5,Tp Hồ Chí Minh,10.756033,106.671135,Nhà ở,,4,5,3,Đông,3.0,1.0,50000000.0,[],3,Phạm Ánh Lan,,5.0,2026-09-17 12:38:51,https://nha.chotot.com/tin/178836750,2026-09-17T07:31:06.909232
981,"BCONS ARIA TRẢ TRƯỚC CHỈ 5% CHIẾT KHẤU 8,5% HỖ TRỢ LS 6,9% TRONG 4 NĂM",2600000000,49.056602,53 m²,"Phường Đông Hòa, Thành phố Dĩ An, Bình Dương",Thành phố Dĩ An,Bình Dương,10.89115,106.8022,Căn hộ/Chung cư,1.0,2,2,37,Tây,3.0,4.0,,[],12,Huy Hoàng Bcons ,,,2026-08-25 09:52:10,https://nha.chotot.com/tin/178364490,2026-09-17T07:31:07.929064
982,"CHO THUÊ CĂN HỘ MỚI 2 PHÒNG NGỦ, DIỆN TÍCH 60M² ",13500000,0.20769231,65 m²,"Phường Khuê Mỹ, Quận Ngũ Hành Sơn, Đà Nẵng",Quận Ngũ Hành Sơn,Đà Nẵng,16.023426,108.2459,Căn hộ/Chung cư,2.0,2,,,,2.0,,,[],4,VANA,,,2026-09-17 14:30:06,https://nha.chotot.com/tin/178838887,2026-09-17T07:31:07.929371
983,Bán căn Hưng Phát Silver Star - sát vách sunrise reverside - 4.6ty,4350000000,41.037735,106 m²,"Xã Phước Kiển, Huyện Nhà Bè, Tp Hồ Chí Minh",Huyện Nhà Bè,Tp Hồ Chí Minh,10.70387,106.71276,Căn hộ/Chung cư,1.0,3,,,Tây Nam,2.0,6.0,,[],9,Vân,,4.8,2026-09-03 11:16:19,https://nha.chotot.com/tin/177025273,2026-09-17T07:31:07.929618
984,Cho thuê CC Garden gate 40m2 Offictel 1WC giá cực tốt chỉ 11tr/th ,11000000,0.31428573,35 m²,"Phường 9, Quận Phú Nhuận, Tp Hồ Chí Minh",Quận Phú Nhuận,Tp Hồ Chí Minh,10.80964,106.67425,Căn hộ/Chung cư,1.0,1,1,,,,,,[],3,Nguyễn Hoàng Toàn,,,2026-09-15 10:14:56,https://nha.chotot.com/tin/178787965,2026-09-17T07:31:07.929819
985,KHAI TRƯƠNG ĐUPLEX 3🍠X ĐƯỜNG SỐ 1_NGUYỄN THỊ TÚ NHẬN XE ĐIỆN FULL NT,3700000,0.13214286,28 m²,"Phường Bình Hưng Hoà B, Quận Bình Tân, Tp Hồ Chí Minh",Quận Bình Tân,Tp Hồ Chí Minh,10.807803,106.59462,Căn hộ/Chung cư,3.0,1,1,,,2.0,4.0,1000000.0,[],11,Triệu an HiFriendz Tp ,,5.0,2026-09-17 14:29:46,https://nha.chotot.com/tin/178839353,2026-09-17T07:31:07.930235
986,"Chung cư Tecco Green - Phan Văn Hớn căn 2p ngủ , full NT, giá 7,3tr/th",7300000,0.1,73 m²,"Phường Tân Thới Nhất, Quận 12, Tp Hồ Chí Minh",Quận 12,Tp Hồ Chí Minh,10.82954,106.61561,Căn hộ/Chung cư,1.0,2,2,,,2.0,6.0,,[],6,Phí Linh,,,2026-09-17 14:29:29,https://nha.chotot.com/tin/178839257,2026-09-17T07:31:07.930429
987,💥CHDV - FUL NT - 2PN - BALCONY THOÁNG ⚡️ PHAN ĐĂNG LƯU - BÙI ĐÌNH TUÝ 💥,7800000,0.111428574,70 m²,"Phường 1, Quận Bình Thạnh, Tp Hồ Chí Minh",Quận Bình Thạnh,Tp Hồ Chí Minh,10.802451,106.697495,Căn hộ/Chung cư,2.0,2,,,,,,,[],12,Lương Thanh Trúc,,,2026-09-12 21:54:42,https://nha.chotot.com/tin/178437508,2026-09-17T07:31:07.930652
988,"💥 HÀ ĐÔ CENTROSA – 2PN 2WC – NHÀ ĐẸP, FULL NỘI THẤT – Ở LIỀN CHỈ 22TR",22000000,0.25581396,86 m²,"Phường 12, Quận 10, Tp Hồ Chí Minh",Quận 10,Tp Hồ Chí Minh,10.7762,106.67889,Căn hộ/Chung cư,1.0,2,2,,,,,,[],12,Hoàng Dung,,4.5,2026-09-17 11:07:05,https://nha.chotot.com/tin/178834497,2026-09-17T07:31:07.930825
989,"CĂN HỘ MINI CAO CẤP MỚI 100%, FULL NỘI THẤT NGAY ẺMART PHAN HUY ÍCH",5000000,0.2,25 m²,"Phường 12, Quận Gò Vấp, Tp Hồ Chí Minh",Quận Gò Vấp,Tp Hồ Chí Minh,10.837349,106.636284,Căn hộ/Chung cư,2.0,1,1,,,1.0,4.0,5000000.0,[],12,Alo Ngoc Hoang,,5.0,2026-09-17 14:28:24,https://nha.chotot.com/tin/178839301,2026-09-17T07:31:07.931011
990,TÌM NỮ Ở GHÉP CĂN CHUNG CƯ 2PN,4500000,0.071428575,63 m²,"Phường Phú Thuận, Quận 7, Tp Hồ Chí Minh",Quận 7,Tp Hồ Chí Minh,10.722,106.7433,Căn hộ/Chung cư,1.0,2,2,,,2.0,4.0,4500000.0,[],7,Kim Thanh,,5.0,2026-09-17 14:28:16,https://nha.chotot.com/tin/178839296,2026-09-17T07:31:07.931183
991,Khách Cần Tiền Ra Di Căn 2PN Hiyori Siêu Mới,5200000000,83.870964,62 m²,"Phường An Hải Đông, Quận Sơn Trà, Đà Nẵng",Quận Sơn Trà,Đà Nẵng,16.06191,108.23652,Căn hộ/Chung cư,1.0,2,2,,,1.0,2.0,,[],11,Hồng Công,,,2026-09-17 14:26:46,https://nha.chotot.com/tin/171220229,2026-09-17T07:31:07.931362
992,⭐ RIVER PANORAMA CHO THUÊ 3PN2WC FULL NỘI THẤT VIEW ĐẸP CHỈ 19 TRIỆU,19000000,0.21111111,90 m²,"Phường Phú Mỹ, Quận 7, Tp Hồ Chí Minh",Quận 7,Tp Hồ Chí Minh,10.71422,106.73743,Căn hộ/Chung cư,1.0,3,2,,,2.0,6.0,,[],12,Huy,,5.0,2026-09-08 14:36:21,https://nha.chotot.com/tin/172861126,2026-09-17T07:31:07.931568
993,"THẢO ĐIỀN, QUẬN 2 🏡 CHO THUÊ CHDV CAO CẤP💘 1PN BAN CÔNG FULL NỘI THẤT",11000000,0.22,50 m²,"Phường Thảo Điền (Quận 2 cũ), Thành phố Thủ Đức, Tp Hồ Chí Minh",Thành phố Thủ Đức,Tp Hồ Chí Minh,10.803914,106.72912,Căn hộ/Chung cư,2.0,1,1,,Đông Bắc,1.0,4.0,11000000.0,[],11,Phương An Chuyên Căn Hộ Quận 2,,5.0,2026-09-11 14:06:45,https://nha.chotot.com/tin/177928071,2026-09-17T07:31:07.931764
994,CHDV FULL NỘI THẤT MỚI KENG GẦN MEGA MARKET Q12,3900000,0.156,25 m²,"Phường Tân Thới Hiệp, Quận 12, Tp Hồ Chí Minh",Quận 12,Tp Hồ Chí Minh,10.887289,106.64767,Căn hộ/Chung cư,2.0,1,1,4,,2.0,4.0,,[],10,Anh Tuấn Tìm Phòng,,5.0,2026-09-17 14:26:20,https://nha.chotot.com/tin/178839237,2026-09-17T07:31:07.931936
995,CHO THUÊ CĂN HỘ DUPLEX 2  GIƯỜNG NGỦ FULL NỘI THẤT CÓ CỬA SỔ THOÁNG,6000000,0.13333334,45 m²,"Phường 8, Thành phố Đà Lạt, Lâm Đồng",Thành phố Đà Lạt,Lâm Đồng,11.977858,108.45107,Căn hộ/Chung cư,3.0,1,1,,,,,,[],9,Quang gohome,,,2026-09-17 14:26:16,https://nha.chotot.com/tin/178839207,2026-09-17T07:31:07.932099
996,Khách Cần Tiền Bán Gấp Căn Ponte 1PN Stu View Biển Giá Cực Rẻ ,2700000000,103.84615,26 m²,"Phường An Hải Tây, Quận Sơn Trà, Đà Nẵng",Quận Sơn Trà,Đà Nẵng,16.059008,108.23034,Căn hộ/Chung cư,1.0,1,2,,Tây,4.0,6.0,,[],6,Hồng Công,,,2026-09-17 14:26:02,https://nha.chotot.com/tin/178096332,2026-09-17T07:31:07.932267
997,Bán Căn Hộ 2PN Toà A - Masteri Rivera Đà Nẵng,5700000000,91.935486,62 m²,"Phường Hòa Cường Nam, Quận Hải Châu, Đà Nẵng",Quận Hải Châu,Đà Nẵng,16.033035,108.225494,Căn hộ/Chung cư,1.0,2,2,39,Tây,2.0,6.0,,[],6,Hồng Công,,,2026-09-17 14:25:24,https://nha.chotot.com/tin/169931282,2026-09-17T07:31:07.932530
998,Căn hộ ban công Full nội thất ngay Trương Văn Bang thuận tiện qua sala,5800000,0.16571428,35 m²,"Phường Thạnh Mỹ Lợi (Quận 2 cũ), Thành phố Thủ Đức, Tp Hồ Chí Minh",Thành phố Thủ Đức,Tp Hồ Chí Minh,10.774195,106.75718,Căn hộ/Chung cư,2.0,1,1,,,2.0,4.0,6000000.0,[],11,Huỳnh Châu HiFriendz ,,5.0,2026-09-05 22:57:12,https://nha.chotot.com/tin/178592369,2026-09-17T07:31:07.932710
999,"CHO THUÊ  CHUNG CƯ TẠI PHỐ TU HOÀNG, NHỔN - 58M2, 2 NGỦ, ĐỦ ĐỒ-  5TR",5000000,0.0862069,58 m²,"Phường Phương Canh, Quận Nam Từ Liêm, Hà Nội",Quận Nam Từ Liêm,Hà Nội,21.053297,105.73126,Căn hộ/Chung cư,1.0,2,1,,,2.0,,,[],3,NGÔ THÚY,,,2026-09-17 14:24:32,https://nha.chotot.com/tin/178839180,2026-09-17T07:31:07.932868
1000,"the Sun Avenue 2Pn 5,8 tỷ 65m",5800000000,89.23077,65 m²,"Phường An Phú (Quận 2 cũ), Thành phố Thủ Đức, Tp Hồ Chí Minh",Thành phố Thủ Đức,Tp Hồ Chí Minh,10.79675,106.75218,Căn hộ/Chung cư,1.0,2,,,,,,,[],3,Nguyễn Văn Hậu,,,2026-09-16 08:47:07,https://nha.chotot.com/tin/178808741,2026-09-17T07:31:07.933035
1001,"BÁN GẤP NHÀ KQH HOÀNG DIỆU PHƯỜNG CAM LY ĐÀ LẠT CHỈ 5,4 TỶ",5400000000,120.0,45 m²,"Phường 5, Thành phố Đà Lạt, Lâm Đồng",Thành phố Đà Lạt,Lâm Đồng,11.942885,108.427925,Nhà ở,,3,2,3,Tây Bắc,3.0,,,[],4,Tô Hoàng Phương Trinh,,,2026-09-15 15:32:14,https://nha.chotot.com/tin/178796817,2026-09-17T07:31:09.334393
1002,Nhà mới DT:4x9m 2 Tầng 2pn 2wc hẻm 1942 Huỳnh Tấn Phát,1960000000,61.25,32 m²,"Thị trấn Nhà Bè, Huyện Nhà Bè, Tp Hồ Chí Minh",Huyện Nhà Bè,Tp Hồ Chí Minh,10.698072,106.738914,Nhà ở,,2,,2,,,,,[],11,Nam Phú Gia,,,2026-09-06 06:52:42,https://nha.chotot.com/tin/178593726,2026-09-17T07:31:09.334787
1003,Nhà Lầu 4 Tầng Hẻm Oto Xây Mới 100% Âu Dương Lân P2 Q8,8600000000,204.7619,42 m²,"Phường 2, Quận 8, Tp Hồ Chí Minh",Quận 8,Tp Hồ Chí Minh,10.742134,106.685104,Nhà ở,,4,3,4,,2.0,1.0,,[],8,Phạm Quốc Thắng,,,2026-09-17 14:29:58,https://nha.chotot.com/tin/178839361,2026-09-17T07:31:09.334998
1004,"Cho Thuê Biệt Thự Nam Thông PMH Q7 - 450m2, 5PN, Đường 20m",70000000,0.15555556,450 m²,"Phường Tân Phong, Quận 7, Tp Hồ Chí Minh",Quận 7,Tp Hồ Chí Minh,10.73019,106.70033,Nhà ở,,5,4,5,,,,,[],12,Thuỷ Trần,,,2026-08-31 09:55:18,https://nha.chotot.com/tin/178484863,2026-09-17T07:31:09.335178
1005,Cần cho thuê nhà góc 2 Mặt Tiền 84A Phổ Quang P.2 Q.Tân Bình,30000000,0.3030303,99 m²,"Phường 2, Quận Tân Bình, Tp Hồ Chí Minh",Quận Tân Bình,Tp Hồ Chí Minh,10.806851,106.668365,Nhà ở,,5,5,4,,,1.0,60000000.0,[],6,Anh Thanh,,,2026-09-17 14:29:37,https://nha.chotot.com/tin/178839329,2026-09-17T07:31:09.335351
1006,Bán nhà lầu đúc kiên cố hẻm xe hơi rộng đường Dương Bá Trạc P1 Q8 ,11800000000,245.83333,48 m²,"Phường 1, Quận 8, Tp Hồ Chí Minh",Quận 8,Tp Hồ Chí Minh,10.74418,106.69049,Nhà ở,,4,4,4,Nam,2.0,1.0,,[],3,Nguyễn Thìn ,,4.4,2026-09-17 14:29:34,https://nha.chotot.com/tin/178839333,2026-09-17T07:31:09.335613
1007,"Bán nhà riêng 4mx18,3m",12300000000,169.65517,72.5 m²,"Phường Tân Sơn Nhì, Quận Tân Phú, Tp Hồ Chí Minh",Quận Tân Phú,Tp Hồ Chí Minh,10.796407,106.63215,Nhà ở,,1,,,,,,,[],3,Nguyễn Võ Châu Phát,,,2026-09-16 14:28:21,https://nha.chotot.com/tin/178817793,2026-09-17T07:31:09.335790
1008,cho thuê,25000000,0.41666666,60 m²,"Phường 8, Quận 5, Tp Hồ Chí Minh",Quận 5,Tp Hồ Chí Minh,10.756033,106.671135,Nhà ở,,4,5,3,Đông,3.0,1.0,50000000.0,[],3,Phạm Ánh Lan,,5.0,2026-09-17 12:38:51,https://nha.chotot.com/tin/178836750,2026-09-17T07:31:09.335958
1009,cho thuê nhà 2 tầng đường phan thanh sát đại học duy tân,11000000,0.22,50 m²,"Phường Thạc Gián, Quận Thanh Khê, Đà Nẵng",Quận Thanh Khê,Đà Nẵng,16.063013,108.208755,Nhà ở,,3,3,2,,1.0,,,[],10,Đại tuấn,,,2026-09-17 14:29:11,https://nha.chotot.com/tin/178839312,2026-09-17T07:31:09.336111
1010,Nhà riêng ngõ 31 phố mai động gần đền lừ dt40m2x4t giá 10tr,10000000,0.25,40 m²,"Phường Mai Động, Quận Hoàng Mai, Hà Nội",Quận Hoàng Mai,Hà Nội,20.988625,105.86115,Nhà ở,,4,3,4,Đông,2.0,1.0,10000000.0,[],6,phạm minh chính,,,2026-09-10 10:59:00,https://nha.chotot.com/tin/178378145,2026-09-17T07:31:09.336266
1011,bán nhà mặt tiền kinh doanh đường Trương Vĩnh Nguyên,5600000000,19.928825,281 m²,"Phường Phú Thứ, Quận Cái Răng, Cần Thơ",Quận Cái Răng,Cần Thơ,9.982768,105.78676,Nhà ở,,1,2,1,Đông Bắc,3.0,1.0,,[],5,Nguyen Tien Tai,,,2026-09-16 14:28:22,https://nha.chotot.com/tin/178149394,2026-09-17T07:31:09.336422
1012,"Bán biệt thự 2 lầu áp mái P. Thạnh Mỹ Tây, TP.HCM giá 43 tỷ",43000000000,511.90475,84 m²,"Phường 12, Quận 3, Tp Hồ Chí Minh",Quận 3,Tp Hồ Chí Minh,10.789393,106.675064,Nhà ở,,1,,,,,,,[],3,vũ thành,,,2026-09-17 14:28:31,https://nha.chotot.com/tin/178839248,2026-09-17T07:31:09.336764
1013,"Bán gấp nhà 1 lầu, sân thượng, 76m2, hẻm 5m vị trí hẻm 477/ Mã Lò",6950000000,91.447365,76 m²,"Phường Bình Hưng Hoà A, Quận Bình Tân, Tp Hồ Chí Minh",Quận Bình Tân,Tp Hồ Chí Minh,10.7823,106.59924,Nhà ở,,2,,2,,,,,[],3, Vương Nguyễn,,5.0,2026-09-17 14:28:31,https://nha.chotot.com/tin/178839292,2026-09-17T07:31:09.337026
1014,"Bán nhà mới khu đường bàn cờ thông 6m Đường Số 28, 4,5x15m, lửng,3 lầu",9500000000,158.33333,60 m²,"Phường 6, Quận Gò Vấp, Tp Hồ Chí Minh",Quận Gò Vấp,Tp Hồ Chí Minh,10.838439,106.6817,Nhà ở,,4,5,4,,,1.0,,[],8,TRUONG TAM,,,2026-09-17 14:28:04,https://nha.chotot.com/tin/175260106,2026-09-17T07:31:09.337199
1015,Gần Trường Lý Tự Trọng GV - Hẻm Ôtô - Nhà mới xây 4 Tầng 4PN - KQH KLG,6680000000,151.81818,44 m²,"Phường 15, Quận Gò Vấp, Tp Hồ Chí Minh",Quận Gò Vấp,Tp Hồ Chí Minh,10.847257,106.669334,Nhà ở,,4,4,4,,,1.0,,[],12,Lý Ngọc Thanh,,,2026-09-13 13:07:56,https://nha.chotot.com/tin/178748929,2026-09-17T07:31:09.337363
1016,"NHÀ MỚI ĐẸP, HẺM TẢI 1T2L 4PN NGAY PHẠM VĂN ĐỒNG",14000000,0.23333333,60 m²,"Phường Linh Tây (Quận Thủ Đức cũ), Thành phố Thủ Đức, Tp Hồ Chí Minh",Thành phố Thủ Đức,Tp Hồ Chí Minh,10.852818,106.75241,Nhà ở,,4,3,,,,,28000000.0,[],9,NHẤT NHÀ ĐẤT,,5.0,2026-09-11 11:23:04,https://nha.chotot.com/tin/178707503,2026-09-17T07:31:09.337556
1017,🏠 CHO THUÊ NHÀ NGUYÊN CĂN LÀM VĂN PHÒNG – THỦ ĐỨC,18000000,0.12,150 m²,"Phường Trường Thọ (Quận Thủ Đức cũ), Thành phố Thủ Đức, Tp Hồ Chí Minh",Thành phố Thủ Đức,Tp Hồ Chí Minh,10.831532,106.757996,Nhà ở,,4,,,,,,,[],3,Đăng Quang Rental,,,2026-09-17 14:27:44,https://nha.chotot.com/tin/178478419,2026-09-17T07:31:09.337794
1018,cần tiền bán gấp,5100000000,85.0,60 m²,"Phường Dĩ An, Thành phố Dĩ An, Bình Dương",Thành phố Dĩ An,Bình Dương,10.904065,106.75859,Nhà ở,,3,2,2,,2.0,1.0,,[],4,An Tam,,4.0,2026-09-17 14:27:32,https://nha.chotot.com/tin/178838974,2026-09-17T07:31:09.337968
1019,"🔥Cho thuê nhà gần ĐH Ngân Hàng, Thủ Đức, 80m², 3PN, chỉ 8 triệu",8000000,0.1,80 m²,"Phường Linh Chiểu (Quận Thủ Đức cũ), Thành phố Thủ Đức, Tp Hồ Chí Minh",Thành phố Thủ Đức,Tp Hồ Chí Minh,10.854226,106.76946,Nhà ở,,3,,,,,,,[],5,Đăng Quang Rental,,,2026-09-17 14:27:19,https://nha.chotot.com/tin/178378958,2026-09-17T07:31:09.338126
1020,💐 nhà cho thuê hương lộ 2. Phường Bình Trị Đông A Bình Tân,13000000,0.203125,64 m²,"Phường Bình Trị Đông A, Quận Bình Tân, Tp Hồ Chí Minh",Quận Bình Tân,Tp Hồ Chí Minh,10.766734,106.60688,Nhà ở,,5,3,,,,,,[],6,MS Tánh Chuyên Mua Bán Cho Thuê Nhà Quận  Bình Tân,,,2026-09-17 14:27:15,https://nha.chotot.com/tin/178829961,2026-09-17T07:31:09.338299
1021,"HIẾM!!!! - Hẻm Sư Vạn Hạnh, P12, Q.10 - 5x20m, 4 Tầng, 400m2",38000000,0.38,100 m²,"Phường 12, Quận 10, Tp Hồ Chí Minh",Quận 10,Tp Hồ Chí Minh,10.775027,106.667755,Đất,,,,4,,,,,[],9,Ngô Thanh Hùng,,,2026-09-17 14:30:13,https://nha.chotot.com/tin/178839362,2026-09-17T07:31:10.773020
1022,CHO THUÊ HẺM NGUYỄN VĂN TRỖI TÂN BÌNH | 12x15m siêu rộng,58000000,0.58,100 m²,"Phường 10, Quận Tân Bình, Tp Hồ Chí Minh",Quận Tân Bình,Tp Hồ Chí Minh,10.798557,106.67042,Đất,,,,,,,,116000000.0,[],8,Dung tr,,,2026-09-17 14:29:35,https://nha.chotot.com/tin/178839347,2026-09-17T07:31:10.773325
1023,"Cho thuê nhà phố 5 tầng có thang máy, rèm đường D9",45000000,0.53571427,84 m²,"Phường Long Bình (Quận 9 cũ), Thành phố Thủ Đức, Tp Hồ Chí Minh",Thành phố Thủ Đức,Tp Hồ Chí Minh,10.84805,106.83874,Đất,,,,5,,3.0,1.0,,[],4,DUY HOMES,,,2026-09-09 09:41:13,https://nha.chotot.com/tin/178661906,2026-09-17T07:31:10.773544
1024,"Cho thuê vp phố nguyên hồng,đống đa,dt 68m2,giá 13tr/tháng",13000000,0.19117647,68 m²,"Phường Láng Hạ, Quận Đống Đa, Hà Nội",Quận Đống Đa,Hà Nội,21.015743,105.80971,Đất,,,,8,,1.0,1.0,,[],5,Đào Thành Lân,,,2026-09-17 14:27:34,https://nha.chotot.com/tin/178839277,2026-09-17T07:31:10.773731
1025,🔥 CHO THUÊ BIỆT THỰ SÂN VƯỜN NGUYỄN VĂN TRỖI – NGANG 12M – GIÁ 59TR/TH,59000000,0.118,500 m²,"Phường 10, Quận Phú Nhuận, Tp Hồ Chí Minh",Quận Phú Nhuận,Tp Hồ Chí Minh,10.798557,106.67042,Đất,,,,,,,,150000000.0,[],7,Kiều Hằng,,,2026-09-17 14:27:01,https://nha.chotot.com/tin/178839254,2026-09-17T07:31:10.773986
1026,Cho thuê kho 1200m QL1A Tam Bình chỉ 75k,90000000,0.075,1200 m²,"Phường Tam Bình (Quận Thủ Đức cũ), Thành phố Thủ Đức, Tp Hồ Chí Minh",Thành phố Thủ Đức,Tp Hồ Chí Minh,10.871881,106.739655,Đất,,,,,,,,3.0,[],3,Anhthe,,4.0,2026-09-14 18:07:53,https://nha.chotot.com/tin/178775394,2026-09-17T07:31:10.774173
1027,BIỆT THỰ SÂN VƯỜN KHU TỔ HỢP F&B VÀ ĐA NGÀNH NGHỀ TRUNG TÂM QUẬN 3 ,115000000,0.34848484,330 m²,"Phường Võ Thị Sáu, Quận 3, Tp Hồ Chí Minh",Quận 3,Tp Hồ Chí Minh,10.788824,106.690765,Đất,,,,,,,,,[],9,Yến Ngọc,,,2026-09-17 14:25:23,https://nha.chotot.com/tin/178839200,2026-09-17T07:31:10.774500
1028,🍑Đoạn Đẹp NGUYỄN GIA TRÍ - 4x25m (Trệt 2 Lầu)🍑,65000000,0.21666667,300 m²,"Phường 25, Quận Bình Thạnh, Tp Hồ Chí Minh",Quận Bình Thạnh,Tp Hồ Chí Minh,10.810227,106.71722,Đất,,,,,,,,,[],6,Nhà Phố Cho Thuê,,,2026-09-17 14:24:57,https://nha.chotot.com/tin/175622468,2026-09-17T07:31:10.774720
1029,"🌟10x15m - TRẦN QUỐC TOẢN, Quận 3🌟 Trệt 2 Lầu",60000000,0.13333334,450 m²,"Phường Võ Thị Sáu, Quận 3, Tp Hồ Chí Minh",Quận 3,Tp Hồ Chí Minh,10.78659,106.68779,Đất,,,,,,,,,[],4,Nhà Phố Cho Thuê,,,2026-09-17 14:24:26,https://nha.chotot.com/tin/175903201,2026-09-17T07:31:10.774964
1030,cho thuê 100m văn phòng giá 30 tr,30000000,0.3,100 m²,"Phường An Khánh (Quận 2 cũ), Thành phố Thủ Đức, Tp Hồ Chí Minh",Thành phố Thủ Đức,Tp Hồ Chí Minh,10.79159,106.73052,Đất,,,,,,,,60000000.0,[],3,Nguyễn Văn Hậu,,,2026-09-05 13:44:09,https://nha.chotot.com/tin/178581677,2026-09-17T07:31:10.775195
1031,CHO THUÊ TÒA NHÀ VĂN PHÒNG NGUYỄN VĂN TRỖI NGAY NGÃ TƯ PHÚ NHUẬN,130000000,0.096296296,1350 m²,"Phường 10, Quận Phú Nhuận, Tp Hồ Chí Minh",Quận Phú Nhuận,Tp Hồ Chí Minh,10.798557,106.67042,Đất,,,,,,,,,[],3,Anh Đào,,,2026-09-12 11:08:02,https://nha.chotot.com/tin/178727010,2026-09-17T07:31:10.775372
1032,Mặt bằng đẹp Hồ Văn Huê 30m2,7490000,0.24966666,30 m²,"Phường 9, Quận Phú Nhuận, Tp Hồ Chí Minh",Quận Phú Nhuận,Tp Hồ Chí Minh,10.80251,106.67629,Đất,,,,,,,,7490000.0,[],7,NGUYỄN THỊ ANH THƯ,,,2026-09-06 15:25:13,https://nha.chotot.com/tin/178603931,2026-09-17T07:31:10.775589
1033,"🇻🇳SHOPHOUSE 3 TẦNG MẶT TIỀN MÊ LINH | GẦN ORI, KCN HÒA KHÁNH",14000000,0.11666667,120 m²,"Phường Hòa Hiệp Nam, Quận Liên Chiểu, Đà Nẵng",Quận Liên Chiểu,Đà Nẵng,16.09171,108.12595,Đất,,04,,3,,,,,[],10,Ngô Văn Cảnh,,4.4,2026-09-17 14:22:04,https://nha.chotot.com/tin/178839109,2026-09-17T07:31:10.775758
1034,🔥 HẺM XE HƠI  HUỲNH VĂN BÁNH – PHÚ NHUẬN | 4PN – 4WC | CHỈ 2x,23000000,0.23,100 m²,"Phường 10, Quận Phú Nhuận, Tp Hồ Chí Minh",Quận Phú Nhuận,Tp Hồ Chí Minh,10.791831,106.671616,Đất,,4,,,,,,46000000.0,[],6,Dung tr,,,2026-09-17 14:21:51,https://nha.chotot.com/tin/178839122,2026-09-17T07:31:10.775918
1035,"Măt tiền Nguyễn Cư Trinh, Quận 1 (Ngang 17m)",90000000,0.45,200 m²,"Phường Nguyễn Cư Trinh, Quận 1, Tp Hồ Chí Minh",Quận 1,Tp Hồ Chí Minh,10.763458,106.68884,Đất,,,,,,,,,[],5,Nhà Phố Cho Thuê,,,2026-09-17 14:21:14,https://nha.chotot.com/tin/178280784,2026-09-17T07:31:10.776077
1036,"🔥GÓC 2MT - NGUYỄN TRÃI, Bến Thành, Q1🔥400m2 sử dụng",150000000,0.375,400 m²,"Phường Bến Thành, Quận 1, Tp Hồ Chí Minh",Quận 1,Tp Hồ Chí Minh,10.771166,106.68731,Đất,,,,,,,,,[],4,Nhà Phố Cho Thuê,,,2026-09-17 14:20:35,https://nha.chotot.com/tin/175556911,2026-09-17T07:31:10.776344
1037,CHO THUÊ TÒA NHÀ 2 MẶT TIỀN VÕ VĂN NGÂN DT 12M X 36M TP THỦ ĐỨC,100000000,0.07692308,1300 m²,"Phường Bình Thọ (Quận Thủ Đức cũ), Thành phố Thủ Đức, Tp Hồ Chí Minh",Thành phố Thủ Đức,Tp Hồ Chí Minh,10.850573,106.76223,Đất,,,,,,,1.0,,[],3,Oanh Home,,,2026-09-17 14:20:21,https://nha.chotot.com/tin/178262159,2026-09-17T07:31:10.776729
1038,"🔥 CHO THUÊ TẦNG 7 160m2 – 104A XUÂN THUỶ, THẢO ĐIỀN, Q2 🔥",50000000,0.3125,160 m²,"Phường Thảo Điền (Quận 2 cũ), Thành phố Thủ Đức, Tp Hồ Chí Minh",Thành phố Thủ Đức,Tp Hồ Chí Minh,10.803889,106.73543,Đất,,,,,,,,150000000.0,[],8,Kiều Hằng,,,2026-09-17 14:18:58,https://nha.chotot.com/tin/178839027,2026-09-17T07:31:10.776907
1039,Cho thuê  Shophouse Panorama Phú Mỹ Hưng 2 tầng 50tr/th,50000000,0.35460994,141 m²,"Phường Tân Phong, Quận 7, Tp Hồ Chí Minh",Quận 7,Tp Hồ Chí Minh,10.72168,106.71284,Đất,,,,2,Tây Nam,,1.0,,[],7,Dân,,,2026-09-17 14:18:55,https://nha.chotot.com/tin/177011854,2026-09-17T07:31:10.777076
1040,Kho trống VIEW SÔNG 235/50A Đặng Thùy Trâm. DT 8X20M.,20000000,0.125,160 m²,"Phường 13, Quận Bình Thạnh, Tp Hồ Chí Minh",Quận Bình Thạnh,Tp Hồ Chí Minh,10.824377,106.70332,Đất,,,,,,2.0,1.0,,[],3,Anh Dũng,,4.0,2026-09-17 14:17:42,https://nha.chotot.com/tin/167862234,2026-09-17T07:31:10.777263
1041,"Cho thuê giá tốt 3PN view sông, nội thất xịn, Vinhomes Central Park",35000000,0.3043478,115 m²,"Phường 22, Quận Bình Thạnh, Tp Hồ Chí Minh",Quận Bình Thạnh,Tp Hồ Chí Minh,10.79387,106.72032,Căn hộ/Chung cư,1.0,3,2,,,1.0,6.0,,[],12,Huyền Nguyễn,,,2026-09-02 15:25:06,https://nha.chotot.com/tin/178523171,2026-09-17T07:31:12.412520
1042,Giá Thuê : 9tr/1 tháng Cho Thuê Nhà Đường Bùi Quang Là P12 Q. gò Vấp -,9000000,0.140625,64 m²,"Phường 12, Quận Gò Vấp, Tp Hồ Chí Minh",Quận Gò Vấp,Tp Hồ Chí Minh,10.835113,106.6396,Nhà ở,,2,2,,Tây,,,1.0,[],6,Quang Huy,,5.0,2026-09-07 10:48:48,https://nha.chotot.com/tin/178617090,2026-09-17T07:31:12.412866
1043,"BÁN GẤP NHÀ KQH HOÀNG DIỆU PHƯỜNG CAM LY ĐÀ LẠT CHỈ 5,4 TỶ",5400000000,120.0,45 m²,"Phường 5, Thành phố Đà Lạt, Lâm Đồng",Thành phố Đà Lạt,Lâm Đồng,11.942885,108.427925,Nhà ở,,3,2,3,Tây Bắc,3.0,,,[],4,Tô Hoàng Phương Trinh,,,2026-09-15 15:32:14,https://nha.chotot.com/tin/178796817,2026-09-17T07:31:12.413052
1044,KHAI TRƯƠNG PHÒNG TRỌ SINH VIÊN GIÁ RẺ NGAY ĐH CÔNG THƯƠNG TÂN PHÚ,3500000,0.14,25 m²,"Phường Tân Sơn Nhì, Quận Tân Phú, Tp Hồ Chí Minh",Quận Tân Phú,Tp Hồ Chí Minh,10.801903,106.625885,Phòng trọ,,,,,,,,3500000.0,[],5,Kiều Oanh NeWay Home ,,5.0,2026-09-17 14:30:15,https://nha.chotot.com/tin/178453357,2026-09-17T07:31:12.413221
1045,"HIẾM!!!! - Hẻm Sư Vạn Hạnh, P12, Q.10 - 5x20m, 4 Tầng, 400m2",38000000,0.38,100 m²,"Phường 12, Quận 10, Tp Hồ Chí Minh",Quận 10,Tp Hồ Chí Minh,10.775027,106.667755,Đất,,,,4,,,,,[],9,Ngô Thanh Hùng,,,2026-09-17 14:30:13,https://nha.chotot.com/tin/178839362,2026-09-17T07:31:12.413481
1046,Bán Đất Lô Góc Võ Văn Vân giá cực tốt,4190000000,37.410713,112 m²,"Xã Vĩnh Lộc B, Huyện Bình Chánh, Tp Hồ Chí Minh",Huyện Bình Chánh,Tp Hồ Chí Minh,10.773623,106.57547,Văn phòng/Mặt bằng,,,,,,,1.0,,[],6,Thanh Hưng,,3.4,2026-09-09 18:08:26,https://nha.chotot.com/tin/178674907,2026-09-17T07:31:12.413750
1047,"BCONS ARIA TRẢ TRƯỚC CHỈ 5% CHIẾT KHẤU 8,5% HỖ TRỢ LS 6,9% TRONG 4 NĂM",2600000000,49.056602,53 m²,"Phường Đông Hòa, Thành phố Dĩ An, Bình Dương",Thành phố Dĩ An,Bình Dương,10.89115,106.8022,Căn hộ/Chung cư,1.0,2,2,37,Tây,3.0,4.0,,[],12,Huy Hoàng Bcons ,,,2026-08-25 09:52:10,https://nha.chotot.com/tin/178364490,2026-09-17T07:31:12.413930
1048,"CHO THUÊ CĂN HỘ MỚI 2 PHÒNG NGỦ, DIỆN TÍCH 60M² ",13500000,0.20769231,65 m²,"Phường Khuê Mỹ, Quận Ngũ Hành Sơn, Đà Nẵng",Quận Ngũ Hành Sơn,Đà Nẵng,16.023426,108.2459,Căn hộ/Chung cư,2.0,2,,,,2.0,,,[],4,VANA,,,2026-09-17 14:30:06,https://nha.chotot.com/tin/178838887,2026-09-17T07:31:12.414129
1049,Bán căn Hưng Phát Silver Star - sát vách sunrise reverside - 4.6ty,4350000000,41.037735,106 m²,"Xã Phước Kiển, Huyện Nhà Bè, Tp Hồ Chí Minh",Huyện Nhà Bè,Tp Hồ Chí Minh,10.70387,106.71276,Căn hộ/Chung cư,1.0,3,,,Tây Nam,2.0,6.0,,[],9,Vân,,4.8,2026-09-03 11:16:19,https://nha.chotot.com/tin/177025273,2026-09-17T07:31:12.414338
1050,Nhà mới DT:4x9m 2 Tầng 2pn 2wc hẻm 1942 Huỳnh Tấn Phát,1960000000,61.25,32 m²,"Thị trấn Nhà Bè, Huyện Nhà Bè, Tp Hồ Chí Minh",Huyện Nhà Bè,Tp Hồ Chí Minh,10.698072,106.738914,Nhà ở,,2,,2,,,,,[],11,Nam Phú Gia,,,2026-09-06 06:52:42,https://nha.chotot.com/tin/178593726,2026-09-17T07:31:12.414541
1051,Cho thuê CC Garden gate 40m2 Offictel 1WC giá cực tốt chỉ 11tr/th ,11000000,0.31428573,35 m²,"Phường 9, Quận Phú Nhuận, Tp Hồ Chí Minh",Quận Phú Nhuận,Tp Hồ Chí Minh,10.80964,106.67425,Căn hộ/Chung cư,1.0,1,1,,,,,,[],3,Nguyễn Hoàng Toàn,,,2026-09-15 10:14:56,https://nha.chotot.com/tin/178787965,2026-09-17T07:31:12.414718
1052,🏡Khai Trương Ký túc xá ngay ngã tư Hàng xanh đầy đủ tiện nghi 🎉KTX,1700000,0.04857143,35 m²,"Phường 25, Quận Bình Thạnh, Tp Hồ Chí Minh",Quận Bình Thạnh,Tp Hồ Chí Minh,10.802271,106.71938,Phòng trọ,,,,,,,,1700000.0,[],4,LQ Vinhomes,,,2026-08-24 10:56:00,https://nha.chotot.com/tin/163698886,2026-09-17T07:31:12.414891
1053,Nhà Lầu 4 Tầng Hẻm Oto Xây Mới 100% Âu Dương Lân P2 Q8,8600000000,204.7619,42 m²,"Phường 2, Quận 8, Tp Hồ Chí Minh",Quận 8,Tp Hồ Chí Minh,10.742134,106.685104,Nhà ở,,4,3,4,,2.0,1.0,,[],8,Phạm Quốc Thắng,,,2026-09-17 14:29:58,https://nha.chotot.com/tin/178839361,2026-09-17T07:31:12.415053
1054,Lô đất 2500m thổ cư mặt tiền Hồ khu Biệt thự nghỉ dưỡng,4000000000,1.6891892,2368 m²,"Xã Đinh Lạc, Huyện Di Linh, Lâm Đồng",Huyện Di Linh,Lâm Đồng,11.63063,108.13101,Văn phòng/Mặt bằng,,,,,,,1.0,,[],4,Nguyễn Anh Sang,,4.1,2026-09-17 14:29:58,https://nha.chotot.com/tin/178141305,2026-09-17T07:31:12.415207
1055,"Cho Thuê Biệt Thự Nam Thông PMH Q7 - 450m2, 5PN, Đường 20m",70000000,0.15555556,450 m²,"Phường Tân Phong, Quận 7, Tp Hồ Chí Minh",Quận 7,Tp Hồ Chí Minh,10.73019,106.70033,Nhà ở,,5,4,5,,,,,[],12,Thuỷ Trần,,,2026-08-31 09:55:18,https://nha.chotot.com/tin/178484863,2026-09-17T07:31:12.415375
1056,"MẶT TIỀN ĐƯỜNG SỐ 6 – LÒ LU, TRƯỜNG THẠNH, TP. THỦ ĐỨC",4680000000,53.793102,87 m²,"Phường Trường Thạnh (Quận 9 cũ), Thành phố Thủ Đức, Tp Hồ Chí Minh",Thành phố Thủ Đức,Tp Hồ Chí Minh,10.801835,106.81432,Văn phòng/Mặt bằng,,,,,,,,,[],5,Duy Hoàng Land,,5.0,2026-09-17 14:29:46,https://nha.chotot.com/tin/178839348,2026-09-17T07:31:12.415635
1057,KHAI TRƯƠNG ĐUPLEX 3🍠X ĐƯỜNG SỐ 1_NGUYỄN THỊ TÚ NHẬN XE ĐIỆN FULL NT,3700000,0.13214286,28 m²,"Phường Bình Hưng Hoà B, Quận Bình Tân, Tp Hồ Chí Minh",Quận Bình Tân,Tp Hồ Chí Minh,10.807803,106.59462,Căn hộ/Chung cư,3.0,1,1,,,2.0,4.0,1000000.0,[],11,Triệu an HiFriendz Tp ,,5.0,2026-09-17 14:29:46,https://nha.chotot.com/tin/178839353,2026-09-17T07:31:12.415821
1058,Cần cho thuê nhà góc 2 Mặt Tiền 84A Phổ Quang P.2 Q.Tân Bình,30000000,0.3030303,99 m²,"Phường 2, Quận Tân Bình, Tp Hồ Chí Minh",Quận Tân Bình,Tp Hồ Chí Minh,10.806851,106.668365,Nhà ở,,5,5,4,,,1.0,60000000.0,[],6,Anh Thanh,,,2026-09-17 14:29:37,https://nha.chotot.com/tin/178839329,2026-09-17T07:31:12.415991
1059,CHO THUÊ HẺM NGUYỄN VĂN TRỖI TÂN BÌNH | 12x15m siêu rộng,58000000,0.58,100 m²,"Phường 10, Quận Tân Bình, Tp Hồ Chí Minh",Quận Tân Bình,Tp Hồ Chí Minh,10.798557,106.67042,Đất,,,,,,,,116000000.0,[],8,Dung tr,,,2026-09-17 14:29:35,https://nha.chotot.com/tin/178839347,2026-09-17T07:31:12.416145
1060,Bán nhà lầu đúc kiên cố hẻm xe hơi rộng đường Dương Bá Trạc P1 Q8 ,11800000000,245.83333,48 m²,"Phường 1, Quận 8, Tp Hồ Chí Minh",Quận 8,Tp Hồ Chí Minh,10.74418,106.69049,Nhà ở,,4,4,4,Nam,2.0,1.0,,[],3,Nguyễn Thìn ,,4.4,2026-09-17 14:29:34,https://nha.chotot.com/tin/178839333,2026-09-17T07:31:12.416311
1061,"Cho thuê giá tốt 3PN view sông, nội thất xịn, Vinhomes Central Park",35000000,0.3043478,115 m²,"Phường 22, Quận Bình Thạnh, Tp Hồ Chí Minh",Quận Bình Thạnh,Tp Hồ Chí Minh,10.79387,106.72032,Căn hộ/Chung cư,1.0,3,2,,,1.0,6.0,,[],12,Huyền Nguyễn,,,2026-09-02 15:25:06,https://nha.chotot.com/tin/178523171,2026-09-17T07:31:13.887492
1062,"BCONS ARIA TRẢ TRƯỚC CHỈ 5% CHIẾT KHẤU 8,5% HỖ TRỢ LS 6,9% TRONG 4 NĂM",2600000000,49.056602,53 m²,"Phường Đông Hòa, Thành phố Dĩ An, Bình Dương",Thành phố Dĩ An,Bình Dương,10.89115,106.8022,Căn hộ/Chung cư,1.0,2,2,37,Tây,3.0,4.0,,[],12,Huy Hoàng Bcons ,,,2026-08-25 09:52:10,https://nha.chotot.com/tin/178364490,2026-09-17T07:31:13.887812
1063,"CHO THUÊ CĂN HỘ MỚI 2 PHÒNG NGỦ, DIỆN TÍCH 60M² ",13500000,0.20769231,65 m²,"Phường Khuê Mỹ, Quận Ngũ Hành Sơn, Đà Nẵng",Quận Ngũ Hành Sơn,Đà Nẵng,16.023426,108.2459,Căn hộ/Chung cư,2.0,2,,,,2.0,,,[],4,VANA,,,2026-09-17 14:30:06,https://nha.chotot.com/tin/178838887,2026-09-17T07:31:13.888062
1064,Bán căn Hưng Phát Silver Star - sát vách sunrise reverside - 4.6ty,4350000000,41.037735,106 m²,"Xã Phước Kiển, Huyện Nhà Bè, Tp Hồ Chí Minh",Huyện Nhà Bè,Tp Hồ Chí Minh,10.70387,106.71276,Căn hộ/Chung cư,1.0,3,,,Tây Nam,2.0,6.0,,[],9,Vân,,4.8,2026-09-03 11:16:19,https://nha.chotot.com/tin/177025273,2026-09-17T07:31:13.888286
1065,Cho thuê CC Garden gate 40m2 Offictel 1WC giá cực tốt chỉ 11tr/th ,11000000,0.31428573,35 m²,"Phường 9, Quận Phú Nhuận, Tp Hồ Chí Minh",Quận Phú Nhuận,Tp Hồ Chí Minh,10.80964,106.67425,Căn hộ/Chung cư,1.0,1,1,,,,,,[],3,Nguyễn Hoàng Toàn,,,2026-09-15 10:14:56,https://nha.chotot.com/tin/178787965,2026-09-17T07:31:13.888560
1066,KHAI TRƯƠNG ĐUPLEX 3🍠X ĐƯỜNG SỐ 1_NGUYỄN THỊ TÚ NHẬN XE ĐIỆN FULL NT,3700000,0.13214286,28 m²,"Phường Bình Hưng Hoà B, Quận Bình Tân, Tp Hồ Chí Minh",Quận Bình Tân,Tp Hồ Chí Minh,10.807803,106.59462,Căn hộ/Chung cư,3.0,1,1,,,2.0,4.0,1000000.0,[],11,Triệu an HiFriendz Tp ,,5.0,2026-09-17 14:29:46,https://nha.chotot.com/tin/178839353,2026-09-17T07:31:13.888757
1067,"Chung cư Tecco Green - Phan Văn Hớn căn 2p ngủ , full NT, giá 7,3tr/th",7300000,0.1,73 m²,"Phường Tân Thới Nhất, Quận 12, Tp Hồ Chí Minh",Quận 12,Tp Hồ Chí Minh,10.82954,106.61561,Căn hộ/Chung cư,1.0,2,2,,,2.0,6.0,,[],6,Phí Linh,,,2026-09-17 14:29:29,https://nha.chotot.com/tin/178839257,2026-09-17T07:31:13.888931
1068,💥CHDV - FUL NT - 2PN - BALCONY THOÁNG ⚡️ PHAN ĐĂNG LƯU - BÙI ĐÌNH TUÝ 💥,7800000,0.111428574,70 m²,"Phường 1, Quận Bình Thạnh, Tp Hồ Chí Minh",Quận Bình Thạnh,Tp Hồ Chí Minh,10.802451,106.697495,Căn hộ/Chung cư,2.0,2,,,,,,,[],12,Lương Thanh Trúc,,,2026-09-12 21:54:42,https://nha.chotot.com/tin/178437508,2026-09-17T07:31:13.889095
1069,"💥 HÀ ĐÔ CENTROSA – 2PN 2WC – NHÀ ĐẸP, FULL NỘI THẤT – Ở LIỀN CHỈ 22TR",22000000,0.25581396,86 m²,"Phường 12, Quận 10, Tp Hồ Chí Minh",Quận 10,Tp Hồ Chí Minh,10.7762,106.67889,Căn hộ/Chung cư,1.0,2,2,,,,,,[],12,Hoàng Dung,,4.5,2026-09-17 11:07:05,https://nha.chotot.com/tin/178834497,2026-09-17T07:31:13.889255
1070,"CĂN HỘ MINI CAO CẤP MỚI 100%, FULL NỘI THẤT NGAY ẺMART PHAN HUY ÍCH",5000000,0.2,25 m²,"Phường 12, Quận Gò Vấp, Tp Hồ Chí Minh",Quận Gò Vấp,Tp Hồ Chí Minh,10.837349,106.636284,Căn hộ/Chung cư,2.0,1,1,,,1.0,4.0,5000000.0,[],12,Alo Ngoc Hoang,,5.0,2026-09-17 14:28:24,https://nha.chotot.com/tin/178839301,2026-09-17T07:31:13.889436
1071,TÌM NỮ Ở GHÉP CĂN CHUNG CƯ 2PN,4500000,0.071428575,63 m²,"Phường Phú Thuận, Quận 7, Tp Hồ Chí Minh",Quận 7,Tp Hồ Chí Minh,10.722,106.7433,Căn hộ/Chung cư,1.0,2,2,,,2.0,4.0,4500000.0,[],7,Kim Thanh,,5.0,2026-09-17 14:28:16,https://nha.chotot.com/tin/178839296,2026-09-17T07:31:13.889631
1072,Khách Cần Tiền Ra Di Căn 2PN Hiyori Siêu Mới,5200000000,83.870964,62 m²,"Phường An Hải Đông, Quận Sơn Trà, Đà Nẵng",Quận Sơn Trà,Đà Nẵng,16.06191,108.23652,Căn hộ/Chung cư,1.0,2,2,,,1.0,2.0,,[],11,Hồng Công,,,2026-09-17 14:26:46,https://nha.chotot.com/tin/171220229,2026-09-17T07:31:13.889814
1073,⭐ RIVER PANORAMA CHO THUÊ 3PN2WC FULL NỘI THẤT VIEW ĐẸP CHỈ 19 TRIỆU,19000000,0.21111111,90 m²,"Phường Phú Mỹ, Quận 7, Tp Hồ Chí Minh",Quận 7,Tp Hồ Chí Minh,10.71422,106.73743,Căn hộ/Chung cư,1.0,3,2,,,2.0,6.0,,[],12,Huy,,5.0,2026-09-08 14:36:21,https://nha.chotot.com/tin/172861126,2026-09-17T07:31:13.889991
1074,"THẢO ĐIỀN, QUẬN 2 🏡 CHO THUÊ CHDV CAO CẤP💘 1PN BAN CÔNG FULL NỘI THẤT",11000000,0.22,50 m²,"Phường Thảo Điền (Quận 2 cũ), Thành phố Thủ Đức, Tp Hồ Chí Minh",Thành phố Thủ Đức,Tp Hồ Chí Minh,10.803914,106.72912,Căn hộ/Chung cư,2.0,1,1,,Đông Bắc,1.0,4.0,11000000.0,[],11,Phương An Chuyên Căn Hộ Quận 2,,5.0,2026-09-11 14:06:45,https://nha.chotot.com/tin/177928071,2026-09-17T07:31:13.890176
1075,CHDV FULL NỘI THẤT MỚI KENG GẦN MEGA MARKET Q12,3900000,0.156,25 m²,"Phường Tân Thới Hiệp, Quận 12, Tp Hồ Chí Minh",Quận 12,Tp Hồ Chí Minh,10.887289,106.64767,Căn hộ/Chung cư,2.0,1,1,4,,2.0,4.0,,[],10,Anh Tuấn Tìm Phòng,,5.0,2026-09-17 14:26:20,https://nha.chotot.com/tin/178839237,2026-09-17T07:31:13.890347
1076,CHO THUÊ CĂN HỘ DUPLEX 2  GIƯỜNG NGỦ FULL NỘI THẤT CÓ CỬA SỔ THOÁNG,6000000,0.13333334,45 m²,"Phường 8, Thành phố Đà Lạt, Lâm Đồng",Thành phố Đà Lạt,Lâm Đồng,11.977858,108.45107,Căn hộ/Chung cư,3.0,1,1,,,,,,[],9,Quang gohome,,,2026-09-17 14:26:16,https://nha.chotot.com/tin/178839207,2026-09-17T07:31:13.890643
1077,Khách Cần Tiền Bán Gấp Căn Ponte 1PN Stu View Biển Giá Cực Rẻ ,2700000000,103.84615,26 m²,"Phường An Hải Tây, Quận Sơn Trà, Đà Nẵng",Quận Sơn Trà,Đà Nẵng,16.059008,108.23034,Căn hộ/Chung cư,1.0,1,2,,Tây,4.0,6.0,,[],6,Hồng Công,,,2026-09-17 14:26:02,https://nha.chotot.com/tin/178096332,2026-09-17T07:31:13.890827
1078,Bán Căn Hộ 2PN Toà A - Masteri Rivera Đà Nẵng,5700000000,91.935486,62 m²,"Phường Hòa Cường Nam, Quận Hải Châu, Đà Nẵng",Quận Hải Châu,Đà Nẵng,16.033035,108.225494,Căn hộ/Chung cư,1.0,2,2,39,Tây,2.0,6.0,,[],6,Hồng Công,,,2026-09-17 14:25:24,https://nha.chotot.com/tin/169931282,2026-09-17T07:31:13.890990
1079,Căn hộ ban công Full nội thất ngay Trương Văn Bang thuận tiện qua sala,5800000,0.16571428,35 m²,"Phường Thạnh Mỹ Lợi (Quận 2 cũ), Thành phố Thủ Đức, Tp Hồ Chí Minh",Thành phố Thủ Đức,Tp Hồ Chí Minh,10.774195,106.75718,Căn hộ/Chung cư,2.0,1,1,,,2.0,4.0,6000000.0,[],11,Huỳnh Châu HiFriendz ,,5.0,2026-09-05 22:57:12,https://nha.chotot.com/tin/178592369,2026-09-17T07:31:13.891161
1080,"CHO THUÊ  CHUNG CƯ TẠI PHỐ TU HOÀNG, NHỔN - 58M2, 2 NGỦ, ĐỦ ĐỒ-  5TR",5000000,0.0862069,58 m²,"Phường Phương Canh, Quận Nam Từ Liêm, Hà Nội",Quận Nam Từ Liêm,Hà Nội,21.053297,105.73126,Căn hộ/Chung cư,1.0,2,1,,,2.0,,,[],3,NGÔ THÚY,,,2026-09-17 14:24:32,https://nha.chotot.com/tin/178839180,2026-09-17T07:31:13.891328
1081,"BÁN GẤP NHÀ KQH HOÀNG DIỆU PHƯỜNG CAM LY ĐÀ LẠT CHỈ 5,4 TỶ",5400000000,120.0,45 m²,"Phường 5, Thành phố Đà Lạt, Lâm Đồng",Thành phố Đà Lạt,Lâm Đồng,11.942885,108.427925,Nhà ở,,3,2,3,Tây Bắc,3.0,,,[],4,Tô Hoàng Phương Trinh,,,2026-09-15 15:32:14,https://nha.chotot.com/tin/178796817,2026-09-17T07:31:14.643152
1082,Nhà mới DT:4x9m 2 Tầng 2pn 2wc hẻm 1942 Huỳnh Tấn Phát,1960000000,61.25,32 m²,"Thị trấn Nhà Bè, Huyện Nhà Bè, Tp Hồ Chí Minh",Huyện Nhà Bè,Tp Hồ Chí Minh,10.698072,106.738914,Nhà ở,,2,,2,,,,,[],11,Nam Phú Gia,,,2026-09-06 06:52:42,https://nha.chotot.com/tin/178593726,2026-09-17T07:31:14.643446
1083,Nhà Lầu 4 Tầng Hẻm Oto Xây Mới 100% Âu Dương Lân P2 Q8,8600000000,204.7619,42 m²,"Phường 2, Quận 8, Tp Hồ Chí Minh",Quận 8,Tp Hồ Chí Minh,10.742134,106.685104,Nhà ở,,4,3,4,,2.0,1.0,,[],8,Phạm Quốc Thắng,,,2026-09-17 14:29:58,https://nha.chotot.com/tin/178839361,2026-09-17T07:31:14.643670
1084,"Cho Thuê Biệt Thự Nam Thông PMH Q7 - 450m2, 5PN, Đường 20m",70000000,0.15555556,450 m²,"Phường Tân Phong, Quận 7, Tp Hồ Chí Minh",Quận 7,Tp Hồ Chí Minh,10.73019,106.70033,Nhà ở,,5,4,5,,,,,[],12,Thuỷ Trần,,,2026-08-31 09:55:18,https://nha.chotot.com/tin/178484863,2026-09-17T07:31:14.643854
1085,Cần cho thuê nhà góc 2 Mặt Tiền 84A Phổ Quang P.2 Q.Tân Bình,30000000,0.3030303,99 m²,"Phường 2, Quận Tân Bình, Tp Hồ Chí Minh",Quận Tân Bình,Tp Hồ Chí Minh,10.806851,106.668365,Nhà ở,,5,5,4,,,1.0,60000000.0,[],6,Anh Thanh,,,2026-09-17 14:29:37,https://nha.chotot.com/tin/178839329,2026-09-17T07:31:14.644020
1086,Bán nhà lầu đúc kiên cố hẻm xe hơi rộng đường Dương Bá Trạc P1 Q8 ,11800000000,245.83333,48 m²,"Phường 1, Quận 8, Tp Hồ Chí Minh",Quận 8,Tp Hồ Chí Minh,10.74418,106.69049,Nhà ở,,4,4,4,Nam,2.0,1.0,,[],3,Nguyễn Thìn ,,4.4,2026-09-17 14:29:34,https://nha.chotot.com/tin/178839333,2026-09-17T07:31:14.644177
1087,"Bán nhà riêng 4mx18,3m",12300000000,169.65517,72.5 m²,"Phường Tân Sơn Nhì, Quận Tân Phú, Tp Hồ Chí Minh",Quận Tân Phú,Tp Hồ Chí Minh,10.796407,106.63215,Nhà ở,,1,,,,,,,[],3,Nguyễn Võ Châu Phát,,,2026-09-16 14:28:21,https://nha.chotot.com/tin/178817793,2026-09-17T07:31:14.644416
1088,cho thuê,25000000,0.41666666,60 m²,"Phường 8, Quận 5, Tp Hồ Chí Minh",Quận 5,Tp Hồ Chí Minh,10.756033,106.671135,Nhà ở,,4,5,3,Đông,3.0,1.0,50000000.0,[],3,Phạm Ánh Lan,,5.0,2026-09-17 12:38:51,https://nha.chotot.com/tin/178836750,2026-09-17T07:31:14.644620
1089,cho thuê nhà 2 tầng đường phan thanh sát đại học duy tân,11000000,0.22,50 m²,"Phường Thạc Gián, Quận Thanh Khê, Đà Nẵng",Quận Thanh Khê,Đà Nẵng,16.063013,108.208755,Nhà ở,,3,3,2,,1.0,,,[],10,Đại tuấn,,,2026-09-17 14:29:11,https://nha.chotot.com/tin/178839312,2026-09-17T07:31:14.644770
1090,Nhà riêng ngõ 31 phố mai động gần đền lừ dt40m2x4t giá 10tr,10000000,0.25,40 m²,"Phường Mai Động, Quận Hoàng Mai, Hà Nội",Quận Hoàng Mai,Hà Nội,20.988625,105.86115,Nhà ở,,4,3,4,Đông,2.0,1.0,10000000.0,[],6,phạm minh chính,,,2026-09-10 10:59:00,https://nha.chotot.com/tin/178378145,2026-09-17T07:31:14.644921
1091,bán nhà mặt tiền kinh doanh đường Trương Vĩnh Nguyên,5600000000,19.928825,281 m²,"Phường Phú Thứ, Quận Cái Răng, Cần Thơ",Quận Cái Răng,Cần Thơ,9.982768,105.78676,Nhà ở,,1,2,1,Đông Bắc,3.0,1.0,,[],5,Nguyen Tien Tai,,,2026-09-16 14:28:22,https://nha.chotot.com/tin/178149394,2026-09-17T07:31:14.645068
1092,"Bán biệt thự 2 lầu áp mái P. Thạnh Mỹ Tây, TP.HCM giá 43 tỷ",43000000000,511.90475,84 m²,"Phường 12, Quận 3, Tp Hồ Chí Minh",Quận 3,Tp Hồ Chí Minh,10.789393,106.675064,Nhà ở,,1,,,,,,,[],3,vũ thành,,,2026-09-17 14:28:31,https://nha.chotot.com/tin/178839248,2026-09-17T07:31:14.645343
1093,"Bán gấp nhà 1 lầu, sân thượng, 76m2, hẻm 5m vị trí hẻm 477/ Mã Lò",6950000000,91.447365,76 m²,"Phường Bình Hưng Hoà A, Quận Bình Tân, Tp Hồ Chí Minh",Quận Bình Tân,Tp Hồ Chí Minh,10.7823,106.59924,Nhà ở,,2,,2,,,,,[],3, Vương Nguyễn,,5.0,2026-09-17 14:28:31,https://nha.chotot.com/tin/178839292,2026-09-17T07:31:14.645629
1094,"Bán nhà mới khu đường bàn cờ thông 6m Đường Số 28, 4,5x15m, lửng,3 lầu",9500000000,158.33333,60 m²,"Phường 6, Quận Gò Vấp, Tp Hồ Chí Minh",Quận Gò Vấp,Tp Hồ Chí Minh,10.838439,106.6817,Nhà ở,,4,5,4,,,1.0,,[],8,TRUONG TAM,,,2026-09-17 14:28:04,https://nha.chotot.com/tin/175260106,2026-09-17T07:31:14.645794
1095,Gần Trường Lý Tự Trọng GV - Hẻm Ôtô - Nhà mới xây 4 Tầng 4PN - KQH KLG,6680000000,151.81818,44 m²,"Phường 15, Quận Gò Vấp, Tp Hồ Chí Minh",Quận Gò Vấp,Tp Hồ Chí Minh,10.847257,106.669334,Nhà ở,,4,4,4,,,1.0,,[],12,Lý Ngọc Thanh,,,2026-09-13 13:07:56,https://nha.chotot.com/tin/178748929,2026-09-17T07:31:14.645947
1096,"NHÀ MỚI ĐẸP, HẺM TẢI 1T2L 4PN NGAY PHẠM VĂN ĐỒNG",14000000,0.23333333,60 m²,"Phường Linh Tây (Quận Thủ Đức cũ), Thành phố Thủ Đức, Tp Hồ Chí Minh",Thành phố Thủ Đức,Tp Hồ Chí Minh,10.852818,106.75241,Nhà ở,,4,3,,,,,28000000.0,[],9,NHẤT NHÀ ĐẤT,,5.0,2026-09-11 11:23:04,https://nha.chotot.com/tin/178707503,2026-09-17T07:31:14.646099
1097,🏠 CHO THUÊ NHÀ NGUYÊN CĂN LÀM VĂN PHÒNG – THỦ ĐỨC,18000000,0.12,150 m²,"Phường Trường Thọ (Quận Thủ Đức cũ), Thành phố Thủ Đức, Tp Hồ Chí Minh",Thành phố Thủ Đức,Tp Hồ Chí Minh,10.831532,106.757996,Nhà ở,,4,,,,,,,[],3,Đăng Quang Rental,,,2026-09-17 14:27:44,https://nha.chotot.com/tin/178478419,2026-09-17T07:31:14.646306
1098,cần tiền bán gấp,5100000000,85.0,60 m²,"Phường Dĩ An, Thành phố Dĩ An, Bình Dương",Thành phố Dĩ An,Bình Dương,10.904065,106.75859,Nhà ở,,3,2,2,,2.0,1.0,,[],4,An Tam,,4.0,2026-09-17 14:27:32,https://nha.chotot.com/tin/178838974,2026-09-17T07:31:14.646583
1099,"🔥Cho thuê nhà gần ĐH Ngân Hàng, Thủ Đức, 80m², 3PN, chỉ 8 triệu",8000000,0.1,80 m²,"Phường Linh Chiểu (Quận Thủ Đức cũ), Thành phố Thủ Đức, Tp Hồ Chí Minh",Thành phố Thủ Đức,Tp Hồ Chí Minh,10.854226,106.76946,Nhà ở,,3,,,,,,,[],5,Đăng Quang Rental,,,2026-09-17 14:27:19,https://nha.chotot.com/tin/178378958,2026-09-17T07:31:14.646751
1100,💐 nhà cho thuê hương lộ 2. Phường Bình Trị Đông A Bình Tân,13000000,0.203125,64 m²,"Phường Bình Trị Đông A, Quận Bình Tân, Tp Hồ Chí Minh",Quận Bình Tân,Tp Hồ Chí Minh,10.766734,106.60688,Nhà ở,,5,3,,,,,,[],6,MS Tánh Chuyên Mua Bán Cho Thuê Nhà Quận  Bình Tân,,,2026-09-17 14:27:15,https://nha.chotot.com/tin/178829961,2026-09-17T07:31:14.646909
1101,"HIẾM!!!! - Hẻm Sư Vạn Hạnh, P12, Q.10 - 5x20m, 4 Tầng, 400m2",38000000,0.38,100 m²,"Phường 12, Quận 10, Tp Hồ Chí Minh",Quận 10,Tp Hồ Chí Minh,10.775027,106.667755,Đất,,,,4,,,,,[],9,Ngô Thanh Hùng,,,2026-09-17 14:30:13,https://nha.chotot.com/tin/178839362,2026-09-17T07:31:16.057749
1102,CHO THUÊ HẺM NGUYỄN VĂN TRỖI TÂN BÌNH | 12x15m siêu rộng,58000000,0.58,100 m²,"Phường 10, Quận Tân Bình, Tp Hồ Chí Minh",Quận Tân Bình,Tp Hồ Chí Minh,10.798557,106.67042,Đất,,,,,,,,116000000.0,[],8,Dung tr,,,2026-09-17 14:29:35,https://nha.chotot.com/tin/178839347,2026-09-17T07:31:16.058059
1103,"Cho thuê nhà phố 5 tầng có thang máy, rèm đường D9",45000000,0.53571427,84 m²,"Phường Long Bình (Quận 9 cũ), Thành phố Thủ Đức, Tp Hồ Chí Minh",Thành phố Thủ Đức,Tp Hồ Chí Minh,10.84805,106.83874,Đất,,,,5,,3.0,1.0,,[],4,DUY HOMES,,,2026-09-09 09:41:13,https://nha.chotot.com/tin/178661906,2026-09-17T07:31:16.058259
1104,"Cho thuê vp phố nguyên hồng,đống đa,dt 68m2,giá 13tr/tháng",13000000,0.19117647,68 m²,"Phường Láng Hạ, Quận Đống Đa, Hà Nội",Quận Đống Đa,Hà Nội,21.015743,105.80971,Đất,,,,8,,1.0,1.0,,[],5,Đào Thành Lân,,,2026-09-17 14:27:34,https://nha.chotot.com/tin/178839277,2026-09-17T07:31:16.058447
1105,🔥 CHO THUÊ BIỆT THỰ SÂN VƯỜN NGUYỄN VĂN TRỖI – NGANG 12M – GIÁ 59TR/TH,59000000,0.118,500 m²,"Phường 10, Quận Phú Nhuận, Tp Hồ Chí Minh",Quận Phú Nhuận,Tp Hồ Chí Minh,10.798557,106.67042,Đất,,,,,,,,150000000.0,[],7,Kiều Hằng,,,2026-09-17 14:27:01,https://nha.chotot.com/tin/178839254,2026-09-17T07:31:16.058718
1106,Cho thuê kho 1200m QL1A Tam Bình chỉ 75k,90000000,0.075,1200 m²,"Phường Tam Bình (Quận Thủ Đức cũ), Thành phố Thủ Đức, Tp Hồ Chí Minh",Thành phố Thủ Đức,Tp Hồ Chí Minh,10.871881,106.739655,Đất,,,,,,,,3.0,[],3,Anhthe,,4.0,2026-09-14 18:07:53,https://nha.chotot.com/tin/178775394,2026-09-17T07:31:16.058903
1107,BIỆT THỰ SÂN VƯỜN KHU TỔ HỢP F&B VÀ ĐA NGÀNH NGHỀ TRUNG TÂM QUẬN 3 ,115000000,0.34848484,330 m²,"Phường Võ Thị Sáu, Quận 3, Tp Hồ Chí Minh",Quận 3,Tp Hồ Chí Minh,10.788824,106.690765,Đất,,,,,,,,,[],9,Yến Ngọc,,,2026-09-17 14:25:23,https://nha.chotot.com/tin/178839200,2026-09-17T07:31:16.059191
1108,🍑Đoạn Đẹp NGUYỄN GIA TRÍ - 4x25m (Trệt 2 Lầu)🍑,65000000,0.21666667,300 m²,"Phường 25, Quận Bình Thạnh, Tp Hồ Chí Minh",Quận Bình Thạnh,Tp Hồ Chí Minh,10.810227,106.71722,Đất,,,,,,,,,[],6,Nhà Phố Cho Thuê,,,2026-09-17 14:24:57,https://nha.chotot.com/tin/175622468,2026-09-17T07:31:16.059385
1109,"🌟10x15m - TRẦN QUỐC TOẢN, Quận 3🌟 Trệt 2 Lầu",60000000,0.13333334,450 m²,"Phường Võ Thị Sáu, Quận 3, Tp Hồ Chí Minh",Quận 3,Tp Hồ Chí Minh,10.78659,106.68779,Đất,,,,,,,,,[],4,Nhà Phố Cho Thuê,,,2026-09-17 14:24:26,https://nha.chotot.com/tin/175903201,2026-09-17T07:31:16.059747
1110,cho thuê 100m văn phòng giá 30 tr,30000000,0.3,100 m²,"Phường An Khánh (Quận 2 cũ), Thành phố Thủ Đức, Tp Hồ Chí Minh",Thành phố Thủ Đức,Tp Hồ Chí Minh,10.79159,106.73052,Đất,,,,,,,,60000000.0,[],3,Nguyễn Văn Hậu,,,2026-09-05 13:44:09,https://nha.chotot.com/tin/178581677,2026-09-17T07:31:16.060050
1111,CHO THUÊ TÒA NHÀ VĂN PHÒNG NGUYỄN VĂN TRỖI NGAY NGÃ TƯ PHÚ NHUẬN,130000000,0.096296296,1350 m²,"Phường 10, Quận Phú Nhuận, Tp Hồ Chí Minh",Quận Phú Nhuận,Tp Hồ Chí Minh,10.798557,106.67042,Đất,,,,,,,,,[],3,Anh Đào,,,2026-09-12 11:08:02,https://nha.chotot.com/tin/178727010,2026-09-17T07:31:16.060233
1112,Mặt bằng đẹp Hồ Văn Huê 30m2,7490000,0.24966666,30 m²,"Phường 9, Quận Phú Nhuận, Tp Hồ Chí Minh",Quận Phú Nhuận,Tp Hồ Chí Minh,10.80251,106.67629,Đất,,,,,,,,7490000.0,[],7,NGUYỄN THỊ ANH THƯ,,,2026-09-06 15:25:13,https://nha.chotot.com/tin/178603931,2026-09-17T07:31:16.060419
1113,"🇻🇳SHOPHOUSE 3 TẦNG MẶT TIỀN MÊ LINH | GẦN ORI, KCN HÒA KHÁNH",14000000,0.11666667,120 m²,"Phường Hòa Hiệp Nam, Quận Liên Chiểu, Đà Nẵng",Quận Liên Chiểu,Đà Nẵng,16.09171,108.12595,Đất,,04,,3,,,,,[],10,Ngô Văn Cảnh,,4.4,2026-09-17 14:22:04,https://nha.chotot.com/tin/178839109,2026-09-17T07:31:16.060633
1114,🔥 HẺM XE HƠI  HUỲNH VĂN BÁNH – PHÚ NHUẬN | 4PN – 4WC | CHỈ 2x,23000000,0.23,100 m²,"Phường 10, Quận Phú Nhuận, Tp Hồ Chí Minh",Quận Phú Nhuận,Tp Hồ Chí Minh,10.791831,106.671616,Đất,,4,,,,,,46000000.0,[],6,Dung tr,,,2026-09-17 14:21:51,https://nha.chotot.com/tin/178839122,2026-09-17T07:31:16.060806
1115,"Măt tiền Nguyễn Cư Trinh, Quận 1 (Ngang 17m)",90000000,0.45,200 m²,"Phường Nguyễn Cư Trinh, Quận 1, Tp Hồ Chí Minh",Quận 1,Tp Hồ Chí Minh,10.763458,106.68884,Đất,,,,,,,,,[],5,Nhà Phố Cho Thuê,,,2026-09-17 14:21:14,https://nha.chotot.com/tin/178280784,2026-09-17T07:31:16.060975
1116,"🔥GÓC 2MT - NGUYỄN TRÃI, Bến Thành, Q1🔥400m2 sử dụng",150000000,0.375,400 m²,"Phường Bến Thành, Quận 1, Tp Hồ Chí Minh",Quận 1,Tp Hồ Chí Minh,10.771166,106.68731,Đất,,,,,,,,,[],4,Nhà Phố Cho Thuê,,,2026-09-17 14:20:35,https://nha.chotot.com/tin/175556911,2026-09-17T07:31:16.061239
1117,CHO THUÊ TÒA NHÀ 2 MẶT TIỀN VÕ VĂN NGÂN DT 12M X 36M TP THỦ ĐỨC,100000000,0.07692308,1300 m²,"Phường Bình Thọ (Quận Thủ Đức cũ), Thành phố Thủ Đức, Tp Hồ Chí Minh",Thành phố Thủ Đức,Tp Hồ Chí Minh,10.850573,106.76223,Đất,,,,,,,1.0,,[],3,Oanh Home,,,2026-09-17 14:20:21,https://nha.chotot.com/tin/178262159,2026-09-17T07:31:16.061601
1118,"🔥 CHO THUÊ TẦNG 7 160m2 – 104A XUÂN THUỶ, THẢO ĐIỀN, Q2 🔥",50000000,0.3125,160 m²,"Phường Thảo Điền (Quận 2 cũ), Thành phố Thủ Đức, Tp Hồ Chí Minh",Thành phố Thủ Đức,Tp Hồ Chí Minh,10.803889,106.73543,Đất,,,,,,,,150000000.0,[],8,Kiều Hằng,,,2026-09-17 14:18:58,https://nha.chotot.com/tin/178839027,2026-09-17T07:31:16.061783
1119,Cho thuê  Shophouse Panorama Phú Mỹ Hưng 2 tầng 50tr/th,50000000,0.35460994,141 m²,"Phường Tân Phong, Quận 7, Tp Hồ Chí Minh",Quận 7,Tp Hồ Chí Minh,10.72168,106.71284,Đất,,,,2,Tây Nam,,1.0,,[],7,Dân,,,2026-09-17 14:18:55,https://nha.chotot.com/tin/177011854,2026-09-17T07:31:16.061952
1120,Kho trống VIEW SÔNG 235/50A Đặng Thùy Trâm. DT 8X20M.,20000000,0.125,160 m²,"Phường 13, Quận Bình Thạnh, Tp Hồ Chí Minh",Quận Bình Thạnh,Tp Hồ Chí Minh,10.824377,106.70332,Đất,,,,,,2.0,1.0,,[],3,Anh Dũng,,4.0,2026-09-17 14:17:42,https://nha.chotot.com/tin/167862234,2026-09-17T07:31:16.062137
1121,"Cho thuê giá tốt 3PN view sông, nội thất xịn, Vinhomes Central Park",35000000,0.3043478,115 m²,"Phường 22, Quận Bình Thạnh, Tp Hồ Chí Minh",Quận Bình Thạnh,Tp Hồ Chí Minh,10.79387,106.72032,Căn hộ/Chung cư,1.0,3,2,,,1.0,6.0,,[],12,Huyền Nguyễn,,,2026-09-02 15:25:06,https://nha.chotot.com/tin/178523171,2026-09-17T07:31:17.429176
1122,Giá Thuê : 9tr/1 tháng Cho Thuê Nhà Đường Bùi Quang Là P12 Q. gò Vấp -,9000000,0.140625,64 m²,"Phường 12, Quận Gò Vấp, Tp Hồ Chí Minh",Quận Gò Vấp,Tp Hồ Chí Minh,10.835113,106.6396,Nhà ở,,2,2,,Tây,,,1.0,[],6,Quang Huy,,5.0,2026-09-07 10:48:48,https://nha.chotot.com/tin/178617090,2026-09-17T07:31:17.429476
1123,"BÁN GẤP NHÀ KQH HOÀNG DIỆU PHƯỜNG CAM LY ĐÀ LẠT CHỈ 5,4 TỶ",5400000000,120.0,45 m²,"Phường 5, Thành phố Đà Lạt, Lâm Đồng",Thành phố Đà Lạt,Lâm Đồng,11.942885,108.427925,Nhà ở,,3,2,3,Tây Bắc,3.0,,,[],4,Tô Hoàng Phương Trinh,,,2026-09-15 15:32:14,https://nha.chotot.com/tin/178796817,2026-09-17T07:31:17.429706
1124,KHAI TRƯƠNG PHÒNG TRỌ SINH VIÊN GIÁ RẺ NGAY ĐH CÔNG THƯƠNG TÂN PHÚ,3500000,0.14,25 m²,"Phường Tân Sơn Nhì, Quận Tân Phú, Tp Hồ Chí Minh",Quận Tân Phú,Tp Hồ Chí Minh,10.801903,106.625885,Phòng trọ,,,,,,,,3500000.0,[],5,Kiều Oanh NeWay Home ,,5.0,2026-09-17 14:30:15,https://nha.chotot.com/tin/178453357,2026-09-17T07:31:17.429884
1125,"HIẾM!!!! - Hẻm Sư Vạn Hạnh, P12, Q.10 - 5x20m, 4 Tầng, 400m2",38000000,0.38,100 m²,"Phường 12, Quận 10, Tp Hồ Chí Minh",Quận 10,Tp Hồ Chí Minh,10.775027,106.667755,Đất,,,,4,,,,,[],9,Ngô Thanh Hùng,,,2026-09-17 14:30:13,https://nha.chotot.com/tin/178839362,2026-09-17T07:31:17.430154
1126,Bán Đất Lô Góc Võ Văn Vân giá cực tốt,4190000000,37.410713,112 m²,"Xã Vĩnh Lộc B, Huyện Bình Chánh, Tp Hồ Chí Minh",Huyện Bình Chánh,Tp Hồ Chí Minh,10.773623,106.57547,Văn phòng/Mặt bằng,,,,,,,1.0,,[],6,Thanh Hưng,,3.4,2026-09-09 18:08:26,https://nha.chotot.com/tin/178674907,2026-09-17T07:31:17.430341
1127,"BCONS ARIA TRẢ TRƯỚC CHỈ 5% CHIẾT KHẤU 8,5% HỖ TRỢ LS 6,9% TRONG 4 NĂM",2600000000,49.056602,53 m²,"Phường Đông Hòa, Thành phố Dĩ An, Bình Dương",Thành phố Dĩ An,Bình Dương,10.89115,106.8022,Căn hộ/Chung cư,1.0,2,2,37,Tây,3.0,4.0,,[],12,Huy Hoàng Bcons ,,,2026-08-25 09:52:10,https://nha.chotot.com/tin/178364490,2026-09-17T07:31:17.430532
1128,"CHO THUÊ CĂN HỘ MỚI 2 PHÒNG NGỦ, DIỆN TÍCH 60M² ",13500000,0.20769231,65 m²,"Phường Khuê Mỹ, Quận Ngũ Hành Sơn, Đà Nẵng",Quận Ngũ Hành Sơn,Đà Nẵng,16.023426,108.2459,Căn hộ/Chung cư,2.0,2,,,,2.0,,,[],4,VANA,,,2026-09-17 14:30:06,https://nha.chotot.com/tin/178838887,2026-09-17T07:31:17.430736
1129,Bán căn Hưng Phát Silver Star - sát vách sunrise reverside - 4.6ty,4350000000,41.037735,106 m²,"Xã Phước Kiển, Huyện Nhà Bè, Tp Hồ Chí Minh",Huyện Nhà Bè,Tp Hồ Chí Minh,10.70387,106.71276,Căn hộ/Chung cư,1.0,3,,,Tây Nam,2.0,6.0,,[],9,Vân,,4.8,2026-09-03 11:16:19,https://nha.chotot.com/tin/177025273,2026-09-17T07:31:17.430915
1130,Nhà mới DT:4x9m 2 Tầng 2pn 2wc hẻm 1942 Huỳnh Tấn Phát,1960000000,61.25,32 m²,"Thị trấn Nhà Bè, Huyện Nhà Bè, Tp Hồ Chí Minh",Huyện Nhà Bè,Tp Hồ Chí Minh,10.698072,106.738914,Nhà ở,,2,,2,,,,,[],11,Nam Phú Gia,,,2026-09-06 06:52:42,https://nha.chotot.com/tin/178593726,2026-09-17T07:31:17.431083
1131,Cho thuê CC Garden gate 40m2 Offictel 1WC giá cực tốt chỉ 11tr/th ,11000000,0.31428573,35 m²,"Phường 9, Quận Phú Nhuận, Tp Hồ Chí Minh",Quận Phú Nhuận,Tp Hồ Chí Minh,10.80964,106.67425,Căn hộ/Chung cư,1.0,1,1,,,,,,[],3,Nguyễn Hoàng Toàn,,,2026-09-15 10:14:56,https://nha.chotot.com/tin/178787965,2026-09-17T07:31:17.431242
1132,🏡Khai Trương Ký túc xá ngay ngã tư Hàng xanh đầy đủ tiện nghi 🎉KTX,1700000,0.04857143,35 m²,"Phường 25, Quận Bình Thạnh, Tp Hồ Chí Minh",Quận Bình Thạnh,Tp Hồ Chí Minh,10.802271,106.71938,Phòng trọ,,,,,,,,1700000.0,[],4,LQ Vinhomes,,,2026-08-24 10:56:00,https://nha.chotot.com/tin/163698886,2026-09-17T07:31:17.431405
1133,Nhà Lầu 4 Tầng Hẻm Oto Xây Mới 100% Âu Dương Lân P2 Q8,8600000000,204.7619,42 m²,"Phường 2, Quận 8, Tp Hồ Chí Minh",Quận 8,Tp Hồ Chí Minh,10.742134,106.685104,Nhà ở,,4,3,4,,2.0,1.0,,[],8,Phạm Quốc Thắng,,,2026-09-17 14:29:58,https://nha.chotot.com/tin/178839361,2026-09-17T07:31:17.431593
1134,Lô đất 2500m thổ cư mặt tiền Hồ khu Biệt thự nghỉ dưỡng,4000000000,1.6891892,2368 m²,"Xã Đinh Lạc, Huyện Di Linh, Lâm Đồng",Huyện Di Linh,Lâm Đồng,11.63063,108.13101,Văn phòng/Mặt bằng,,,,,,,1.0,,[],4,Nguyễn Anh Sang,,4.1,2026-09-17 14:29:58,https://nha.chotot.com/tin/178141305,2026-09-17T07:31:17.431751
1135,"Cho Thuê Biệt Thự Nam Thông PMH Q7 - 450m2, 5PN, Đường 20m",70000000,0.15555556,450 m²,"Phường Tân Phong, Quận 7, Tp Hồ Chí Minh",Quận 7,Tp Hồ Chí Minh,10.73019,106.70033,Nhà ở,,5,4,5,,,,,[],12,Thuỷ Trần,,,2026-08-31 09:55:18,https://nha.chotot.com/tin/178484863,2026-09-17T07:31:17.431942
1136,"MẶT TIỀN ĐƯỜNG SỐ 6 – LÒ LU, TRƯỜNG THẠNH, TP. THỦ ĐỨC",4680000000,53.793102,87 m²,"Phường Trường Thạnh (Quận 9 cũ), Thành phố Thủ Đức, Tp Hồ Chí Minh",Thành phố Thủ Đức,Tp Hồ Chí Minh,10.801835,106.81432,Văn phòng/Mặt bằng,,,,,,,,,[],5,Duy Hoàng Land,,5.0,2026-09-17 14:29:46,https://nha.chotot.com/tin/178839348,2026-09-17T07:31:17.432391
1137,KHAI TRƯƠNG ĐUPLEX 3🍠X ĐƯỜNG SỐ 1_NGUYỄN THỊ TÚ NHẬN XE ĐIỆN FULL NT,3700000,0.13214286,28 m²,"Phường Bình Hưng Hoà B, Quận Bình Tân, Tp Hồ Chí Minh",Quận Bình Tân,Tp Hồ Chí Minh,10.807803,106.59462,Căn hộ/Chung cư,3.0,1,1,,,2.0,4.0,1000000.0,[],11,Triệu an HiFriendz Tp ,,5.0,2026-09-17 14:29:46,https://nha.chotot.com/tin/178839353,2026-09-17T07:31:17.432631
1138,Cần cho thuê nhà góc 2 Mặt Tiền 84A Phổ Quang P.2 Q.Tân Bình,30000000,0.3030303,99 m²,"Phường 2, Quận Tân Bình, Tp Hồ Chí Minh",Quận Tân Bình,Tp Hồ Chí Minh,10.806851,106.668365,Nhà ở,,5,5,4,,,1.0,60000000.0,[],6,Anh Thanh,,,2026-09-17 14:29:37,https://nha.chotot.com/tin/178839329,2026-09-17T07:31:17.432803
1139,CHO THUÊ HẺM NGUYỄN VĂN TRỖI TÂN BÌNH | 12x15m siêu rộng,58000000,0.58,100 m²,"Phường 10, Quận Tân Bình, Tp Hồ Chí Minh",Quận Tân Bình,Tp Hồ Chí Minh,10.798557,106.67042,Đất,,,,,,,,116000000.0,[],8,Dung tr,,,2026-09-17 14:29:35,https://nha.chotot.com/tin/178839347,2026-09-17T07:31:17.432954
1140,Bán nhà lầu đúc kiên cố hẻm xe hơi rộng đường Dương Bá Trạc P1 Q8 ,11800000000,245.83333,48 m²,"Phường 1, Quận 8, Tp Hồ Chí Minh",Quận 8,Tp Hồ Chí Minh,10.74418,106.69049,Nhà ở,,4,4,4,Nam,2.0,1.0,,[],3,Nguyễn Thìn ,,4.4,2026-09-17 14:29:34,https://nha.chotot.com/tin/178839333,2026-09-17T07:31:17.433115
1141,"Cho thuê giá tốt 3PN view sông, nội thất xịn, Vinhomes Central Park",35000000,0.3043478,115 m²,"Phường 22, Quận Bình Thạnh, Tp Hồ Chí Minh",Quận Bình Thạnh,Tp Hồ Chí Minh,10.79387,106.72032,Căn hộ/Chung cư,1.0,3,2,,,1.0,6.0,,[],12,Huyền Nguyễn,,,2026-09-02 15:25:06,https://nha.chotot.com/tin/178523171,2026-09-17T07:31:18.308850
1142,"BCONS ARIA TRẢ TRƯỚC CHỈ 5% CHIẾT KHẤU 8,5% HỖ TRỢ LS 6,9% TRONG 4 NĂM",2600000000,49.056602,53 m²,"Phường Đông Hòa, Thành phố Dĩ An, Bình Dương",Thành phố Dĩ An,Bình Dương,10.89115,106.8022,Căn hộ/Chung cư,1.0,2,2,37,Tây,3.0,4.0,,[],12,Huy Hoàng Bcons ,,,2026-08-25 09:52:10,https://nha.chotot.com/tin/178364490,2026-09-17T07:31:18.309146
1143,"CHO THUÊ CĂN HỘ MỚI 2 PHÒNG NGỦ, DIỆN TÍCH 60M² ",13500000,0.20769231,65 m²,"Phường Khuê Mỹ, Quận Ngũ Hành Sơn, Đà Nẵng",Quận Ngũ Hành Sơn,Đà Nẵng,16.023426,108.2459,Căn hộ/Chung cư,2.0,2,,,,2.0,,,[],4,VANA,,,2026-09-17 14:30:06,https://nha.chotot.com/tin/178838887,2026-09-17T07:31:18.309413
1144,Bán căn Hưng Phát Silver Star - sát vách sunrise reverside - 4.6ty,4350000000,41.037735,106 m²,"Xã Phước Kiển, Huyện Nhà Bè, Tp Hồ Chí Minh",Huyện Nhà Bè,Tp Hồ Chí Minh,10.70387,106.71276,Căn hộ/Chung cư,1.0,3,,,Tây Nam,2.0,6.0,,[],9,Vân,,4.8,2026-09-03 11:16:19,https://nha.chotot.com/tin/177025273,2026-09-17T07:31:18.309636
1145,Cho thuê CC Garden gate 40m2 Offictel 1WC giá cực tốt chỉ 11tr/th ,11000000,0.31428573,35 m²,"Phường 9, Quận Phú Nhuận, Tp Hồ Chí Minh",Quận Phú Nhuận,Tp Hồ Chí Minh,10.80964,106.67425,Căn hộ/Chung cư,1.0,1,1,,,,,,[],3,Nguyễn Hoàng Toàn,,,2026-09-15 10:14:56,https://nha.chotot.com/tin/178787965,2026-09-17T07:31:18.309824
1146,KHAI TRƯƠNG ĐUPLEX 3🍠X ĐƯỜNG SỐ 1_NGUYỄN THỊ TÚ NHẬN XE ĐIỆN FULL NT,3700000,0.13214286,28 m²,"Phường Bình Hưng Hoà B, Quận Bình Tân, Tp Hồ Chí Minh",Quận Bình Tân,Tp Hồ Chí Minh,10.807803,106.59462,Căn hộ/Chung cư,3.0,1,1,,,2.0,4.0,1000000.0,[],11,Triệu an HiFriendz Tp ,,5.0,2026-09-17 14:29:46,https://nha.chotot.com/tin/178839353,2026-09-17T07:31:18.310041
1147,"Chung cư Tecco Green - Phan Văn Hớn căn 2p ngủ , full NT, giá 7,3tr/th",7300000,0.1,73 m²,"Phường Tân Thới Nhất, Quận 12, Tp Hồ Chí Minh",Quận 12,Tp Hồ Chí Minh,10.82954,106.61561,Căn hộ/Chung cư,1.0,2,2,,,2.0,6.0,,[],6,Phí Linh,,,2026-09-17 14:29:29,https://nha.chotot.com/tin/178839257,2026-09-17T07:31:18.310220
1148,💥CHDV - FUL NT - 2PN - BALCONY THOÁNG ⚡️ PHAN ĐĂNG LƯU - BÙI ĐÌNH TUÝ 💥,7800000,0.111428574,70 m²,"Phường 1, Quận Bình Thạnh, Tp Hồ Chí Minh",Quận Bình Thạnh,Tp Hồ Chí Minh,10.802451,106.697495,Căn hộ/Chung cư,2.0,2,,,,,,,[],12,Lương Thanh Trúc,,,2026-09-12 21:54:42,https://nha.chotot.com/tin/178437508,2026-09-17T07:31:18.310392
1149,"💥 HÀ ĐÔ CENTROSA – 2PN 2WC – NHÀ ĐẸP, FULL NỘI THẤT – Ở LIỀN CHỈ 22TR",22000000,0.25581396,86 m²,"Phường 12, Quận 10, Tp Hồ Chí Minh",Quận 10,Tp Hồ Chí Minh,10.7762,106.67889,Căn hộ/Chung cư,1.0,2,2,,,,,,[],12,Hoàng Dung,,4.5,2026-09-17 11:07:05,https://nha.chotot.com/tin/178834497,2026-09-17T07:31:18.310586
1150,"CĂN HỘ MINI CAO CẤP MỚI 100%, FULL NỘI THẤT NGAY ẺMART PHAN HUY ÍCH",5000000,0.2,25 m²,"Phường 12, Quận Gò Vấp, Tp Hồ Chí Minh",Quận Gò Vấp,Tp Hồ Chí Minh,10.837349,106.636284,Căn hộ/Chung cư,2.0,1,1,,,1.0,4.0,5000000.0,[],12,Alo Ngoc Hoang,,5.0,2026-09-17 14:28:24,https://nha.chotot.com/tin/178839301,2026-09-17T07:31:18.310776
1151,TÌM NỮ Ở GHÉP CĂN CHUNG CƯ 2PN,4500000,0.071428575,63 m²,"Phường Phú Thuận, Quận 7, Tp Hồ Chí Minh",Quận 7,Tp Hồ Chí Minh,10.722,106.7433,Căn hộ/Chung cư,1.0,2,2,,,2.0,4.0,4500000.0,[],7,Kim Thanh,,5.0,2026-09-17 14:28:16,https://nha.chotot.com/tin/178839296,2026-09-17T07:31:18.310953
1152,Khách Cần Tiền Ra Di Căn 2PN Hiyori Siêu Mới,5200000000,83.870964,62 m²,"Phường An Hải Đông, Quận Sơn Trà, Đà Nẵng",Quận Sơn Trà,Đà Nẵng,16.06191,108.23652,Căn hộ/Chung cư,1.0,2,2,,,1.0,2.0,,[],11,Hồng Công,,,2026-09-17 14:26:46,https://nha.chotot.com/tin/171220229,2026-09-17T07:31:18.311142
1153,⭐ RIVER PANORAMA CHO THUÊ 3PN2WC FULL NỘI THẤT VIEW ĐẸP CHỈ 19 TRIỆU,19000000,0.21111111,90 m²,"Phường Phú Mỹ, Quận 7, Tp Hồ Chí Minh",Quận 7,Tp Hồ Chí Minh,10.71422,106.73743,Căn hộ/Chung cư,1.0,3,2,,,2.0,6.0,,[],12,Huy,,5.0,2026-09-08 14:36:21,https://nha.chotot.com/tin/172861126,2026-09-17T07:31:18.311385
1154,"THẢO ĐIỀN, QUẬN 2 🏡 CHO THUÊ CHDV CAO CẤP💘 1PN BAN CÔNG FULL NỘI THẤT",11000000,0.22,50 m²,"Phường Thảo Điền (Quận 2 cũ), Thành phố Thủ Đức, Tp Hồ Chí Minh",Thành phố Thủ Đức,Tp Hồ Chí Minh,10.803914,106.72912,Căn hộ/Chung cư,2.0,1,1,,Đông Bắc,1.0,4.0,11000000.0,[],11,Phương An Chuyên Căn Hộ Quận 2,,5.0,2026-09-11 14:06:45,https://nha.chotot.com/tin/177928071,2026-09-17T07:31:18.311597
1155,CHDV FULL NỘI THẤT MỚI KENG GẦN MEGA MARKET Q12,3900000,0.156,25 m²,"Phường Tân Thới Hiệp, Quận 12, Tp Hồ Chí Minh",Quận 12,Tp Hồ Chí Minh,10.887289,106.64767,Căn hộ/Chung cư,2.0,1,1,4,,2.0,4.0,,[],10,Anh Tuấn Tìm Phòng,,5.0,2026-09-17 14:26:20,https://nha.chotot.com/tin/178839237,2026-09-17T07:31:18.311775
1156,CHO THUÊ CĂN HỘ DUPLEX 2  GIƯỜNG NGỦ FULL NỘI THẤT CÓ CỬA SỔ THOÁNG,6000000,0.13333334,45 m²,"Phường 8, Thành phố Đà Lạt, Lâm Đồng",Thành phố Đà Lạt,Lâm Đồng,11.977858,108.45107,Căn hộ/Chung cư,3.0,1,1,,,,,,[],9,Quang gohome,,,2026-09-17 14:26:16,https://nha.chotot.com/tin/178839207,2026-09-17T07:31:18.311944
1157,Khách Cần Tiền Bán Gấp Căn Ponte 1PN Stu View Biển Giá Cực Rẻ ,2700000000,103.84615,26 m²,"Phường An Hải Tây, Quận Sơn Trà, Đà Nẵng",Quận Sơn Trà,Đà Nẵng,16.059008,108.23034,Căn hộ/Chung cư,1.0,1,2,,Tây,4.0,6.0,,[],6,Hồng Công,,,2026-09-17 14:26:02,https://nha.chotot.com/tin/178096332,2026-09-17T07:31:18.312117
1158,Bán Căn Hộ 2PN Toà A - Masteri Rivera Đà Nẵng,5700000000,91.935486,62 m²,"Phường Hòa Cường Nam, Quận Hải Châu, Đà Nẵng",Quận Hải Châu,Đà Nẵng,16.033035,108.225494,Căn hộ/Chung cư,1.0,2,2,39,Tây,2.0,6.0,,[],6,Hồng Công,,,2026-09-17 14:25:24,https://nha.chotot.com/tin/169931282,2026-09-17T07:31:18.312279
1159,Căn hộ ban công Full nội thất ngay Trương Văn Bang thuận tiện qua sala,5800000,0.16571428,35 m²,"Phường Thạnh Mỹ Lợi (Quận 2 cũ), Thành phố Thủ Đức, Tp Hồ Chí Minh",Thành phố Thủ Đức,Tp Hồ Chí Minh,10.774195,106.75718,Căn hộ/Chung cư,2.0,1,1,,,2.0,4.0,6000000.0,[],11,Huỳnh Châu HiFriendz ,,5.0,2026-09-05 22:57:12,https://nha.chotot.com/tin/178592369,2026-09-17T07:31:18.312480
1160,"CHO THUÊ  CHUNG CƯ TẠI PHỐ TU HOÀNG, NHỔN - 58M2, 2 NGỦ, ĐỦ ĐỒ-  5TR",5000000,0.0862069,58 m²,"Phường Phương Canh, Quận Nam Từ Liêm, Hà Nội",Quận Nam Từ Liêm,Hà Nội,21.053297,105.73126,Căn hộ/Chung cư,1.0,2,1,,,2.0,,,[],3,NGÔ THÚY,,,2026-09-17 14:24:32,https://nha.chotot.com/tin/178839180,2026-09-17T07:31:18.312680
1161,Nhà 3 Rưỡi - Mặt Tiền Hải Châu Gần Đống Đa ( SỤP ),5500000000,110.0,50 m²,"Phường Thuận Phước, Quận Hải Châu, Đà Nẵng",Quận Hải Châu,Đà Nẵng,16.08619,108.21645,Nhà ở,,6,,5,,,,,[],7,hưng thịnh,,5.0,2026-09-02 10:54:17,https://nha.chotot.com/tin/178518870,2026-09-17T07:31:19.721868
1162,"[GIÁ RẺ] NHÀ NGUYÊN CĂN 1 TRỆT 1 LẦU GẦN EMART, CHỢ TÂN SƠN",8000000,0.14285715,56 m²,"Phường 12, Quận Gò Vấp, Tp Hồ Chí Minh",Quận Gò Vấp,Tp Hồ Chí Minh,10.832696,106.63855,Nhà ở,,2,2,1,,,,,[],8,THÀNH ĐẠT CHUYÊN CHO THUÊ PHÒNG TRỌ CHDV GIÁ TỐT,,,2026-09-17 14:30:48,https://nha.chotot.com/tin/178839377,2026-09-17T07:31:19.722163
1163,Giá Thuê : 9tr/1 tháng Cho Thuê Nhà Đường Bùi Quang Là P12 Q. gò Vấp -,9000000,0.140625,64 m²,"Phường 12, Quận Gò Vấp, Tp Hồ Chí Minh",Quận Gò Vấp,Tp Hồ Chí Minh,10.835113,106.6396,Nhà ở,,2,2,,Tây,,,1.0,[],6,Quang Huy,,5.0,2026-09-07 10:48:48,https://nha.chotot.com/tin/178617090,2026-09-17T07:31:19.722357
1164,"BÁN GẤP NHÀ KQH HOÀNG DIỆU PHƯỜNG CAM LY ĐÀ LẠT CHỈ 5,4 TỶ",5400000000,120.0,45 m²,"Phường 5, Thành phố Đà Lạt, Lâm Đồng",Thành phố Đà Lạt,Lâm Đồng,11.942885,108.427925,Nhà ở,,3,2,3,Tây Bắc,3.0,,,[],4,Tô Hoàng Phương Trinh,,,2026-09-15 15:32:14,https://nha.chotot.com/tin/178796817,2026-09-17T07:31:19.722547
1165,Nhà mới DT:4x9m 2 Tầng 2pn 2wc hẻm 1942 Huỳnh Tấn Phát,1960000000,61.25,32 m²,"Thị trấn Nhà Bè, Huyện Nhà Bè, Tp Hồ Chí Minh",Huyện Nhà Bè,Tp Hồ Chí Minh,10.698072,106.738914,Nhà ở,,2,,2,,,,,[],11,Nam Phú Gia,,,2026-09-06 06:52:42,https://nha.chotot.com/tin/178593726,2026-09-17T07:31:19.722787
1166,Nhà Lầu 4 Tầng Hẻm Oto Xây Mới 100% Âu Dương Lân P2 Q8,8600000000,204.7619,42 m²,"Phường 2, Quận 8, Tp Hồ Chí Minh",Quận 8,Tp Hồ Chí Minh,10.742134,106.685104,Nhà ở,,4,3,4,,2.0,1.0,,[],8,Phạm Quốc Thắng,,,2026-09-17 14:29:58,https://nha.chotot.com/tin/178839361,2026-09-17T07:31:19.722954
1167,"Cho Thuê Biệt Thự Nam Thông PMH Q7 - 450m2, 5PN, Đường 20m",70000000,0.15555556,450 m²,"Phường Tân Phong, Quận 7, Tp Hồ Chí Minh",Quận 7,Tp Hồ Chí Minh,10.73019,106.70033,Nhà ở,,5,4,5,,,,,[],12,Thuỷ Trần,,,2026-08-31 09:55:18,https://nha.chotot.com/tin/178484863,2026-09-17T07:31:19.723113
1168,Cần cho thuê nhà góc 2 Mặt Tiền 84A Phổ Quang P.2 Q.Tân Bình,30000000,0.3030303,99 m²,"Phường 2, Quận Tân Bình, Tp Hồ Chí Minh",Quận Tân Bình,Tp Hồ Chí Minh,10.806851,106.668365,Nhà ở,,5,5,4,,,1.0,60000000.0,[],6,Anh Thanh,,,2026-09-17 14:29:37,https://nha.chotot.com/tin/178839329,2026-09-17T07:31:19.723273
1169,Bán nhà lầu đúc kiên cố hẻm xe hơi rộng đường Dương Bá Trạc P1 Q8 ,11800000000,245.83333,48 m²,"Phường 1, Quận 8, Tp Hồ Chí Minh",Quận 8,Tp Hồ Chí Minh,10.74418,106.69049,Nhà ở,,4,4,4,Nam,2.0,1.0,,[],3,Nguyễn Thìn ,,4.4,2026-09-17 14:29:34,https://nha.chotot.com/tin/178839333,2026-09-17T07:31:19.723426
1170,"Bán nhà riêng 4mx18,3m",12300000000,169.65517,72.5 m²,"Phường Tân Sơn Nhì, Quận Tân Phú, Tp Hồ Chí Minh",Quận Tân Phú,Tp Hồ Chí Minh,10.796407,106.63215,Nhà ở,,1,,,,,,,[],3,Nguyễn Võ Châu Phát,,,2026-09-16 14:28:21,https://nha.chotot.com/tin/178817793,2026-09-17T07:31:19.723621
1171,cho thuê,25000000,0.41666666,60 m²,"Phường 8, Quận 5, Tp Hồ Chí Minh",Quận 5,Tp Hồ Chí Minh,10.756033,106.671135,Nhà ở,,4,5,3,Đông,3.0,1.0,50000000.0,[],3,Phạm Ánh Lan,,5.0,2026-09-17 12:38:51,https://nha.chotot.com/tin/178836750,2026-09-17T07:31:19.723795
1172,cho thuê nhà 2 tầng đường phan thanh sát đại học duy tân,11000000,0.22,50 m²,"Phường Thạc Gián, Quận Thanh Khê, Đà Nẵng",Quận Thanh Khê,Đà Nẵng,16.063013,108.208755,Nhà ở,,3,3,2,,1.0,,,[],10,Đại tuấn,,,2026-09-17 14:29:11,https://nha.chotot.com/tin/178839312,2026-09-17T07:31:19.723952
1173,Nhà riêng ngõ 31 phố mai động gần đền lừ dt40m2x4t giá 10tr,10000000,0.25,40 m²,"Phường Mai Động, Quận Hoàng Mai, Hà Nội",Quận Hoàng Mai,Hà Nội,20.988625,105.86115,Nhà ở,,4,3,4,Đông,2.0,1.0,10000000.0,[],6,phạm minh chính,,,2026-09-10 10:59:00,https://nha.chotot.com/tin/178378145,2026-09-17T07:31:19.724123
1174,bán nhà mặt tiền kinh doanh đường Trương Vĩnh Nguyên,5600000000,19.928825,281 m²,"Phường Phú Thứ, Quận Cái Răng, Cần Thơ",Quận Cái Răng,Cần Thơ,9.982768,105.78676,Nhà ở,,1,2,1,Đông Bắc,3.0,1.0,,[],5,Nguyen Tien Tai,,,2026-09-16 14:28:22,https://nha.chotot.com/tin/178149394,2026-09-17T07:31:19.724352
1175,"Bán biệt thự 2 lầu áp mái P. Thạnh Mỹ Tây, TP.HCM giá 43 tỷ",43000000000,511.90475,84 m²,"Phường 12, Quận 3, Tp Hồ Chí Minh",Quận 3,Tp Hồ Chí Minh,10.789393,106.675064,Nhà ở,,1,,,,,,,[],3,vũ thành,,,2026-09-17 14:28:31,https://nha.chotot.com/tin/178839248,2026-09-17T07:31:19.724679
1176,"Bán gấp nhà 1 lầu, sân thượng, 76m2, hẻm 5m vị trí hẻm 477/ Mã Lò",6950000000,91.447365,76 m²,"Phường Bình Hưng Hoà A, Quận Bình Tân, Tp Hồ Chí Minh",Quận Bình Tân,Tp Hồ Chí Minh,10.7823,106.59924,Nhà ở,,2,,2,,,,,[],3, Vương Nguyễn,,5.0,2026-09-17 14:28:31,https://nha.chotot.com/tin/178839292,2026-09-17T07:31:19.724998
1177,"Bán nhà mới khu đường bàn cờ thông 6m Đường Số 28, 4,5x15m, lửng,3 lầu",9500000000,158.33333,60 m²,"Phường 6, Quận Gò Vấp, Tp Hồ Chí Minh",Quận Gò Vấp,Tp Hồ Chí Minh,10.838439,106.6817,Nhà ở,,4,5,4,,,1.0,,[],8,TRUONG TAM,,,2026-09-17 14:28:04,https://nha.chotot.com/tin/175260106,2026-09-17T07:31:19.725162
1178,Gần Trường Lý Tự Trọng GV - Hẻm Ôtô - Nhà mới xây 4 Tầng 4PN - KQH KLG,6680000000,151.81818,44 m²,"Phường 15, Quận Gò Vấp, Tp Hồ Chí Minh",Quận Gò Vấp,Tp Hồ Chí Minh,10.847257,106.669334,Nhà ở,,4,4,4,,,1.0,,[],12,Lý Ngọc Thanh,,,2026-09-13 13:07:56,https://nha.chotot.com/tin/178748929,2026-09-17T07:31:19.725316
1179,"NHÀ MỚI ĐẸP, HẺM TẢI 1T2L 4PN NGAY PHẠM VĂN ĐỒNG",14000000,0.23333333,60 m²,"Phường Linh Tây (Quận Thủ Đức cũ), Thành phố Thủ Đức, Tp Hồ Chí Minh",Thành phố Thủ Đức,Tp Hồ Chí Minh,10.852818,106.75241,Nhà ở,,4,3,,,,,28000000.0,[],9,NHẤT NHÀ ĐẤT,,5.0,2026-09-11 11:23:04,https://nha.chotot.com/tin/178707503,2026-09-17T07:31:19.725471
1180,🏠 CHO THUÊ NHÀ NGUYÊN CĂN LÀM VĂN PHÒNG – THỦ ĐỨC,18000000,0.12,150 m²,"Phường Trường Thọ (Quận Thủ Đức cũ), Thành phố Thủ Đức, Tp Hồ Chí Minh",Thành phố Thủ Đức,Tp Hồ Chí Minh,10.831532,106.757996,Nhà ở,,4,,,,,,,[],3,Đăng Quang Rental,,,2026-09-17 14:27:44,https://nha.chotot.com/tin/178478419,2026-09-17T07:31:19.725660
1181,"HIẾM!!!! - Hẻm Sư Vạn Hạnh, P12, Q.10 - 5x20m, 4 Tầng, 400m2",38000000,0.38,100 m²,"Phường 12, Quận 10, Tp Hồ Chí Minh",Quận 10,Tp Hồ Chí Minh,10.775027,106.667755,Đất,,,,4,,,,,[],9,Ngô Thanh Hùng,,,2026-09-17 14:30:13,https://nha.chotot.com/tin/178839362,2026-09-17T07:31:21.173959
1182,CHO THUÊ HẺM NGUYỄN VĂN TRỖI TÂN BÌNH | 12x15m siêu rộng,58000000,0.58,100 m²,"Phường 10, Quận Tân Bình, Tp Hồ Chí Minh",Quận Tân Bình,Tp Hồ Chí Minh,10.798557,106.67042,Đất,,,,,,,,116000000.0,[],8,Dung tr,,,2026-09-17 14:29:35,https://nha.chotot.com/tin/178839347,2026-09-17T07:31:21.174265
1183,"Cho thuê nhà phố 5 tầng có thang máy, rèm đường D9",45000000,0.53571427,84 m²,"Phường Long Bình (Quận 9 cũ), Thành phố Thủ Đức, Tp Hồ Chí Minh",Thành phố Thủ Đức,Tp Hồ Chí Minh,10.84805,106.83874,Đất,,,,5,,3.0,1.0,,[],4,DUY HOMES,,,2026-09-09 09:41:13,https://nha.chotot.com/tin/178661906,2026-09-17T07:31:21.174465
1184,"Cho thuê vp phố nguyên hồng,đống đa,dt 68m2,giá 13tr/tháng",13000000,0.19117647,68 m²,"Phường Láng Hạ, Quận Đống Đa, Hà Nội",Quận Đống Đa,Hà Nội,21.015743,105.80971,Đất,,,,8,,1.0,1.0,,[],5,Đào Thành Lân,,,2026-09-17 14:27:34,https://nha.chotot.com/tin/178839277,2026-09-17T07:31:21.174674
1185,🔥 CHO THUÊ BIỆT THỰ SÂN VƯỜN NGUYỄN VĂN TRỖI – NGANG 12M – GIÁ 59TR/TH,59000000,0.118,500 m²,"Phường 10, Quận Phú Nhuận, Tp Hồ Chí Minh",Quận Phú Nhuận,Tp Hồ Chí Minh,10.798557,106.67042,Đất,,,,,,,,150000000.0,[],7,Kiều Hằng,,,2026-09-17 14:27:01,https://nha.chotot.com/tin/178839254,2026-09-17T07:31:21.174872
1186,Cho thuê kho 1200m QL1A Tam Bình chỉ 75k,90000000,0.075,1200 m²,"Phường Tam Bình (Quận Thủ Đức cũ), Thành phố Thủ Đức, Tp Hồ Chí Minh",Thành phố Thủ Đức,Tp Hồ Chí Minh,10.871881,106.739655,Đất,,,,,,,,3.0,[],3,Anhthe,,4.0,2026-09-14 18:07:53,https://nha.chotot.com/tin/178775394,2026-09-17T07:31:21.175057
1187,BIỆT THỰ SÂN VƯỜN KHU TỔ HỢP F&B VÀ ĐA NGÀNH NGHỀ TRUNG TÂM QUẬN 3 ,115000000,0.34848484,330 m²,"Phường Võ Thị Sáu, Quận 3, Tp Hồ Chí Minh",Quận 3,Tp Hồ Chí Minh,10.788824,106.690765,Đất,,,,,,,,,[],9,Yến Ngọc,,,2026-09-17 14:25:23,https://nha.chotot.com/tin/178839200,2026-09-17T07:31:21.175438
1188,🍑Đoạn Đẹp NGUYỄN GIA TRÍ - 4x25m (Trệt 2 Lầu)🍑,65000000,0.21666667,300 m²,"Phường 25, Quận Bình Thạnh, Tp Hồ Chí Minh",Quận Bình Thạnh,Tp Hồ Chí Minh,10.810227,106.71722,Đất,,,,,,,,,[],6,Nhà Phố Cho Thuê,,,2026-09-17 14:24:57,https://nha.chotot.com/tin/175622468,2026-09-17T07:31:21.175659
1189,"🌟10x15m - TRẦN QUỐC TOẢN, Quận 3🌟 Trệt 2 Lầu",60000000,0.13333334,450 m²,"Phường Võ Thị Sáu, Quận 3, Tp Hồ Chí Minh",Quận 3,Tp Hồ Chí Minh,10.78659,106.68779,Đất,,,,,,,,,[],4,Nhà Phố Cho Thuê,,,2026-09-17 14:24:26,https://nha.chotot.com/tin/175903201,2026-09-17T07:31:21.175919
1190,cho thuê 100m văn phòng giá 30 tr,30000000,0.3,100 m²,"Phường An Khánh (Quận 2 cũ), Thành phố Thủ Đức, Tp Hồ Chí Minh",Thành phố Thủ Đức,Tp Hồ Chí Minh,10.79159,106.73052,Đất,,,,,,,,60000000.0,[],3,Nguyễn Văn Hậu,,,2026-09-05 13:44:09,https://nha.chotot.com/tin/178581677,2026-09-17T07:31:21.176154
1191,CHO THUÊ TÒA NHÀ VĂN PHÒNG NGUYỄN VĂN TRỖI NGAY NGÃ TƯ PHÚ NHUẬN,130000000,0.096296296,1350 m²,"Phường 10, Quận Phú Nhuận, Tp Hồ Chí Minh",Quận Phú Nhuận,Tp Hồ Chí Minh,10.798557,106.67042,Đất,,,,,,,,,[],3,Anh Đào,,,2026-09-12 11:08:02,https://nha.chotot.com/tin/178727010,2026-09-17T07:31:21.176335
1192,Mặt bằng đẹp Hồ Văn Huê 30m2,7490000,0.24966666,30 m²,"Phường 9, Quận Phú Nhuận, Tp Hồ Chí Minh",Quận Phú Nhuận,Tp Hồ Chí Minh,10.80251,106.67629,Đất,,,,,,,,7490000.0,[],7,NGUYỄN THỊ ANH THƯ,,,2026-09-06 15:25:13,https://nha.chotot.com/tin/178603931,2026-09-17T07:31:21.176509
1193,"🇻🇳SHOPHOUSE 3 TẦNG MẶT TIỀN MÊ LINH | GẦN ORI, KCN HÒA KHÁNH",14000000,0.11666667,120 m²,"Phường Hòa Hiệp Nam, Quận Liên Chiểu, Đà Nẵng",Quận Liên Chiểu,Đà Nẵng,16.09171,108.12595,Đất,,04,,3,,,,,[],10,Ngô Văn Cảnh,,4.4,2026-09-17 14:22:04,https://nha.chotot.com/tin/178839109,2026-09-17T07:31:21.176701
1194,🔥 HẺM XE HƠI  HUỲNH VĂN BÁNH – PHÚ NHUẬN | 4PN – 4WC | CHỈ 2x,23000000,0.23,100 m²,"Phường 10, Quận Phú Nhuận, Tp Hồ Chí Minh",Quận Phú Nhuận,Tp Hồ Chí Minh,10.791831,106.671616,Đất,,4,,,,,,46000000.0,[],6,Dung tr,,,2026-09-17 14:21:51,https://nha.chotot.com/tin/178839122,2026-09-17T07:31:21.176867
1195,"Măt tiền Nguyễn Cư Trinh, Quận 1 (Ngang 17m)",90000000,0.45,200 m²,"Phường Nguyễn Cư Trinh, Quận 1, Tp Hồ Chí Minh",Quận 1,Tp Hồ Chí Minh,10.763458,106.68884,Đất,,,,,,,,,[],5,Nhà Phố Cho Thuê,,,2026-09-17 14:21:14,https://nha.chotot.com/tin/178280784,2026-09-17T07:31:21.177040
1196,"🔥GÓC 2MT - NGUYỄN TRÃI, Bến Thành, Q1🔥400m2 sử dụng",150000000,0.375,400 m²,"Phường Bến Thành, Quận 1, Tp Hồ Chí Minh",Quận 1,Tp Hồ Chí Minh,10.771166,106.68731,Đất,,,,,,,,,[],4,Nhà Phố Cho Thuê,,,2026-09-17 14:20:35,https://nha.chotot.com/tin/175556911,2026-09-17T07:31:21.177288
1197,CHO THUÊ TÒA NHÀ 2 MẶT TIỀN VÕ VĂN NGÂN DT 12M X 36M TP THỦ ĐỨC,100000000,0.07692308,1300 m²,"Phường Bình Thọ (Quận Thủ Đức cũ), Thành phố Thủ Đức, Tp Hồ Chí Minh",Thành phố Thủ Đức,Tp Hồ Chí Minh,10.850573,106.76223,Đất,,,,,,,1.0,,[],3,Oanh Home,,,2026-09-17 14:20:21,https://nha.chotot.com/tin/178262159,2026-09-17T07:31:21.177546
1198,"🔥 CHO THUÊ TẦNG 7 160m2 – 104A XUÂN THUỶ, THẢO ĐIỀN, Q2 🔥",50000000,0.3125,160 m²,"Phường Thảo Điền (Quận 2 cũ), Thành phố Thủ Đức, Tp Hồ Chí Minh",Thành phố Thủ Đức,Tp Hồ Chí Minh,10.803889,106.73543,Đất,,,,,,,,150000000.0,[],8,Kiều Hằng,,,2026-09-17 14:18:58,https://nha.chotot.com/tin/178839027,2026-09-17T07:31:21.177737
1199,Cho thuê  Shophouse Panorama Phú Mỹ Hưng 2 tầng 50tr/th,50000000,0.35460994,141 m²,"Phường Tân Phong, Quận 7, Tp Hồ Chí Minh",Quận 7,Tp Hồ Chí Minh,10.72168,106.71284,Đất,,,,2,Tây Nam,,1.0,,[],7,Dân,,,2026-09-17 14:18:55,https://nha.chotot.com/tin/177011854,2026-09-17T07:31:21.178019
1200,Kho trống VIEW SÔNG 235/50A Đặng Thùy Trâm. DT 8X20M.,20000000,0.125,160 m²,"Phường 13, Quận Bình Thạnh, Tp Hồ Chí Minh",Quận Bình Thạnh,Tp Hồ Chí Minh,10.824377,106.70332,Đất,,,,,,2.0,1.0,,[],3,Anh Dũng,,4.0,2026-09-17 14:17:42,https://nha.chotot.com/tin/167862234,2026-09-17T07:31:21.178218
1201,"Cho thuê giá tốt 3PN view sông, nội thất xịn, Vinhomes Central Park",35000000,0.3043478,115 m²,"Phường 22, Quận Bình Thạnh, Tp Hồ Chí Minh",Quận Bình Thạnh,Tp Hồ Chí Minh,10.79387,106.72032,Căn hộ/Chung cư,1.0,3,2,,,1.0,6.0,,[],12,Huyền Nguyễn,,,2026-09-02 15:25:06,https://nha.chotot.com/tin/178523171,2026-09-17T07:31:22.170358
1202,Giá Thuê : 9tr/1 tháng Cho Thuê Nhà Đường Bùi Quang Là P12 Q. gò Vấp -,9000000,0.140625,64 m²,"Phường 12, Quận Gò Vấp, Tp Hồ Chí Minh",Quận Gò Vấp,Tp Hồ Chí Minh,10.835113,106.6396,Nhà ở,,2,2,,Tây,,,1.0,[],6,Quang Huy,,5.0,2026-09-07 10:48:48,https://nha.chotot.com/tin/178617090,2026-09-17T07:31:22.170695
1203,"BÁN GẤP NHÀ KQH HOÀNG DIỆU PHƯỜNG CAM LY ĐÀ LẠT CHỈ 5,4 TỶ",5400000000,120.0,45 m²,"Phường 5, Thành phố Đà Lạt, Lâm Đồng",Thành phố Đà Lạt,Lâm Đồng,11.942885,108.427925,Nhà ở,,3,2,3,Tây Bắc,3.0,,,[],4,Tô Hoàng Phương Trinh,,,2026-09-15 15:32:14,https://nha.chotot.com/tin/178796817,2026-09-17T07:31:22.170895
1204,KHAI TRƯƠNG PHÒNG TRỌ SINH VIÊN GIÁ RẺ NGAY ĐH CÔNG THƯƠNG TÂN PHÚ,3500000,0.14,25 m²,"Phường Tân Sơn Nhì, Quận Tân Phú, Tp Hồ Chí Minh",Quận Tân Phú,Tp Hồ Chí Minh,10.801903,106.625885,Phòng trọ,,,,,,,,3500000.0,[],5,Kiều Oanh NeWay Home ,,5.0,2026-09-17 14:30:15,https://nha.chotot.com/tin/178453357,2026-09-17T07:31:22.171070
1205,"HIẾM!!!! - Hẻm Sư Vạn Hạnh, P12, Q.10 - 5x20m, 4 Tầng, 400m2",38000000,0.38,100 m²,"Phường 12, Quận 10, Tp Hồ Chí Minh",Quận 10,Tp Hồ Chí Minh,10.775027,106.667755,Đất,,,,4,,,,,[],9,Ngô Thanh Hùng,,,2026-09-17 14:30:13,https://nha.chotot.com/tin/178839362,2026-09-17T07:31:22.171340
1206,Bán Đất Lô Góc Võ Văn Vân giá cực tốt,4190000000,37.410713,112 m²,"Xã Vĩnh Lộc B, Huyện Bình Chánh, Tp Hồ Chí Minh",Huyện Bình Chánh,Tp Hồ Chí Minh,10.773623,106.57547,Văn phòng/Mặt bằng,,,,,,,1.0,,[],6,Thanh Hưng,,3.4,2026-09-09 18:08:26,https://nha.chotot.com/tin/178674907,2026-09-17T07:31:22.171540
1207,"BCONS ARIA TRẢ TRƯỚC CHỈ 5% CHIẾT KHẤU 8,5% HỖ TRỢ LS 6,9% TRONG 4 NĂM",2600000000,49.056602,53 m²,"Phường Đông Hòa, Thành phố Dĩ An, Bình Dương",Thành phố Dĩ An,Bình Dương,10.89115,106.8022,Căn hộ/Chung cư,1.0,2,2,37,Tây,3.0,4.0,,[],12,Huy Hoàng Bcons ,,,2026-08-25 09:52:10,https://nha.chotot.com/tin/178364490,2026-09-17T07:31:22.171748
1208,"CHO THUÊ CĂN HỘ MỚI 2 PHÒNG NGỦ, DIỆN TÍCH 60M² ",13500000,0.20769231,65 m²,"Phường Khuê Mỹ, Quận Ngũ Hành Sơn, Đà Nẵng",Quận Ngũ Hành Sơn,Đà Nẵng,16.023426,108.2459,Căn hộ/Chung cư,2.0,2,,,,2.0,,,[],4,VANA,,,2026-09-17 14:30:06,https://nha.chotot.com/tin/178838887,2026-09-17T07:31:22.171922
1209,Bán căn Hưng Phát Silver Star - sát vách sunrise reverside - 4.6ty,4350000000,41.037735,106 m²,"Xã Phước Kiển, Huyện Nhà Bè, Tp Hồ Chí Minh",Huyện Nhà Bè,Tp Hồ Chí Minh,10.70387,106.71276,Căn hộ/Chung cư,1.0,3,,,Tây Nam,2.0,6.0,,[],9,Vân,,4.8,2026-09-03 11:16:19,https://nha.chotot.com/tin/177025273,2026-09-17T07:31:22.172096
1210,Nhà mới DT:4x9m 2 Tầng 2pn 2wc hẻm 1942 Huỳnh Tấn Phát,1960000000,61.25,32 m²,"Thị trấn Nhà Bè, Huyện Nhà Bè, Tp Hồ Chí Minh",Huyện Nhà Bè,Tp Hồ Chí Minh,10.698072,106.738914,Nhà ở,,2,,2,,,,,[],11,Nam Phú Gia,,,2026-09-06 06:52:42,https://nha.chotot.com/tin/178593726,2026-09-17T07:31:22.172263
1211,Cho thuê CC Garden gate 40m2 Offictel 1WC giá cực tốt chỉ 11tr/th ,11000000,0.31428573,35 m²,"Phường 9, Quận Phú Nhuận, Tp Hồ Chí Minh",Quận Phú Nhuận,Tp Hồ Chí Minh,10.80964,106.67425,Căn hộ/Chung cư,1.0,1,1,,,,,,[],3,Nguyễn Hoàng Toàn,,,2026-09-15 10:14:56,https://nha.chotot.com/tin/178787965,2026-09-17T07:31:22.172424
1212,🏡Khai Trương Ký túc xá ngay ngã tư Hàng xanh đầy đủ tiện nghi 🎉KTX,1700000,0.04857143,35 m²,"Phường 25, Quận Bình Thạnh, Tp Hồ Chí Minh",Quận Bình Thạnh,Tp Hồ Chí Minh,10.802271,106.71938,Phòng trọ,,,,,,,,1700000.0,[],4,LQ Vinhomes,,,2026-08-24 10:56:00,https://nha.chotot.com/tin/163698886,2026-09-17T07:31:22.172642
1213,Nhà Lầu 4 Tầng Hẻm Oto Xây Mới 100% Âu Dương Lân P2 Q8,8600000000,204.7619,42 m²,"Phường 2, Quận 8, Tp Hồ Chí Minh",Quận 8,Tp Hồ Chí Minh,10.742134,106.685104,Nhà ở,,4,3,4,,2.0,1.0,,[],8,Phạm Quốc Thắng,,,2026-09-17 14:29:58,https://nha.chotot.com/tin/178839361,2026-09-17T07:31:22.172803
1214,Lô đất 2500m thổ cư mặt tiền Hồ khu Biệt thự nghỉ dưỡng,4000000000,1.6891892,2368 m²,"Xã Đinh Lạc, Huyện Di Linh, Lâm Đồng",Huyện Di Linh,Lâm Đồng,11.63063,108.13101,Văn phòng/Mặt bằng,,,,,,,1.0,,[],4,Nguyễn Anh Sang,,4.1,2026-09-17 14:29:58,https://nha.chotot.com/tin/178141305,2026-09-17T07:31:22.172955
1215,"Cho Thuê Biệt Thự Nam Thông PMH Q7 - 450m2, 5PN, Đường 20m",70000000,0.15555556,450 m²,"Phường Tân Phong, Quận 7, Tp Hồ Chí Minh",Quận 7,Tp Hồ Chí Minh,10.73019,106.70033,Nhà ở,,5,4,5,,,,,[],12,Thuỷ Trần,,,2026-08-31 09:55:18,https://nha.chotot.com/tin/178484863,2026-09-17T07:31:22.173128
1216,"MẶT TIỀN ĐƯỜNG SỐ 6 – LÒ LU, TRƯỜNG THẠNH, TP. THỦ ĐỨC",4680000000,53.793102,87 m²,"Phường Trường Thạnh (Quận 9 cũ), Thành phố Thủ Đức, Tp Hồ Chí Minh",Thành phố Thủ Đức,Tp Hồ Chí Minh,10.801835,106.81432,Văn phòng/Mặt bằng,,,,,,,,,[],5,Duy Hoàng Land,,5.0,2026-09-17 14:29:46,https://nha.chotot.com/tin/178839348,2026-09-17T07:31:22.173364
1217,KHAI TRƯƠNG ĐUPLEX 3🍠X ĐƯỜNG SỐ 1_NGUYỄN THỊ TÚ NHẬN XE ĐIỆN FULL NT,3700000,0.13214286,28 m²,"Phường Bình Hưng Hoà B, Quận Bình Tân, Tp Hồ Chí Minh",Quận Bình Tân,Tp Hồ Chí Minh,10.807803,106.59462,Căn hộ/Chung cư,3.0,1,1,,,2.0,4.0,1000000.0,[],11,Triệu an HiFriendz Tp ,,5.0,2026-09-17 14:29:46,https://nha.chotot.com/tin/178839353,2026-09-17T07:31:22.173580
1218,Cần cho thuê nhà góc 2 Mặt Tiền 84A Phổ Quang P.2 Q.Tân Bình,30000000,0.3030303,99 m²,"Phường 2, Quận Tân Bình, Tp Hồ Chí Minh",Quận Tân Bình,Tp Hồ Chí Minh,10.806851,106.668365,Nhà ở,,5,5,4,,,1.0,60000000.0,[],6,Anh Thanh,,,2026-09-17 14:29:37,https://nha.chotot.com/tin/178839329,2026-09-17T07:31:22.173757
1219,CHO THUÊ HẺM NGUYỄN VĂN TRỖI TÂN BÌNH | 12x15m siêu rộng,58000000,0.58,100 m²,"Phường 10, Quận Tân Bình, Tp Hồ Chí Minh",Quận Tân Bình,Tp Hồ Chí Minh,10.798557,106.67042,Đất,,,,,,,,116000000.0,[],8,Dung tr,,,2026-09-17 14:29:35,https://nha.chotot.com/tin/178839347,2026-09-17T07:31:22.173907
1220,Bán nhà lầu đúc kiên cố hẻm xe hơi rộng đường Dương Bá Trạc P1 Q8 ,11800000000,245.83333,48 m²,"Phường 1, Quận 8, Tp Hồ Chí Minh",Quận 8,Tp Hồ Chí Minh,10.74418,106.69049,Nhà ở,,4,4,4,Nam,2.0,1.0,,[],3,Nguyễn Thìn ,,4.4,2026-09-17 14:29:34,https://nha.chotot.com/tin/178839333,2026-09-17T07:31:22.174069
1221,"Cho thuê giá tốt 3PN view sông, nội thất xịn, Vinhomes Central Park",35000000,0.3043478,115 m²,"Phường 22, Quận Bình Thạnh, Tp Hồ Chí Minh",Quận Bình Thạnh,Tp Hồ Chí Minh,10.79387,106.72032,Căn hộ/Chung cư,1.0,3,2,,,1.0,6.0,,[],12,Huyền Nguyễn,,,2026-09-02 15:25:06,https://nha.chotot.com/tin/178523171,2026-09-17T07:31:22.986319
1222,"BCONS ARIA TRẢ TRƯỚC CHỈ 5% CHIẾT KHẤU 8,5% HỖ TRỢ LS 6,9% TRONG 4 NĂM",2600000000,49.056602,53 m²,"Phường Đông Hòa, Thành phố Dĩ An, Bình Dương",Thành phố Dĩ An,Bình Dương,10.89115,106.8022,Căn hộ/Chung cư,1.0,2,2,37,Tây,3.0,4.0,,[],12,Huy Hoàng Bcons ,,,2026-08-25 09:52:10,https://nha.chotot.com/tin/178364490,2026-09-17T07:31:22.986647
1223,"CHO THUÊ CĂN HỘ MỚI 2 PHÒNG NGỦ, DIỆN TÍCH 60M² ",13500000,0.20769231,65 m²,"Phường Khuê Mỹ, Quận Ngũ Hành Sơn, Đà Nẵng",Quận Ngũ Hành Sơn,Đà Nẵng,16.023426,108.2459,Căn hộ/Chung cư,2.0,2,,,,2.0,,,[],4,VANA,,,2026-09-17 14:30:06,https://nha.chotot.com/tin/178838887,2026-09-17T07:31:22.986853
1224,Bán căn Hưng Phát Silver Star - sát vách sunrise reverside - 4.6ty,4350000000,41.037735,106 m²,"Xã Phước Kiển, Huyện Nhà Bè, Tp Hồ Chí Minh",Huyện Nhà Bè,Tp Hồ Chí Minh,10.70387,106.71276,Căn hộ/Chung cư,1.0,3,,,Tây Nam,2.0,6.0,,[],9,Vân,,4.8,2026-09-03 11:16:19,https://nha.chotot.com/tin/177025273,2026-09-17T07:31:22.987053
1225,Cho thuê CC Garden gate 40m2 Offictel 1WC giá cực tốt chỉ 11tr/th ,11000000,0.31428573,35 m²,"Phường 9, Quận Phú Nhuận, Tp Hồ Chí Minh",Quận Phú Nhuận,Tp Hồ Chí Minh,10.80964,106.67425,Căn hộ/Chung cư,1.0,1,1,,,,,,[],3,Nguyễn Hoàng Toàn,,,2026-09-15 10:14:56,https://nha.chotot.com/tin/178787965,2026-09-17T07:31:22.987299
1226,KHAI TRƯƠNG ĐUPLEX 3🍠X ĐƯỜNG SỐ 1_NGUYỄN THỊ TÚ NHẬN XE ĐIỆN FULL NT,3700000,0.13214286,28 m²,"Phường Bình Hưng Hoà B, Quận Bình Tân, Tp Hồ Chí Minh",Quận Bình Tân,Tp Hồ Chí Minh,10.807803,106.59462,Căn hộ/Chung cư,3.0,1,1,,,2.0,4.0,1000000.0,[],11,Triệu an HiFriendz Tp ,,5.0,2026-09-17 14:29:46,https://nha.chotot.com/tin/178839353,2026-09-17T07:31:22.987484
1227,"Chung cư Tecco Green - Phan Văn Hớn căn 2p ngủ , full NT, giá 7,3tr/th",7300000,0.1,73 m²,"Phường Tân Thới Nhất, Quận 12, Tp Hồ Chí Minh",Quận 12,Tp Hồ Chí Minh,10.82954,106.61561,Căn hộ/Chung cư,1.0,2,2,,,2.0,6.0,,[],6,Phí Linh,,,2026-09-17 14:29:29,https://nha.chotot.com/tin/178839257,2026-09-17T07:31:22.987703
1228,💥CHDV - FUL NT - 2PN - BALCONY THOÁNG ⚡️ PHAN ĐĂNG LƯU - BÙI ĐÌNH TUÝ 💥,7800000,0.111428574,70 m²,"Phường 1, Quận Bình Thạnh, Tp Hồ Chí Minh",Quận Bình Thạnh,Tp Hồ Chí Minh,10.802451,106.697495,Căn hộ/Chung cư,2.0,2,,,,,,,[],12,Lương Thanh Trúc,,,2026-09-12 21:54:42,https://nha.chotot.com/tin/178437508,2026-09-17T07:31:22.987876
1229,"💥 HÀ ĐÔ CENTROSA – 2PN 2WC – NHÀ ĐẸP, FULL NỘI THẤT – Ở LIỀN CHỈ 22TR",22000000,0.25581396,86 m²,"Phường 12, Quận 10, Tp Hồ Chí Minh",Quận 10,Tp Hồ Chí Minh,10.7762,106.67889,Căn hộ/Chung cư,1.0,2,2,,,,,,[],12,Hoàng Dung,,4.5,2026-09-17 11:07:05,https://nha.chotot.com/tin/178834497,2026-09-17T07:31:22.988041
1230,"CĂN HỘ MINI CAO CẤP MỚI 100%, FULL NỘI THẤT NGAY ẺMART PHAN HUY ÍCH",5000000,0.2,25 m²,"Phường 12, Quận Gò Vấp, Tp Hồ Chí Minh",Quận Gò Vấp,Tp Hồ Chí Minh,10.837349,106.636284,Căn hộ/Chung cư,2.0,1,1,,,1.0,4.0,5000000.0,[],12,Alo Ngoc Hoang,,5.0,2026-09-17 14:28:24,https://nha.chotot.com/tin/178839301,2026-09-17T07:31:22.988228
1231,TÌM NỮ Ở GHÉP CĂN CHUNG CƯ 2PN,4500000,0.071428575,63 m²,"Phường Phú Thuận, Quận 7, Tp Hồ Chí Minh",Quận 7,Tp Hồ Chí Minh,10.722,106.7433,Căn hộ/Chung cư,1.0,2,2,,,2.0,4.0,4500000.0,[],7,Kim Thanh,,5.0,2026-09-17 14:28:16,https://nha.chotot.com/tin/178839296,2026-09-17T07:31:22.988404
1232,Khách Cần Tiền Ra Di Căn 2PN Hiyori Siêu Mới,5200000000,83.870964,62 m²,"Phường An Hải Đông, Quận Sơn Trà, Đà Nẵng",Quận Sơn Trà,Đà Nẵng,16.06191,108.23652,Căn hộ/Chung cư,1.0,2,2,,,1.0,2.0,,[],11,Hồng Công,,,2026-09-17 14:26:46,https://nha.chotot.com/tin/171220229,2026-09-17T07:31:22.988622
1233,⭐ RIVER PANORAMA CHO THUÊ 3PN2WC FULL NỘI THẤT VIEW ĐẸP CHỈ 19 TRIỆU,19000000,0.21111111,90 m²,"Phường Phú Mỹ, Quận 7, Tp Hồ Chí Minh",Quận 7,Tp Hồ Chí Minh,10.71422,106.73743,Căn hộ/Chung cư,1.0,3,2,,,2.0,6.0,,[],12,Huy,,5.0,2026-09-08 14:36:21,https://nha.chotot.com/tin/172861126,2026-09-17T07:31:22.988807
1234,"THẢO ĐIỀN, QUẬN 2 🏡 CHO THUÊ CHDV CAO CẤP💘 1PN BAN CÔNG FULL NỘI THẤT",11000000,0.22,50 m²,"Phường Thảo Điền (Quận 2 cũ), Thành phố Thủ Đức, Tp Hồ Chí Minh",Thành phố Thủ Đức,Tp Hồ Chí Minh,10.803914,106.72912,Căn hộ/Chung cư,2.0,1,1,,Đông Bắc,1.0,4.0,11000000.0,[],11,Phương An Chuyên Căn Hộ Quận 2,,5.0,2026-09-11 14:06:45,https://nha.chotot.com/tin/177928071,2026-09-17T07:31:22.989000
1235,CHDV FULL NỘI THẤT MỚI KENG GẦN MEGA MARKET Q12,3900000,0.156,25 m²,"Phường Tân Thới Hiệp, Quận 12, Tp Hồ Chí Minh",Quận 12,Tp Hồ Chí Minh,10.887289,106.64767,Căn hộ/Chung cư,2.0,1,1,4,,2.0,4.0,,[],10,Anh Tuấn Tìm Phòng,,5.0,2026-09-17 14:26:20,https://nha.chotot.com/tin/178839237,2026-09-17T07:31:22.989178
1236,CHO THUÊ CĂN HỘ DUPLEX 2  GIƯỜNG NGỦ FULL NỘI THẤT CÓ CỬA SỔ THOÁNG,6000000,0.13333334,45 m²,"Phường 8, Thành phố Đà Lạt, Lâm Đồng",Thành phố Đà Lạt,Lâm Đồng,11.977858,108.45107,Căn hộ/Chung cư,3.0,1,1,,,,,,[],9,Quang gohome,,,2026-09-17 14:26:16,https://nha.chotot.com/tin/178839207,2026-09-17T07:31:22.989656
1237,Khách Cần Tiền Bán Gấp Căn Ponte 1PN Stu View Biển Giá Cực Rẻ ,2700000000,103.84615,26 m²,"Phường An Hải Tây, Quận Sơn Trà, Đà Nẵng",Quận Sơn Trà,Đà Nẵng,16.059008,108.23034,Căn hộ/Chung cư,1.0,1,2,,Tây,4.0,6.0,,[],6,Hồng Công,,,2026-09-17 14:26:02,https://nha.chotot.com/tin/178096332,2026-09-17T07:31:22.989854
1238,Bán Căn Hộ 2PN Toà A - Masteri Rivera Đà Nẵng,5700000000,91.935486,62 m²,"Phường Hòa Cường Nam, Quận Hải Châu, Đà Nẵng",Quận Hải Châu,Đà Nẵng,16.033035,108.225494,Căn hộ/Chung cư,1.0,2,2,39,Tây,2.0,6.0,,[],6,Hồng Công,,,2026-09-17 14:25:24,https://nha.chotot.com/tin/169931282,2026-09-17T07:31:22.990028
1239,Căn hộ ban công Full nội thất ngay Trương Văn Bang thuận tiện qua sala,5800000,0.16571428,35 m²,"Phường Thạnh Mỹ Lợi (Quận 2 cũ), Thành phố Thủ Đức, Tp Hồ Chí Minh",Thành phố Thủ Đức,Tp Hồ Chí Minh,10.774195,106.75718,Căn hộ/Chung cư,2.0,1,1,,,2.0,4.0,6000000.0,[],11,Huỳnh Châu HiFriendz ,,5.0,2026-09-05 22:57:12,https://nha.chotot.com/tin/178592369,2026-09-17T07:31:22.990205
1240,"CHO THUÊ  CHUNG CƯ TẠI PHỐ TU HOÀNG, NHỔN - 58M2, 2 NGỦ, ĐỦ ĐỒ-  5TR",5000000,0.0862069,58 m²,"Phường Phương Canh, Quận Nam Từ Liêm, Hà Nội",Quận Nam Từ Liêm,Hà Nội,21.053297,105.73126,Căn hộ/Chung cư,1.0,2,1,,,2.0,,,[],3,NGÔ THÚY,,,2026-09-17 14:24:32,https://nha.chotot.com/tin/178839180,2026-09-17T07:31:22.990373
1241,Nhà 3 Rưỡi - Mặt Tiền Hải Châu Gần Đống Đa ( SỤP ),5500000000,110.0,50 m²,"Phường Thuận Phước, Quận Hải Châu, Đà Nẵng",Quận Hải Châu,Đà Nẵng,16.08619,108.21645,Nhà ở,,6,,5,,,,,[],7,hưng thịnh,,5.0,2026-09-02 10:54:17,https://nha.chotot.com/tin/178518870,2026-09-17T07:31:23.915206
1242,"[GIÁ RẺ] NHÀ NGUYÊN CĂN 1 TRỆT 1 LẦU GẦN EMART, CHỢ TÂN SƠN",8000000,0.14285715,56 m²,"Phường 12, Quận Gò Vấp, Tp Hồ Chí Minh",Quận Gò Vấp,Tp Hồ Chí Minh,10.832696,106.63855,Nhà ở,,2,2,1,,,,,[],8,THÀNH ĐẠT CHUYÊN CHO THUÊ PHÒNG TRỌ CHDV GIÁ TỐT,,,2026-09-17 14:30:48,https://nha.chotot.com/tin/178839377,2026-09-17T07:31:23.915499
1243,Giá Thuê : 9tr/1 tháng Cho Thuê Nhà Đường Bùi Quang Là P12 Q. gò Vấp -,9000000,0.140625,64 m²,"Phường 12, Quận Gò Vấp, Tp Hồ Chí Minh",Quận Gò Vấp,Tp Hồ Chí Minh,10.835113,106.6396,Nhà ở,,2,2,,Tây,,,1.0,[],6,Quang Huy,,5.0,2026-09-07 10:48:48,https://nha.chotot.com/tin/178617090,2026-09-17T07:31:23.915715
1244,"BÁN GẤP NHÀ KQH HOÀNG DIỆU PHƯỜNG CAM LY ĐÀ LẠT CHỈ 5,4 TỶ",5400000000,120.0,45 m²,"Phường 5, Thành phố Đà Lạt, Lâm Đồng",Thành phố Đà Lạt,Lâm Đồng,11.942885,108.427925,Nhà ở,,3,2,3,Tây Bắc,3.0,,,[],4,Tô Hoàng Phương Trinh,,,2026-09-15 15:32:14,https://nha.chotot.com/tin/178796817,2026-09-17T07:31:23.915890
1245,Nhà mới DT:4x9m 2 Tầng 2pn 2wc hẻm 1942 Huỳnh Tấn Phát,1960000000,61.25,32 m²,"Thị trấn Nhà Bè, Huyện Nhà Bè, Tp Hồ Chí Minh",Huyện Nhà Bè,Tp Hồ Chí Minh,10.698072,106.738914,Nhà ở,,2,,2,,,,,[],11,Nam Phú Gia,,,2026-09-06 06:52:42,https://nha.chotot.com/tin/178593726,2026-09-17T07:31:23.916113
1246,Nhà Lầu 4 Tầng Hẻm Oto Xây Mới 100% Âu Dương Lân P2 Q8,8600000000,204.7619,42 m²,"Phường 2, Quận 8, Tp Hồ Chí Minh",Quận 8,Tp Hồ Chí Minh,10.742134,106.685104,Nhà ở,,4,3,4,,2.0,1.0,,[],8,Phạm Quốc Thắng,,,2026-09-17 14:29:58,https://nha.chotot.com/tin/178839361,2026-09-17T07:31:23.916283
1247,"Cho Thuê Biệt Thự Nam Thông PMH Q7 - 450m2, 5PN, Đường 20m",70000000,0.15555556,450 m²,"Phường Tân Phong, Quận 7, Tp Hồ Chí Minh",Quận 7,Tp Hồ Chí Minh,10.73019,106.70033,Nhà ở,,5,4,5,,,,,[],12,Thuỷ Trần,,,2026-08-31 09:55:18,https://nha.chotot.com/tin/178484863,2026-09-17T07:31:23.916453
1248,Cần cho thuê nhà góc 2 Mặt Tiền 84A Phổ Quang P.2 Q.Tân Bình,30000000,0.3030303,99 m²,"Phường 2, Quận Tân Bình, Tp Hồ Chí Minh",Quận Tân Bình,Tp Hồ Chí Minh,10.806851,106.668365,Nhà ở,,5,5,4,,,1.0,60000000.0,[],6,Anh Thanh,,,2026-09-17 14:29:37,https://nha.chotot.com/tin/178839329,2026-09-17T07:31:23.916658
1249,Bán nhà lầu đúc kiên cố hẻm xe hơi rộng đường Dương Bá Trạc P1 Q8 ,11800000000,245.83333,48 m²,"Phường 1, Quận 8, Tp Hồ Chí Minh",Quận 8,Tp Hồ Chí Minh,10.74418,106.69049,Nhà ở,,4,4,4,Nam,2.0,1.0,,[],3,Nguyễn Thìn ,,4.4,2026-09-17 14:29:34,https://nha.chotot.com/tin/178839333,2026-09-17T07:31:23.916821
1250,"Bán nhà riêng 4mx18,3m",12300000000,169.65517,72.5 m²,"Phường Tân Sơn Nhì, Quận Tân Phú, Tp Hồ Chí Minh",Quận Tân Phú,Tp Hồ Chí Minh,10.796407,106.63215,Nhà ở,,1,,,,,,,[],3,Nguyễn Võ Châu Phát,,,2026-09-16 14:28:21,https://nha.chotot.com/tin/178817793,2026-09-17T07:31:23.916992
1251,cho thuê,25000000,0.41666666,60 m²,"Phường 8, Quận 5, Tp Hồ Chí Minh",Quận 5,Tp Hồ Chí Minh,10.756033,106.671135,Nhà ở,,4,5,3,Đông,3.0,1.0,50000000.0,[],3,Phạm Ánh Lan,,5.0,2026-09-17 12:38:51,https://nha.chotot.com/tin/178836750,2026-09-17T07:31:23.917157
1252,cho thuê nhà 2 tầng đường phan thanh sát đại học duy tân,11000000,0.22,50 m²,"Phường Thạc Gián, Quận Thanh Khê, Đà Nẵng",Quận Thanh Khê,Đà Nẵng,16.063013,108.208755,Nhà ở,,3,3,2,,1.0,,,[],10,Đại tuấn,,,2026-09-17 14:29:11,https://nha.chotot.com/tin/178839312,2026-09-17T07:31:23.917306
1253,Nhà riêng ngõ 31 phố mai động gần đền lừ dt40m2x4t giá 10tr,10000000,0.25,40 m²,"Phường Mai Động, Quận Hoàng Mai, Hà Nội",Quận Hoàng Mai,Hà Nội,20.988625,105.86115,Nhà ở,,4,3,4,Đông,2.0,1.0,10000000.0,[],6,phạm minh chính,,,2026-09-10 10:59:00,https://nha.chotot.com/tin/178378145,2026-09-17T07:31:23.917457
1254,bán nhà mặt tiền kinh doanh đường Trương Vĩnh Nguyên,5600000000,19.928825,281 m²,"Phường Phú Thứ, Quận Cái Răng, Cần Thơ",Quận Cái Răng,Cần Thơ,9.982768,105.78676,Nhà ở,,1,2,1,Đông Bắc,3.0,1.0,,[],5,Nguyen Tien Tai,,,2026-09-16 14:28:22,https://nha.chotot.com/tin/178149394,2026-09-17T07:31:23.917637
1255,"Bán biệt thự 2 lầu áp mái P. Thạnh Mỹ Tây, TP.HCM giá 43 tỷ",43000000000,511.90475,84 m²,"Phường 12, Quận 3, Tp Hồ Chí Minh",Quận 3,Tp Hồ Chí Minh,10.789393,106.675064,Nhà ở,,1,,,,,,,[],3,vũ thành,,,2026-09-17 14:28:31,https://nha.chotot.com/tin/178839248,2026-09-17T07:31:23.917920
1256,"Bán gấp nhà 1 lầu, sân thượng, 76m2, hẻm 5m vị trí hẻm 477/ Mã Lò",6950000000,91.447365,76 m²,"Phường Bình Hưng Hoà A, Quận Bình Tân, Tp Hồ Chí Minh",Quận Bình Tân,Tp Hồ Chí Minh,10.7823,106.59924,Nhà ở,,2,,2,,,,,[],3, Vương Nguyễn,,5.0,2026-09-17 14:28:31,https://nha.chotot.com/tin/178839292,2026-09-17T07:31:23.918252
1257,"Bán nhà mới khu đường bàn cờ thông 6m Đường Số 28, 4,5x15m, lửng,3 lầu",9500000000,158.33333,60 m²,"Phường 6, Quận Gò Vấp, Tp Hồ Chí Minh",Quận Gò Vấp,Tp Hồ Chí Minh,10.838439,106.6817,Nhà ở,,4,5,4,,,1.0,,[],8,TRUONG TAM,,,2026-09-17 14:28:04,https://nha.chotot.com/tin/175260106,2026-09-17T07:31:23.918424
1258,Gần Trường Lý Tự Trọng GV - Hẻm Ôtô - Nhà mới xây 4 Tầng 4PN - KQH KLG,6680000000,151.81818,44 m²,"Phường 15, Quận Gò Vấp, Tp Hồ Chí Minh",Quận Gò Vấp,Tp Hồ Chí Minh,10.847257,106.669334,Nhà ở,,4,4,4,,,1.0,,[],12,Lý Ngọc Thanh,,,2026-09-13 13:07:56,https://nha.chotot.com/tin/178748929,2026-09-17T07:31:23.918618
1259,"NHÀ MỚI ĐẸP, HẺM TẢI 1T2L 4PN NGAY PHẠM VĂN ĐỒNG",14000000,0.23333333,60 m²,"Phường Linh Tây (Quận Thủ Đức cũ), Thành phố Thủ Đức, Tp Hồ Chí Minh",Thành phố Thủ Đức,Tp Hồ Chí Minh,10.852818,106.75241,Nhà ở,,4,3,,,,,28000000.0,[],9,NHẤT NHÀ ĐẤT,,5.0,2026-09-11 11:23:04,https://nha.chotot.com/tin/178707503,2026-09-17T07:31:23.918779
1260,🏠 CHO THUÊ NHÀ NGUYÊN CĂN LÀM VĂN PHÒNG – THỦ ĐỨC,18000000,0.12,150 m²,"Phường Trường Thọ (Quận Thủ Đức cũ), Thành phố Thủ Đức, Tp Hồ Chí Minh",Thành phố Thủ Đức,Tp Hồ Chí Minh,10.831532,106.757996,Nhà ở,,4,,,,,,,[],3,Đăng Quang Rental,,,2026-09-17 14:27:44,https://nha.chotot.com/tin/178478419,2026-09-17T07:31:23.918949
1261,"HIẾM!!!! - Hẻm Sư Vạn Hạnh, P12, Q.10 - 5x20m, 4 Tầng, 400m2",38000000,0.38,100 m²,"Phường 12, Quận 10, Tp Hồ Chí Minh",Quận 10,Tp Hồ Chí Minh,10.775027,106.667755,Đất,,,,4,,,,,[],9,Ngô Thanh Hùng,,,2026-09-17 14:30:13,https://nha.chotot.com/tin/178839362,2026-09-17T07:31:25.175558
1262,CHO THUÊ HẺM NGUYỄN VĂN TRỖI TÂN BÌNH | 12x15m siêu rộng,58000000,0.58,100 m²,"Phường 10, Quận Tân Bình, Tp Hồ Chí Minh",Quận Tân Bình,Tp Hồ Chí Minh,10.798557,106.67042,Đất,,,,,,,,116000000.0,[],8,Dung tr,,,2026-09-17 14:29:35,https://nha.chotot.com/tin/178839347,2026-09-17T07:31:25.175893
1263,"Cho thuê nhà phố 5 tầng có thang máy, rèm đường D9",45000000,0.53571427,84 m²,"Phường Long Bình (Quận 9 cũ), Thành phố Thủ Đức, Tp Hồ Chí Minh",Thành phố Thủ Đức,Tp Hồ Chí Minh,10.84805,106.83874,Đất,,,,5,,3.0,1.0,,[],4,DUY HOMES,,,2026-09-09 09:41:13,https://nha.chotot.com/tin/178661906,2026-09-17T07:31:25.176096
1264,"Cho thuê vp phố nguyên hồng,đống đa,dt 68m2,giá 13tr/tháng",13000000,0.19117647,68 m²,"Phường Láng Hạ, Quận Đống Đa, Hà Nội",Quận Đống Đa,Hà Nội,21.015743,105.80971,Đất,,,,8,,1.0,1.0,,[],5,Đào Thành Lân,,,2026-09-17 14:27:34,https://nha.chotot.com/tin/178839277,2026-09-17T07:31:25.176279
1265,🔥 CHO THUÊ BIỆT THỰ SÂN VƯỜN NGUYỄN VĂN TRỖI – NGANG 12M – GIÁ 59TR/TH,59000000,0.118,500 m²,"Phường 10, Quận Phú Nhuận, Tp Hồ Chí Minh",Quận Phú Nhuận,Tp Hồ Chí Minh,10.798557,106.67042,Đất,,,,,,,,150000000.0,[],7,Kiều Hằng,,,2026-09-17 14:27:01,https://nha.chotot.com/tin/178839254,2026-09-17T07:31:25.176540
1266,Cho thuê kho 1200m QL1A Tam Bình chỉ 75k,90000000,0.075,1200 m²,"Phường Tam Bình (Quận Thủ Đức cũ), Thành phố Thủ Đức, Tp Hồ Chí Minh",Thành phố Thủ Đức,Tp Hồ Chí Minh,10.871881,106.739655,Đất,,,,,,,,3.0,[],3,Anhthe,,4.0,2026-09-14 18:07:53,https://nha.chotot.com/tin/178775394,2026-09-17T07:31:25.176744
1267,BIỆT THỰ SÂN VƯỜN KHU TỔ HỢP F&B VÀ ĐA NGÀNH NGHỀ TRUNG TÂM QUẬN 3 ,115000000,0.34848484,330 m²,"Phường Võ Thị Sáu, Quận 3, Tp Hồ Chí Minh",Quận 3,Tp Hồ Chí Minh,10.788824,106.690765,Đất,,,,,,,,,[],9,Yến Ngọc,,,2026-09-17 14:25:23,https://nha.chotot.com/tin/178839200,2026-09-17T07:31:25.177060
1268,🍑Đoạn Đẹp NGUYỄN GIA TRÍ - 4x25m (Trệt 2 Lầu)🍑,65000000,0.21666667,300 m²,"Phường 25, Quận Bình Thạnh, Tp Hồ Chí Minh",Quận Bình Thạnh,Tp Hồ Chí Minh,10.810227,106.71722,Đất,,,,,,,,,[],6,Nhà Phố Cho Thuê,,,2026-09-17 14:24:57,https://nha.chotot.com/tin/175622468,2026-09-17T07:31:25.177261
1269,"🌟10x15m - TRẦN QUỐC TOẢN, Quận 3🌟 Trệt 2 Lầu",60000000,0.13333334,450 m²,"Phường Võ Thị Sáu, Quận 3, Tp Hồ Chí Minh",Quận 3,Tp Hồ Chí Minh,10.78659,106.68779,Đất,,,,,,,,,[],4,Nhà Phố Cho Thuê,,,2026-09-17 14:24:26,https://nha.chotot.com/tin/175903201,2026-09-17T07:31:25.177544
1270,cho thuê 100m văn phòng giá 30 tr,30000000,0.3,100 m²,"Phường An Khánh (Quận 2 cũ), Thành phố Thủ Đức, Tp Hồ Chí Minh",Thành phố Thủ Đức,Tp Hồ Chí Minh,10.79159,106.73052,Đất,,,,,,,,60000000.0,[],3,Nguyễn Văn Hậu,,,2026-09-05 13:44:09,https://nha.chotot.com/tin/178581677,2026-09-17T07:31:25.177800
1271,CHO THUÊ TÒA NHÀ VĂN PHÒNG NGUYỄN VĂN TRỖI NGAY NGÃ TƯ PHÚ NHUẬN,130000000,0.096296296,1350 m²,"Phường 10, Quận Phú Nhuận, Tp Hồ Chí Minh",Quận Phú Nhuận,Tp Hồ Chí Minh,10.798557,106.67042,Đất,,,,,,,,,[],3,Anh Đào,,,2026-09-12 11:08:02,https://nha.chotot.com/tin/178727010,2026-09-17T07:31:25.177978
1272,Mặt bằng đẹp Hồ Văn Huê 30m2,7490000,0.24966666,30 m²,"Phường 9, Quận Phú Nhuận, Tp Hồ Chí Minh",Quận Phú Nhuận,Tp Hồ Chí Minh,10.80251,106.67629,Đất,,,,,,,,7490000.0,[],7,NGUYỄN THỊ ANH THƯ,,,2026-09-06 15:25:13,https://nha.chotot.com/tin/178603931,2026-09-17T07:31:25.178152
1273,"🇻🇳SHOPHOUSE 3 TẦNG MẶT TIỀN MÊ LINH | GẦN ORI, KCN HÒA KHÁNH",14000000,0.11666667,120 m²,"Phường Hòa Hiệp Nam, Quận Liên Chiểu, Đà Nẵng",Quận Liên Chiểu,Đà Nẵng,16.09171,108.12595,Đất,,04,,3,,,,,[],10,Ngô Văn Cảnh,,4.4,2026-09-17 14:22:04,https://nha.chotot.com/tin/178839109,2026-09-17T07:31:25.178323
1274,🔥 HẺM XE HƠI  HUỲNH VĂN BÁNH – PHÚ NHUẬN | 4PN – 4WC | CHỈ 2x,23000000,0.23,100 m²,"Phường 10, Quận Phú Nhuận, Tp Hồ Chí Minh",Quận Phú Nhuận,Tp Hồ Chí Minh,10.791831,106.671616,Đất,,4,,,,,,46000000.0,[],6,Dung tr,,,2026-09-17 14:21:51,https://nha.chotot.com/tin/178839122,2026-09-17T07:31:25.178483
1275,"Măt tiền Nguyễn Cư Trinh, Quận 1 (Ngang 17m)",90000000,0.45,200 m²,"Phường Nguyễn Cư Trinh, Quận 1, Tp Hồ Chí Minh",Quận 1,Tp Hồ Chí Minh,10.763458,106.68884,Đất,,,,,,,,,[],5,Nhà Phố Cho Thuê,,,2026-09-17 14:21:14,https://nha.chotot.com/tin/178280784,2026-09-17T07:31:25.178680
1276,"🔥GÓC 2MT - NGUYỄN TRÃI, Bến Thành, Q1🔥400m2 sử dụng",150000000,0.375,400 m²,"Phường Bến Thành, Quận 1, Tp Hồ Chí Minh",Quận 1,Tp Hồ Chí Minh,10.771166,106.68731,Đất,,,,,,,,,[],4,Nhà Phố Cho Thuê,,,2026-09-17 14:20:35,https://nha.chotot.com/tin/175556911,2026-09-17T07:31:25.178940
1277,CHO THUÊ TÒA NHÀ 2 MẶT TIỀN VÕ VĂN NGÂN DT 12M X 36M TP THỦ ĐỨC,100000000,0.07692308,1300 m²,"Phường Bình Thọ (Quận Thủ Đức cũ), Thành phố Thủ Đức, Tp Hồ Chí Minh",Thành phố Thủ Đức,Tp Hồ Chí Minh,10.850573,106.76223,Đất,,,,,,,1.0,,[],3,Oanh Home,,,2026-09-17 14:20:21,https://nha.chotot.com/tin/178262159,2026-09-17T07:31:25.179274
1278,"🔥 CHO THUÊ TẦNG 7 160m2 – 104A XUÂN THUỶ, THẢO ĐIỀN, Q2 🔥",50000000,0.3125,160 m²,"Phường Thảo Điền (Quận 2 cũ), Thành phố Thủ Đức, Tp Hồ Chí Minh",Thành phố Thủ Đức,Tp Hồ Chí Minh,10.803889,106.73543,Đất,,,,,,,,150000000.0,[],8,Kiều Hằng,,,2026-09-17 14:18:58,https://nha.chotot.com/tin/178839027,2026-09-17T07:31:25.179474
1279,Cho thuê  Shophouse Panorama Phú Mỹ Hưng 2 tầng 50tr/th,50000000,0.35460994,141 m²,"Phường Tân Phong, Quận 7, Tp Hồ Chí Minh",Quận 7,Tp Hồ Chí Minh,10.72168,106.71284,Đất,,,,2,Tây Nam,,1.0,,[],7,Dân,,,2026-09-17 14:18:55,https://nha.chotot.com/tin/177011854,2026-09-17T07:31:25.179682
1280,Kho trống VIEW SÔNG 235/50A Đặng Thùy Trâm. DT 8X20M.,20000000,0.125,160 m²,"Phường 13, Quận Bình Thạnh, Tp Hồ Chí Minh",Quận Bình Thạnh,Tp Hồ Chí Minh,10.824377,106.70332,Đất,,,,,,2.0,1.0,,[],3,Anh Dũng,,4.0,2026-09-17 14:17:42,https://nha.chotot.com/tin/167862234,2026-09-17T07:31:25.179874
1281,"Cho thuê giá tốt 3PN view sông, nội thất xịn, Vinhomes Central Park",35000000,0.3043478,115 m²,"Phường 22, Quận Bình Thạnh, Tp Hồ Chí Minh",Quận Bình Thạnh,Tp Hồ Chí Minh,10.79387,106.72032,Căn hộ/Chung cư,1.0,3,2,,,1.0,6.0,,[],12,Huyền Nguyễn,,,2026-09-02 15:25:06,https://nha.chotot.com/tin/178523171,2026-09-17T07:31:26.089959
1282,Giá Thuê : 9tr/1 tháng Cho Thuê Nhà Đường Bùi Quang Là P12 Q. gò Vấp -,9000000,0.140625,64 m²,"Phường 12, Quận Gò Vấp, Tp Hồ Chí Minh",Quận Gò Vấp,Tp Hồ Chí Minh,10.835113,106.6396,Nhà ở,,2,2,,Tây,,,1.0,[],6,Quang Huy,,5.0,2026-09-07 10:48:48,https://nha.chotot.com/tin/178617090,2026-09-17T07:31:26.090249
1283,"BÁN GẤP NHÀ KQH HOÀNG DIỆU PHƯỜNG CAM LY ĐÀ LẠT CHỈ 5,4 TỶ",5400000000,120.0,45 m²,"Phường 5, Thành phố Đà Lạt, Lâm Đồng",Thành phố Đà Lạt,Lâm Đồng,11.942885,108.427925,Nhà ở,,3,2,3,Tây Bắc,3.0,,,[],4,Tô Hoàng Phương Trinh,,,2026-09-15 15:32:14,https://nha.chotot.com/tin/178796817,2026-09-17T07:31:26.090447
1284,KHAI TRƯƠNG PHÒNG TRỌ SINH VIÊN GIÁ RẺ NGAY ĐH CÔNG THƯƠNG TÂN PHÚ,3500000,0.14,25 m²,"Phường Tân Sơn Nhì, Quận Tân Phú, Tp Hồ Chí Minh",Quận Tân Phú,Tp Hồ Chí Minh,10.801903,106.625885,Phòng trọ,,,,,,,,3500000.0,[],5,Kiều Oanh NeWay Home ,,5.0,2026-09-17 14:30:15,https://nha.chotot.com/tin/178453357,2026-09-17T07:31:26.090648
1285,"HIẾM!!!! - Hẻm Sư Vạn Hạnh, P12, Q.10 - 5x20m, 4 Tầng, 400m2",38000000,0.38,100 m²,"Phường 12, Quận 10, Tp Hồ Chí Minh",Quận 10,Tp Hồ Chí Minh,10.775027,106.667755,Đất,,,,4,,,,,[],9,Ngô Thanh Hùng,,,2026-09-17 14:30:13,https://nha.chotot.com/tin/178839362,2026-09-17T07:31:26.090858
1286,Bán Đất Lô Góc Võ Văn Vân giá cực tốt,4190000000,37.410713,112 m²,"Xã Vĩnh Lộc B, Huyện Bình Chánh, Tp Hồ Chí Minh",Huyện Bình Chánh,Tp Hồ Chí Minh,10.773623,106.57547,Văn phòng/Mặt bằng,,,,,,,1.0,,[],6,Thanh Hưng,,3.4,2026-09-09 18:08:26,https://nha.chotot.com/tin/178674907,2026-09-17T07:31:26.091094
1287,"BCONS ARIA TRẢ TRƯỚC CHỈ 5% CHIẾT KHẤU 8,5% HỖ TRỢ LS 6,9% TRONG 4 NĂM",2600000000,49.056602,53 m²,"Phường Đông Hòa, Thành phố Dĩ An, Bình Dương",Thành phố Dĩ An,Bình Dương,10.89115,106.8022,Căn hộ/Chung cư,1.0,2,2,37,Tây,3.0,4.0,,[],12,Huy Hoàng Bcons ,,,2026-08-25 09:52:10,https://nha.chotot.com/tin/178364490,2026-09-17T07:31:26.091289
1288,"CHO THUÊ CĂN HỘ MỚI 2 PHÒNG NGỦ, DIỆN TÍCH 60M² ",13500000,0.20769231,65 m²,"Phường Khuê Mỹ, Quận Ngũ Hành Sơn, Đà Nẵng",Quận Ngũ Hành Sơn,Đà Nẵng,16.023426,108.2459,Căn hộ/Chung cư,2.0,2,,,,2.0,,,[],4,VANA,,,2026-09-17 14:30:06,https://nha.chotot.com/tin/178838887,2026-09-17T07:31:26.091468
1289,Bán căn Hưng Phát Silver Star - sát vách sunrise reverside - 4.6ty,4350000000,41.037735,106 m²,"Xã Phước Kiển, Huyện Nhà Bè, Tp Hồ Chí Minh",Huyện Nhà Bè,Tp Hồ Chí Minh,10.70387,106.71276,Căn hộ/Chung cư,1.0,3,,,Tây Nam,2.0,6.0,,[],9,Vân,,4.8,2026-09-03 11:16:19,https://nha.chotot.com/tin/177025273,2026-09-17T07:31:26.091683
1290,Nhà mới DT:4x9m 2 Tầng 2pn 2wc hẻm 1942 Huỳnh Tấn Phát,1960000000,61.25,32 m²,"Thị trấn Nhà Bè, Huyện Nhà Bè, Tp Hồ Chí Minh",Huyện Nhà Bè,Tp Hồ Chí Minh,10.698072,106.738914,Nhà ở,,2,,2,,,,,[],11,Nam Phú Gia,,,2026-09-06 06:52:42,https://nha.chotot.com/tin/178593726,2026-09-17T07:31:26.091856
1291,Cho thuê CC Garden gate 40m2 Offictel 1WC giá cực tốt chỉ 11tr/th ,11000000,0.31428573,35 m²,"Phường 9, Quận Phú Nhuận, Tp Hồ Chí Minh",Quận Phú Nhuận,Tp Hồ Chí Minh,10.80964,106.67425,Căn hộ/Chung cư,1.0,1,1,,,,,,[],3,Nguyễn Hoàng Toàn,,,2026-09-15 10:14:56,https://nha.chotot.com/tin/178787965,2026-09-17T07:31:26.092022
1292,🏡Khai Trương Ký túc xá ngay ngã tư Hàng xanh đầy đủ tiện nghi 🎉KTX,1700000,0.04857143,35 m²,"Phường 25, Quận Bình Thạnh, Tp Hồ Chí Minh",Quận Bình Thạnh,Tp Hồ Chí Minh,10.802271,106.71938,Phòng trọ,,,,,,,,1700000.0,[],4,LQ Vinhomes,,,2026-08-24 10:56:00,https://nha.chotot.com/tin/163698886,2026-09-17T07:31:26.092191
1293,Nhà Lầu 4 Tầng Hẻm Oto Xây Mới 100% Âu Dương Lân P2 Q8,8600000000,204.7619,42 m²,"Phường 2, Quận 8, Tp Hồ Chí Minh",Quận 8,Tp Hồ Chí Minh,10.742134,106.685104,Nhà ở,,4,3,4,,2.0,1.0,,[],8,Phạm Quốc Thắng,,,2026-09-17 14:29:58,https://nha.chotot.com/tin/178839361,2026-09-17T07:31:26.092350
1294,Lô đất 2500m thổ cư mặt tiền Hồ khu Biệt thự nghỉ dưỡng,4000000000,1.6891892,2368 m²,"Xã Đinh Lạc, Huyện Di Linh, Lâm Đồng",Huyện Di Linh,Lâm Đồng,11.63063,108.13101,Văn phòng/Mặt bằng,,,,,,,1.0,,[],4,Nguyễn Anh Sang,,4.1,2026-09-17 14:29:58,https://nha.chotot.com/tin/178141305,2026-09-17T07:31:26.092502
1295,"Cho Thuê Biệt Thự Nam Thông PMH Q7 - 450m2, 5PN, Đường 20m",70000000,0.15555556,450 m²,"Phường Tân Phong, Quận 7, Tp Hồ Chí Minh",Quận 7,Tp Hồ Chí Minh,10.73019,106.70033,Nhà ở,,5,4,5,,,,,[],12,Thuỷ Trần,,,2026-08-31 09:55:18,https://nha.chotot.com/tin/178484863,2026-09-17T07:31:26.092695
1296,"MẶT TIỀN ĐƯỜNG SỐ 6 – LÒ LU, TRƯỜNG THẠNH, TP. THỦ ĐỨC",4680000000,53.793102,87 m²,"Phường Trường Thạnh (Quận 9 cũ), Thành phố Thủ Đức, Tp Hồ Chí Minh",Thành phố Thủ Đức,Tp Hồ Chí Minh,10.801835,106.81432,Văn phòng/Mặt bằng,,,,,,,,,[],5,Duy Hoàng Land,,5.0,2026-09-17 14:29:46,https://nha.chotot.com/tin/178839348,2026-09-17T07:31:26.092843
1297,KHAI TRƯƠNG ĐUPLEX 3🍠X ĐƯỜNG SỐ 1_NGUYỄN THỊ TÚ NHẬN XE ĐIỆN FULL NT,3700000,0.13214286,28 m²,"Phường Bình Hưng Hoà B, Quận Bình Tân, Tp Hồ Chí Minh",Quận Bình Tân,Tp Hồ Chí Minh,10.807803,106.59462,Căn hộ/Chung cư,3.0,1,1,,,2.0,4.0,1000000.0,[],11,Triệu an HiFriendz Tp ,,5.0,2026-09-17 14:29:46,https://nha.chotot.com/tin/178839353,2026-09-17T07:31:26.093007
1298,Cần cho thuê nhà góc 2 Mặt Tiền 84A Phổ Quang P.2 Q.Tân Bình,30000000,0.3030303,99 m²,"Phường 2, Quận Tân Bình, Tp Hồ Chí Minh",Quận Tân Bình,Tp Hồ Chí Minh,10.806851,106.668365,Nhà ở,,5,5,4,,,1.0,60000000.0,[],6,Anh Thanh,,,2026-09-17 14:29:37,https://nha.chotot.com/tin/178839329,2026-09-17T07:31:26.093247
1299,CHO THUÊ HẺM NGUYỄN VĂN TRỖI TÂN BÌNH | 12x15m siêu rộng,58000000,0.58,100 m²,"Phường 10, Quận Tân Bình, Tp Hồ Chí Minh",Quận Tân Bình,Tp Hồ Chí Minh,10.798557,106.67042,Đất,,,,,,,,116000000.0,[],8,Dung tr,,,2026-09-17 14:29:35,https://nha.chotot.com/tin/178839347,2026-09-17T07:31:26.093398
1300,Bán nhà lầu đúc kiên cố hẻm xe hơi rộng đường Dương Bá Trạc P1 Q8 ,11800000000,245.83333,48 m²,"Phường 1, Quận 8, Tp Hồ Chí Minh",Quận 8,Tp Hồ Chí Minh,10.74418,106.69049,Nhà ở,,4,4,4,Nam,2.0,1.0,,[],3,Nguyễn Thìn ,,4.4,2026-09-17 14:29:34,https://nha.chotot.com/tin/178839333,2026-09-17T07:31:26.093581
1301,"Cho thuê giá tốt 3PN view sông, nội thất xịn, Vinhomes Central Park",35000000,0.3043478,115 m²,"Phường 22, Quận Bình Thạnh, Tp Hồ Chí Minh",Quận Bình Thạnh,Tp Hồ Chí Minh,10.79387,106.72032,Căn hộ/Chung cư,1.0,3,2,,,1.0,6.0,,[],12,Huyền Nguyễn,,,2026-09-02 15:25:06,https://nha.chotot.com/tin/178523171,2026-09-17T07:31:27.327646
1302,"BCONS ARIA TRẢ TRƯỚC CHỈ 5% CHIẾT KHẤU 8,5% HỖ TRỢ LS 6,9% TRONG 4 NĂM",2600000000,49.056602,53 m²,"Phường Đông Hòa, Thành phố Dĩ An, Bình Dương",Thành phố Dĩ An,Bình Dương,10.89115,106.8022,Căn hộ/Chung cư,1.0,2,2,37,Tây,3.0,4.0,,[],12,Huy Hoàng Bcons ,,,2026-08-25 09:52:10,https://nha.chotot.com/tin/178364490,2026-09-17T07:31:27.327940
1303,"CHO THUÊ CĂN HỘ MỚI 2 PHÒNG NGỦ, DIỆN TÍCH 60M² ",13500000,0.20769231,65 m²,"Phường Khuê Mỹ, Quận Ngũ Hành Sơn, Đà Nẵng",Quận Ngũ Hành Sơn,Đà Nẵng,16.023426,108.2459,Căn hộ/Chung cư,2.0,2,,,,2.0,,,[],4,VANA,,,2026-09-17 14:30:06,https://nha.chotot.com/tin/178838887,2026-09-17T07:31:27.328141
1304,Bán căn Hưng Phát Silver Star - sát vách sunrise reverside - 4.6ty,4350000000,41.037735,106 m²,"Xã Phước Kiển, Huyện Nhà Bè, Tp Hồ Chí Minh",Huyện Nhà Bè,Tp Hồ Chí Minh,10.70387,106.71276,Căn hộ/Chung cư,1.0,3,,,Tây Nam,2.0,6.0,,[],9,Vân,,4.8,2026-09-03 11:16:19,https://nha.chotot.com/tin/177025273,2026-09-17T07:31:27.328334
1305,Cho thuê CC Garden gate 40m2 Offictel 1WC giá cực tốt chỉ 11tr/th ,11000000,0.31428573,35 m²,"Phường 9, Quận Phú Nhuận, Tp Hồ Chí Minh",Quận Phú Nhuận,Tp Hồ Chí Minh,10.80964,106.67425,Căn hộ/Chung cư,1.0,1,1,,,,,,[],3,Nguyễn Hoàng Toàn,,,2026-09-15 10:14:56,https://nha.chotot.com/tin/178787965,2026-09-17T07:31:27.328592
1306,KHAI TRƯƠNG ĐUPLEX 3🍠X ĐƯỜNG SỐ 1_NGUYỄN THỊ TÚ NHẬN XE ĐIỆN FULL NT,3700000,0.13214286,28 m²,"Phường Bình Hưng Hoà B, Quận Bình Tân, Tp Hồ Chí Minh",Quận Bình Tân,Tp Hồ Chí Minh,10.807803,106.59462,Căn hộ/Chung cư,3.0,1,1,,,2.0,4.0,1000000.0,[],11,Triệu an HiFriendz Tp ,,5.0,2026-09-17 14:29:46,https://nha.chotot.com/tin/178839353,2026-09-17T07:31:27.328788
1307,"Chung cư Tecco Green - Phan Văn Hớn căn 2p ngủ , full NT, giá 7,3tr/th",7300000,0.1,73 m²,"Phường Tân Thới Nhất, Quận 12, Tp Hồ Chí Minh",Quận 12,Tp Hồ Chí Minh,10.82954,106.61561,Căn hộ/Chung cư,1.0,2,2,,,2.0,6.0,,[],6,Phí Linh,,,2026-09-17 14:29:29,https://nha.chotot.com/tin/178839257,2026-09-17T07:31:27.328968
1308,💥CHDV - FUL NT - 2PN - BALCONY THOÁNG ⚡️ PHAN ĐĂNG LƯU - BÙI ĐÌNH TUÝ 💥,7800000,0.111428574,70 m²,"Phường 1, Quận Bình Thạnh, Tp Hồ Chí Minh",Quận Bình Thạnh,Tp Hồ Chí Minh,10.802451,106.697495,Căn hộ/Chung cư,2.0,2,,,,,,,[],12,Lương Thanh Trúc,,,2026-09-12 21:54:42,https://nha.chotot.com/tin/178437508,2026-09-17T07:31:27.329137
1309,"💥 HÀ ĐÔ CENTROSA – 2PN 2WC – NHÀ ĐẸP, FULL NỘI THẤT – Ở LIỀN CHỈ 22TR",22000000,0.25581396,86 m²,"Phường 12, Quận 10, Tp Hồ Chí Minh",Quận 10,Tp Hồ Chí Minh,10.7762,106.67889,Căn hộ/Chung cư,1.0,2,2,,,,,,[],12,Hoàng Dung,,4.5,2026-09-17 11:07:05,https://nha.chotot.com/tin/178834497,2026-09-17T07:31:27.329301
1310,"CĂN HỘ MINI CAO CẤP MỚI 100%, FULL NỘI THẤT NGAY ẺMART PHAN HUY ÍCH",5000000,0.2,25 m²,"Phường 12, Quận Gò Vấp, Tp Hồ Chí Minh",Quận Gò Vấp,Tp Hồ Chí Minh,10.837349,106.636284,Căn hộ/Chung cư,2.0,1,1,,,1.0,4.0,5000000.0,[],12,Alo Ngoc Hoang,,5.0,2026-09-17 14:28:24,https://nha.chotot.com/tin/178839301,2026-09-17T07:31:27.329487
1311,TÌM NỮ Ở GHÉP CĂN CHUNG CƯ 2PN,4500000,0.071428575,63 m²,"Phường Phú Thuận, Quận 7, Tp Hồ Chí Minh",Quận 7,Tp Hồ Chí Minh,10.722,106.7433,Căn hộ/Chung cư,1.0,2,2,,,2.0,4.0,4500000.0,[],7,Kim Thanh,,5.0,2026-09-17 14:28:16,https://nha.chotot.com/tin/178839296,2026-09-17T07:31:27.329684
1312,Khách Cần Tiền Ra Di Căn 2PN Hiyori Siêu Mới,5200000000,83.870964,62 m²,"Phường An Hải Đông, Quận Sơn Trà, Đà Nẵng",Quận Sơn Trà,Đà Nẵng,16.06191,108.23652,Căn hộ/Chung cư,1.0,2,2,,,1.0,2.0,,[],11,Hồng Công,,,2026-09-17 14:26:46,https://nha.chotot.com/tin/171220229,2026-09-17T07:31:27.329869
1313,⭐ RIVER PANORAMA CHO THUÊ 3PN2WC FULL NỘI THẤT VIEW ĐẸP CHỈ 19 TRIỆU,19000000,0.21111111,90 m²,"Phường Phú Mỹ, Quận 7, Tp Hồ Chí Minh",Quận 7,Tp Hồ Chí Minh,10.71422,106.73743,Căn hộ/Chung cư,1.0,3,2,,,2.0,6.0,,[],12,Huy,,5.0,2026-09-08 14:36:21,https://nha.chotot.com/tin/172861126,2026-09-17T07:31:27.330033
1314,"THẢO ĐIỀN, QUẬN 2 🏡 CHO THUÊ CHDV CAO CẤP💘 1PN BAN CÔNG FULL NỘI THẤT",11000000,0.22,50 m²,"Phường Thảo Điền (Quận 2 cũ), Thành phố Thủ Đức, Tp Hồ Chí Minh",Thành phố Thủ Đức,Tp Hồ Chí Minh,10.803914,106.72912,Căn hộ/Chung cư,2.0,1,1,,Đông Bắc,1.0,4.0,11000000.0,[],11,Phương An Chuyên Căn Hộ Quận 2,,5.0,2026-09-11 14:06:45,https://nha.chotot.com/tin/177928071,2026-09-17T07:31:27.330215
1315,CHDV FULL NỘI THẤT MỚI KENG GẦN MEGA MARKET Q12,3900000,0.156,25 m²,"Phường Tân Thới Hiệp, Quận 12, Tp Hồ Chí Minh",Quận 12,Tp Hồ Chí Minh,10.887289,106.64767,Căn hộ/Chung cư,2.0,1,1,4,,2.0,4.0,,[],10,Anh Tuấn Tìm Phòng,,5.0,2026-09-17 14:26:20,https://nha.chotot.com/tin/178839237,2026-09-17T07:31:27.330384
1316,CHO THUÊ CĂN HỘ DUPLEX 2  GIƯỜNG NGỦ FULL NỘI THẤT CÓ CỬA SỔ THOÁNG,6000000,0.13333334,45 m²,"Phường 8, Thành phố Đà Lạt, Lâm Đồng",Thành phố Đà Lạt,Lâm Đồng,11.977858,108.45107,Căn hộ/Chung cư,3.0,1,1,,,,,,[],9,Quang gohome,,,2026-09-17 14:26:16,https://nha.chotot.com/tin/178839207,2026-09-17T07:31:27.330651
1317,Khách Cần Tiền Bán Gấp Căn Ponte 1PN Stu View Biển Giá Cực Rẻ ,2700000000,103.84615,26 m²,"Phường An Hải Tây, Quận Sơn Trà, Đà Nẵng",Quận Sơn Trà,Đà Nẵng,16.059008,108.23034,Căn hộ/Chung cư,1.0,1,2,,Tây,4.0,6.0,,[],6,Hồng Công,,,2026-09-17 14:26:02,https://nha.chotot.com/tin/178096332,2026-09-17T07:31:27.330838
1318,Bán Căn Hộ 2PN Toà A - Masteri Rivera Đà Nẵng,5700000000,91.935486,62 m²,"Phường Hòa Cường Nam, Quận Hải Châu, Đà Nẵng",Quận Hải Châu,Đà Nẵng,16.033035,108.225494,Căn hộ/Chung cư,1.0,2,2,39,Tây,2.0,6.0,,[],6,Hồng Công,,,2026-09-17 14:25:24,https://nha.chotot.com/tin/169931282,2026-09-17T07:31:27.331002
1319,Căn hộ ban công Full nội thất ngay Trương Văn Bang thuận tiện qua sala,5800000,0.16571428,35 m²,"Phường Thạnh Mỹ Lợi (Quận 2 cũ), Thành phố Thủ Đức, Tp Hồ Chí Minh",Thành phố Thủ Đức,Tp Hồ Chí Minh,10.774195,106.75718,Căn hộ/Chung cư,2.0,1,1,,,2.0,4.0,6000000.0,[],11,Huỳnh Châu HiFriendz ,,5.0,2026-09-05 22:57:12,https://nha.chotot.com/tin/178592369,2026-09-17T07:31:27.331172
1320,"CHO THUÊ  CHUNG CƯ TẠI PHỐ TU HOÀNG, NHỔN - 58M2, 2 NGỦ, ĐỦ ĐỒ-  5TR",5000000,0.0862069,58 m²,"Phường Phương Canh, Quận Nam Từ Liêm, Hà Nội",Quận Nam Từ Liêm,Hà Nội,21.053297,105.73126,Căn hộ/Chung cư,1.0,2,1,,,2.0,,,[],3,NGÔ THÚY,,,2026-09-17 14:24:32,https://nha.chotot.com/tin/178839180,2026-09-17T07:31:27.331338
1321,Nhà 3 Rưỡi - Mặt Tiền Hải Châu Gần Đống Đa ( SỤP ),5500000000,110.0,50 m²,"Phường Thuận Phước, Quận Hải Châu, Đà Nẵng",Quận Hải Châu,Đà Nẵng,16.08619,108.21645,Nhà ở,,6,,5,,,,,[],7,hưng thịnh,,5.0,2026-09-02 10:54:17,https://nha.chotot.com/tin/178518870,2026-09-17T07:31:28.556308
1322,"[GIÁ RẺ] NHÀ NGUYÊN CĂN 1 TRỆT 1 LẦU GẦN EMART, CHỢ TÂN SƠN",8000000,0.14285715,56 m²,"Phường 12, Quận Gò Vấp, Tp Hồ Chí Minh",Quận Gò Vấp,Tp Hồ Chí Minh,10.832696,106.63855,Nhà ở,,2,2,1,,,,,[],8,THÀNH ĐẠT CHUYÊN CHO THUÊ PHÒNG TRỌ CHDV GIÁ TỐT,,,2026-09-17 14:30:48,https://nha.chotot.com/tin/178839377,2026-09-17T07:31:28.556636
1323,Giá Thuê : 9tr/1 tháng Cho Thuê Nhà Đường Bùi Quang Là P12 Q. gò Vấp -,9000000,0.140625,64 m²,"Phường 12, Quận Gò Vấp, Tp Hồ Chí Minh",Quận Gò Vấp,Tp Hồ Chí Minh,10.835113,106.6396,Nhà ở,,2,2,,Tây,,,1.0,[],6,Quang Huy,,5.0,2026-09-07 10:48:48,https://nha.chotot.com/tin/178617090,2026-09-17T07:31:28.556821
1324,"BÁN GẤP NHÀ KQH HOÀNG DIỆU PHƯỜNG CAM LY ĐÀ LẠT CHỈ 5,4 TỶ",5400000000,120.0,45 m²,"Phường 5, Thành phố Đà Lạt, Lâm Đồng",Thành phố Đà Lạt,Lâm Đồng,11.942885,108.427925,Nhà ở,,3,2,3,Tây Bắc,3.0,,,[],4,Tô Hoàng Phương Trinh,,,2026-09-15 15:32:14,https://nha.chotot.com/tin/178796817,2026-09-17T07:31:28.557000
1325,Nhà mới DT:4x9m 2 Tầng 2pn 2wc hẻm 1942 Huỳnh Tấn Phát,1960000000,61.25,32 m²,"Thị trấn Nhà Bè, Huyện Nhà Bè, Tp Hồ Chí Minh",Huyện Nhà Bè,Tp Hồ Chí Minh,10.698072,106.738914,Nhà ở,,2,,2,,,,,[],11,Nam Phú Gia,,,2026-09-06 06:52:42,https://nha.chotot.com/tin/178593726,2026-09-17T07:31:28.557373
1326,Nhà Lầu 4 Tầng Hẻm Oto Xây Mới 100% Âu Dương Lân P2 Q8,8600000000,204.7619,42 m²,"Phường 2, Quận 8, Tp Hồ Chí Minh",Quận 8,Tp Hồ Chí Minh,10.742134,106.685104,Nhà ở,,4,3,4,,2.0,1.0,,[],8,Phạm Quốc Thắng,,,2026-09-17 14:29:58,https://nha.chotot.com/tin/178839361,2026-09-17T07:31:28.557564
1327,"Cho Thuê Biệt Thự Nam Thông PMH Q7 - 450m2, 5PN, Đường 20m",70000000,0.15555556,450 m²,"Phường Tân Phong, Quận 7, Tp Hồ Chí Minh",Quận 7,Tp Hồ Chí Minh,10.73019,106.70033,Nhà ở,,5,4,5,,,,,[],12,Thuỷ Trần,,,2026-08-31 09:55:18,https://nha.chotot.com/tin/178484863,2026-09-17T07:31:28.557734
1328,Cần cho thuê nhà góc 2 Mặt Tiền 84A Phổ Quang P.2 Q.Tân Bình,30000000,0.3030303,99 m²,"Phường 2, Quận Tân Bình, Tp Hồ Chí Minh",Quận Tân Bình,Tp Hồ Chí Minh,10.806851,106.668365,Nhà ở,,5,5,4,,,1.0,60000000.0,[],6,Anh Thanh,,,2026-09-17 14:29:37,https://nha.chotot.com/tin/178839329,2026-09-17T07:31:28.557889
1329,Bán nhà lầu đúc kiên cố hẻm xe hơi rộng đường Dương Bá Trạc P1 Q8 ,11800000000,245.83333,48 m²,"Phường 1, Quận 8, Tp Hồ Chí Minh",Quận 8,Tp Hồ Chí Minh,10.74418,106.69049,Nhà ở,,4,4,4,Nam,2.0,1.0,,[],3,Nguyễn Thìn ,,4.4,2026-09-17 14:29:34,https://nha.chotot.com/tin/178839333,2026-09-17T07:31:28.558039
1330,"Bán nhà riêng 4mx18,3m",12300000000,169.65517,72.5 m²,"Phường Tân Sơn Nhì, Quận Tân Phú, Tp Hồ Chí Minh",Quận Tân Phú,Tp Hồ Chí Minh,10.796407,106.63215,Nhà ở,,1,,,,,,,[],3,Nguyễn Võ Châu Phát,,,2026-09-16 14:28:21,https://nha.chotot.com/tin/178817793,2026-09-17T07:31:28.558208
1331,cho thuê,25000000,0.41666666,60 m²,"Phường 8, Quận 5, Tp Hồ Chí Minh",Quận 5,Tp Hồ Chí Minh,10.756033,106.671135,Nhà ở,,4,5,3,Đông,3.0,1.0,50000000.0,[],3,Phạm Ánh Lan,,5.0,2026-09-17 12:38:51,https://nha.chotot.com/tin/178836750,2026-09-17T07:31:28.558379
1332,cho thuê nhà 2 tầng đường phan thanh sát đại học duy tân,11000000,0.22,50 m²,"Phường Thạc Gián, Quận Thanh Khê, Đà Nẵng",Quận Thanh Khê,Đà Nẵng,16.063013,108.208755,Nhà ở,,3,3,2,,1.0,,,[],10,Đại tuấn,,,2026-09-17 14:29:11,https://nha.chotot.com/tin/178839312,2026-09-17T07:31:28.558548
1333,Nhà riêng ngõ 31 phố mai động gần đền lừ dt40m2x4t giá 10tr,10000000,0.25,40 m²,"Phường Mai Động, Quận Hoàng Mai, Hà Nội",Quận Hoàng Mai,Hà Nội,20.988625,105.86115,Nhà ở,,4,3,4,Đông,2.0,1.0,10000000.0,[],6,phạm minh chính,,,2026-09-10 10:59:00,https://nha.chotot.com/tin/178378145,2026-09-17T07:31:28.558714
1334,bán nhà mặt tiền kinh doanh đường Trương Vĩnh Nguyên,5600000000,19.928825,281 m²,"Phường Phú Thứ, Quận Cái Răng, Cần Thơ",Quận Cái Răng,Cần Thơ,9.982768,105.78676,Nhà ở,,1,2,1,Đông Bắc,3.0,1.0,,[],5,Nguyen Tien Tai,,,2026-09-16 14:28:22,https://nha.chotot.com/tin/178149394,2026-09-17T07:31:28.558869
1335,"Bán biệt thự 2 lầu áp mái P. Thạnh Mỹ Tây, TP.HCM giá 43 tỷ",43000000000,511.90475,84 m²,"Phường 12, Quận 3, Tp Hồ Chí Minh",Quận 3,Tp Hồ Chí Minh,10.789393,106.675064,Nhà ở,,1,,,,,,,[],3,vũ thành,,,2026-09-17 14:28:31,https://nha.chotot.com/tin/178839248,2026-09-17T07:31:28.559148
1336,"Bán gấp nhà 1 lầu, sân thượng, 76m2, hẻm 5m vị trí hẻm 477/ Mã Lò",6950000000,91.447365,76 m²,"Phường Bình Hưng Hoà A, Quận Bình Tân, Tp Hồ Chí Minh",Quận Bình Tân,Tp Hồ Chí Minh,10.7823,106.59924,Nhà ở,,2,,2,,,,,[],3, Vương Nguyễn,,5.0,2026-09-17 14:28:31,https://nha.chotot.com/tin/178839292,2026-09-17T07:31:28.559393
1337,"Bán nhà mới khu đường bàn cờ thông 6m Đường Số 28, 4,5x15m, lửng,3 lầu",9500000000,158.33333,60 m²,"Phường 6, Quận Gò Vấp, Tp Hồ Chí Minh",Quận Gò Vấp,Tp Hồ Chí Minh,10.838439,106.6817,Nhà ở,,4,5,4,,,1.0,,[],8,TRUONG TAM,,,2026-09-17 14:28:04,https://nha.chotot.com/tin/175260106,2026-09-17T07:31:28.559666
1338,Gần Trường Lý Tự Trọng GV - Hẻm Ôtô - Nhà mới xây 4 Tầng 4PN - KQH KLG,6680000000,151.81818,44 m²,"Phường 15, Quận Gò Vấp, Tp Hồ Chí Minh",Quận Gò Vấp,Tp Hồ Chí Minh,10.847257,106.669334,Nhà ở,,4,4,4,,,1.0,,[],12,Lý Ngọc Thanh,,,2026-09-13 13:07:56,https://nha.chotot.com/tin/178748929,2026-09-17T07:31:28.559832
1339,"NHÀ MỚI ĐẸP, HẺM TẢI 1T2L 4PN NGAY PHẠM VĂN ĐỒNG",14000000,0.23333333,60 m²,"Phường Linh Tây (Quận Thủ Đức cũ), Thành phố Thủ Đức, Tp Hồ Chí Minh",Thành phố Thủ Đức,Tp Hồ Chí Minh,10.852818,106.75241,Nhà ở,,4,3,,,,,28000000.0,[],9,NHẤT NHÀ ĐẤT,,5.0,2026-09-11 11:23:04,https://nha.chotot.com/tin/178707503,2026-09-17T07:31:28.559989
1340,🏠 CHO THUÊ NHÀ NGUYÊN CĂN LÀM VĂN PHÒNG – THỦ ĐỨC,18000000,0.12,150 m²,"Phường Trường Thọ (Quận Thủ Đức cũ), Thành phố Thủ Đức, Tp Hồ Chí Minh",Thành phố Thủ Đức,Tp Hồ Chí Minh,10.831532,106.757996,Nhà ở,,4,,,,,,,[],3,Đăng Quang Rental,,,2026-09-17 14:27:44,https://nha.chotot.com/tin/178478419,2026-09-17T07:31:28.560148
1341,"HIẾM!!!! - Hẻm Sư Vạn Hạnh, P12, Q.10 - 5x20m, 4 Tầng, 400m2",38000000,0.38,100 m²,"Phường 12, Quận 10, Tp Hồ Chí Minh",Quận 10,Tp Hồ Chí Minh,10.775027,106.667755,Đất,,,,4,,,,,[],9,Ngô Thanh Hùng,,,2026-09-17 14:30:13,https://nha.chotot.com/tin/178839362,2026-09-17T07:31:29.326152
1342,CHO THUÊ HẺM NGUYỄN VĂN TRỖI TÂN BÌNH | 12x15m siêu rộng,58000000,0.58,100 m²,"Phường 10, Quận Tân Bình, Tp Hồ Chí Minh",Quận Tân Bình,Tp Hồ Chí Minh,10.798557,106.67042,Đất,,,,,,,,116000000.0,[],8,Dung tr,,,2026-09-17 14:29:35,https://nha.chotot.com/tin/178839347,2026-09-17T07:31:29.326463
1343,"Cho thuê nhà phố 5 tầng có thang máy, rèm đường D9",45000000,0.53571427,84 m²,"Phường Long Bình (Quận 9 cũ), Thành phố Thủ Đức, Tp Hồ Chí Minh",Thành phố Thủ Đức,Tp Hồ Chí Minh,10.84805,106.83874,Đất,,,,5,,3.0,1.0,,[],4,DUY HOMES,,,2026-09-09 09:41:13,https://nha.chotot.com/tin/178661906,2026-09-17T07:31:29.326695
1344,"Cho thuê vp phố nguyên hồng,đống đa,dt 68m2,giá 13tr/tháng",13000000,0.19117647,68 m²,"Phường Láng Hạ, Quận Đống Đa, Hà Nội",Quận Đống Đa,Hà Nội,21.015743,105.80971,Đất,,,,8,,1.0,1.0,,[],5,Đào Thành Lân,,,2026-09-17 14:27:34,https://nha.chotot.com/tin/178839277,2026-09-17T07:31:29.326875
1345,🔥 CHO THUÊ BIỆT THỰ SÂN VƯỜN NGUYỄN VĂN TRỖI – NGANG 12M – GIÁ 59TR/TH,59000000,0.118,500 m²,"Phường 10, Quận Phú Nhuận, Tp Hồ Chí Minh",Quận Phú Nhuận,Tp Hồ Chí Minh,10.798557,106.67042,Đất,,,,,,,,150000000.0,[],7,Kiều Hằng,,,2026-09-17 14:27:01,https://nha.chotot.com/tin/178839254,2026-09-17T07:31:29.327116
1346,Cho thuê kho 1200m QL1A Tam Bình chỉ 75k,90000000,0.075,1200 m²,"Phường Tam Bình (Quận Thủ Đức cũ), Thành phố Thủ Đức, Tp Hồ Chí Minh",Thành phố Thủ Đức,Tp Hồ Chí Minh,10.871881,106.739655,Đất,,,,,,,,3.0,[],3,Anhthe,,4.0,2026-09-14 18:07:53,https://nha.chotot.com/tin/178775394,2026-09-17T07:31:29.327299
1347,BIỆT THỰ SÂN VƯỜN KHU TỔ HỢP F&B VÀ ĐA NGÀNH NGHỀ TRUNG TÂM QUẬN 3 ,115000000,0.34848484,330 m²,"Phường Võ Thị Sáu, Quận 3, Tp Hồ Chí Minh",Quận 3,Tp Hồ Chí Minh,10.788824,106.690765,Đất,,,,,,,,,[],9,Yến Ngọc,,,2026-09-17 14:25:23,https://nha.chotot.com/tin/178839200,2026-09-17T07:31:29.327627
1348,🍑Đoạn Đẹp NGUYỄN GIA TRÍ - 4x25m (Trệt 2 Lầu)🍑,65000000,0.21666667,300 m²,"Phường 25, Quận Bình Thạnh, Tp Hồ Chí Minh",Quận Bình Thạnh,Tp Hồ Chí Minh,10.810227,106.71722,Đất,,,,,,,,,[],6,Nhà Phố Cho Thuê,,,2026-09-17 14:24:57,https://nha.chotot.com/tin/175622468,2026-09-17T07:31:29.327818
1349,"🌟10x15m - TRẦN QUỐC TOẢN, Quận 3🌟 Trệt 2 Lầu",60000000,0.13333334,450 m²,"Phường Võ Thị Sáu, Quận 3, Tp Hồ Chí Minh",Quận 3,Tp Hồ Chí Minh,10.78659,106.68779,Đất,,,,,,,,,[],4,Nhà Phố Cho Thuê,,,2026-09-17 14:24:26,https://nha.chotot.com/tin/175903201,2026-09-17T07:31:29.328073
1350,cho thuê 100m văn phòng giá 30 tr,30000000,0.3,100 m²,"Phường An Khánh (Quận 2 cũ), Thành phố Thủ Đức, Tp Hồ Chí Minh",Thành phố Thủ Đức,Tp Hồ Chí Minh,10.79159,106.73052,Đất,,,,,,,,60000000.0,[],3,Nguyễn Văn Hậu,,,2026-09-05 13:44:09,https://nha.chotot.com/tin/178581677,2026-09-17T07:31:29.328310
1351,CHO THUÊ TÒA NHÀ VĂN PHÒNG NGUYỄN VĂN TRỖI NGAY NGÃ TƯ PHÚ NHUẬN,130000000,0.096296296,1350 m²,"Phường 10, Quận Phú Nhuận, Tp Hồ Chí Minh",Quận Phú Nhuận,Tp Hồ Chí Minh,10.798557,106.67042,Đất,,,,,,,,,[],3,Anh Đào,,,2026-09-12 11:08:02,https://nha.chotot.com/tin/178727010,2026-09-17T07:31:29.328490
1352,Mặt bằng đẹp Hồ Văn Huê 30m2,7490000,0.24966666,30 m²,"Phường 9, Quận Phú Nhuận, Tp Hồ Chí Minh",Quận Phú Nhuận,Tp Hồ Chí Minh,10.80251,106.67629,Đất,,,,,,,,7490000.0,[],7,NGUYỄN THỊ ANH THƯ,,,2026-09-06 15:25:13,https://nha.chotot.com/tin/178603931,2026-09-17T07:31:29.328686
1353,"🇻🇳SHOPHOUSE 3 TẦNG MẶT TIỀN MÊ LINH | GẦN ORI, KCN HÒA KHÁNH",14000000,0.11666667,120 m²,"Phường Hòa Hiệp Nam, Quận Liên Chiểu, Đà Nẵng",Quận Liên Chiểu,Đà Nẵng,16.09171,108.12595,Đất,,04,,3,,,,,[],10,Ngô Văn Cảnh,,4.4,2026-09-17 14:22:04,https://nha.chotot.com/tin/178839109,2026-09-17T07:31:29.328859
1354,🔥 HẺM XE HƠI  HUỲNH VĂN BÁNH – PHÚ NHUẬN | 4PN – 4WC | CHỈ 2x,23000000,0.23,100 m²,"Phường 10, Quận Phú Nhuận, Tp Hồ Chí Minh",Quận Phú Nhuận,Tp Hồ Chí Minh,10.791831,106.671616,Đất,,4,,,,,,46000000.0,[],6,Dung tr,,,2026-09-17 14:21:51,https://nha.chotot.com/tin/178839122,2026-09-17T07:31:29.329020
1355,"Măt tiền Nguyễn Cư Trinh, Quận 1 (Ngang 17m)",90000000,0.45,200 m²,"Phường Nguyễn Cư Trinh, Quận 1, Tp Hồ Chí Minh",Quận 1,Tp Hồ Chí Minh,10.763458,106.68884,Đất,,,,,,,,,[],5,Nhà Phố Cho Thuê,,,2026-09-17 14:21:14,https://nha.chotot.com/tin/178280784,2026-09-17T07:31:29.329183
1356,"🔥GÓC 2MT - NGUYỄN TRÃI, Bến Thành, Q1🔥400m2 sử dụng",150000000,0.375,400 m²,"Phường Bến Thành, Quận 1, Tp Hồ Chí Minh",Quận 1,Tp Hồ Chí Minh,10.771166,106.68731,Đất,,,,,,,,,[],4,Nhà Phố Cho Thuê,,,2026-09-17 14:20:35,https://nha.chotot.com/tin/175556911,2026-09-17T07:31:29.329434
1357,CHO THUÊ TÒA NHÀ 2 MẶT TIỀN VÕ VĂN NGÂN DT 12M X 36M TP THỦ ĐỨC,100000000,0.07692308,1300 m²,"Phường Bình Thọ (Quận Thủ Đức cũ), Thành phố Thủ Đức, Tp Hồ Chí Minh",Thành phố Thủ Đức,Tp Hồ Chí Minh,10.850573,106.76223,Đất,,,,,,,1.0,,[],3,Oanh Home,,,2026-09-17 14:20:21,https://nha.chotot.com/tin/178262159,2026-09-17T07:31:29.329771
1358,"🔥 CHO THUÊ TẦNG 7 160m2 – 104A XUÂN THUỶ, THẢO ĐIỀN, Q2 🔥",50000000,0.3125,160 m²,"Phường Thảo Điền (Quận 2 cũ), Thành phố Thủ Đức, Tp Hồ Chí Minh",Thành phố Thủ Đức,Tp Hồ Chí Minh,10.803889,106.73543,Đất,,,,,,,,150000000.0,[],8,Kiều Hằng,,,2026-09-17 14:18:58,https://nha.chotot.com/tin/178839027,2026-09-17T07:31:29.329954
1359,Cho thuê  Shophouse Panorama Phú Mỹ Hưng 2 tầng 50tr/th,50000000,0.35460994,141 m²,"Phường Tân Phong, Quận 7, Tp Hồ Chí Minh",Quận 7,Tp Hồ Chí Minh,10.72168,106.71284,Đất,,,,2,Tây Nam,,1.0,,[],7,Dân,,,2026-09-17 14:18:55,https://nha.chotot.com/tin/177011854,2026-09-17T07:31:29.330126
1360,Kho trống VIEW SÔNG 235/50A Đặng Thùy Trâm. DT 8X20M.,20000000,0.125,160 m²,"Phường 13, Quận Bình Thạnh, Tp Hồ Chí Minh",Quận Bình Thạnh,Tp Hồ Chí Minh,10.824377,106.70332,Đất,,,,,,2.0,1.0,,[],3,Anh Dũng,,4.0,2026-09-17 14:17:42,https://nha.chotot.com/tin/167862234,2026-09-17T07:31:29.330309
1361,"Cho thuê giá tốt 3PN view sông, nội thất xịn, Vinhomes Central Park",35000000,0.3043478,115 m²,"Phường 22, Quận Bình Thạnh, Tp Hồ Chí Minh",Quận Bình Thạnh,Tp Hồ Chí Minh,10.79387,106.72032,Căn hộ/Chung cư,1.0,3,2,,,1.0,6.0,,[],12,Huyền Nguyễn,,,2026-09-02 15:25:06,https://nha.chotot.com/tin/178523171,2026-09-17T07:31:30.767640
1362,Giá Thuê : 9tr/1 tháng Cho Thuê Nhà Đường Bùi Quang Là P12 Q. gò Vấp -,9000000,0.140625,64 m²,"Phường 12, Quận Gò Vấp, Tp Hồ Chí Minh",Quận Gò Vấp,Tp Hồ Chí Minh,10.835113,106.6396,Nhà ở,,2,2,,Tây,,,1.0,[],6,Quang Huy,,5.0,2026-09-07 10:48:48,https://nha.chotot.com/tin/178617090,2026-09-17T07:31:30.767942
1363,"BÁN GẤP NHÀ KQH HOÀNG DIỆU PHƯỜNG CAM LY ĐÀ LẠT CHỈ 5,4 TỶ",5400000000,120.0,45 m²,"Phường 5, Thành phố Đà Lạt, Lâm Đồng",Thành phố Đà Lạt,Lâm Đồng,11.942885,108.427925,Nhà ở,,3,2,3,Tây Bắc,3.0,,,[],4,Tô Hoàng Phương Trinh,,,2026-09-15 15:32:14,https://nha.chotot.com/tin/178796817,2026-09-17T07:31:30.768139
1364,KHAI TRƯƠNG PHÒNG TRỌ SINH VIÊN GIÁ RẺ NGAY ĐH CÔNG THƯƠNG TÂN PHÚ,3500000,0.14,25 m²,"Phường Tân Sơn Nhì, Quận Tân Phú, Tp Hồ Chí Minh",Quận Tân Phú,Tp Hồ Chí Minh,10.801903,106.625885,Phòng trọ,,,,,,,,3500000.0,[],5,Kiều Oanh NeWay Home ,,5.0,2026-09-17 14:30:15,https://nha.chotot.com/tin/178453357,2026-09-17T07:31:30.768317
1365,"HIẾM!!!! - Hẻm Sư Vạn Hạnh, P12, Q.10 - 5x20m, 4 Tầng, 400m2",38000000,0.38,100 m²,"Phường 12, Quận 10, Tp Hồ Chí Minh",Quận 10,Tp Hồ Chí Minh,10.775027,106.667755,Đất,,,,4,,,,,[],9,Ngô Thanh Hùng,,,2026-09-17 14:30:13,https://nha.chotot.com/tin/178839362,2026-09-17T07:31:30.768668
1366,Bán Đất Lô Góc Võ Văn Vân giá cực tốt,4190000000,37.410713,112 m²,"Xã Vĩnh Lộc B, Huyện Bình Chánh, Tp Hồ Chí Minh",Huyện Bình Chánh,Tp Hồ Chí Minh,10.773623,106.57547,Văn phòng/Mặt bằng,,,,,,,1.0,,[],6,Thanh Hưng,,3.4,2026-09-09 18:08:26,https://nha.chotot.com/tin/178674907,2026-09-17T07:31:30.768865
1367,"BCONS ARIA TRẢ TRƯỚC CHỈ 5% CHIẾT KHẤU 8,5% HỖ TRỢ LS 6,9% TRONG 4 NĂM",2600000000,49.056602,53 m²,"Phường Đông Hòa, Thành phố Dĩ An, Bình Dương",Thành phố Dĩ An,Bình Dương,10.89115,106.8022,Căn hộ/Chung cư,1.0,2,2,37,Tây,3.0,4.0,,[],12,Huy Hoàng Bcons ,,,2026-08-25 09:52:10,https://nha.chotot.com/tin/178364490,2026-09-17T07:31:30.769051
1368,"CHO THUÊ CĂN HỘ MỚI 2 PHÒNG NGỦ, DIỆN TÍCH 60M² ",13500000,0.20769231,65 m²,"Phường Khuê Mỹ, Quận Ngũ Hành Sơn, Đà Nẵng",Quận Ngũ Hành Sơn,Đà Nẵng,16.023426,108.2459,Căn hộ/Chung cư,2.0,2,,,,2.0,,,[],4,VANA,,,2026-09-17 14:30:06,https://nha.chotot.com/tin/178838887,2026-09-17T07:31:30.769222
1369,Bán căn Hưng Phát Silver Star - sát vách sunrise reverside - 4.6ty,4350000000,41.037735,106 m²,"Xã Phước Kiển, Huyện Nhà Bè, Tp Hồ Chí Minh",Huyện Nhà Bè,Tp Hồ Chí Minh,10.70387,106.71276,Căn hộ/Chung cư,1.0,3,,,Tây Nam,2.0,6.0,,[],9,Vân,,4.8,2026-09-03 11:16:19,https://nha.chotot.com/tin/177025273,2026-09-17T07:31:30.769394
1370,Nhà mới DT:4x9m 2 Tầng 2pn 2wc hẻm 1942 Huỳnh Tấn Phát,1960000000,61.25,32 m²,"Thị trấn Nhà Bè, Huyện Nhà Bè, Tp Hồ Chí Minh",Huyện Nhà Bè,Tp Hồ Chí Minh,10.698072,106.738914,Nhà ở,,2,,2,,,,,[],11,Nam Phú Gia,,,2026-09-06 06:52:42,https://nha.chotot.com/tin/178593726,2026-09-17T07:31:30.769594
1371,Cho thuê CC Garden gate 40m2 Offictel 1WC giá cực tốt chỉ 11tr/th ,11000000,0.31428573,35 m²,"Phường 9, Quận Phú Nhuận, Tp Hồ Chí Minh",Quận Phú Nhuận,Tp Hồ Chí Minh,10.80964,106.67425,Căn hộ/Chung cư,1.0,1,1,,,,,,[],3,Nguyễn Hoàng Toàn,,,2026-09-15 10:14:56,https://nha.chotot.com/tin/178787965,2026-09-17T07:31:30.769764
1372,🏡Khai Trương Ký túc xá ngay ngã tư Hàng xanh đầy đủ tiện nghi 🎉KTX,1700000,0.04857143,35 m²,"Phường 25, Quận Bình Thạnh, Tp Hồ Chí Minh",Quận Bình Thạnh,Tp Hồ Chí Minh,10.802271,106.71938,Phòng trọ,,,,,,,,1700000.0,[],4,LQ Vinhomes,,,2026-08-24 10:56:00,https://nha.chotot.com/tin/163698886,2026-09-17T07:31:30.769940
1373,Nhà Lầu 4 Tầng Hẻm Oto Xây Mới 100% Âu Dương Lân P2 Q8,8600000000,204.7619,42 m²,"Phường 2, Quận 8, Tp Hồ Chí Minh",Quận 8,Tp Hồ Chí Minh,10.742134,106.685104,Nhà ở,,4,3,4,,2.0,1.0,,[],8,Phạm Quốc Thắng,,,2026-09-17 14:29:58,https://nha.chotot.com/tin/178839361,2026-09-17T07:31:30.770103
1374,Lô đất 2500m thổ cư mặt tiền Hồ khu Biệt thự nghỉ dưỡng,4000000000,1.6891892,2368 m²,"Xã Đinh Lạc, Huyện Di Linh, Lâm Đồng",Huyện Di Linh,Lâm Đồng,11.63063,108.13101,Văn phòng/Mặt bằng,,,,,,,1.0,,[],4,Nguyễn Anh Sang,,4.1,2026-09-17 14:29:58,https://nha.chotot.com/tin/178141305,2026-09-17T07:31:30.770257
1375,"Cho Thuê Biệt Thự Nam Thông PMH Q7 - 450m2, 5PN, Đường 20m",70000000,0.15555556,450 m²,"Phường Tân Phong, Quận 7, Tp Hồ Chí Minh",Quận 7,Tp Hồ Chí Minh,10.73019,106.70033,Nhà ở,,5,4,5,,,,,[],12,Thuỷ Trần,,,2026-08-31 09:55:18,https://nha.chotot.com/tin/178484863,2026-09-17T07:31:30.770429
1376,"MẶT TIỀN ĐƯỜNG SỐ 6 – LÒ LU, TRƯỜNG THẠNH, TP. THỦ ĐỨC",4680000000,53.793102,87 m²,"Phường Trường Thạnh (Quận 9 cũ), Thành phố Thủ Đức, Tp Hồ Chí Minh",Thành phố Thủ Đức,Tp Hồ Chí Minh,10.801835,106.81432,Văn phòng/Mặt bằng,,,,,,,,,[],5,Duy Hoàng Land,,5.0,2026-09-17 14:29:46,https://nha.chotot.com/tin/178839348,2026-09-17T07:31:30.770710
1377,KHAI TRƯƠNG ĐUPLEX 3🍠X ĐƯỜNG SỐ 1_NGUYỄN THỊ TÚ NHẬN XE ĐIỆN FULL NT,3700000,0.13214286,28 m²,"Phường Bình Hưng Hoà B, Quận Bình Tân, Tp Hồ Chí Minh",Quận Bình Tân,Tp Hồ Chí Minh,10.807803,106.59462,Căn hộ/Chung cư,3.0,1,1,,,2.0,4.0,1000000.0,[],11,Triệu an HiFriendz Tp ,,5.0,2026-09-17 14:29:46,https://nha.chotot.com/tin/178839353,2026-09-17T07:31:30.770889
1378,Cần cho thuê nhà góc 2 Mặt Tiền 84A Phổ Quang P.2 Q.Tân Bình,30000000,0.3030303,99 m²,"Phường 2, Quận Tân Bình, Tp Hồ Chí Minh",Quận Tân Bình,Tp Hồ Chí Minh,10.806851,106.668365,Nhà ở,,5,5,4,,,1.0,60000000.0,[],6,Anh Thanh,,,2026-09-17 14:29:37,https://nha.chotot.com/tin/178839329,2026-09-17T07:31:30.771053
1379,CHO THUÊ HẺM NGUYỄN VĂN TRỖI TÂN BÌNH | 12x15m siêu rộng,58000000,0.58,100 m²,"Phường 10, Quận Tân Bình, Tp Hồ Chí Minh",Quận Tân Bình,Tp Hồ Chí Minh,10.798557,106.67042,Đất,,,,,,,,116000000.0,[],8,Dung tr,,,2026-09-17 14:29:35,https://nha.chotot.com/tin/178839347,2026-09-17T07:31:30.771202
1380,Bán nhà lầu đúc kiên cố hẻm xe hơi rộng đường Dương Bá Trạc P1 Q8 ,11800000000,245.83333,48 m²,"Phường 1, Quận 8, Tp Hồ Chí Minh",Quận 8,Tp Hồ Chí Minh,10.74418,106.69049,Nhà ở,,4,4,4,Nam,2.0,1.0,,[],3,Nguyễn Thìn ,,4.4,2026-09-17 14:29:34,https://nha.chotot.com/tin/178839333,2026-09-17T07:31:30.771363
1381,"Cho thuê giá tốt 3PN view sông, nội thất xịn, Vinhomes Central Park",35000000,0.3043478,115 m²,"Phường 22, Quận Bình Thạnh, Tp Hồ Chí Minh",Quận Bình Thạnh,Tp Hồ Chí Minh,10.79387,106.72032,Căn hộ/Chung cư,1.0,3,2,,,1.0,6.0,,[],12,Huyền Nguyễn,,,2026-09-02 15:25:06,https://nha.chotot.com/tin/178523171,2026-09-17T07:31:31.937080
1382,"BCONS ARIA TRẢ TRƯỚC CHỈ 5% CHIẾT KHẤU 8,5% HỖ TRỢ LS 6,9% TRONG 4 NĂM",2600000000,49.056602,53 m²,"Phường Đông Hòa, Thành phố Dĩ An, Bình Dương",Thành phố Dĩ An,Bình Dương,10.89115,106.8022,Căn hộ/Chung cư,1.0,2,2,37,Tây,3.0,4.0,,[],12,Huy Hoàng Bcons ,,,2026-08-25 09:52:10,https://nha.chotot.com/tin/178364490,2026-09-17T07:31:31.937392
1383,"CHO THUÊ CĂN HỘ MỚI 2 PHÒNG NGỦ, DIỆN TÍCH 60M² ",13500000,0.20769231,65 m²,"Phường Khuê Mỹ, Quận Ngũ Hành Sơn, Đà Nẵng",Quận Ngũ Hành Sơn,Đà Nẵng,16.023426,108.2459,Căn hộ/Chung cư,2.0,2,,,,2.0,,,[],4,VANA,,,2026-09-17 14:30:06,https://nha.chotot.com/tin/178838887,2026-09-17T07:31:31.937619
1384,Bán căn Hưng Phát Silver Star - sát vách sunrise reverside - 4.6ty,4350000000,41.037735,106 m²,"Xã Phước Kiển, Huyện Nhà Bè, Tp Hồ Chí Minh",Huyện Nhà Bè,Tp Hồ Chí Minh,10.70387,106.71276,Căn hộ/Chung cư,1.0,3,,,Tây Nam,2.0,6.0,,[],9,Vân,,4.8,2026-09-03 11:16:19,https://nha.chotot.com/tin/177025273,2026-09-17T07:31:31.937844
1385,Cho thuê CC Garden gate 40m2 Offictel 1WC giá cực tốt chỉ 11tr/th ,11000000,0.31428573,35 m²,"Phường 9, Quận Phú Nhuận, Tp Hồ Chí Minh",Quận Phú Nhuận,Tp Hồ Chí Minh,10.80964,106.67425,Căn hộ/Chung cư,1.0,1,1,,,,,,[],3,Nguyễn Hoàng Toàn,,,2026-09-15 10:14:56,https://nha.chotot.com/tin/178787965,2026-09-17T07:31:31.938088
1386,KHAI TRƯƠNG ĐUPLEX 3🍠X ĐƯỜNG SỐ 1_NGUYỄN THỊ TÚ NHẬN XE ĐIỆN FULL NT,3700000,0.13214286,28 m²,"Phường Bình Hưng Hoà B, Quận Bình Tân, Tp Hồ Chí Minh",Quận Bình Tân,Tp Hồ Chí Minh,10.807803,106.59462,Căn hộ/Chung cư,3.0,1,1,,,2.0,4.0,1000000.0,[],11,Triệu an HiFriendz Tp ,,5.0,2026-09-17 14:29:46,https://nha.chotot.com/tin/178839353,2026-09-17T07:31:31.938272
1387,"Chung cư Tecco Green - Phan Văn Hớn căn 2p ngủ , full NT, giá 7,3tr/th",7300000,0.1,73 m²,"Phường Tân Thới Nhất, Quận 12, Tp Hồ Chí Minh",Quận 12,Tp Hồ Chí Minh,10.82954,106.61561,Căn hộ/Chung cư,1.0,2,2,,,2.0,6.0,,[],6,Phí Linh,,,2026-09-17 14:29:29,https://nha.chotot.com/tin/178839257,2026-09-17T07:31:31.938443
1388,💥CHDV - FUL NT - 2PN - BALCONY THOÁNG ⚡️ PHAN ĐĂNG LƯU - BÙI ĐÌNH TUÝ 💥,7800000,0.111428574,70 m²,"Phường 1, Quận Bình Thạnh, Tp Hồ Chí Minh",Quận Bình Thạnh,Tp Hồ Chí Minh,10.802451,106.697495,Căn hộ/Chung cư,2.0,2,,,,,,,[],12,Lương Thanh Trúc,,,2026-09-12 21:54:42,https://nha.chotot.com/tin/178437508,2026-09-17T07:31:31.938625
1389,"💥 HÀ ĐÔ CENTROSA – 2PN 2WC – NHÀ ĐẸP, FULL NỘI THẤT – Ở LIỀN CHỈ 22TR",22000000,0.25581396,86 m²,"Phường 12, Quận 10, Tp Hồ Chí Minh",Quận 10,Tp Hồ Chí Minh,10.7762,106.67889,Căn hộ/Chung cư,1.0,2,2,,,,,,[],12,Hoàng Dung,,4.5,2026-09-17 11:07:05,https://nha.chotot.com/tin/178834497,2026-09-17T07:31:31.938795
1390,"CĂN HỘ MINI CAO CẤP MỚI 100%, FULL NỘI THẤT NGAY ẺMART PHAN HUY ÍCH",5000000,0.2,25 m²,"Phường 12, Quận Gò Vấp, Tp Hồ Chí Minh",Quận Gò Vấp,Tp Hồ Chí Minh,10.837349,106.636284,Căn hộ/Chung cư,2.0,1,1,,,1.0,4.0,5000000.0,[],12,Alo Ngoc Hoang,,5.0,2026-09-17 14:28:24,https://nha.chotot.com/tin/178839301,2026-09-17T07:31:31.938978
1391,TÌM NỮ Ở GHÉP CĂN CHUNG CƯ 2PN,4500000,0.071428575,63 m²,"Phường Phú Thuận, Quận 7, Tp Hồ Chí Minh",Quận 7,Tp Hồ Chí Minh,10.722,106.7433,Căn hộ/Chung cư,1.0,2,2,,,2.0,4.0,4500000.0,[],7,Kim Thanh,,5.0,2026-09-17 14:28:16,https://nha.chotot.com/tin/178839296,2026-09-17T07:31:31.939147
1392,Khách Cần Tiền Ra Di Căn 2PN Hiyori Siêu Mới,5200000000,83.870964,62 m²,"Phường An Hải Đông, Quận Sơn Trà, Đà Nẵng",Quận Sơn Trà,Đà Nẵng,16.06191,108.23652,Căn hộ/Chung cư,1.0,2,2,,,1.0,2.0,,[],11,Hồng Công,,,2026-09-17 14:26:46,https://nha.chotot.com/tin/171220229,2026-09-17T07:31:31.939327
1393,⭐ RIVER PANORAMA CHO THUÊ 3PN2WC FULL NỘI THẤT VIEW ĐẸP CHỈ 19 TRIỆU,19000000,0.21111111,90 m²,"Phường Phú Mỹ, Quận 7, Tp Hồ Chí Minh",Quận 7,Tp Hồ Chí Minh,10.71422,106.73743,Căn hộ/Chung cư,1.0,3,2,,,2.0,6.0,,[],12,Huy,,5.0,2026-09-08 14:36:21,https://nha.chotot.com/tin/172861126,2026-09-17T07:31:31.939487
1394,"THẢO ĐIỀN, QUẬN 2 🏡 CHO THUÊ CHDV CAO CẤP💘 1PN BAN CÔNG FULL NỘI THẤT",11000000,0.22,50 m²,"Phường Thảo Điền (Quận 2 cũ), Thành phố Thủ Đức, Tp Hồ Chí Minh",Thành phố Thủ Đức,Tp Hồ Chí Minh,10.803914,106.72912,Căn hộ/Chung cư,2.0,1,1,,Đông Bắc,1.0,4.0,11000000.0,[],11,Phương An Chuyên Căn Hộ Quận 2,,5.0,2026-09-11 14:06:45,https://nha.chotot.com/tin/177928071,2026-09-17T07:31:31.939693
1395,CHDV FULL NỘI THẤT MỚI KENG GẦN MEGA MARKET Q12,3900000,0.156,25 m²,"Phường Tân Thới Hiệp, Quận 12, Tp Hồ Chí Minh",Quận 12,Tp Hồ Chí Minh,10.887289,106.64767,Căn hộ/Chung cư,2.0,1,1,4,,2.0,4.0,,[],10,Anh Tuấn Tìm Phòng,,5.0,2026-09-17 14:26:20,https://nha.chotot.com/tin/178839237,2026-09-17T07:31:31.939865
1396,CHO THUÊ CĂN HỘ DUPLEX 2  GIƯỜNG NGỦ FULL NỘI THẤT CÓ CỬA SỔ THOÁNG,6000000,0.13333334,45 m²,"Phường 8, Thành phố Đà Lạt, Lâm Đồng",Thành phố Đà Lạt,Lâm Đồng,11.977858,108.45107,Căn hộ/Chung cư,3.0,1,1,,,,,,[],9,Quang gohome,,,2026-09-17 14:26:16,https://nha.chotot.com/tin/178839207,2026-09-17T07:31:31.940109
1397,Khách Cần Tiền Bán Gấp Căn Ponte 1PN Stu View Biển Giá Cực Rẻ ,2700000000,103.84615,26 m²,"Phường An Hải Tây, Quận Sơn Trà, Đà Nẵng",Quận Sơn Trà,Đà Nẵng,16.059008,108.23034,Căn hộ/Chung cư,1.0,1,2,,Tây,4.0,6.0,,[],6,Hồng Công,,,2026-09-17 14:26:02,https://nha.chotot.com/tin/178096332,2026-09-17T07:31:31.940295
1398,Bán Căn Hộ 2PN Toà A - Masteri Rivera Đà Nẵng,5700000000,91.935486,62 m²,"Phường Hòa Cường Nam, Quận Hải Châu, Đà Nẵng",Quận Hải Châu,Đà Nẵng,16.033035,108.225494,Căn hộ/Chung cư,1.0,2,2,39,Tây,2.0,6.0,,[],6,Hồng Công,,,2026-09-17 14:25:24,https://nha.chotot.com/tin/169931282,2026-09-17T07:31:31.940463
1399,Căn hộ ban công Full nội thất ngay Trương Văn Bang thuận tiện qua sala,5800000,0.16571428,35 m²,"Phường Thạnh Mỹ Lợi (Quận 2 cũ), Thành phố Thủ Đức, Tp Hồ Chí Minh",Thành phố Thủ Đức,Tp Hồ Chí Minh,10.774195,106.75718,Căn hộ/Chung cư,2.0,1,1,,,2.0,4.0,6000000.0,[],11,Huỳnh Châu HiFriendz ,,5.0,2026-09-05 22:57:12,https://nha.chotot.com/tin/178592369,2026-09-17T07:31:31.940667
1400,"CHO THUÊ  CHUNG CƯ TẠI PHỐ TU HOÀNG, NHỔN - 58M2, 2 NGỦ, ĐỦ ĐỒ-  5TR",5000000,0.0862069,58 m²,"Phường Phương Canh, Quận Nam Từ Liêm, Hà Nội",Quận Nam Từ Liêm,Hà Nội,21.053297,105.73126,Căn hộ/Chung cư,1.0,2,1,,,2.0,,,[],3,NGÔ THÚY,,,2026-09-17 14:24:32,https://nha.chotot.com/tin/178839180,2026-09-17T07:31:31.940829
1401,Nhà 3 Rưỡi - Mặt Tiền Hải Châu Gần Đống Đa ( SỤP ),5500000000,110.0,50 m²,"Phường Thuận Phước, Quận Hải Châu, Đà Nẵng",Quận Hải Châu,Đà Nẵng,16.08619,108.21645,Nhà ở,,6,,5,,,,,[],7,hưng thịnh,,5.0,2026-09-02 10:54:17,https://nha.chotot.com/tin/178518870,2026-09-17T07:31:33.111753
1402,"[GIÁ RẺ] NHÀ NGUYÊN CĂN 1 TRỆT 1 LẦU GẦN EMART, CHỢ TÂN SƠN",8000000,0.14285715,56 m²,"Phường 12, Quận Gò Vấp, Tp Hồ Chí Minh",Quận Gò Vấp,Tp Hồ Chí Minh,10.832696,106.63855,Nhà ở,,2,2,1,,,,,[],8,THÀNH ĐẠT CHUYÊN CHO THUÊ PHÒNG TRỌ CHDV GIÁ TỐT,,,2026-09-17 14:30:48,https://nha.chotot.com/tin/178839377,2026-09-17T07:31:33.112042
1403,Giá Thuê : 9tr/1 tháng Cho Thuê Nhà Đường Bùi Quang Là P12 Q. gò Vấp -,9000000,0.140625,64 m²,"Phường 12, Quận Gò Vấp, Tp Hồ Chí Minh",Quận Gò Vấp,Tp Hồ Chí Minh,10.835113,106.6396,Nhà ở,,2,2,,Tây,,,1.0,[],6,Quang Huy,,5.0,2026-09-07 10:48:48,https://nha.chotot.com/tin/178617090,2026-09-17T07:31:33.112225
1404,"BÁN GẤP NHÀ KQH HOÀNG DIỆU PHƯỜNG CAM LY ĐÀ LẠT CHỈ 5,4 TỶ",5400000000,120.0,45 m²,"Phường 5, Thành phố Đà Lạt, Lâm Đồng",Thành phố Đà Lạt,Lâm Đồng,11.942885,108.427925,Nhà ở,,3,2,3,Tây Bắc,3.0,,,[],4,Tô Hoàng Phương Trinh,,,2026-09-15 15:32:14,https://nha.chotot.com/tin/178796817,2026-09-17T07:31:33.112399
1405,Nhà mới DT:4x9m 2 Tầng 2pn 2wc hẻm 1942 Huỳnh Tấn Phát,1960000000,61.25,32 m²,"Thị trấn Nhà Bè, Huyện Nhà Bè, Tp Hồ Chí Minh",Huyện Nhà Bè,Tp Hồ Chí Minh,10.698072,106.738914,Nhà ở,,2,,2,,,,,[],11,Nam Phú Gia,,,2026-09-06 06:52:42,https://nha.chotot.com/tin/178593726,2026-09-17T07:31:33.112657
1406,Nhà Lầu 4 Tầng Hẻm Oto Xây Mới 100% Âu Dương Lân P2 Q8,8600000000,204.7619,42 m²,"Phường 2, Quận 8, Tp Hồ Chí Minh",Quận 8,Tp Hồ Chí Minh,10.742134,106.685104,Nhà ở,,4,3,4,,2.0,1.0,,[],8,Phạm Quốc Thắng,,,2026-09-17 14:29:58,https://nha.chotot.com/tin/178839361,2026-09-17T07:31:33.112825
1407,"Cho Thuê Biệt Thự Nam Thông PMH Q7 - 450m2, 5PN, Đường 20m",70000000,0.15555556,450 m²,"Phường Tân Phong, Quận 7, Tp Hồ Chí Minh",Quận 7,Tp Hồ Chí Minh,10.73019,106.70033,Nhà ở,,5,4,5,,,,,[],12,Thuỷ Trần,,,2026-08-31 09:55:18,https://nha.chotot.com/tin/178484863,2026-09-17T07:31:33.112980
1408,Cần cho thuê nhà góc 2 Mặt Tiền 84A Phổ Quang P.2 Q.Tân Bình,30000000,0.3030303,99 m²,"Phường 2, Quận Tân Bình, Tp Hồ Chí Minh",Quận Tân Bình,Tp Hồ Chí Minh,10.806851,106.668365,Nhà ở,,5,5,4,,,1.0,60000000.0,[],6,Anh Thanh,,,2026-09-17 14:29:37,https://nha.chotot.com/tin/178839329,2026-09-17T07:31:33.113139
1409,Bán nhà lầu đúc kiên cố hẻm xe hơi rộng đường Dương Bá Trạc P1 Q8 ,11800000000,245.83333,48 m²,"Phường 1, Quận 8, Tp Hồ Chí Minh",Quận 8,Tp Hồ Chí Minh,10.74418,106.69049,Nhà ở,,4,4,4,Nam,2.0,1.0,,[],3,Nguyễn Thìn ,,4.4,2026-09-17 14:29:34,https://nha.chotot.com/tin/178839333,2026-09-17T07:31:33.113289
1410,"Bán nhà riêng 4mx18,3m",12300000000,169.65517,72.5 m²,"Phường Tân Sơn Nhì, Quận Tân Phú, Tp Hồ Chí Minh",Quận Tân Phú,Tp Hồ Chí Minh,10.796407,106.63215,Nhà ở,,1,,,,,,,[],3,Nguyễn Võ Châu Phát,,,2026-09-16 14:28:21,https://nha.chotot.com/tin/178817793,2026-09-17T07:31:33.113453
1411,cho thuê,25000000,0.41666666,60 m²,"Phường 8, Quận 5, Tp Hồ Chí Minh",Quận 5,Tp Hồ Chí Minh,10.756033,106.671135,Nhà ở,,4,5,3,Đông,3.0,1.0,50000000.0,[],3,Phạm Ánh Lan,,5.0,2026-09-17 12:38:51,https://nha.chotot.com/tin/178836750,2026-09-17T07:31:33.113643
1412,cho thuê nhà 2 tầng đường phan thanh sát đại học duy tân,11000000,0.22,50 m²,"Phường Thạc Gián, Quận Thanh Khê, Đà Nẵng",Quận Thanh Khê,Đà Nẵng,16.063013,108.208755,Nhà ở,,3,3,2,,1.0,,,[],10,Đại tuấn,,,2026-09-17 14:29:11,https://nha.chotot.com/tin/178839312,2026-09-17T07:31:33.113828
1413,Nhà riêng ngõ 31 phố mai động gần đền lừ dt40m2x4t giá 10tr,10000000,0.25,40 m²,"Phường Mai Động, Quận Hoàng Mai, Hà Nội",Quận Hoàng Mai,Hà Nội,20.988625,105.86115,Nhà ở,,4,3,4,Đông,2.0,1.0,10000000.0,[],6,phạm minh chính,,,2026-09-10 10:59:00,https://nha.chotot.com/tin/178378145,2026-09-17T07:31:33.113981
1414,bán nhà mặt tiền kinh doanh đường Trương Vĩnh Nguyên,5600000000,19.928825,281 m²,"Phường Phú Thứ, Quận Cái Răng, Cần Thơ",Quận Cái Răng,Cần Thơ,9.982768,105.78676,Nhà ở,,1,2,1,Đông Bắc,3.0,1.0,,[],5,Nguyen Tien Tai,,,2026-09-16 14:28:22,https://nha.chotot.com/tin/178149394,2026-09-17T07:31:33.114133
1415,"Bán biệt thự 2 lầu áp mái P. Thạnh Mỹ Tây, TP.HCM giá 43 tỷ",43000000000,511.90475,84 m²,"Phường 12, Quận 3, Tp Hồ Chí Minh",Quận 3,Tp Hồ Chí Minh,10.789393,106.675064,Nhà ở,,1,,,,,,,[],3,vũ thành,,,2026-09-17 14:28:31,https://nha.chotot.com/tin/178839248,2026-09-17T07:31:33.114416
1416,"Bán gấp nhà 1 lầu, sân thượng, 76m2, hẻm 5m vị trí hẻm 477/ Mã Lò",6950000000,91.447365,76 m²,"Phường Bình Hưng Hoà A, Quận Bình Tân, Tp Hồ Chí Minh",Quận Bình Tân,Tp Hồ Chí Minh,10.7823,106.59924,Nhà ở,,2,,2,,,,,[],3, Vương Nguyễn,,5.0,2026-09-17 14:28:31,https://nha.chotot.com/tin/178839292,2026-09-17T07:31:33.114781
1417,"Bán nhà mới khu đường bàn cờ thông 6m Đường Số 28, 4,5x15m, lửng,3 lầu",9500000000,158.33333,60 m²,"Phường 6, Quận Gò Vấp, Tp Hồ Chí Minh",Quận Gò Vấp,Tp Hồ Chí Minh,10.838439,106.6817,Nhà ở,,4,5,4,,,1.0,,[],8,TRUONG TAM,,,2026-09-17 14:28:04,https://nha.chotot.com/tin/175260106,2026-09-17T07:31:33.114954
1418,Gần Trường Lý Tự Trọng GV - Hẻm Ôtô - Nhà mới xây 4 Tầng 4PN - KQH KLG,6680000000,151.81818,44 m²,"Phường 15, Quận Gò Vấp, Tp Hồ Chí Minh",Quận Gò Vấp,Tp Hồ Chí Minh,10.847257,106.669334,Nhà ở,,4,4,4,,,1.0,,[],12,Lý Ngọc Thanh,,,2026-09-13 13:07:56,https://nha.chotot.com/tin/178748929,2026-09-17T07:31:33.115115
1419,"NHÀ MỚI ĐẸP, HẺM TẢI 1T2L 4PN NGAY PHẠM VĂN ĐỒNG",14000000,0.23333333,60 m²,"Phường Linh Tây (Quận Thủ Đức cũ), Thành phố Thủ Đức, Tp Hồ Chí Minh",Thành phố Thủ Đức,Tp Hồ Chí Minh,10.852818,106.75241,Nhà ở,,4,3,,,,,28000000.0,[],9,NHẤT NHÀ ĐẤT,,5.0,2026-09-11 11:23:04,https://nha.chotot.com/tin/178707503,2026-09-17T07:31:33.115274
1420,🏠 CHO THUÊ NHÀ NGUYÊN CĂN LÀM VĂN PHÒNG – THỦ ĐỨC,18000000,0.12,150 m²,"Phường Trường Thọ (Quận Thủ Đức cũ), Thành phố Thủ Đức, Tp Hồ Chí Minh",Thành phố Thủ Đức,Tp Hồ Chí Minh,10.831532,106.757996,Nhà ở,,4,,,,,,,[],3,Đăng Quang Rental,,,2026-09-17 14:27:44,https://nha.chotot.com/tin/178478419,2026-09-17T07:31:33.115438
1421,"HIẾM!!!! - Hẻm Sư Vạn Hạnh, P12, Q.10 - 5x20m, 4 Tầng, 400m2",38000000,0.38,100 m²,"Phường 12, Quận 10, Tp Hồ Chí Minh",Quận 10,Tp Hồ Chí Minh,10.775027,106.667755,Đất,,,,4,,,,,[],9,Ngô Thanh Hùng,,,2026-09-17 14:30:13,https://nha.chotot.com/tin/178839362,2026-09-17T07:31:33.849785
1422,CHO THUÊ HẺM NGUYỄN VĂN TRỖI TÂN BÌNH | 12x15m siêu rộng,58000000,0.58,100 m²,"Phường 10, Quận Tân Bình, Tp Hồ Chí Minh",Quận Tân Bình,Tp Hồ Chí Minh,10.798557,106.67042,Đất,,,,,,,,116000000.0,[],8,Dung tr,,,2026-09-17 14:29:35,https://nha.chotot.com/tin/178839347,2026-09-17T07:31:33.850127
1423,"Cho thuê nhà phố 5 tầng có thang máy, rèm đường D9",45000000,0.53571427,84 m²,"Phường Long Bình (Quận 9 cũ), Thành phố Thủ Đức, Tp Hồ Chí Minh",Thành phố Thủ Đức,Tp Hồ Chí Minh,10.84805,106.83874,Đất,,,,5,,3.0,1.0,,[],4,DUY HOMES,,,2026-09-09 09:41:13,https://nha.chotot.com/tin/178661906,2026-09-17T07:31:33.850403
1424,"Cho thuê vp phố nguyên hồng,đống đa,dt 68m2,giá 13tr/tháng",13000000,0.19117647,68 m²,"Phường Láng Hạ, Quận Đống Đa, Hà Nội",Quận Đống Đa,Hà Nội,21.015743,105.80971,Đất,,,,8,,1.0,1.0,,[],5,Đào Thành Lân,,,2026-09-17 14:27:34,https://nha.chotot.com/tin/178839277,2026-09-17T07:31:33.850732
1425,🔥 CHO THUÊ BIỆT THỰ SÂN VƯỜN NGUYỄN VĂN TRỖI – NGANG 12M – GIÁ 59TR/TH,59000000,0.118,500 m²,"Phường 10, Quận Phú Nhuận, Tp Hồ Chí Minh",Quận Phú Nhuận,Tp Hồ Chí Minh,10.798557,106.67042,Đất,,,,,,,,150000000.0,[],7,Kiều Hằng,,,2026-09-17 14:27:01,https://nha.chotot.com/tin/178839254,2026-09-17T07:31:33.851016
1426,Cho thuê kho 1200m QL1A Tam Bình chỉ 75k,90000000,0.075,1200 m²,"Phường Tam Bình (Quận Thủ Đức cũ), Thành phố Thủ Đức, Tp Hồ Chí Minh",Thành phố Thủ Đức,Tp Hồ Chí Minh,10.871881,106.739655,Đất,,,,,,,,3.0,[],3,Anhthe,,4.0,2026-09-14 18:07:53,https://nha.chotot.com/tin/178775394,2026-09-17T07:31:33.851247
1427,BIỆT THỰ SÂN VƯỜN KHU TỔ HỢP F&B VÀ ĐA NGÀNH NGHỀ TRUNG TÂM QUẬN 3 ,115000000,0.34848484,330 m²,"Phường Võ Thị Sáu, Quận 3, Tp Hồ Chí Minh",Quận 3,Tp Hồ Chí Minh,10.788824,106.690765,Đất,,,,,,,,,[],9,Yến Ngọc,,,2026-09-17 14:25:23,https://nha.chotot.com/tin/178839200,2026-09-17T07:31:33.851678
1428,🍑Đoạn Đẹp NGUYỄN GIA TRÍ - 4x25m (Trệt 2 Lầu)🍑,65000000,0.21666667,300 m²,"Phường 25, Quận Bình Thạnh, Tp Hồ Chí Minh",Quận Bình Thạnh,Tp Hồ Chí Minh,10.810227,106.71722,Đất,,,,,,,,,[],6,Nhà Phố Cho Thuê,,,2026-09-17 14:24:57,https://nha.chotot.com/tin/175622468,2026-09-17T07:31:33.851874
1429,"🌟10x15m - TRẦN QUỐC TOẢN, Quận 3🌟 Trệt 2 Lầu",60000000,0.13333334,450 m²,"Phường Võ Thị Sáu, Quận 3, Tp Hồ Chí Minh",Quận 3,Tp Hồ Chí Minh,10.78659,106.68779,Đất,,,,,,,,,[],4,Nhà Phố Cho Thuê,,,2026-09-17 14:24:26,https://nha.chotot.com/tin/175903201,2026-09-17T07:31:33.852140
1430,cho thuê 100m văn phòng giá 30 tr,30000000,0.3,100 m²,"Phường An Khánh (Quận 2 cũ), Thành phố Thủ Đức, Tp Hồ Chí Minh",Thành phố Thủ Đức,Tp Hồ Chí Minh,10.79159,106.73052,Đất,,,,,,,,60000000.0,[],3,Nguyễn Văn Hậu,,,2026-09-05 13:44:09,https://nha.chotot.com/tin/178581677,2026-09-17T07:31:33.852380
1431,CHO THUÊ TÒA NHÀ VĂN PHÒNG NGUYỄN VĂN TRỖI NGAY NGÃ TƯ PHÚ NHUẬN,130000000,0.096296296,1350 m²,"Phường 10, Quận Phú Nhuận, Tp Hồ Chí Minh",Quận Phú Nhuận,Tp Hồ Chí Minh,10.798557,106.67042,Đất,,,,,,,,,[],3,Anh Đào,,,2026-09-12 11:08:02,https://nha.chotot.com/tin/178727010,2026-09-17T07:31:33.852575
1432,Mặt bằng đẹp Hồ Văn Huê 30m2,7490000,0.24966666,30 m²,"Phường 9, Quận Phú Nhuận, Tp Hồ Chí Minh",Quận Phú Nhuận,Tp Hồ Chí Minh,10.80251,106.67629,Đất,,,,,,,,7490000.0,[],7,NGUYỄN THỊ ANH THƯ,,,2026-09-06 15:25:13,https://nha.chotot.com/tin/178603931,2026-09-17T07:31:33.852764
1433,"🇻🇳SHOPHOUSE 3 TẦNG MẶT TIỀN MÊ LINH | GẦN ORI, KCN HÒA KHÁNH",14000000,0.11666667,120 m²,"Phường Hòa Hiệp Nam, Quận Liên Chiểu, Đà Nẵng",Quận Liên Chiểu,Đà Nẵng,16.09171,108.12595,Đất,,04,,3,,,,,[],10,Ngô Văn Cảnh,,4.4,2026-09-17 14:22:04,https://nha.chotot.com/tin/178839109,2026-09-17T07:31:33.852942
1434,🔥 HẺM XE HƠI  HUỲNH VĂN BÁNH – PHÚ NHUẬN | 4PN – 4WC | CHỈ 2x,23000000,0.23,100 m²,"Phường 10, Quận Phú Nhuận, Tp Hồ Chí Minh",Quận Phú Nhuận,Tp Hồ Chí Minh,10.791831,106.671616,Đất,,4,,,,,,46000000.0,[],6,Dung tr,,,2026-09-17 14:21:51,https://nha.chotot.com/tin/178839122,2026-09-17T07:31:33.853112
1435,"Măt tiền Nguyễn Cư Trinh, Quận 1 (Ngang 17m)",90000000,0.45,200 m²,"Phường Nguyễn Cư Trinh, Quận 1, Tp Hồ Chí Minh",Quận 1,Tp Hồ Chí Minh,10.763458,106.68884,Đất,,,,,,,,,[],5,Nhà Phố Cho Thuê,,,2026-09-17 14:21:14,https://nha.chotot.com/tin/178280784,2026-09-17T07:31:33.853277
1436,"🔥GÓC 2MT - NGUYỄN TRÃI, Bến Thành, Q1🔥400m2 sử dụng",150000000,0.375,400 m²,"Phường Bến Thành, Quận 1, Tp Hồ Chí Minh",Quận 1,Tp Hồ Chí Minh,10.771166,106.68731,Đất,,,,,,,,,[],4,Nhà Phố Cho Thuê,,,2026-09-17 14:20:35,https://nha.chotot.com/tin/175556911,2026-09-17T07:31:33.853530
1437,CHO THUÊ TÒA NHÀ 2 MẶT TIỀN VÕ VĂN NGÂN DT 12M X 36M TP THỦ ĐỨC,100000000,0.07692308,1300 m²,"Phường Bình Thọ (Quận Thủ Đức cũ), Thành phố Thủ Đức, Tp Hồ Chí Minh",Thành phố Thủ Đức,Tp Hồ Chí Minh,10.850573,106.76223,Đất,,,,,,,1.0,,[],3,Oanh Home,,,2026-09-17 14:20:21,https://nha.chotot.com/tin/178262159,2026-09-17T07:31:33.853773
1438,"🔥 CHO THUÊ TẦNG 7 160m2 – 104A XUÂN THUỶ, THẢO ĐIỀN, Q2 🔥",50000000,0.3125,160 m²,"Phường Thảo Điền (Quận 2 cũ), Thành phố Thủ Đức, Tp Hồ Chí Minh",Thành phố Thủ Đức,Tp Hồ Chí Minh,10.803889,106.73543,Đất,,,,,,,,150000000.0,[],8,Kiều Hằng,,,2026-09-17 14:18:58,https://nha.chotot.com/tin/178839027,2026-09-17T07:31:33.853953
1439,Cho thuê  Shophouse Panorama Phú Mỹ Hưng 2 tầng 50tr/th,50000000,0.35460994,141 m²,"Phường Tân Phong, Quận 7, Tp Hồ Chí Minh",Quận 7,Tp Hồ Chí Minh,10.72168,106.71284,Đất,,,,2,Tây Nam,,1.0,,[],7,Dân,,,2026-09-17 14:18:55,https://nha.chotot.com/tin/177011854,2026-09-17T07:31:33.854206
1440,Kho trống VIEW SÔNG 235/50A Đặng Thùy Trâm. DT 8X20M.,20000000,0.125,160 m²,"Phường 13, Quận Bình Thạnh, Tp Hồ Chí Minh",Quận Bình Thạnh,Tp Hồ Chí Minh,10.824377,106.70332,Đất,,,,,,2.0,1.0,,[],3,Anh Dũng,,4.0,2026-09-17 14:17:42,https://nha.chotot.com/tin/167862234,2026-09-17T07:31:33.854399
1441,"Cho thuê giá tốt 3PN view sông, nội thất xịn, Vinhomes Central Park",35000000,0.3043478,115 m²,"Phường 22, Quận Bình Thạnh, Tp Hồ Chí Minh",Quận Bình Thạnh,Tp Hồ Chí Minh,10.79387,106.72032,Căn hộ/Chung cư,1.0,3,2,,,1.0,6.0,,[],12,Huyền Nguyễn,,,2026-09-02 15:25:06,https://nha.chotot.com/tin/178523171,2026-09-17T07:31:34.704090
1442,Giá Thuê : 9tr/1 tháng Cho Thuê Nhà Đường Bùi Quang Là P12 Q. gò Vấp -,9000000,0.140625,64 m²,"Phường 12, Quận Gò Vấp, Tp Hồ Chí Minh",Quận Gò Vấp,Tp Hồ Chí Minh,10.835113,106.6396,Nhà ở,,2,2,,Tây,,,1.0,[],6,Quang Huy,,5.0,2026-09-07 10:48:48,https://nha.chotot.com/tin/178617090,2026-09-17T07:31:34.704382
1443,"BÁN GẤP NHÀ KQH HOÀNG DIỆU PHƯỜNG CAM LY ĐÀ LẠT CHỈ 5,4 TỶ",5400000000,120.0,45 m²,"Phường 5, Thành phố Đà Lạt, Lâm Đồng",Thành phố Đà Lạt,Lâm Đồng,11.942885,108.427925,Nhà ở,,3,2,3,Tây Bắc,3.0,,,[],4,Tô Hoàng Phương Trinh,,,2026-09-15 15:32:14,https://nha.chotot.com/tin/178796817,2026-09-17T07:31:34.704589
1444,KHAI TRƯƠNG PHÒNG TRỌ SINH VIÊN GIÁ RẺ NGAY ĐH CÔNG THƯƠNG TÂN PHÚ,3500000,0.14,25 m²,"Phường Tân Sơn Nhì, Quận Tân Phú, Tp Hồ Chí Minh",Quận Tân Phú,Tp Hồ Chí Minh,10.801903,106.625885,Phòng trọ,,,,,,,,3500000.0,[],5,Kiều Oanh NeWay Home ,,5.0,2026-09-17 14:30:15,https://nha.chotot.com/tin/178453357,2026-09-17T07:31:34.704771
1445,"HIẾM!!!! - Hẻm Sư Vạn Hạnh, P12, Q.10 - 5x20m, 4 Tầng, 400m2",38000000,0.38,100 m²,"Phường 12, Quận 10, Tp Hồ Chí Minh",Quận 10,Tp Hồ Chí Minh,10.775027,106.667755,Đất,,,,4,,,,,[],9,Ngô Thanh Hùng,,,2026-09-17 14:30:13,https://nha.chotot.com/tin/178839362,2026-09-17T07:31:34.705035
1446,Bán Đất Lô Góc Võ Văn Vân giá cực tốt,4190000000,37.410713,112 m²,"Xã Vĩnh Lộc B, Huyện Bình Chánh, Tp Hồ Chí Minh",Huyện Bình Chánh,Tp Hồ Chí Minh,10.773623,106.57547,Văn phòng/Mặt bằng,,,,,,,1.0,,[],6,Thanh Hưng,,3.4,2026-09-09 18:08:26,https://nha.chotot.com/tin/178674907,2026-09-17T07:31:34.705223
1447,"BCONS ARIA TRẢ TRƯỚC CHỈ 5% CHIẾT KHẤU 8,5% HỖ TRỢ LS 6,9% TRONG 4 NĂM",2600000000,49.056602,53 m²,"Phường Đông Hòa, Thành phố Dĩ An, Bình Dương",Thành phố Dĩ An,Bình Dương,10.89115,106.8022,Căn hộ/Chung cư,1.0,2,2,37,Tây,3.0,4.0,,[],12,Huy Hoàng Bcons ,,,2026-08-25 09:52:10,https://nha.chotot.com/tin/178364490,2026-09-17T07:31:34.705408
1448,"CHO THUÊ CĂN HỘ MỚI 2 PHÒNG NGỦ, DIỆN TÍCH 60M² ",13500000,0.20769231,65 m²,"Phường Khuê Mỹ, Quận Ngũ Hành Sơn, Đà Nẵng",Quận Ngũ Hành Sơn,Đà Nẵng,16.023426,108.2459,Căn hộ/Chung cư,2.0,2,,,,2.0,,,[],4,VANA,,,2026-09-17 14:30:06,https://nha.chotot.com/tin/178838887,2026-09-17T07:31:34.705605
1449,Bán căn Hưng Phát Silver Star - sát vách sunrise reverside - 4.6ty,4350000000,41.037735,106 m²,"Xã Phước Kiển, Huyện Nhà Bè, Tp Hồ Chí Minh",Huyện Nhà Bè,Tp Hồ Chí Minh,10.70387,106.71276,Căn hộ/Chung cư,1.0,3,,,Tây Nam,2.0,6.0,,[],9,Vân,,4.8,2026-09-03 11:16:19,https://nha.chotot.com/tin/177025273,2026-09-17T07:31:34.705790
1450,Nhà mới DT:4x9m 2 Tầng 2pn 2wc hẻm 1942 Huỳnh Tấn Phát,1960000000,61.25,32 m²,"Thị trấn Nhà Bè, Huyện Nhà Bè, Tp Hồ Chí Minh",Huyện Nhà Bè,Tp Hồ Chí Minh,10.698072,106.738914,Nhà ở,,2,,2,,,,,[],11,Nam Phú Gia,,,2026-09-06 06:52:42,https://nha.chotot.com/tin/178593726,2026-09-17T07:31:34.705961
1451,Cho thuê CC Garden gate 40m2 Offictel 1WC giá cực tốt chỉ 11tr/th ,11000000,0.31428573,35 m²,"Phường 9, Quận Phú Nhuận, Tp Hồ Chí Minh",Quận Phú Nhuận,Tp Hồ Chí Minh,10.80964,106.67425,Căn hộ/Chung cư,1.0,1,1,,,,,,[],3,Nguyễn Hoàng Toàn,,,2026-09-15 10:14:56,https://nha.chotot.com/tin/178787965,2026-09-17T07:31:34.706125
1452,🏡Khai Trương Ký túc xá ngay ngã tư Hàng xanh đầy đủ tiện nghi 🎉KTX,1700000,0.04857143,35 m²,"Phường 25, Quận Bình Thạnh, Tp Hồ Chí Minh",Quận Bình Thạnh,Tp Hồ Chí Minh,10.802271,106.71938,Phòng trọ,,,,,,,,1700000.0,[],4,LQ Vinhomes,,,2026-08-24 10:56:00,https://nha.chotot.com/tin/163698886,2026-09-17T07:31:34.706295
1453,Nhà Lầu 4 Tầng Hẻm Oto Xây Mới 100% Âu Dương Lân P2 Q8,8600000000,204.7619,42 m²,"Phường 2, Quận 8, Tp Hồ Chí Minh",Quận 8,Tp Hồ Chí Minh,10.742134,106.685104,Nhà ở,,4,3,4,,2.0,1.0,,[],8,Phạm Quốc Thắng,,,2026-09-17 14:29:58,https://nha.chotot.com/tin/178839361,2026-09-17T07:31:34.706455
1454,Lô đất 2500m thổ cư mặt tiền Hồ khu Biệt thự nghỉ dưỡng,4000000000,1.6891892,2368 m²,"Xã Đinh Lạc, Huyện Di Linh, Lâm Đồng",Huyện Di Linh,Lâm Đồng,11.63063,108.13101,Văn phòng/Mặt bằng,,,,,,,1.0,,[],4,Nguyễn Anh Sang,,4.1,2026-09-17 14:29:58,https://nha.chotot.com/tin/178141305,2026-09-17T07:31:34.706638
1455,"Cho Thuê Biệt Thự Nam Thông PMH Q7 - 450m2, 5PN, Đường 20m",70000000,0.15555556,450 m²,"Phường Tân Phong, Quận 7, Tp Hồ Chí Minh",Quận 7,Tp Hồ Chí Minh,10.73019,106.70033,Nhà ở,,5,4,5,,,,,[],12,Thuỷ Trần,,,2026-08-31 09:55:18,https://nha.chotot.com/tin/178484863,2026-09-17T07:31:34.706815
1456,"MẶT TIỀN ĐƯỜNG SỐ 6 – LÒ LU, TRƯỜNG THẠNH, TP. THỦ ĐỨC",4680000000,53.793102,87 m²,"Phường Trường Thạnh (Quận 9 cũ), Thành phố Thủ Đức, Tp Hồ Chí Minh",Thành phố Thủ Đức,Tp Hồ Chí Minh,10.801835,106.81432,Văn phòng/Mặt bằng,,,,,,,,,[],5,Duy Hoàng Land,,5.0,2026-09-17 14:29:46,https://nha.chotot.com/tin/178839348,2026-09-17T07:31:34.707044
1457,KHAI TRƯƠNG ĐUPLEX 3🍠X ĐƯỜNG SỐ 1_NGUYỄN THỊ TÚ NHẬN XE ĐIỆN FULL NT,3700000,0.13214286,28 m²,"Phường Bình Hưng Hoà B, Quận Bình Tân, Tp Hồ Chí Minh",Quận Bình Tân,Tp Hồ Chí Minh,10.807803,106.59462,Căn hộ/Chung cư,3.0,1,1,,,2.0,4.0,1000000.0,[],11,Triệu an HiFriendz Tp ,,5.0,2026-09-17 14:29:46,https://nha.chotot.com/tin/178839353,2026-09-17T07:31:34.707214
1458,Cần cho thuê nhà góc 2 Mặt Tiền 84A Phổ Quang P.2 Q.Tân Bình,30000000,0.3030303,99 m²,"Phường 2, Quận Tân Bình, Tp Hồ Chí Minh",Quận Tân Bình,Tp Hồ Chí Minh,10.806851,106.668365,Nhà ở,,5,5,4,,,1.0,60000000.0,[],6,Anh Thanh,,,2026-09-17 14:29:37,https://nha.chotot.com/tin/178839329,2026-09-17T07:31:34.707371
1459,CHO THUÊ HẺM NGUYỄN VĂN TRỖI TÂN BÌNH | 12x15m siêu rộng,58000000,0.58,100 m²,"Phường 10, Quận Tân Bình, Tp Hồ Chí Minh",Quận Tân Bình,Tp Hồ Chí Minh,10.798557,106.67042,Đất,,,,,,,,116000000.0,[],8,Dung tr,,,2026-09-17 14:29:35,https://nha.chotot.com/tin/178839347,2026-09-17T07:31:34.707533
1460,Bán nhà lầu đúc kiên cố hẻm xe hơi rộng đường Dương Bá Trạc P1 Q8 ,11800000000,245.83333,48 m²,"Phường 1, Quận 8, Tp Hồ Chí Minh",Quận 8,Tp Hồ Chí Minh,10.74418,106.69049,Nhà ở,,4,4,4,Nam,2.0,1.0,,[],3,Nguyễn Thìn ,,4.4,2026-09-17 14:29:34,https://nha.chotot.com/tin/178839333,2026-09-17T07:31:34.707706
1461,"Cho thuê giá tốt 3PN view sông, nội thất xịn, Vinhomes Central Park",35000000,0.3043478,115 m²,"Phường 22, Quận Bình Thạnh, Tp Hồ Chí Minh",Quận Bình Thạnh,Tp Hồ Chí Minh,10.79387,106.72032,Căn hộ/Chung cư,1.0,3,2,,,1.0,6.0,,[],12,Huyền Nguyễn,,,2026-09-02 15:25:06,https://nha.chotot.com/tin/178523171,2026-09-17T07:31:35.915593
1462,"BCONS ARIA TRẢ TRƯỚC CHỈ 5% CHIẾT KHẤU 8,5% HỖ TRỢ LS 6,9% TRONG 4 NĂM",2600000000,49.056602,53 m²,"Phường Đông Hòa, Thành phố Dĩ An, Bình Dương",Thành phố Dĩ An,Bình Dương,10.89115,106.8022,Căn hộ/Chung cư,1.0,2,2,37,Tây,3.0,4.0,,[],12,Huy Hoàng Bcons ,,,2026-08-25 09:52:10,https://nha.chotot.com/tin/178364490,2026-09-17T07:31:35.915890
1463,"CHO THUÊ CĂN HỘ MỚI 2 PHÒNG NGỦ, DIỆN TÍCH 60M² ",13500000,0.20769231,65 m²,"Phường Khuê Mỹ, Quận Ngũ Hành Sơn, Đà Nẵng",Quận Ngũ Hành Sơn,Đà Nẵng,16.023426,108.2459,Căn hộ/Chung cư,2.0,2,,,,2.0,,,[],4,VANA,,,2026-09-17 14:30:06,https://nha.chotot.com/tin/178838887,2026-09-17T07:31:35.916085
1464,Bán căn Hưng Phát Silver Star - sát vách sunrise reverside - 4.6ty,4350000000,41.037735,106 m²,"Xã Phước Kiển, Huyện Nhà Bè, Tp Hồ Chí Minh",Huyện Nhà Bè,Tp Hồ Chí Minh,10.70387,106.71276,Căn hộ/Chung cư,1.0,3,,,Tây Nam,2.0,6.0,,[],9,Vân,,4.8,2026-09-03 11:16:19,https://nha.chotot.com/tin/177025273,2026-09-17T07:31:35.916268
1465,Cho thuê CC Garden gate 40m2 Offictel 1WC giá cực tốt chỉ 11tr/th ,11000000,0.31428573,35 m²,"Phường 9, Quận Phú Nhuận, Tp Hồ Chí Minh",Quận Phú Nhuận,Tp Hồ Chí Minh,10.80964,106.67425,Căn hộ/Chung cư,1.0,1,1,,,,,,[],3,Nguyễn Hoàng Toàn,,,2026-09-15 10:14:56,https://nha.chotot.com/tin/178787965,2026-09-17T07:31:35.916499
1466,KHAI TRƯƠNG ĐUPLEX 3🍠X ĐƯỜNG SỐ 1_NGUYỄN THỊ TÚ NHẬN XE ĐIỆN FULL NT,3700000,0.13214286,28 m²,"Phường Bình Hưng Hoà B, Quận Bình Tân, Tp Hồ Chí Minh",Quận Bình Tân,Tp Hồ Chí Minh,10.807803,106.59462,Căn hộ/Chung cư,3.0,1,1,,,2.0,4.0,1000000.0,[],11,Triệu an HiFriendz Tp ,,5.0,2026-09-17 14:29:46,https://nha.chotot.com/tin/178839353,2026-09-17T07:31:35.916694
1467,"Chung cư Tecco Green - Phan Văn Hớn căn 2p ngủ , full NT, giá 7,3tr/th",7300000,0.1,73 m²,"Phường Tân Thới Nhất, Quận 12, Tp Hồ Chí Minh",Quận 12,Tp Hồ Chí Minh,10.82954,106.61561,Căn hộ/Chung cư,1.0,2,2,,,2.0,6.0,,[],6,Phí Linh,,,2026-09-17 14:29:29,https://nha.chotot.com/tin/178839257,2026-09-17T07:31:35.916862
1468,💥CHDV - FUL NT - 2PN - BALCONY THOÁNG ⚡️ PHAN ĐĂNG LƯU - BÙI ĐÌNH TUÝ 💥,7800000,0.111428574,70 m²,"Phường 1, Quận Bình Thạnh, Tp Hồ Chí Minh",Quận Bình Thạnh,Tp Hồ Chí Minh,10.802451,106.697495,Căn hộ/Chung cư,2.0,2,,,,,,,[],12,Lương Thanh Trúc,,,2026-09-12 21:54:42,https://nha.chotot.com/tin/178437508,2026-09-17T07:31:35.917022
1469,"💥 HÀ ĐÔ CENTROSA – 2PN 2WC – NHÀ ĐẸP, FULL NỘI THẤT – Ở LIỀN CHỈ 22TR",22000000,0.25581396,86 m²,"Phường 12, Quận 10, Tp Hồ Chí Minh",Quận 10,Tp Hồ Chí Minh,10.7762,106.67889,Căn hộ/Chung cư,1.0,2,2,,,,,,[],12,Hoàng Dung,,4.5,2026-09-17 11:07:05,https://nha.chotot.com/tin/178834497,2026-09-17T07:31:35.917185
1470,"CĂN HỘ MINI CAO CẤP MỚI 100%, FULL NỘI THẤT NGAY ẺMART PHAN HUY ÍCH",5000000,0.2,25 m²,"Phường 12, Quận Gò Vấp, Tp Hồ Chí Minh",Quận Gò Vấp,Tp Hồ Chí Minh,10.837349,106.636284,Căn hộ/Chung cư,2.0,1,1,,,1.0,4.0,5000000.0,[],12,Alo Ngoc Hoang,,5.0,2026-09-17 14:28:24,https://nha.chotot.com/tin/178839301,2026-09-17T07:31:35.917376
1471,TÌM NỮ Ở GHÉP CĂN CHUNG CƯ 2PN,4500000,0.071428575,63 m²,"Phường Phú Thuận, Quận 7, Tp Hồ Chí Minh",Quận 7,Tp Hồ Chí Minh,10.722,106.7433,Căn hộ/Chung cư,1.0,2,2,,,2.0,4.0,4500000.0,[],7,Kim Thanh,,5.0,2026-09-17 14:28:16,https://nha.chotot.com/tin/178839296,2026-09-17T07:31:35.917573
1472,Khách Cần Tiền Ra Di Căn 2PN Hiyori Siêu Mới,5200000000,83.870964,62 m²,"Phường An Hải Đông, Quận Sơn Trà, Đà Nẵng",Quận Sơn Trà,Đà Nẵng,16.06191,108.23652,Căn hộ/Chung cư,1.0,2,2,,,1.0,2.0,,[],11,Hồng Công,,,2026-09-17 14:26:46,https://nha.chotot.com/tin/171220229,2026-09-17T07:31:35.917818
1473,⭐ RIVER PANORAMA CHO THUÊ 3PN2WC FULL NỘI THẤT VIEW ĐẸP CHỈ 19 TRIỆU,19000000,0.21111111,90 m²,"Phường Phú Mỹ, Quận 7, Tp Hồ Chí Minh",Quận 7,Tp Hồ Chí Minh,10.71422,106.73743,Căn hộ/Chung cư,1.0,3,2,,,2.0,6.0,,[],12,Huy,,5.0,2026-09-08 14:36:21,https://nha.chotot.com/tin/172861126,2026-09-17T07:31:35.917986
1474,"THẢO ĐIỀN, QUẬN 2 🏡 CHO THUÊ CHDV CAO CẤP💘 1PN BAN CÔNG FULL NỘI THẤT",11000000,0.22,50 m²,"Phường Thảo Điền (Quận 2 cũ), Thành phố Thủ Đức, Tp Hồ Chí Minh",Thành phố Thủ Đức,Tp Hồ Chí Minh,10.803914,106.72912,Căn hộ/Chung cư,2.0,1,1,,Đông Bắc,1.0,4.0,11000000.0,[],11,Phương An Chuyên Căn Hộ Quận 2,,5.0,2026-09-11 14:06:45,https://nha.chotot.com/tin/177928071,2026-09-17T07:31:35.918166
1475,CHDV FULL NỘI THẤT MỚI KENG GẦN MEGA MARKET Q12,3900000,0.156,25 m²,"Phường Tân Thới Hiệp, Quận 12, Tp Hồ Chí Minh",Quận 12,Tp Hồ Chí Minh,10.887289,106.64767,Căn hộ/Chung cư,2.0,1,1,4,,2.0,4.0,,[],10,Anh Tuấn Tìm Phòng,,5.0,2026-09-17 14:26:20,https://nha.chotot.com/tin/178839237,2026-09-17T07:31:35.918334
1476,CHO THUÊ CĂN HỘ DUPLEX 2  GIƯỜNG NGỦ FULL NỘI THẤT CÓ CỬA SỔ THOÁNG,6000000,0.13333334,45 m²,"Phường 8, Thành phố Đà Lạt, Lâm Đồng",Thành phố Đà Lạt,Lâm Đồng,11.977858,108.45107,Căn hộ/Chung cư,3.0,1,1,,,,,,[],9,Quang gohome,,,2026-09-17 14:26:16,https://nha.chotot.com/tin/178839207,2026-09-17T07:31:35.918810
1477,Khách Cần Tiền Bán Gấp Căn Ponte 1PN Stu View Biển Giá Cực Rẻ ,2700000000,103.84615,26 m²,"Phường An Hải Tây, Quận Sơn Trà, Đà Nẵng",Quận Sơn Trà,Đà Nẵng,16.059008,108.23034,Căn hộ/Chung cư,1.0,1,2,,Tây,4.0,6.0,,[],6,Hồng Công,,,2026-09-17 14:26:02,https://nha.chotot.com/tin/178096332,2026-09-17T07:31:35.919007
1478,Bán Căn Hộ 2PN Toà A - Masteri Rivera Đà Nẵng,5700000000,91.935486,62 m²,"Phường Hòa Cường Nam, Quận Hải Châu, Đà Nẵng",Quận Hải Châu,Đà Nẵng,16.033035,108.225494,Căn hộ/Chung cư,1.0,2,2,39,Tây,2.0,6.0,,[],6,Hồng Công,,,2026-09-17 14:25:24,https://nha.chotot.com/tin/169931282,2026-09-17T07:31:35.919180
1479,Căn hộ ban công Full nội thất ngay Trương Văn Bang thuận tiện qua sala,5800000,0.16571428,35 m²,"Phường Thạnh Mỹ Lợi (Quận 2 cũ), Thành phố Thủ Đức, Tp Hồ Chí Minh",Thành phố Thủ Đức,Tp Hồ Chí Minh,10.774195,106.75718,Căn hộ/Chung cư,2.0,1,1,,,2.0,4.0,6000000.0,[],11,Huỳnh Châu HiFriendz ,,5.0,2026-09-05 22:57:12,https://nha.chotot.com/tin/178592369,2026-09-17T07:31:35.919356
1480,"CHO THUÊ  CHUNG CƯ TẠI PHỐ TU HOÀNG, NHỔN - 58M2, 2 NGỦ, ĐỦ ĐỒ-  5TR",5000000,0.0862069,58 m²,"Phường Phương Canh, Quận Nam Từ Liêm, Hà Nội",Quận Nam Từ Liêm,Hà Nội,21.053297,105.73126,Căn hộ/Chung cư,1.0,2,1,,,2.0,,,[],3,NGÔ THÚY,,,2026-09-17 14:24:32,https://nha.chotot.com/tin/178839180,2026-09-17T07:31:35.919536
1481,Nhà 3 Rưỡi - Mặt Tiền Hải Châu Gần Đống Đa ( SỤP ),5500000000,110.0,50 m²,"Phường Thuận Phước, Quận Hải Châu, Đà Nẵng",Quận Hải Châu,Đà Nẵng,16.08619,108.21645,Nhà ở,,6,,5,,,,,[],7,hưng thịnh,,5.0,2026-09-02 10:54:17,https://nha.chotot.com/tin/178518870,2026-09-17T07:31:37.181190
1482,"[GIÁ RẺ] NHÀ NGUYÊN CĂN 1 TRỆT 1 LẦU GẦN EMART, CHỢ TÂN SƠN",8000000,0.14285715,56 m²,"Phường 12, Quận Gò Vấp, Tp Hồ Chí Minh",Quận Gò Vấp,Tp Hồ Chí Minh,10.832696,106.63855,Nhà ở,,2,2,1,,,,,[],8,THÀNH ĐẠT CHUYÊN CHO THUÊ PHÒNG TRỌ CHDV GIÁ TỐT,,,2026-09-17 14:30:48,https://nha.chotot.com/tin/178839377,2026-09-17T07:31:37.181615
1483,Giá Thuê : 9tr/1 tháng Cho Thuê Nhà Đường Bùi Quang Là P12 Q. gò Vấp -,9000000,0.140625,64 m²,"Phường 12, Quận Gò Vấp, Tp Hồ Chí Minh",Quận Gò Vấp,Tp Hồ Chí Minh,10.835113,106.6396,Nhà ở,,2,2,,Tây,,,1.0,[],6,Quang Huy,,5.0,2026-09-07 10:48:48,https://nha.chotot.com/tin/178617090,2026-09-17T07:31:37.181832
1484,"BÁN GẤP NHÀ KQH HOÀNG DIỆU PHƯỜNG CAM LY ĐÀ LẠT CHỈ 5,4 TỶ",5400000000,120.0,45 m²,"Phường 5, Thành phố Đà Lạt, Lâm Đồng",Thành phố Đà Lạt,Lâm Đồng,11.942885,108.427925,Nhà ở,,3,2,3,Tây Bắc,3.0,,,[],4,Tô Hoàng Phương Trinh,,,2026-09-15 15:32:14,https://nha.chotot.com/tin/178796817,2026-09-17T07:31:37.182017
1485,Nhà mới DT:4x9m 2 Tầng 2pn 2wc hẻm 1942 Huỳnh Tấn Phát,1960000000,61.25,32 m²,"Thị trấn Nhà Bè, Huyện Nhà Bè, Tp Hồ Chí Minh",Huyện Nhà Bè,Tp Hồ Chí Minh,10.698072,106.738914,Nhà ở,,2,,2,,,,,[],11,Nam Phú Gia,,,2026-09-06 06:52:42,https://nha.chotot.com/tin/178593726,2026-09-17T07:31:37.182266
1486,Nhà Lầu 4 Tầng Hẻm Oto Xây Mới 100% Âu Dương Lân P2 Q8,8600000000,204.7619,42 m²,"Phường 2, Quận 8, Tp Hồ Chí Minh",Quận 8,Tp Hồ Chí Minh,10.742134,106.685104,Nhà ở,,4,3,4,,2.0,1.0,,[],8,Phạm Quốc Thắng,,,2026-09-17 14:29:58,https://nha.chotot.com/tin/178839361,2026-09-17T07:31:37.182458
1487,"Cho Thuê Biệt Thự Nam Thông PMH Q7 - 450m2, 5PN, Đường 20m",70000000,0.15555556,450 m²,"Phường Tân Phong, Quận 7, Tp Hồ Chí Minh",Quận 7,Tp Hồ Chí Minh,10.73019,106.70033,Nhà ở,,5,4,5,,,,,[],12,Thuỷ Trần,,,2026-08-31 09:55:18,https://nha.chotot.com/tin/178484863,2026-09-17T07:31:37.182646
1488,Cần cho thuê nhà góc 2 Mặt Tiền 84A Phổ Quang P.2 Q.Tân Bình,30000000,0.3030303,99 m²,"Phường 2, Quận Tân Bình, Tp Hồ Chí Minh",Quận Tân Bình,Tp Hồ Chí Minh,10.806851,106.668365,Nhà ở,,5,5,4,,,1.0,60000000.0,[],6,Anh Thanh,,,2026-09-17 14:29:37,https://nha.chotot.com/tin/178839329,2026-09-17T07:31:37.182816
1489,Bán nhà lầu đúc kiên cố hẻm xe hơi rộng đường Dương Bá Trạc P1 Q8 ,11800000000,245.83333,48 m²,"Phường 1, Quận 8, Tp Hồ Chí Minh",Quận 8,Tp Hồ Chí Minh,10.74418,106.69049,Nhà ở,,4,4,4,Nam,2.0,1.0,,[],3,Nguyễn Thìn ,,4.4,2026-09-17 14:29:34,https://nha.chotot.com/tin/178839333,2026-09-17T07:31:37.182976
1490,"Bán nhà riêng 4mx18,3m",12300000000,169.65517,72.5 m²,"Phường Tân Sơn Nhì, Quận Tân Phú, Tp Hồ Chí Minh",Quận Tân Phú,Tp Hồ Chí Minh,10.796407,106.63215,Nhà ở,,1,,,,,,,[],3,Nguyễn Võ Châu Phát,,,2026-09-16 14:28:21,https://nha.chotot.com/tin/178817793,2026-09-17T07:31:37.183156
1491,cho thuê,25000000,0.41666666,60 m²,"Phường 8, Quận 5, Tp Hồ Chí Minh",Quận 5,Tp Hồ Chí Minh,10.756033,106.671135,Nhà ở,,4,5,3,Đông,3.0,1.0,50000000.0,[],3,Phạm Ánh Lan,,5.0,2026-09-17 12:38:51,https://nha.chotot.com/tin/178836750,2026-09-17T07:31:37.183327
1492,cho thuê nhà 2 tầng đường phan thanh sát đại học duy tân,11000000,0.22,50 m²,"Phường Thạc Gián, Quận Thanh Khê, Đà Nẵng",Quận Thanh Khê,Đà Nẵng,16.063013,108.208755,Nhà ở,,3,3,2,,1.0,,,[],10,Đại tuấn,,,2026-09-17 14:29:11,https://nha.chotot.com/tin/178839312,2026-09-17T07:31:37.183484
1493,Nhà riêng ngõ 31 phố mai động gần đền lừ dt40m2x4t giá 10tr,10000000,0.25,40 m²,"Phường Mai Động, Quận Hoàng Mai, Hà Nội",Quận Hoàng Mai,Hà Nội,20.988625,105.86115,Nhà ở,,4,3,4,Đông,2.0,1.0,10000000.0,[],6,phạm minh chính,,,2026-09-10 10:59:00,https://nha.chotot.com/tin/178378145,2026-09-17T07:31:37.183667
1494,bán nhà mặt tiền kinh doanh đường Trương Vĩnh Nguyên,5600000000,19.928825,281 m²,"Phường Phú Thứ, Quận Cái Răng, Cần Thơ",Quận Cái Răng,Cần Thơ,9.982768,105.78676,Nhà ở,,1,2,1,Đông Bắc,3.0,1.0,,[],5,Nguyen Tien Tai,,,2026-09-16 14:28:22,https://nha.chotot.com/tin/178149394,2026-09-17T07:31:37.183833
1495,"Bán biệt thự 2 lầu áp mái P. Thạnh Mỹ Tây, TP.HCM giá 43 tỷ",43000000000,511.90475,84 m²,"Phường 12, Quận 3, Tp Hồ Chí Minh",Quận 3,Tp Hồ Chí Minh,10.789393,106.675064,Nhà ở,,1,,,,,,,[],3,vũ thành,,,2026-09-17 14:28:31,https://nha.chotot.com/tin/178839248,2026-09-17T07:31:37.184120
1496,"Bán gấp nhà 1 lầu, sân thượng, 76m2, hẻm 5m vị trí hẻm 477/ Mã Lò",6950000000,91.447365,76 m²,"Phường Bình Hưng Hoà A, Quận Bình Tân, Tp Hồ Chí Minh",Quận Bình Tân,Tp Hồ Chí Minh,10.7823,106.59924,Nhà ở,,2,,2,,,,,[],3, Vương Nguyễn,,5.0,2026-09-17 14:28:31,https://nha.chotot.com/tin/178839292,2026-09-17T07:31:37.184441
1497,"Bán nhà mới khu đường bàn cờ thông 6m Đường Số 28, 4,5x15m, lửng,3 lầu",9500000000,158.33333,60 m²,"Phường 6, Quận Gò Vấp, Tp Hồ Chí Minh",Quận Gò Vấp,Tp Hồ Chí Minh,10.838439,106.6817,Nhà ở,,4,5,4,,,1.0,,[],8,TRUONG TAM,,,2026-09-17 14:28:04,https://nha.chotot.com/tin/175260106,2026-09-17T07:31:37.184636
1498,Gần Trường Lý Tự Trọng GV - Hẻm Ôtô - Nhà mới xây 4 Tầng 4PN - KQH KLG,6680000000,151.81818,44 m²,"Phường 15, Quận Gò Vấp, Tp Hồ Chí Minh",Quận Gò Vấp,Tp Hồ Chí Minh,10.847257,106.669334,Nhà ở,,4,4,4,,,1.0,,[],12,Lý Ngọc Thanh,,,2026-09-13 13:07:56,https://nha.chotot.com/tin/178748929,2026-09-17T07:31:37.184807
1499,"NHÀ MỚI ĐẸP, HẺM TẢI 1T2L 4PN NGAY PHẠM VĂN ĐỒNG",14000000,0.23333333,60 m²,"Phường Linh Tây (Quận Thủ Đức cũ), Thành phố Thủ Đức, Tp Hồ Chí Minh",Thành phố Thủ Đức,Tp Hồ Chí Minh,10.852818,106.75241,Nhà ở,,4,3,,,,,28000000.0,[],9,NHẤT NHÀ ĐẤT,,5.0,2026-09-11 11:23:04,https://nha.chotot.com/tin/178707503,2026-09-17T07:31:37.184966
1500,🏠 CHO THUÊ NHÀ NGUYÊN CĂN LÀM VĂN PHÒNG – THỦ ĐỨC,18000000,0.12,150 m²,"Phường Trường Thọ (Quận Thủ Đức cũ), Thành phố Thủ Đức, Tp Hồ Chí Minh",Thành phố Thủ Đức,Tp Hồ Chí Minh,10.831532,106.757996,Nhà ở,,4,,,,,,,[],3,Đăng Quang Rental,,,2026-09-17 14:27:44,https://nha.chotot.com/tin/178478419,2026-09-17T07:31:37.185127
1501,"HIẾM!!!! - Hẻm Sư Vạn Hạnh, P12, Q.10 - 5x20m, 4 Tầng, 400m2",38000000,0.38,100 m²,"Phường 12, Quận 10, Tp Hồ Chí Minh",Quận 10,Tp Hồ Chí Minh,10.775027,106.667755,Đất,,,,4,,,,,[],9,Ngô Thanh Hùng,,,2026-09-17 14:30:13,https://nha.chotot.com/tin/178839362,2026-09-17T07:31:38.222668
1502,CHO THUÊ HẺM NGUYỄN VĂN TRỖI TÂN BÌNH | 12x15m siêu rộng,58000000,0.58,100 m²,"Phường 10, Quận Tân Bình, Tp Hồ Chí Minh",Quận Tân Bình,Tp Hồ Chí Minh,10.798557,106.67042,Đất,,,,,,,,116000000.0,[],8,Dung tr,,,2026-09-17 14:29:35,https://nha.chotot.com/tin/178839347,2026-09-17T07:31:38.222986
1503,"Cho thuê nhà phố 5 tầng có thang máy, rèm đường D9",45000000,0.53571427,84 m²,"Phường Long Bình (Quận 9 cũ), Thành phố Thủ Đức, Tp Hồ Chí Minh",Thành phố Thủ Đức,Tp Hồ Chí Minh,10.84805,106.83874,Đất,,,,5,,3.0,1.0,,[],4,DUY HOMES,,,2026-09-09 09:41:13,https://nha.chotot.com/tin/178661906,2026-09-17T07:31:38.223190
1504,"Cho thuê vp phố nguyên hồng,đống đa,dt 68m2,giá 13tr/tháng",13000000,0.19117647,68 m²,"Phường Láng Hạ, Quận Đống Đa, Hà Nội",Quận Đống Đa,Hà Nội,21.015743,105.80971,Đất,,,,8,,1.0,1.0,,[],5,Đào Thành Lân,,,2026-09-17 14:27:34,https://nha.chotot.com/tin/178839277,2026-09-17T07:31:38.223378
1505,🔥 CHO THUÊ BIỆT THỰ SÂN VƯỜN NGUYỄN VĂN TRỖI – NGANG 12M – GIÁ 59TR/TH,59000000,0.118,500 m²,"Phường 10, Quận Phú Nhuận, Tp Hồ Chí Minh",Quận Phú Nhuận,Tp Hồ Chí Minh,10.798557,106.67042,Đất,,,,,,,,150000000.0,[],7,Kiều Hằng,,,2026-09-17 14:27:01,https://nha.chotot.com/tin/178839254,2026-09-17T07:31:38.223592
1506,Cho thuê kho 1200m QL1A Tam Bình chỉ 75k,90000000,0.075,1200 m²,"Phường Tam Bình (Quận Thủ Đức cũ), Thành phố Thủ Đức, Tp Hồ Chí Minh",Thành phố Thủ Đức,Tp Hồ Chí Minh,10.871881,106.739655,Đất,,,,,,,,3.0,[],3,Anhthe,,4.0,2026-09-14 18:07:53,https://nha.chotot.com/tin/178775394,2026-09-17T07:31:38.223783
1507,BIỆT THỰ SÂN VƯỜN KHU TỔ HỢP F&B VÀ ĐA NGÀNH NGHỀ TRUNG TÂM QUẬN 3 ,115000000,0.34848484,330 m²,"Phường Võ Thị Sáu, Quận 3, Tp Hồ Chí Minh",Quận 3,Tp Hồ Chí Minh,10.788824,106.690765,Đất,,,,,,,,,[],9,Yến Ngọc,,,2026-09-17 14:25:23,https://nha.chotot.com/tin/178839200,2026-09-17T07:31:38.224128
1508,🍑Đoạn Đẹp NGUYỄN GIA TRÍ - 4x25m (Trệt 2 Lầu)🍑,65000000,0.21666667,300 m²,"Phường 25, Quận Bình Thạnh, Tp Hồ Chí Minh",Quận Bình Thạnh,Tp Hồ Chí Minh,10.810227,106.71722,Đất,,,,,,,,,[],6,Nhà Phố Cho Thuê,,,2026-09-17 14:24:57,https://nha.chotot.com/tin/175622468,2026-09-17T07:31:38.224310
1509,"🌟10x15m - TRẦN QUỐC TOẢN, Quận 3🌟 Trệt 2 Lầu",60000000,0.13333334,450 m²,"Phường Võ Thị Sáu, Quận 3, Tp Hồ Chí Minh",Quận 3,Tp Hồ Chí Minh,10.78659,106.68779,Đất,,,,,,,,,[],4,Nhà Phố Cho Thuê,,,2026-09-17 14:24:26,https://nha.chotot.com/tin/175903201,2026-09-17T07:31:38.224567
1510,cho thuê 100m văn phòng giá 30 tr,30000000,0.3,100 m²,"Phường An Khánh (Quận 2 cũ), Thành phố Thủ Đức, Tp Hồ Chí Minh",Thành phố Thủ Đức,Tp Hồ Chí Minh,10.79159,106.73052,Đất,,,,,,,,60000000.0,[],3,Nguyễn Văn Hậu,,,2026-09-05 13:44:09,https://nha.chotot.com/tin/178581677,2026-09-17T07:31:38.224806
1511,CHO THUÊ TÒA NHÀ VĂN PHÒNG NGUYỄN VĂN TRỖI NGAY NGÃ TƯ PHÚ NHUẬN,130000000,0.096296296,1350 m²,"Phường 10, Quận Phú Nhuận, Tp Hồ Chí Minh",Quận Phú Nhuận,Tp Hồ Chí Minh,10.798557,106.67042,Đất,,,,,,,,,[],3,Anh Đào,,,2026-09-12 11:08:02,https://nha.chotot.com/tin/178727010,2026-09-17T07:31:38.224979
1512,Mặt bằng đẹp Hồ Văn Huê 30m2,7490000,0.24966666,30 m²,"Phường 9, Quận Phú Nhuận, Tp Hồ Chí Minh",Quận Phú Nhuận,Tp Hồ Chí Minh,10.80251,106.67629,Đất,,,,,,,,7490000.0,[],7,NGUYỄN THỊ ANH THƯ,,,2026-09-06 15:25:13,https://nha.chotot.com/tin/178603931,2026-09-17T07:31:38.225153
1513,"🇻🇳SHOPHOUSE 3 TẦNG MẶT TIỀN MÊ LINH | GẦN ORI, KCN HÒA KHÁNH",14000000,0.11666667,120 m²,"Phường Hòa Hiệp Nam, Quận Liên Chiểu, Đà Nẵng",Quận Liên Chiểu,Đà Nẵng,16.09171,108.12595,Đất,,04,,3,,,,,[],10,Ngô Văn Cảnh,,4.4,2026-09-17 14:22:04,https://nha.chotot.com/tin/178839109,2026-09-17T07:31:38.225332
1514,🔥 HẺM XE HƠI  HUỲNH VĂN BÁNH – PHÚ NHUẬN | 4PN – 4WC | CHỈ 2x,23000000,0.23,100 m²,"Phường 10, Quận Phú Nhuận, Tp Hồ Chí Minh",Quận Phú Nhuận,Tp Hồ Chí Minh,10.791831,106.671616,Đất,,4,,,,,,46000000.0,[],6,Dung tr,,,2026-09-17 14:21:51,https://nha.chotot.com/tin/178839122,2026-09-17T07:31:38.225496
1515,"Măt tiền Nguyễn Cư Trinh, Quận 1 (Ngang 17m)",90000000,0.45,200 m²,"Phường Nguyễn Cư Trinh, Quận 1, Tp Hồ Chí Minh",Quận 1,Tp Hồ Chí Minh,10.763458,106.68884,Đất,,,,,,,,,[],5,Nhà Phố Cho Thuê,,,2026-09-17 14:21:14,https://nha.chotot.com/tin/178280784,2026-09-17T07:31:38.225692
1516,"🔥GÓC 2MT - NGUYỄN TRÃI, Bến Thành, Q1🔥400m2 sử dụng",150000000,0.375,400 m²,"Phường Bến Thành, Quận 1, Tp Hồ Chí Minh",Quận 1,Tp Hồ Chí Minh,10.771166,106.68731,Đất,,,,,,,,,[],4,Nhà Phố Cho Thuê,,,2026-09-17 14:20:35,https://nha.chotot.com/tin/175556911,2026-09-17T07:31:38.225936
1517,CHO THUÊ TÒA NHÀ 2 MẶT TIỀN VÕ VĂN NGÂN DT 12M X 36M TP THỦ ĐỨC,100000000,0.07692308,1300 m²,"Phường Bình Thọ (Quận Thủ Đức cũ), Thành phố Thủ Đức, Tp Hồ Chí Minh",Thành phố Thủ Đức,Tp Hồ Chí Minh,10.850573,106.76223,Đất,,,,,,,1.0,,[],3,Oanh Home,,,2026-09-17 14:20:21,https://nha.chotot.com/tin/178262159,2026-09-17T07:31:38.226166
1518,"🔥 CHO THUÊ TẦNG 7 160m2 – 104A XUÂN THUỶ, THẢO ĐIỀN, Q2 🔥",50000000,0.3125,160 m²,"Phường Thảo Điền (Quận 2 cũ), Thành phố Thủ Đức, Tp Hồ Chí Minh",Thành phố Thủ Đức,Tp Hồ Chí Minh,10.803889,106.73543,Đất,,,,,,,,150000000.0,[],8,Kiều Hằng,,,2026-09-17 14:18:58,https://nha.chotot.com/tin/178839027,2026-09-17T07:31:38.226417
1519,Cho thuê  Shophouse Panorama Phú Mỹ Hưng 2 tầng 50tr/th,50000000,0.35460994,141 m²,"Phường Tân Phong, Quận 7, Tp Hồ Chí Minh",Quận 7,Tp Hồ Chí Minh,10.72168,106.71284,Đất,,,,2,Tây Nam,,1.0,,[],7,Dân,,,2026-09-17 14:18:55,https://nha.chotot.com/tin/177011854,2026-09-17T07:31:38.226629
1520,Kho trống VIEW SÔNG 235/50A Đặng Thùy Trâm. DT 8X20M.,20000000,0.125,160 m²,"Phường 13, Quận Bình Thạnh, Tp Hồ Chí Minh",Quận Bình Thạnh,Tp Hồ Chí Minh,10.824377,106.70332,Đất,,,,,,2.0,1.0,,[],3,Anh Dũng,,4.0,2026-09-17 14:17:42,https://nha.chotot.com/tin/167862234,2026-09-17T07:31:38.226828
1521,"Cho thuê giá tốt 3PN view sông, nội thất xịn, Vinhomes Central Park",35000000,0.3043478,115 m²,"Phường 22, Quận Bình Thạnh, Tp Hồ Chí Minh",Quận Bình Thạnh,Tp Hồ Chí Minh,10.79387,106.72032,Căn hộ/Chung cư,1.0,3,2,,,1.0,6.0,,[],12,Huyền Nguyễn,,,2026-09-02 15:25:06,https://nha.chotot.com/tin/178523171,2026-09-17T07:31:39.753961
1522,Giá Thuê : 9tr/1 tháng Cho Thuê Nhà Đường Bùi Quang Là P12 Q. gò Vấp -,9000000,0.140625,64 m²,"Phường 12, Quận Gò Vấp, Tp Hồ Chí Minh",Quận Gò Vấp,Tp Hồ Chí Minh,10.835113,106.6396,Nhà ở,,2,2,,Tây,,,1.0,[],6,Quang Huy,,5.0,2026-09-07 10:48:48,https://nha.chotot.com/tin/178617090,2026-09-17T07:31:39.754246
1523,"BÁN GẤP NHÀ KQH HOÀNG DIỆU PHƯỜNG CAM LY ĐÀ LẠT CHỈ 5,4 TỶ",5400000000,120.0,45 m²,"Phường 5, Thành phố Đà Lạt, Lâm Đồng",Thành phố Đà Lạt,Lâm Đồng,11.942885,108.427925,Nhà ở,,3,2,3,Tây Bắc,3.0,,,[],4,Tô Hoàng Phương Trinh,,,2026-09-15 15:32:14,https://nha.chotot.com/tin/178796817,2026-09-17T07:31:39.754437
1524,KHAI TRƯƠNG PHÒNG TRỌ SINH VIÊN GIÁ RẺ NGAY ĐH CÔNG THƯƠNG TÂN PHÚ,3500000,0.14,25 m²,"Phường Tân Sơn Nhì, Quận Tân Phú, Tp Hồ Chí Minh",Quận Tân Phú,Tp Hồ Chí Minh,10.801903,106.625885,Phòng trọ,,,,,,,,3500000.0,[],5,Kiều Oanh NeWay Home ,,5.0,2026-09-17 14:30:15,https://nha.chotot.com/tin/178453357,2026-09-17T07:31:39.754630
1525,"HIẾM!!!! - Hẻm Sư Vạn Hạnh, P12, Q.10 - 5x20m, 4 Tầng, 400m2",38000000,0.38,100 m²,"Phường 12, Quận 10, Tp Hồ Chí Minh",Quận 10,Tp Hồ Chí Minh,10.775027,106.667755,Đất,,,,4,,,,,[],9,Ngô Thanh Hùng,,,2026-09-17 14:30:13,https://nha.chotot.com/tin/178839362,2026-09-17T07:31:39.754843
1526,Bán Đất Lô Góc Võ Văn Vân giá cực tốt,4190000000,37.410713,112 m²,"Xã Vĩnh Lộc B, Huyện Bình Chánh, Tp Hồ Chí Minh",Huyện Bình Chánh,Tp Hồ Chí Minh,10.773623,106.57547,Văn phòng/Mặt bằng,,,,,,,1.0,,[],6,Thanh Hưng,,3.4,2026-09-09 18:08:26,https://nha.chotot.com/tin/178674907,2026-09-17T07:31:39.755079
1527,"BCONS ARIA TRẢ TRƯỚC CHỈ 5% CHIẾT KHẤU 8,5% HỖ TRỢ LS 6,9% TRONG 4 NĂM",2600000000,49.056602,53 m²,"Phường Đông Hòa, Thành phố Dĩ An, Bình Dương",Thành phố Dĩ An,Bình Dương,10.89115,106.8022,Căn hộ/Chung cư,1.0,2,2,37,Tây,3.0,4.0,,[],12,Huy Hoàng Bcons ,,,2026-08-25 09:52:10,https://nha.chotot.com/tin/178364490,2026-09-17T07:31:39.755275
1528,"CHO THUÊ CĂN HỘ MỚI 2 PHÒNG NGỦ, DIỆN TÍCH 60M² ",13500000,0.20769231,65 m²,"Phường Khuê Mỹ, Quận Ngũ Hành Sơn, Đà Nẵng",Quận Ngũ Hành Sơn,Đà Nẵng,16.023426,108.2459,Căn hộ/Chung cư,2.0,2,,,,2.0,,,[],4,VANA,,,2026-09-17 14:30:06,https://nha.chotot.com/tin/178838887,2026-09-17T07:31:39.755450
1529,Bán căn Hưng Phát Silver Star - sát vách sunrise reverside - 4.6ty,4350000000,41.037735,106 m²,"Xã Phước Kiển, Huyện Nhà Bè, Tp Hồ Chí Minh",Huyện Nhà Bè,Tp Hồ Chí Minh,10.70387,106.71276,Căn hộ/Chung cư,1.0,3,,,Tây Nam,2.0,6.0,,[],9,Vân,,4.8,2026-09-03 11:16:19,https://nha.chotot.com/tin/177025273,2026-09-17T07:31:39.755658
1530,Nhà mới DT:4x9m 2 Tầng 2pn 2wc hẻm 1942 Huỳnh Tấn Phát,1960000000,61.25,32 m²,"Thị trấn Nhà Bè, Huyện Nhà Bè, Tp Hồ Chí Minh",Huyện Nhà Bè,Tp Hồ Chí Minh,10.698072,106.738914,Nhà ở,,2,,2,,,,,[],11,Nam Phú Gia,,,2026-09-06 06:52:42,https://nha.chotot.com/tin/178593726,2026-09-17T07:31:39.755857
1531,Cho thuê CC Garden gate 40m2 Offictel 1WC giá cực tốt chỉ 11tr/th ,11000000,0.31428573,35 m²,"Phường 9, Quận Phú Nhuận, Tp Hồ Chí Minh",Quận Phú Nhuận,Tp Hồ Chí Minh,10.80964,106.67425,Căn hộ/Chung cư,1.0,1,1,,,,,,[],3,Nguyễn Hoàng Toàn,,,2026-09-15 10:14:56,https://nha.chotot.com/tin/178787965,2026-09-17T07:31:39.756018
1532,🏡Khai Trương Ký túc xá ngay ngã tư Hàng xanh đầy đủ tiện nghi 🎉KTX,1700000,0.04857143,35 m²,"Phường 25, Quận Bình Thạnh, Tp Hồ Chí Minh",Quận Bình Thạnh,Tp Hồ Chí Minh,10.802271,106.71938,Phòng trọ,,,,,,,,1700000.0,[],4,LQ Vinhomes,,,2026-08-24 10:56:00,https://nha.chotot.com/tin/163698886,2026-09-17T07:31:39.756194
1533,Nhà Lầu 4 Tầng Hẻm Oto Xây Mới 100% Âu Dương Lân P2 Q8,8600000000,204.7619,42 m²,"Phường 2, Quận 8, Tp Hồ Chí Minh",Quận 8,Tp Hồ Chí Minh,10.742134,106.685104,Nhà ở,,4,3,4,,2.0,1.0,,[],8,Phạm Quốc Thắng,,,2026-09-17 14:29:58,https://nha.chotot.com/tin/178839361,2026-09-17T07:31:39.756360
1534,Lô đất 2500m thổ cư mặt tiền Hồ khu Biệt thự nghỉ dưỡng,4000000000,1.6891892,2368 m²,"Xã Đinh Lạc, Huyện Di Linh, Lâm Đồng",Huyện Di Linh,Lâm Đồng,11.63063,108.13101,Văn phòng/Mặt bằng,,,,,,,1.0,,[],4,Nguyễn Anh Sang,,4.1,2026-09-17 14:29:58,https://nha.chotot.com/tin/178141305,2026-09-17T07:31:39.756526
1535,"Cho Thuê Biệt Thự Nam Thông PMH Q7 - 450m2, 5PN, Đường 20m",70000000,0.15555556,450 m²,"Phường Tân Phong, Quận 7, Tp Hồ Chí Minh",Quận 7,Tp Hồ Chí Minh,10.73019,106.70033,Nhà ở,,5,4,5,,,,,[],12,Thuỷ Trần,,,2026-08-31 09:55:18,https://nha.chotot.com/tin/178484863,2026-09-17T07:31:39.756708
1536,"MẶT TIỀN ĐƯỜNG SỐ 6 – LÒ LU, TRƯỜNG THẠNH, TP. THỦ ĐỨC",4680000000,53.793102,87 m²,"Phường Trường Thạnh (Quận 9 cũ), Thành phố Thủ Đức, Tp Hồ Chí Minh",Thành phố Thủ Đức,Tp Hồ Chí Minh,10.801835,106.81432,Văn phòng/Mặt bằng,,,,,,,,,[],5,Duy Hoàng Land,,5.0,2026-09-17 14:29:46,https://nha.chotot.com/tin/178839348,2026-09-17T07:31:39.756861
1537,KHAI TRƯƠNG ĐUPLEX 3🍠X ĐƯỜNG SỐ 1_NGUYỄN THỊ TÚ NHẬN XE ĐIỆN FULL NT,3700000,0.13214286,28 m²,"Phường Bình Hưng Hoà B, Quận Bình Tân, Tp Hồ Chí Minh",Quận Bình Tân,Tp Hồ Chí Minh,10.807803,106.59462,Căn hộ/Chung cư,3.0,1,1,,,2.0,4.0,1000000.0,[],11,Triệu an HiFriendz Tp ,,5.0,2026-09-17 14:29:46,https://nha.chotot.com/tin/178839353,2026-09-17T07:31:39.757029
1538,Cần cho thuê nhà góc 2 Mặt Tiền 84A Phổ Quang P.2 Q.Tân Bình,30000000,0.3030303,99 m²,"Phường 2, Quận Tân Bình, Tp Hồ Chí Minh",Quận Tân Bình,Tp Hồ Chí Minh,10.806851,106.668365,Nhà ở,,5,5,4,,,1.0,60000000.0,[],6,Anh Thanh,,,2026-09-17 14:29:37,https://nha.chotot.com/tin/178839329,2026-09-17T07:31:39.757273
1539,CHO THUÊ HẺM NGUYỄN VĂN TRỖI TÂN BÌNH | 12x15m siêu rộng,58000000,0.58,100 m²,"Phường 10, Quận Tân Bình, Tp Hồ Chí Minh",Quận Tân Bình,Tp Hồ Chí Minh,10.798557,106.67042,Đất,,,,,,,,116000000.0,[],8,Dung tr,,,2026-09-17 14:29:35,https://nha.chotot.com/tin/178839347,2026-09-17T07:31:39.757435
1540,Bán nhà lầu đúc kiên cố hẻm xe hơi rộng đường Dương Bá Trạc P1 Q8 ,11800000000,245.83333,48 m²,"Phường 1, Quận 8, Tp Hồ Chí Minh",Quận 8,Tp Hồ Chí Minh,10.74418,106.69049,Nhà ở,,4,4,4,Nam,2.0,1.0,,[],3,Nguyễn Thìn ,,4.4,2026-09-17 14:29:34,https://nha.chotot.com/tin/178839333,2026-09-17T07:31:39.757633
1541,"Cho thuê giá tốt 3PN view sông, nội thất xịn, Vinhomes Central Park",35000000,0.3043478,115 m²,"Phường 22, Quận Bình Thạnh, Tp Hồ Chí Minh",Quận Bình Thạnh,Tp Hồ Chí Minh,10.79387,106.72032,Căn hộ/Chung cư,1.0,3,2,,,1.0,6.0,,[],12,Huyền Nguyễn,,,2026-09-02 15:25:06,https://nha.chotot.com/tin/178523171,2026-09-17T07:31:40.805652
1542,"BCONS ARIA TRẢ TRƯỚC CHỈ 5% CHIẾT KHẤU 8,5% HỖ TRỢ LS 6,9% TRONG 4 NĂM",2600000000,49.056602,53 m²,"Phường Đông Hòa, Thành phố Dĩ An, Bình Dương",Thành phố Dĩ An,Bình Dương,10.89115,106.8022,Căn hộ/Chung cư,1.0,2,2,37,Tây,3.0,4.0,,[],12,Huy Hoàng Bcons ,,,2026-08-25 09:52:10,https://nha.chotot.com/tin/178364490,2026-09-17T07:31:40.805954
1543,"CHO THUÊ CĂN HỘ MỚI 2 PHÒNG NGỦ, DIỆN TÍCH 60M² ",13500000,0.20769231,65 m²,"Phường Khuê Mỹ, Quận Ngũ Hành Sơn, Đà Nẵng",Quận Ngũ Hành Sơn,Đà Nẵng,16.023426,108.2459,Căn hộ/Chung cư,2.0,2,,,,2.0,,,[],4,VANA,,,2026-09-17 14:30:06,https://nha.chotot.com/tin/178838887,2026-09-17T07:31:40.806158
1544,Bán căn Hưng Phát Silver Star - sát vách sunrise reverside - 4.6ty,4350000000,41.037735,106 m²,"Xã Phước Kiển, Huyện Nhà Bè, Tp Hồ Chí Minh",Huyện Nhà Bè,Tp Hồ Chí Minh,10.70387,106.71276,Căn hộ/Chung cư,1.0,3,,,Tây Nam,2.0,6.0,,[],9,Vân,,4.8,2026-09-03 11:16:19,https://nha.chotot.com/tin/177025273,2026-09-17T07:31:40.806354
1545,Cho thuê CC Garden gate 40m2 Offictel 1WC giá cực tốt chỉ 11tr/th ,11000000,0.31428573,35 m²,"Phường 9, Quận Phú Nhuận, Tp Hồ Chí Minh",Quận Phú Nhuận,Tp Hồ Chí Minh,10.80964,106.67425,Căn hộ/Chung cư,1.0,1,1,,,,,,[],3,Nguyễn Hoàng Toàn,,,2026-09-15 10:14:56,https://nha.chotot.com/tin/178787965,2026-09-17T07:31:40.806634
1546,KHAI TRƯƠNG ĐUPLEX 3🍠X ĐƯỜNG SỐ 1_NGUYỄN THỊ TÚ NHẬN XE ĐIỆN FULL NT,3700000,0.13214286,28 m²,"Phường Bình Hưng Hoà B, Quận Bình Tân, Tp Hồ Chí Minh",Quận Bình Tân,Tp Hồ Chí Minh,10.807803,106.59462,Căn hộ/Chung cư,3.0,1,1,,,2.0,4.0,1000000.0,[],11,Triệu an HiFriendz Tp ,,5.0,2026-09-17 14:29:46,https://nha.chotot.com/tin/178839353,2026-09-17T07:31:40.806837
1547,"Chung cư Tecco Green - Phan Văn Hớn căn 2p ngủ , full NT, giá 7,3tr/th",7300000,0.1,73 m²,"Phường Tân Thới Nhất, Quận 12, Tp Hồ Chí Minh",Quận 12,Tp Hồ Chí Minh,10.82954,106.61561,Căn hộ/Chung cư,1.0,2,2,,,2.0,6.0,,[],6,Phí Linh,,,2026-09-17 14:29:29,https://nha.chotot.com/tin/178839257,2026-09-17T07:31:40.807018
1548,💥CHDV - FUL NT - 2PN - BALCONY THOÁNG ⚡️ PHAN ĐĂNG LƯU - BÙI ĐÌNH TUÝ 💥,7800000,0.111428574,70 m²,"Phường 1, Quận Bình Thạnh, Tp Hồ Chí Minh",Quận Bình Thạnh,Tp Hồ Chí Minh,10.802451,106.697495,Căn hộ/Chung cư,2.0,2,,,,,,,[],12,Lương Thanh Trúc,,,2026-09-12 21:54:42,https://nha.chotot.com/tin/178437508,2026-09-17T07:31:40.807188
1549,"💥 HÀ ĐÔ CENTROSA – 2PN 2WC – NHÀ ĐẸP, FULL NỘI THẤT – Ở LIỀN CHỈ 22TR",22000000,0.25581396,86 m²,"Phường 12, Quận 10, Tp Hồ Chí Minh",Quận 10,Tp Hồ Chí Minh,10.7762,106.67889,Căn hộ/Chung cư,1.0,2,2,,,,,,[],12,Hoàng Dung,,4.5,2026-09-17 11:07:05,https://nha.chotot.com/tin/178834497,2026-09-17T07:31:40.807357
1550,"CĂN HỘ MINI CAO CẤP MỚI 100%, FULL NỘI THẤT NGAY ẺMART PHAN HUY ÍCH",5000000,0.2,25 m²,"Phường 12, Quận Gò Vấp, Tp Hồ Chí Minh",Quận Gò Vấp,Tp Hồ Chí Minh,10.837349,106.636284,Căn hộ/Chung cư,2.0,1,1,,,1.0,4.0,5000000.0,[],12,Alo Ngoc Hoang,,5.0,2026-09-17 14:28:24,https://nha.chotot.com/tin/178839301,2026-09-17T07:31:40.807563
1551,TÌM NỮ Ở GHÉP CĂN CHUNG CƯ 2PN,4500000,0.071428575,63 m²,"Phường Phú Thuận, Quận 7, Tp Hồ Chí Minh",Quận 7,Tp Hồ Chí Minh,10.722,106.7433,Căn hộ/Chung cư,1.0,2,2,,,2.0,4.0,4500000.0,[],7,Kim Thanh,,5.0,2026-09-17 14:28:16,https://nha.chotot.com/tin/178839296,2026-09-17T07:31:40.807764
1552,Khách Cần Tiền Ra Di Căn 2PN Hiyori Siêu Mới,5200000000,83.870964,62 m²,"Phường An Hải Đông, Quận Sơn Trà, Đà Nẵng",Quận Sơn Trà,Đà Nẵng,16.06191,108.23652,Căn hộ/Chung cư,1.0,2,2,,,1.0,2.0,,[],11,Hồng Công,,,2026-09-17 14:26:46,https://nha.chotot.com/tin/171220229,2026-09-17T07:31:40.807970
1553,⭐ RIVER PANORAMA CHO THUÊ 3PN2WC FULL NỘI THẤT VIEW ĐẸP CHỈ 19 TRIỆU,19000000,0.21111111,90 m²,"Phường Phú Mỹ, Quận 7, Tp Hồ Chí Minh",Quận 7,Tp Hồ Chí Minh,10.71422,106.73743,Căn hộ/Chung cư,1.0,3,2,,,2.0,6.0,,[],12,Huy,,5.0,2026-09-08 14:36:21,https://nha.chotot.com/tin/172861126,2026-09-17T07:31:40.808138
1554,"THẢO ĐIỀN, QUẬN 2 🏡 CHO THUÊ CHDV CAO CẤP💘 1PN BAN CÔNG FULL NỘI THẤT",11000000,0.22,50 m²,"Phường Thảo Điền (Quận 2 cũ), Thành phố Thủ Đức, Tp Hồ Chí Minh",Thành phố Thủ Đức,Tp Hồ Chí Minh,10.803914,106.72912,Căn hộ/Chung cư,2.0,1,1,,Đông Bắc,1.0,4.0,11000000.0,[],11,Phương An Chuyên Căn Hộ Quận 2,,5.0,2026-09-11 14:06:45,https://nha.chotot.com/tin/177928071,2026-09-17T07:31:40.808323
1555,CHDV FULL NỘI THẤT MỚI KENG GẦN MEGA MARKET Q12,3900000,0.156,25 m²,"Phường Tân Thới Hiệp, Quận 12, Tp Hồ Chí Minh",Quận 12,Tp Hồ Chí Minh,10.887289,106.64767,Căn hộ/Chung cư,2.0,1,1,4,,2.0,4.0,,[],10,Anh Tuấn Tìm Phòng,,5.0,2026-09-17 14:26:20,https://nha.chotot.com/tin/178839237,2026-09-17T07:31:40.808496
1556,CHO THUÊ CĂN HỘ DUPLEX 2  GIƯỜNG NGỦ FULL NỘI THẤT CÓ CỬA SỔ THOÁNG,6000000,0.13333334,45 m²,"Phường 8, Thành phố Đà Lạt, Lâm Đồng",Thành phố Đà Lạt,Lâm Đồng,11.977858,108.45107,Căn hộ/Chung cư,3.0,1,1,,,,,,[],9,Quang gohome,,,2026-09-17 14:26:16,https://nha.chotot.com/tin/178839207,2026-09-17T07:31:40.808784
1557,Khách Cần Tiền Bán Gấp Căn Ponte 1PN Stu View Biển Giá Cực Rẻ ,2700000000,103.84615,26 m²,"Phường An Hải Tây, Quận Sơn Trà, Đà Nẵng",Quận Sơn Trà,Đà Nẵng,16.059008,108.23034,Căn hộ/Chung cư,1.0,1,2,,Tây,4.0,6.0,,[],6,Hồng Công,,,2026-09-17 14:26:02,https://nha.chotot.com/tin/178096332,2026-09-17T07:31:40.808972
1558,Bán Căn Hộ 2PN Toà A - Masteri Rivera Đà Nẵng,5700000000,91.935486,62 m²,"Phường Hòa Cường Nam, Quận Hải Châu, Đà Nẵng",Quận Hải Châu,Đà Nẵng,16.033035,108.225494,Căn hộ/Chung cư,1.0,2,2,39,Tây,2.0,6.0,,[],6,Hồng Công,,,2026-09-17 14:25:24,https://nha.chotot.com/tin/169931282,2026-09-17T07:31:40.809141
1559,Căn hộ ban công Full nội thất ngay Trương Văn Bang thuận tiện qua sala,5800000,0.16571428,35 m²,"Phường Thạnh Mỹ Lợi (Quận 2 cũ), Thành phố Thủ Đức, Tp Hồ Chí Minh",Thành phố Thủ Đức,Tp Hồ Chí Minh,10.774195,106.75718,Căn hộ/Chung cư,2.0,1,1,,,2.0,4.0,6000000.0,[],11,Huỳnh Châu HiFriendz ,,5.0,2026-09-05 22:57:12,https://nha.chotot.com/tin/178592369,2026-09-17T07:31:40.809316
1560,"CHO THUÊ  CHUNG CƯ TẠI PHỐ TU HOÀNG, NHỔN - 58M2, 2 NGỦ, ĐỦ ĐỒ-  5TR",5000000,0.0862069,58 m²,"Phường Phương Canh, Quận Nam Từ Liêm, Hà Nội",Quận Nam Từ Liêm,Hà Nội,21.053297,105.73126,Căn hộ/Chung cư,1.0,2,1,,,2.0,,,[],3,NGÔ THÚY,,,2026-09-17 14:24:32,https://nha.chotot.com/tin/178839180,2026-09-17T07:31:40.809486
1561,Nhà 3 Rưỡi - Mặt Tiền Hải Châu Gần Đống Đa ( SỤP ),5500000000,110.0,50 m²,"Phường Thuận Phước, Quận Hải Châu, Đà Nẵng",Quận Hải Châu,Đà Nẵng,16.08619,108.21645,Nhà ở,,6,,5,,,,,[],7,hưng thịnh,,5.0,2026-09-02 10:54:17,https://nha.chotot.com/tin/178518870,2026-09-17T07:31:41.480404
1562,"[GIÁ RẺ] NHÀ NGUYÊN CĂN 1 TRỆT 1 LẦU GẦN EMART, CHỢ TÂN SƠN",8000000,0.14285715,56 m²,"Phường 12, Quận Gò Vấp, Tp Hồ Chí Minh",Quận Gò Vấp,Tp Hồ Chí Minh,10.832696,106.63855,Nhà ở,,2,2,1,,,,,[],8,THÀNH ĐẠT CHUYÊN CHO THUÊ PHÒNG TRỌ CHDV GIÁ TỐT,,,2026-09-17 14:30:48,https://nha.chotot.com/tin/178839377,2026-09-17T07:31:41.480795
1563,Giá Thuê : 9tr/1 tháng Cho Thuê Nhà Đường Bùi Quang Là P12 Q. gò Vấp -,9000000,0.140625,64 m²,"Phường 12, Quận Gò Vấp, Tp Hồ Chí Minh",Quận Gò Vấp,Tp Hồ Chí Minh,10.835113,106.6396,Nhà ở,,2,2,,Tây,,,1.0,[],6,Quang Huy,,5.0,2026-09-07 10:48:48,https://nha.chotot.com/tin/178617090,2026-09-17T07:31:41.480990
1564,"BÁN GẤP NHÀ KQH HOÀNG DIỆU PHƯỜNG CAM LY ĐÀ LẠT CHỈ 5,4 TỶ",5400000000,120.0,45 m²,"Phường 5, Thành phố Đà Lạt, Lâm Đồng",Thành phố Đà Lạt,Lâm Đồng,11.942885,108.427925,Nhà ở,,3,2,3,Tây Bắc,3.0,,,[],4,Tô Hoàng Phương Trinh,,,2026-09-15 15:32:14,https://nha.chotot.com/tin/178796817,2026-09-17T07:31:41.481179
1565,Nhà mới DT:4x9m 2 Tầng 2pn 2wc hẻm 1942 Huỳnh Tấn Phát,1960000000,61.25,32 m²,"Thị trấn Nhà Bè, Huyện Nhà Bè, Tp Hồ Chí Minh",Huyện Nhà Bè,Tp Hồ Chí Minh,10.698072,106.738914,Nhà ở,,2,,2,,,,,[],11,Nam Phú Gia,,,2026-09-06 06:52:42,https://nha.chotot.com/tin/178593726,2026-09-17T07:31:41.481668
1566,Nhà Lầu 4 Tầng Hẻm Oto Xây Mới 100% Âu Dương Lân P2 Q8,8600000000,204.7619,42 m²,"Phường 2, Quận 8, Tp Hồ Chí Minh",Quận 8,Tp Hồ Chí Minh,10.742134,106.685104,Nhà ở,,4,3,4,,2.0,1.0,,[],8,Phạm Quốc Thắng,,,2026-09-17 14:29:58,https://nha.chotot.com/tin/178839361,2026-09-17T07:31:41.481913
1567,"Cho Thuê Biệt Thự Nam Thông PMH Q7 - 450m2, 5PN, Đường 20m",70000000,0.15555556,450 m²,"Phường Tân Phong, Quận 7, Tp Hồ Chí Minh",Quận 7,Tp Hồ Chí Minh,10.73019,106.70033,Nhà ở,,5,4,5,,,,,[],12,Thuỷ Trần,,,2026-08-31 09:55:18,https://nha.chotot.com/tin/178484863,2026-09-17T07:31:41.482090
1568,Cần cho thuê nhà góc 2 Mặt Tiền 84A Phổ Quang P.2 Q.Tân Bình,30000000,0.3030303,99 m²,"Phường 2, Quận Tân Bình, Tp Hồ Chí Minh",Quận Tân Bình,Tp Hồ Chí Minh,10.806851,106.668365,Nhà ở,,5,5,4,,,1.0,60000000.0,[],6,Anh Thanh,,,2026-09-17 14:29:37,https://nha.chotot.com/tin/178839329,2026-09-17T07:31:41.482255
1569,Bán nhà lầu đúc kiên cố hẻm xe hơi rộng đường Dương Bá Trạc P1 Q8 ,11800000000,245.83333,48 m²,"Phường 1, Quận 8, Tp Hồ Chí Minh",Quận 8,Tp Hồ Chí Minh,10.74418,106.69049,Nhà ở,,4,4,4,Nam,2.0,1.0,,[],3,Nguyễn Thìn ,,4.4,2026-09-17 14:29:34,https://nha.chotot.com/tin/178839333,2026-09-17T07:31:41.482420
1570,"Bán nhà riêng 4mx18,3m",12300000000,169.65517,72.5 m²,"Phường Tân Sơn Nhì, Quận Tân Phú, Tp Hồ Chí Minh",Quận Tân Phú,Tp Hồ Chí Minh,10.796407,106.63215,Nhà ở,,1,,,,,,,[],3,Nguyễn Võ Châu Phát,,,2026-09-16 14:28:21,https://nha.chotot.com/tin/178817793,2026-09-17T07:31:41.482631
1571,cho thuê,25000000,0.41666666,60 m²,"Phường 8, Quận 5, Tp Hồ Chí Minh",Quận 5,Tp Hồ Chí Minh,10.756033,106.671135,Nhà ở,,4,5,3,Đông,3.0,1.0,50000000.0,[],3,Phạm Ánh Lan,,5.0,2026-09-17 12:38:51,https://nha.chotot.com/tin/178836750,2026-09-17T07:31:41.482820
1572,cho thuê nhà 2 tầng đường phan thanh sát đại học duy tân,11000000,0.22,50 m²,"Phường Thạc Gián, Quận Thanh Khê, Đà Nẵng",Quận Thanh Khê,Đà Nẵng,16.063013,108.208755,Nhà ở,,3,3,2,,1.0,,,[],10,Đại tuấn,,,2026-09-17 14:29:11,https://nha.chotot.com/tin/178839312,2026-09-17T07:31:41.482982
1573,Nhà riêng ngõ 31 phố mai động gần đền lừ dt40m2x4t giá 10tr,10000000,0.25,40 m²,"Phường Mai Động, Quận Hoàng Mai, Hà Nội",Quận Hoàng Mai,Hà Nội,20.988625,105.86115,Nhà ở,,4,3,4,Đông,2.0,1.0,10000000.0,[],6,phạm minh chính,,,2026-09-10 10:59:00,https://nha.chotot.com/tin/178378145,2026-09-17T07:31:41.483146
1574,bán nhà mặt tiền kinh doanh đường Trương Vĩnh Nguyên,5600000000,19.928825,281 m²,"Phường Phú Thứ, Quận Cái Răng, Cần Thơ",Quận Cái Răng,Cần Thơ,9.982768,105.78676,Nhà ở,,1,2,1,Đông Bắc,3.0,1.0,,[],5,Nguyen Tien Tai,,,2026-09-16 14:28:22,https://nha.chotot.com/tin/178149394,2026-09-17T07:31:41.483309
1575,"Bán biệt thự 2 lầu áp mái P. Thạnh Mỹ Tây, TP.HCM giá 43 tỷ",43000000000,511.90475,84 m²,"Phường 12, Quận 3, Tp Hồ Chí Minh",Quận 3,Tp Hồ Chí Minh,10.789393,106.675064,Nhà ở,,1,,,,,,,[],3,vũ thành,,,2026-09-17 14:28:31,https://nha.chotot.com/tin/178839248,2026-09-17T07:31:41.483657
1576,"Bán gấp nhà 1 lầu, sân thượng, 76m2, hẻm 5m vị trí hẻm 477/ Mã Lò",6950000000,91.447365,76 m²,"Phường Bình Hưng Hoà A, Quận Bình Tân, Tp Hồ Chí Minh",Quận Bình Tân,Tp Hồ Chí Minh,10.7823,106.59924,Nhà ở,,2,,2,,,,,[],3, Vương Nguyễn,,5.0,2026-09-17 14:28:31,https://nha.chotot.com/tin/178839292,2026-09-17T07:31:41.483947
1577,"Bán nhà mới khu đường bàn cờ thông 6m Đường Số 28, 4,5x15m, lửng,3 lầu",9500000000,158.33333,60 m²,"Phường 6, Quận Gò Vấp, Tp Hồ Chí Minh",Quận Gò Vấp,Tp Hồ Chí Minh,10.838439,106.6817,Nhà ở,,4,5,4,,,1.0,,[],8,TRUONG TAM,,,2026-09-17 14:28:04,https://nha.chotot.com/tin/175260106,2026-09-17T07:31:41.484238
1578,Gần Trường Lý Tự Trọng GV - Hẻm Ôtô - Nhà mới xây 4 Tầng 4PN - KQH KLG,6680000000,151.81818,44 m²,"Phường 15, Quận Gò Vấp, Tp Hồ Chí Minh",Quận Gò Vấp,Tp Hồ Chí Minh,10.847257,106.669334,Nhà ở,,4,4,4,,,1.0,,[],12,Lý Ngọc Thanh,,,2026-09-13 13:07:56,https://nha.chotot.com/tin/178748929,2026-09-17T07:31:41.484411
1579,"NHÀ MỚI ĐẸP, HẺM TẢI 1T2L 4PN NGAY PHẠM VĂN ĐỒNG",14000000,0.23333333,60 m²,"Phường Linh Tây (Quận Thủ Đức cũ), Thành phố Thủ Đức, Tp Hồ Chí Minh",Thành phố Thủ Đức,Tp Hồ Chí Minh,10.852818,106.75241,Nhà ở,,4,3,,,,,28000000.0,[],9,NHẤT NHÀ ĐẤT,,5.0,2026-09-11 11:23:04,https://nha.chotot.com/tin/178707503,2026-09-17T07:31:41.484609
1580,🏠 CHO THUÊ NHÀ NGUYÊN CĂN LÀM VĂN PHÒNG – THỦ ĐỨC,18000000,0.12,150 m²,"Phường Trường Thọ (Quận Thủ Đức cũ), Thành phố Thủ Đức, Tp Hồ Chí Minh",Thành phố Thủ Đức,Tp Hồ Chí Minh,10.831532,106.757996,Nhà ở,,4,,,,,,,[],3,Đăng Quang Rental,,,2026-09-17 14:27:44,https://nha.chotot.com/tin/178478419,2026-09-17T07:31:41.484791
1581,"HIẾM!!!! - Hẻm Sư Vạn Hạnh, P12, Q.10 - 5x20m, 4 Tầng, 400m2",38000000,0.38,100 m²,"Phường 12, Quận 10, Tp Hồ Chí Minh",Quận 10,Tp Hồ Chí Minh,10.775027,106.667755,Đất,,,,4,,,,,[],9,Ngô Thanh Hùng,,,2026-09-17 14:30:13,https://nha.chotot.com/tin/178839362,2026-09-17T07:31:42.502761
1582,CHO THUÊ HẺM NGUYỄN VĂN TRỖI TÂN BÌNH | 12x15m siêu rộng,58000000,0.58,100 m²,"Phường 10, Quận Tân Bình, Tp Hồ Chí Minh",Quận Tân Bình,Tp Hồ Chí Minh,10.798557,106.67042,Đất,,,,,,,,116000000.0,[],8,Dung tr,,,2026-09-17 14:29:35,https://nha.chotot.com/tin/178839347,2026-09-17T07:31:42.503064
1583,"Cho thuê nhà phố 5 tầng có thang máy, rèm đường D9",45000000,0.53571427,84 m²,"Phường Long Bình (Quận 9 cũ), Thành phố Thủ Đức, Tp Hồ Chí Minh",Thành phố Thủ Đức,Tp Hồ Chí Minh,10.84805,106.83874,Đất,,,,5,,3.0,1.0,,[],4,DUY HOMES,,,2026-09-09 09:41:13,https://nha.chotot.com/tin/178661906,2026-09-17T07:31:42.503259
1584,"Cho thuê vp phố nguyên hồng,đống đa,dt 68m2,giá 13tr/tháng",13000000,0.19117647,68 m²,"Phường Láng Hạ, Quận Đống Đa, Hà Nội",Quận Đống Đa,Hà Nội,21.015743,105.80971,Đất,,,,8,,1.0,1.0,,[],5,Đào Thành Lân,,,2026-09-17 14:27:34,https://nha.chotot.com/tin/178839277,2026-09-17T07:31:42.503437
1585,🔥 CHO THUÊ BIỆT THỰ SÂN VƯỜN NGUYỄN VĂN TRỖI – NGANG 12M – GIÁ 59TR/TH,59000000,0.118,500 m²,"Phường 10, Quận Phú Nhuận, Tp Hồ Chí Minh",Quận Phú Nhuận,Tp Hồ Chí Minh,10.798557,106.67042,Đất,,,,,,,,150000000.0,[],7,Kiều Hằng,,,2026-09-17 14:27:01,https://nha.chotot.com/tin/178839254,2026-09-17T07:31:42.503690
1586,Cho thuê kho 1200m QL1A Tam Bình chỉ 75k,90000000,0.075,1200 m²,"Phường Tam Bình (Quận Thủ Đức cũ), Thành phố Thủ Đức, Tp Hồ Chí Minh",Thành phố Thủ Đức,Tp Hồ Chí Minh,10.871881,106.739655,Đất,,,,,,,,3.0,[],3,Anhthe,,4.0,2026-09-14 18:07:53,https://nha.chotot.com/tin/178775394,2026-09-17T07:31:42.503911
1587,BIỆT THỰ SÂN VƯỜN KHU TỔ HỢP F&B VÀ ĐA NGÀNH NGHỀ TRUNG TÂM QUẬN 3 ,115000000,0.34848484,330 m²,"Phường Võ Thị Sáu, Quận 3, Tp Hồ Chí Minh",Quận 3,Tp Hồ Chí Minh,10.788824,106.690765,Đất,,,,,,,,,[],9,Yến Ngọc,,,2026-09-17 14:25:23,https://nha.chotot.com/tin/178839200,2026-09-17T07:31:42.504209
1588,🍑Đoạn Đẹp NGUYỄN GIA TRÍ - 4x25m (Trệt 2 Lầu)🍑,65000000,0.21666667,300 m²,"Phường 25, Quận Bình Thạnh, Tp Hồ Chí Minh",Quận Bình Thạnh,Tp Hồ Chí Minh,10.810227,106.71722,Đất,,,,,,,,,[],6,Nhà Phố Cho Thuê,,,2026-09-17 14:24:57,https://nha.chotot.com/tin/175622468,2026-09-17T07:31:42.504395
1589,"🌟10x15m - TRẦN QUỐC TOẢN, Quận 3🌟 Trệt 2 Lầu",60000000,0.13333334,450 m²,"Phường Võ Thị Sáu, Quận 3, Tp Hồ Chí Minh",Quận 3,Tp Hồ Chí Minh,10.78659,106.68779,Đất,,,,,,,,,[],4,Nhà Phố Cho Thuê,,,2026-09-17 14:24:26,https://nha.chotot.com/tin/175903201,2026-09-17T07:31:42.504656
1590,cho thuê 100m văn phòng giá 30 tr,30000000,0.3,100 m²,"Phường An Khánh (Quận 2 cũ), Thành phố Thủ Đức, Tp Hồ Chí Minh",Thành phố Thủ Đức,Tp Hồ Chí Minh,10.79159,106.73052,Đất,,,,,,,,60000000.0,[],3,Nguyễn Văn Hậu,,,2026-09-05 13:44:09,https://nha.chotot.com/tin/178581677,2026-09-17T07:31:42.504897
1591,CHO THUÊ TÒA NHÀ VĂN PHÒNG NGUYỄN VĂN TRỖI NGAY NGÃ TƯ PHÚ NHUẬN,130000000,0.096296296,1350 m²,"Phường 10, Quận Phú Nhuận, Tp Hồ Chí Minh",Quận Phú Nhuận,Tp Hồ Chí Minh,10.798557,106.67042,Đất,,,,,,,,,[],3,Anh Đào,,,2026-09-12 11:08:02,https://nha.chotot.com/tin/178727010,2026-09-17T07:31:42.505074
1592,Mặt bằng đẹp Hồ Văn Huê 30m2,7490000,0.24966666,30 m²,"Phường 9, Quận Phú Nhuận, Tp Hồ Chí Minh",Quận Phú Nhuận,Tp Hồ Chí Minh,10.80251,106.67629,Đất,,,,,,,,7490000.0,[],7,NGUYỄN THỊ ANH THƯ,,,2026-09-06 15:25:13,https://nha.chotot.com/tin/178603931,2026-09-17T07:31:42.505250
1593,"🇻🇳SHOPHOUSE 3 TẦNG MẶT TIỀN MÊ LINH | GẦN ORI, KCN HÒA KHÁNH",14000000,0.11666667,120 m²,"Phường Hòa Hiệp Nam, Quận Liên Chiểu, Đà Nẵng",Quận Liên Chiểu,Đà Nẵng,16.09171,108.12595,Đất,,04,,3,,,,,[],10,Ngô Văn Cảnh,,4.4,2026-09-17 14:22:04,https://nha.chotot.com/tin/178839109,2026-09-17T07:31:42.505419
1594,🔥 HẺM XE HƠI  HUỲNH VĂN BÁNH – PHÚ NHUẬN | 4PN – 4WC | CHỈ 2x,23000000,0.23,100 m²,"Phường 10, Quận Phú Nhuận, Tp Hồ Chí Minh",Quận Phú Nhuận,Tp Hồ Chí Minh,10.791831,106.671616,Đất,,4,,,,,,46000000.0,[],6,Dung tr,,,2026-09-17 14:21:51,https://nha.chotot.com/tin/178839122,2026-09-17T07:31:42.505599
1595,"Măt tiền Nguyễn Cư Trinh, Quận 1 (Ngang 17m)",90000000,0.45,200 m²,"Phường Nguyễn Cư Trinh, Quận 1, Tp Hồ Chí Minh",Quận 1,Tp Hồ Chí Minh,10.763458,106.68884,Đất,,,,,,,,,[],5,Nhà Phố Cho Thuê,,,2026-09-17 14:21:14,https://nha.chotot.com/tin/178280784,2026-09-17T07:31:42.505775
1596,"🔥GÓC 2MT - NGUYỄN TRÃI, Bến Thành, Q1🔥400m2 sử dụng",150000000,0.375,400 m²,"Phường Bến Thành, Quận 1, Tp Hồ Chí Minh",Quận 1,Tp Hồ Chí Minh,10.771166,106.68731,Đất,,,,,,,,,[],4,Nhà Phố Cho Thuê,,,2026-09-17 14:20:35,https://nha.chotot.com/tin/175556911,2026-09-17T07:31:42.506022
1597,CHO THUÊ TÒA NHÀ 2 MẶT TIỀN VÕ VĂN NGÂN DT 12M X 36M TP THỦ ĐỨC,100000000,0.07692308,1300 m²,"Phường Bình Thọ (Quận Thủ Đức cũ), Thành phố Thủ Đức, Tp Hồ Chí Minh",Thành phố Thủ Đức,Tp Hồ Chí Minh,10.850573,106.76223,Đất,,,,,,,1.0,,[],3,Oanh Home,,,2026-09-17 14:20:21,https://nha.chotot.com/tin/178262159,2026-09-17T07:31:42.506338
1598,"🔥 CHO THUÊ TẦNG 7 160m2 – 104A XUÂN THUỶ, THẢO ĐIỀN, Q2 🔥",50000000,0.3125,160 m²,"Phường Thảo Điền (Quận 2 cũ), Thành phố Thủ Đức, Tp Hồ Chí Minh",Thành phố Thủ Đức,Tp Hồ Chí Minh,10.803889,106.73543,Đất,,,,,,,,150000000.0,[],8,Kiều Hằng,,,2026-09-17 14:18:58,https://nha.chotot.com/tin/178839027,2026-09-17T07:31:42.506529
1599,Cho thuê  Shophouse Panorama Phú Mỹ Hưng 2 tầng 50tr/th,50000000,0.35460994,141 m²,"Phường Tân Phong, Quận 7, Tp Hồ Chí Minh",Quận 7,Tp Hồ Chí Minh,10.72168,106.71284,Đất,,,,2,Tây Nam,,1.0,,[],7,Dân,,,2026-09-17 14:18:55,https://nha.chotot.com/tin/177011854,2026-09-17T07:31:42.506704
1600,Kho trống VIEW SÔNG 235/50A Đặng Thùy Trâm. DT 8X20M.,20000000,0.125,160 m²,"Phường 13, Quận Bình Thạnh, Tp Hồ Chí Minh",Quận Bình Thạnh,Tp Hồ Chí Minh,10.824377,106.70332,Đất,,,,,,2.0,1.0,,[],3,Anh Dũng,,4.0,2026-09-17 14:17:42,https://nha.chotot.com/tin/167862234,2026-09-17T07:31:42.506894
1601,CHO THUÊ NHÀ ĐƯỜNG QUỐC HƯƠNG GIÁ 27 TRIỆU ,27000000,0.36,75 m²,"Phường Thảo Điền (Quận 2 cũ), Thành phố Thủ Đức, Tp Hồ Chí Minh",Thành phố Thủ Đức,Tp Hồ Chí Minh,10.807138,106.73095,Nhà ở,,2,2,2,,,,,[],6,Phương,,,2026-09-17 14:31:17,https://nha.chotot.com/tin/178839383,2026-09-17T07:31:44.233009
1602,"CHO THUÊ NHÀ  PHẠM QUÝ THÍCH   P.PHÚ THỌ HOÀ, TÂN PHÚ   📐 Diện tích: 4",10500000,0.125,84 m²,"Phường Tân Quý, Quận Tân Phú, Tp Hồ Chí Minh",Quận Tân Phú,Tp Hồ Chí Minh,10.789263,106.62116,Nhà ở,,1,1,,,,,,[],3,Thu,,4.0,2026-09-17 14:31:09,https://nha.chotot.com/tin/178839386,2026-09-17T07:31:44.233306
1603,Gia đình có việc cần chuyển nhượng căn hộ gần Depot Tham Lương 2PN,3500000000,57.37705,61 m²,"Phường Tân Thới Nhất, Quận 12, Tp Hồ Chí Minh",Quận 12,Tp Hồ Chí Minh,10.82442,106.62025,Căn hộ/Chung cư,1.0,2,1,,,3.0,6.0,,[],5,Đơn Phương,,,2026-09-10 10:12:16,https://nha.chotot.com/tin/178684712,2026-09-17T07:31:44.233530
1604,"CHO THUÊ NHÀ NGUYÊN CĂN – PHƯỜNG LINH TÂY, TP. THỦ ĐỨC  📍 Địa chỉ: 145",10000000,0.14285715,70 m²,"Phường Linh Tây (Quận Thủ Đức cũ), Thành phố Thủ Đức, Tp Hồ Chí Minh",Thành phố Thủ Đức,Tp Hồ Chí Minh,10.86056,106.756256,Nhà ở,,2,,,,,,,[],6,Đăng Quang Rental,,,2026-09-17 14:31:05,https://nha.chotot.com/tin/178839388,2026-09-17T07:31:44.233755
1605,Nhà 3 Rưỡi - Mặt Tiền Hải Châu Gần Đống Đa ( SỤP ),5500000000,110.0,50 m²,"Phường Thuận Phước, Quận Hải Châu, Đà Nẵng",Quận Hải Châu,Đà Nẵng,16.08619,108.21645,Nhà ở,,6,,5,,,,,[],7,hưng thịnh,,5.0,2026-09-02 10:54:17,https://nha.chotot.com/tin/178518870,2026-09-17T07:31:44.233998
1606,"[GIÁ RẺ] NHÀ NGUYÊN CĂN 1 TRỆT 1 LẦU GẦN EMART, CHỢ TÂN SƠN",8000000,0.14285715,56 m²,"Phường 12, Quận Gò Vấp, Tp Hồ Chí Minh",Quận Gò Vấp,Tp Hồ Chí Minh,10.832696,106.63855,Nhà ở,,2,2,1,,,,,[],8,THÀNH ĐẠT CHUYÊN CHO THUÊ PHÒNG TRỌ CHDV GIÁ TỐT,,,2026-09-17 14:30:48,https://nha.chotot.com/tin/178839377,2026-09-17T07:31:44.234166
1607,"Cho thuê giá tốt 3PN view sông, nội thất xịn, Vinhomes Central Park",35000000,0.3043478,115 m²,"Phường 22, Quận Bình Thạnh, Tp Hồ Chí Minh",Quận Bình Thạnh,Tp Hồ Chí Minh,10.79387,106.72032,Căn hộ/Chung cư,1.0,3,2,,,1.0,6.0,,[],12,Huyền Nguyễn,,,2026-09-02 15:25:06,https://nha.chotot.com/tin/178523171,2026-09-17T07:31:44.234325
1608,Giá Thuê : 9tr/1 tháng Cho Thuê Nhà Đường Bùi Quang Là P12 Q. gò Vấp -,9000000,0.140625,64 m²,"Phường 12, Quận Gò Vấp, Tp Hồ Chí Minh",Quận Gò Vấp,Tp Hồ Chí Minh,10.835113,106.6396,Nhà ở,,2,2,,Tây,,,1.0,[],6,Quang Huy,,5.0,2026-09-07 10:48:48,https://nha.chotot.com/tin/178617090,2026-09-17T07:31:44.234487
1609,"BÁN GẤP NHÀ KQH HOÀNG DIỆU PHƯỜNG CAM LY ĐÀ LẠT CHỈ 5,4 TỶ",5400000000,120.0,45 m²,"Phường 5, Thành phố Đà Lạt, Lâm Đồng",Thành phố Đà Lạt,Lâm Đồng,11.942885,108.427925,Nhà ở,,3,2,3,Tây Bắc,3.0,,,[],4,Tô Hoàng Phương Trinh,,,2026-09-15 15:32:14,https://nha.chotot.com/tin/178796817,2026-09-17T07:31:44.234672
1610,KHAI TRƯƠNG PHÒNG TRỌ SINH VIÊN GIÁ RẺ NGAY ĐH CÔNG THƯƠNG TÂN PHÚ,3500000,0.14,25 m²,"Phường Tân Sơn Nhì, Quận Tân Phú, Tp Hồ Chí Minh",Quận Tân Phú,Tp Hồ Chí Minh,10.801903,106.625885,Phòng trọ,,,,,,,,3500000.0,[],5,Kiều Oanh NeWay Home ,,5.0,2026-09-17 14:30:15,https://nha.chotot.com/tin/178453357,2026-09-17T07:31:44.234847
1611,"HIẾM!!!! - Hẻm Sư Vạn Hạnh, P12, Q.10 - 5x20m, 4 Tầng, 400m2",38000000,0.38,100 m²,"Phường 12, Quận 10, Tp Hồ Chí Minh",Quận 10,Tp Hồ Chí Minh,10.775027,106.667755,Đất,,,,4,,,,,[],9,Ngô Thanh Hùng,,,2026-09-17 14:30:13,https://nha.chotot.com/tin/178839362,2026-09-17T07:31:44.235047
1612,Bán Đất Lô Góc Võ Văn Vân giá cực tốt,4190000000,37.410713,112 m²,"Xã Vĩnh Lộc B, Huyện Bình Chánh, Tp Hồ Chí Minh",Huyện Bình Chánh,Tp Hồ Chí Minh,10.773623,106.57547,Văn phòng/Mặt bằng,,,,,,,1.0,,[],6,Thanh Hưng,,3.4,2026-09-09 18:08:26,https://nha.chotot.com/tin/178674907,2026-09-17T07:31:44.235221
1613,"BCONS ARIA TRẢ TRƯỚC CHỈ 5% CHIẾT KHẤU 8,5% HỖ TRỢ LS 6,9% TRONG 4 NĂM",2600000000,49.056602,53 m²,"Phường Đông Hòa, Thành phố Dĩ An, Bình Dương",Thành phố Dĩ An,Bình Dương,10.89115,106.8022,Căn hộ/Chung cư,1.0,2,2,37,Tây,3.0,4.0,,[],12,Huy Hoàng Bcons ,,,2026-08-25 09:52:10,https://nha.chotot.com/tin/178364490,2026-09-17T07:31:44.235392
1614,"CHO THUÊ CĂN HỘ MỚI 2 PHÒNG NGỦ, DIỆN TÍCH 60M² ",13500000,0.20769231,65 m²,"Phường Khuê Mỹ, Quận Ngũ Hành Sơn, Đà Nẵng",Quận Ngũ Hành Sơn,Đà Nẵng,16.023426,108.2459,Căn hộ/Chung cư,2.0,2,,,,2.0,,,[],4,VANA,,,2026-09-17 14:30:06,https://nha.chotot.com/tin/178838887,2026-09-17T07:31:44.235576
1615,Bán căn Hưng Phát Silver Star - sát vách sunrise reverside - 4.6ty,4350000000,41.037735,106 m²,"Xã Phước Kiển, Huyện Nhà Bè, Tp Hồ Chí Minh",Huyện Nhà Bè,Tp Hồ Chí Minh,10.70387,106.71276,Căn hộ/Chung cư,1.0,3,,,Tây Nam,2.0,6.0,,[],9,Vân,,4.8,2026-09-03 11:16:19,https://nha.chotot.com/tin/177025273,2026-09-17T07:31:44.235761
1616,Nhà mới DT:4x9m 2 Tầng 2pn 2wc hẻm 1942 Huỳnh Tấn Phát,1960000000,61.25,32 m²,"Thị trấn Nhà Bè, Huyện Nhà Bè, Tp Hồ Chí Minh",Huyện Nhà Bè,Tp Hồ Chí Minh,10.698072,106.738914,Nhà ở,,2,,2,,,,,[],11,Nam Phú Gia,,,2026-09-06 06:52:42,https://nha.chotot.com/tin/178593726,2026-09-17T07:31:44.236000
1617,Cho thuê CC Garden gate 40m2 Offictel 1WC giá cực tốt chỉ 11tr/th ,11000000,0.31428573,35 m²,"Phường 9, Quận Phú Nhuận, Tp Hồ Chí Minh",Quận Phú Nhuận,Tp Hồ Chí Minh,10.80964,106.67425,Căn hộ/Chung cư,1.0,1,1,,,,,,[],3,Nguyễn Hoàng Toàn,,,2026-09-15 10:14:56,https://nha.chotot.com/tin/178787965,2026-09-17T07:31:44.236164
1618,🏡Khai Trương Ký túc xá ngay ngã tư Hàng xanh đầy đủ tiện nghi 🎉KTX,1700000,0.04857143,35 m²,"Phường 25, Quận Bình Thạnh, Tp Hồ Chí Minh",Quận Bình Thạnh,Tp Hồ Chí Minh,10.802271,106.71938,Phòng trọ,,,,,,,,1700000.0,[],4,LQ Vinhomes,,,2026-08-24 10:56:00,https://nha.chotot.com/tin/163698886,2026-09-17T07:31:44.236333
1619,Nhà Lầu 4 Tầng Hẻm Oto Xây Mới 100% Âu Dương Lân P2 Q8,8600000000,204.7619,42 m²,"Phường 2, Quận 8, Tp Hồ Chí Minh",Quận 8,Tp Hồ Chí Minh,10.742134,106.685104,Nhà ở,,4,3,4,,2.0,1.0,,[],8,Phạm Quốc Thắng,,,2026-09-17 14:29:58,https://nha.chotot.com/tin/178839361,2026-09-17T07:31:44.236491
1620,Lô đất 2500m thổ cư mặt tiền Hồ khu Biệt thự nghỉ dưỡng,4000000000,1.6891892,2368 m²,"Xã Đinh Lạc, Huyện Di Linh, Lâm Đồng",Huyện Di Linh,Lâm Đồng,11.63063,108.13101,Văn phòng/Mặt bằng,,,,,,,1.0,,[],4,Nguyễn Anh Sang,,4.1,2026-09-17 14:29:58,https://nha.chotot.com/tin/178141305,2026-09-17T07:31:44.236668
1621,🥳🥳Một Căn Hộ Vừa Đẹp- Vừa Tiện Nghi - Vừa Có Không Gian Sống Thoángãng,12000000,0.4,30 m²,"Phường Thảo Điền (Quận 2 cũ), Thành phố Thủ Đức, Tp Hồ Chí Minh",Thành phố Thủ Đức,Tp Hồ Chí Minh,10.806585,106.72578,Căn hộ/Chung cư,2.0,1,,,,,,12000000.0,[],10,Hồng Loan HIFRIENDZ,,,2026-09-17 14:31:31,https://nha.chotot.com/tin/178373155,2026-09-17T07:31:45.248689
1622,"🌧️🫧🏡 CĂN HỘ HIỆN ĐẠI – GỌN GÀNG, ẤM ÁP, ĐỦ ĐẦY TIỆN NGHI ✨😅🥹",7000000,0.23333333,30 m²,"Phường An Phú (Quận 2 cũ), Thành phố Thủ Đức, Tp Hồ Chí Minh",Thành phố Thủ Đức,Tp Hồ Chí Minh,10.794329,106.742546,Căn hộ/Chung cư,2.0,1,,,,,,7000000.0,[],7,Hồng Loan HIFRIENDZ,,,2026-09-17 14:31:18,https://nha.chotot.com/tin/178372865,2026-09-17T07:31:45.248988
1623,Gia đình có việc cần chuyển nhượng căn hộ gần Depot Tham Lương 2PN,3500000000,57.37705,61 m²,"Phường Tân Thới Nhất, Quận 12, Tp Hồ Chí Minh",Quận 12,Tp Hồ Chí Minh,10.82442,106.62025,Căn hộ/Chung cư,1.0,2,1,,,3.0,6.0,,[],5,Đơn Phương,,,2026-09-10 10:12:16,https://nha.chotot.com/tin/178684712,2026-09-17T07:31:45.249182
1624,"Cho thuê giá tốt 3PN view sông, nội thất xịn, Vinhomes Central Park",35000000,0.3043478,115 m²,"Phường 22, Quận Bình Thạnh, Tp Hồ Chí Minh",Quận Bình Thạnh,Tp Hồ Chí Minh,10.79387,106.72032,Căn hộ/Chung cư,1.0,3,2,,,1.0,6.0,,[],12,Huyền Nguyễn,,,2026-09-02 15:25:06,https://nha.chotot.com/tin/178523171,2026-09-17T07:31:45.249390
1625,"BCONS ARIA TRẢ TRƯỚC CHỈ 5% CHIẾT KHẤU 8,5% HỖ TRỢ LS 6,9% TRONG 4 NĂM",2600000000,49.056602,53 m²,"Phường Đông Hòa, Thành phố Dĩ An, Bình Dương",Thành phố Dĩ An,Bình Dương,10.89115,106.8022,Căn hộ/Chung cư,1.0,2,2,37,Tây,3.0,4.0,,[],12,Huy Hoàng Bcons ,,,2026-08-25 09:52:10,https://nha.chotot.com/tin/178364490,2026-09-17T07:31:45.249653
1626,"CHO THUÊ CĂN HỘ MỚI 2 PHÒNG NGỦ, DIỆN TÍCH 60M² ",13500000,0.20769231,65 m²,"Phường Khuê Mỹ, Quận Ngũ Hành Sơn, Đà Nẵng",Quận Ngũ Hành Sơn,Đà Nẵng,16.023426,108.2459,Căn hộ/Chung cư,2.0,2,,,,2.0,,,[],4,VANA,,,2026-09-17 14:30:06,https://nha.chotot.com/tin/178838887,2026-09-17T07:31:45.249843
1627,Bán căn Hưng Phát Silver Star - sát vách sunrise reverside - 4.6ty,4350000000,41.037735,106 m²,"Xã Phước Kiển, Huyện Nhà Bè, Tp Hồ Chí Minh",Huyện Nhà Bè,Tp Hồ Chí Minh,10.70387,106.71276,Căn hộ/Chung cư,1.0,3,,,Tây Nam,2.0,6.0,,[],9,Vân,,4.8,2026-09-03 11:16:19,https://nha.chotot.com/tin/177025273,2026-09-17T07:31:45.250021
1628,Cho thuê CC Garden gate 40m2 Offictel 1WC giá cực tốt chỉ 11tr/th ,11000000,0.31428573,35 m²,"Phường 9, Quận Phú Nhuận, Tp Hồ Chí Minh",Quận Phú Nhuận,Tp Hồ Chí Minh,10.80964,106.67425,Căn hộ/Chung cư,1.0,1,1,,,,,,[],3,Nguyễn Hoàng Toàn,,,2026-09-15 10:14:56,https://nha.chotot.com/tin/178787965,2026-09-17T07:31:45.250209
1629,KHAI TRƯƠNG ĐUPLEX 3🍠X ĐƯỜNG SỐ 1_NGUYỄN THỊ TÚ NHẬN XE ĐIỆN FULL NT,3700000,0.13214286,28 m²,"Phường Bình Hưng Hoà B, Quận Bình Tân, Tp Hồ Chí Minh",Quận Bình Tân,Tp Hồ Chí Minh,10.807803,106.59462,Căn hộ/Chung cư,3.0,1,1,,,2.0,4.0,1000000.0,[],11,Triệu an HiFriendz Tp ,,5.0,2026-09-17 14:29:46,https://nha.chotot.com/tin/178839353,2026-09-17T07:31:45.250383
1630,"Chung cư Tecco Green - Phan Văn Hớn căn 2p ngủ , full NT, giá 7,3tr/th",7300000,0.1,73 m²,"Phường Tân Thới Nhất, Quận 12, Tp Hồ Chí Minh",Quận 12,Tp Hồ Chí Minh,10.82954,106.61561,Căn hộ/Chung cư,1.0,2,2,,,2.0,6.0,,[],6,Phí Linh,,,2026-09-17 14:29:29,https://nha.chotot.com/tin/178839257,2026-09-17T07:31:45.250576
1631,💥CHDV - FUL NT - 2PN - BALCONY THOÁNG ⚡️ PHAN ĐĂNG LƯU - BÙI ĐÌNH TUÝ 💥,7800000,0.111428574,70 m²,"Phường 1, Quận Bình Thạnh, Tp Hồ Chí Minh",Quận Bình Thạnh,Tp Hồ Chí Minh,10.802451,106.697495,Căn hộ/Chung cư,2.0,2,,,,,,,[],12,Lương Thanh Trúc,,,2026-09-12 21:54:42,https://nha.chotot.com/tin/178437508,2026-09-17T07:31:45.250748
1632,"💥 HÀ ĐÔ CENTROSA – 2PN 2WC – NHÀ ĐẸP, FULL NỘI THẤT – Ở LIỀN CHỈ 22TR",22000000,0.25581396,86 m²,"Phường 12, Quận 10, Tp Hồ Chí Minh",Quận 10,Tp Hồ Chí Minh,10.7762,106.67889,Căn hộ/Chung cư,1.0,2,2,,,,,,[],12,Hoàng Dung,,4.5,2026-09-17 11:07:05,https://nha.chotot.com/tin/178834497,2026-09-17T07:31:45.250915
1633,"CĂN HỘ MINI CAO CẤP MỚI 100%, FULL NỘI THẤT NGAY ẺMART PHAN HUY ÍCH",5000000,0.2,25 m²,"Phường 12, Quận Gò Vấp, Tp Hồ Chí Minh",Quận Gò Vấp,Tp Hồ Chí Minh,10.837349,106.636284,Căn hộ/Chung cư,2.0,1,1,,,1.0,4.0,5000000.0,[],12,Alo Ngoc Hoang,,5.0,2026-09-17 14:28:24,https://nha.chotot.com/tin/178839301,2026-09-17T07:31:45.251098
1634,TÌM NỮ Ở GHÉP CĂN CHUNG CƯ 2PN,4500000,0.071428575,63 m²,"Phường Phú Thuận, Quận 7, Tp Hồ Chí Minh",Quận 7,Tp Hồ Chí Minh,10.722,106.7433,Căn hộ/Chung cư,1.0,2,2,,,2.0,4.0,4500000.0,[],7,Kim Thanh,,5.0,2026-09-17 14:28:16,https://nha.chotot.com/tin/178839296,2026-09-17T07:31:45.251269
1635,Khách Cần Tiền Ra Di Căn 2PN Hiyori Siêu Mới,5200000000,83.870964,62 m²,"Phường An Hải Đông, Quận Sơn Trà, Đà Nẵng",Quận Sơn Trà,Đà Nẵng,16.06191,108.23652,Căn hộ/Chung cư,1.0,2,2,,,1.0,2.0,,[],11,Hồng Công,,,2026-09-17 14:26:46,https://nha.chotot.com/tin/171220229,2026-09-17T07:31:45.251445
1636,⭐ RIVER PANORAMA CHO THUÊ 3PN2WC FULL NỘI THẤT VIEW ĐẸP CHỈ 19 TRIỆU,19000000,0.21111111,90 m²,"Phường Phú Mỹ, Quận 7, Tp Hồ Chí Minh",Quận 7,Tp Hồ Chí Minh,10.71422,106.73743,Căn hộ/Chung cư,1.0,3,2,,,2.0,6.0,,[],12,Huy,,5.0,2026-09-08 14:36:21,https://nha.chotot.com/tin/172861126,2026-09-17T07:31:45.251694
1637,"THẢO ĐIỀN, QUẬN 2 🏡 CHO THUÊ CHDV CAO CẤP💘 1PN BAN CÔNG FULL NỘI THẤT",11000000,0.22,50 m²,"Phường Thảo Điền (Quận 2 cũ), Thành phố Thủ Đức, Tp Hồ Chí Minh",Thành phố Thủ Đức,Tp Hồ Chí Minh,10.803914,106.72912,Căn hộ/Chung cư,2.0,1,1,,Đông Bắc,1.0,4.0,11000000.0,[],11,Phương An Chuyên Căn Hộ Quận 2,,5.0,2026-09-11 14:06:45,https://nha.chotot.com/tin/177928071,2026-09-17T07:31:45.251881
1638,CHDV FULL NỘI THẤT MỚI KENG GẦN MEGA MARKET Q12,3900000,0.156,25 m²,"Phường Tân Thới Hiệp, Quận 12, Tp Hồ Chí Minh",Quận 12,Tp Hồ Chí Minh,10.887289,106.64767,Căn hộ/Chung cư,2.0,1,1,4,,2.0,4.0,,[],10,Anh Tuấn Tìm Phòng,,5.0,2026-09-17 14:26:20,https://nha.chotot.com/tin/178839237,2026-09-17T07:31:45.252046
1639,CHO THUÊ CĂN HỘ DUPLEX 2  GIƯỜNG NGỦ FULL NỘI THẤT CÓ CỬA SỔ THOÁNG,6000000,0.13333334,45 m²,"Phường 8, Thành phố Đà Lạt, Lâm Đồng",Thành phố Đà Lạt,Lâm Đồng,11.977858,108.45107,Căn hộ/Chung cư,3.0,1,1,,,,,,[],9,Quang gohome,,,2026-09-17 14:26:16,https://nha.chotot.com/tin/178839207,2026-09-17T07:31:45.252204
1640,Khách Cần Tiền Bán Gấp Căn Ponte 1PN Stu View Biển Giá Cực Rẻ ,2700000000,103.84615,26 m²,"Phường An Hải Tây, Quận Sơn Trà, Đà Nẵng",Quận Sơn Trà,Đà Nẵng,16.059008,108.23034,Căn hộ/Chung cư,1.0,1,2,,Tây,4.0,6.0,,[],6,Hồng Công,,,2026-09-17 14:26:02,https://nha.chotot.com/tin/178096332,2026-09-17T07:31:45.252372
1641,Nhà 3 Rưỡi - Mặt Tiền Hải Châu Gần Đống Đa ( SỤP ),5500000000,110.0,50 m²,"Phường Thuận Phước, Quận Hải Châu, Đà Nẵng",Quận Hải Châu,Đà Nẵng,16.08619,108.21645,Nhà ở,,6,,5,,,,,[],7,hưng thịnh,,5.0,2026-09-02 10:54:17,https://nha.chotot.com/tin/178518870,2026-09-17T07:31:46.567545
1642,"[GIÁ RẺ] NHÀ NGUYÊN CĂN 1 TRỆT 1 LẦU GẦN EMART, CHỢ TÂN SƠN",8000000,0.14285715,56 m²,"Phường 12, Quận Gò Vấp, Tp Hồ Chí Minh",Quận Gò Vấp,Tp Hồ Chí Minh,10.832696,106.63855,Nhà ở,,2,2,1,,,,,[],8,THÀNH ĐẠT CHUYÊN CHO THUÊ PHÒNG TRỌ CHDV GIÁ TỐT,,,2026-09-17 14:30:48,https://nha.chotot.com/tin/178839377,2026-09-17T07:31:46.567845
1643,Giá Thuê : 9tr/1 tháng Cho Thuê Nhà Đường Bùi Quang Là P12 Q. gò Vấp -,9000000,0.140625,64 m²,"Phường 12, Quận Gò Vấp, Tp Hồ Chí Minh",Quận Gò Vấp,Tp Hồ Chí Minh,10.835113,106.6396,Nhà ở,,2,2,,Tây,,,1.0,[],6,Quang Huy,,5.0,2026-09-07 10:48:48,https://nha.chotot.com/tin/178617090,2026-09-17T07:31:46.568036
1644,"BÁN GẤP NHÀ KQH HOÀNG DIỆU PHƯỜNG CAM LY ĐÀ LẠT CHỈ 5,4 TỶ",5400000000,120.0,45 m²,"Phường 5, Thành phố Đà Lạt, Lâm Đồng",Thành phố Đà Lạt,Lâm Đồng,11.942885,108.427925,Nhà ở,,3,2,3,Tây Bắc,3.0,,,[],4,Tô Hoàng Phương Trinh,,,2026-09-15 15:32:14,https://nha.chotot.com/tin/178796817,2026-09-17T07:31:46.568214
1645,Nhà mới DT:4x9m 2 Tầng 2pn 2wc hẻm 1942 Huỳnh Tấn Phát,1960000000,61.25,32 m²,"Thị trấn Nhà Bè, Huyện Nhà Bè, Tp Hồ Chí Minh",Huyện Nhà Bè,Tp Hồ Chí Minh,10.698072,106.738914,Nhà ở,,2,,2,,,,,[],11,Nam Phú Gia,,,2026-09-06 06:52:42,https://nha.chotot.com/tin/178593726,2026-09-17T07:31:46.568445
1646,Nhà Lầu 4 Tầng Hẻm Oto Xây Mới 100% Âu Dương Lân P2 Q8,8600000000,204.7619,42 m²,"Phường 2, Quận 8, Tp Hồ Chí Minh",Quận 8,Tp Hồ Chí Minh,10.742134,106.685104,Nhà ở,,4,3,4,,2.0,1.0,,[],8,Phạm Quốc Thắng,,,2026-09-17 14:29:58,https://nha.chotot.com/tin/178839361,2026-09-17T07:31:46.568640
1647,"Cho Thuê Biệt Thự Nam Thông PMH Q7 - 450m2, 5PN, Đường 20m",70000000,0.15555556,450 m²,"Phường Tân Phong, Quận 7, Tp Hồ Chí Minh",Quận 7,Tp Hồ Chí Minh,10.73019,106.70033,Nhà ở,,5,4,5,,,,,[],12,Thuỷ Trần,,,2026-08-31 09:55:18,https://nha.chotot.com/tin/178484863,2026-09-17T07:31:46.568809
1648,Cần cho thuê nhà góc 2 Mặt Tiền 84A Phổ Quang P.2 Q.Tân Bình,30000000,0.3030303,99 m²,"Phường 2, Quận Tân Bình, Tp Hồ Chí Minh",Quận Tân Bình,Tp Hồ Chí Minh,10.806851,106.668365,Nhà ở,,5,5,4,,,1.0,60000000.0,[],6,Anh Thanh,,,2026-09-17 14:29:37,https://nha.chotot.com/tin/178839329,2026-09-17T07:31:46.568966
1649,Bán nhà lầu đúc kiên cố hẻm xe hơi rộng đường Dương Bá Trạc P1 Q8 ,11800000000,245.83333,48 m²,"Phường 1, Quận 8, Tp Hồ Chí Minh",Quận 8,Tp Hồ Chí Minh,10.74418,106.69049,Nhà ở,,4,4,4,Nam,2.0,1.0,,[],3,Nguyễn Thìn ,,4.4,2026-09-17 14:29:34,https://nha.chotot.com/tin/178839333,2026-09-17T07:31:46.569116
1650,"Bán nhà riêng 4mx18,3m",12300000000,169.65517,72.5 m²,"Phường Tân Sơn Nhì, Quận Tân Phú, Tp Hồ Chí Minh",Quận Tân Phú,Tp Hồ Chí Minh,10.796407,106.63215,Nhà ở,,1,,,,,,,[],3,Nguyễn Võ Châu Phát,,,2026-09-16 14:28:21,https://nha.chotot.com/tin/178817793,2026-09-17T07:31:46.569287
1651,cho thuê,25000000,0.41666666,60 m²,"Phường 8, Quận 5, Tp Hồ Chí Minh",Quận 5,Tp Hồ Chí Minh,10.756033,106.671135,Nhà ở,,4,5,3,Đông,3.0,1.0,50000000.0,[],3,Phạm Ánh Lan,,5.0,2026-09-17 12:38:51,https://nha.chotot.com/tin/178836750,2026-09-17T07:31:46.569452
1652,cho thuê nhà 2 tầng đường phan thanh sát đại học duy tân,11000000,0.22,50 m²,"Phường Thạc Gián, Quận Thanh Khê, Đà Nẵng",Quận Thanh Khê,Đà Nẵng,16.063013,108.208755,Nhà ở,,3,3,2,,1.0,,,[],10,Đại tuấn,,,2026-09-17 14:29:11,https://nha.chotot.com/tin/178839312,2026-09-17T07:31:46.569621
1653,Nhà riêng ngõ 31 phố mai động gần đền lừ dt40m2x4t giá 10tr,10000000,0.25,40 m²,"Phường Mai Động, Quận Hoàng Mai, Hà Nội",Quận Hoàng Mai,Hà Nội,20.988625,105.86115,Nhà ở,,4,3,4,Đông,2.0,1.0,10000000.0,[],6,phạm minh chính,,,2026-09-10 10:59:00,https://nha.chotot.com/tin/178378145,2026-09-17T07:31:46.569784
1654,bán nhà mặt tiền kinh doanh đường Trương Vĩnh Nguyên,5600000000,19.928825,281 m²,"Phường Phú Thứ, Quận Cái Răng, Cần Thơ",Quận Cái Răng,Cần Thơ,9.982768,105.78676,Nhà ở,,1,2,1,Đông Bắc,3.0,1.0,,[],5,Nguyen Tien Tai,,,2026-09-16 14:28:22,https://nha.chotot.com/tin/178149394,2026-09-17T07:31:46.569940
1655,"Bán biệt thự 2 lầu áp mái P. Thạnh Mỹ Tây, TP.HCM giá 43 tỷ",43000000000,511.90475,84 m²,"Phường 12, Quận 3, Tp Hồ Chí Minh",Quận 3,Tp Hồ Chí Minh,10.789393,106.675064,Nhà ở,,1,,,,,,,[],3,vũ thành,,,2026-09-17 14:28:31,https://nha.chotot.com/tin/178839248,2026-09-17T07:31:46.570244
1656,"Bán gấp nhà 1 lầu, sân thượng, 76m2, hẻm 5m vị trí hẻm 477/ Mã Lò",6950000000,91.447365,76 m²,"Phường Bình Hưng Hoà A, Quận Bình Tân, Tp Hồ Chí Minh",Quận Bình Tân,Tp Hồ Chí Minh,10.7823,106.59924,Nhà ở,,2,,2,,,,,[],3, Vương Nguyễn,,5.0,2026-09-17 14:28:31,https://nha.chotot.com/tin/178839292,2026-09-17T07:31:46.570605
1657,"Bán nhà mới khu đường bàn cờ thông 6m Đường Số 28, 4,5x15m, lửng,3 lầu",9500000000,158.33333,60 m²,"Phường 6, Quận Gò Vấp, Tp Hồ Chí Minh",Quận Gò Vấp,Tp Hồ Chí Minh,10.838439,106.6817,Nhà ở,,4,5,4,,,1.0,,[],8,TRUONG TAM,,,2026-09-17 14:28:04,https://nha.chotot.com/tin/175260106,2026-09-17T07:31:46.570784
1658,Gần Trường Lý Tự Trọng GV - Hẻm Ôtô - Nhà mới xây 4 Tầng 4PN - KQH KLG,6680000000,151.81818,44 m²,"Phường 15, Quận Gò Vấp, Tp Hồ Chí Minh",Quận Gò Vấp,Tp Hồ Chí Minh,10.847257,106.669334,Nhà ở,,4,4,4,,,1.0,,[],12,Lý Ngọc Thanh,,,2026-09-13 13:07:56,https://nha.chotot.com/tin/178748929,2026-09-17T07:31:46.570945
1659,"NHÀ MỚI ĐẸP, HẺM TẢI 1T2L 4PN NGAY PHẠM VĂN ĐỒNG",14000000,0.23333333,60 m²,"Phường Linh Tây (Quận Thủ Đức cũ), Thành phố Thủ Đức, Tp Hồ Chí Minh",Thành phố Thủ Đức,Tp Hồ Chí Minh,10.852818,106.75241,Nhà ở,,4,3,,,,,28000000.0,[],9,NHẤT NHÀ ĐẤT,,5.0,2026-09-11 11:23:04,https://nha.chotot.com/tin/178707503,2026-09-17T07:31:46.571106
1660,🏠 CHO THUÊ NHÀ NGUYÊN CĂN LÀM VĂN PHÒNG – THỦ ĐỨC,18000000,0.12,150 m²,"Phường Trường Thọ (Quận Thủ Đức cũ), Thành phố Thủ Đức, Tp Hồ Chí Minh",Thành phố Thủ Đức,Tp Hồ Chí Minh,10.831532,106.757996,Nhà ở,,4,,,,,,,[],3,Đăng Quang Rental,,,2026-09-17 14:27:44,https://nha.chotot.com/tin/178478419,2026-09-17T07:31:46.571270
1661,"HIẾM!!!! - Hẻm Sư Vạn Hạnh, P12, Q.10 - 5x20m, 4 Tầng, 400m2",38000000,0.38,100 m²,"Phường 12, Quận 10, Tp Hồ Chí Minh",Quận 10,Tp Hồ Chí Minh,10.775027,106.667755,Đất,,,,4,,,,,[],9,Ngô Thanh Hùng,,,2026-09-17 14:30:13,https://nha.chotot.com/tin/178839362,2026-09-17T07:31:47.989435
1662,CHO THUÊ HẺM NGUYỄN VĂN TRỖI TÂN BÌNH | 12x15m siêu rộng,58000000,0.58,100 m²,"Phường 10, Quận Tân Bình, Tp Hồ Chí Minh",Quận Tân Bình,Tp Hồ Chí Minh,10.798557,106.67042,Đất,,,,,,,,116000000.0,[],8,Dung tr,,,2026-09-17 14:29:35,https://nha.chotot.com/tin/178839347,2026-09-17T07:31:47.989802
1663,"Cho thuê nhà phố 5 tầng có thang máy, rèm đường D9",45000000,0.53571427,84 m²,"Phường Long Bình (Quận 9 cũ), Thành phố Thủ Đức, Tp Hồ Chí Minh",Thành phố Thủ Đức,Tp Hồ Chí Minh,10.84805,106.83874,Đất,,,,5,,3.0,1.0,,[],4,DUY HOMES,,,2026-09-09 09:41:13,https://nha.chotot.com/tin/178661906,2026-09-17T07:31:47.990029
1664,"Cho thuê vp phố nguyên hồng,đống đa,dt 68m2,giá 13tr/tháng",13000000,0.19117647,68 m²,"Phường Láng Hạ, Quận Đống Đa, Hà Nội",Quận Đống Đa,Hà Nội,21.015743,105.80971,Đất,,,,8,,1.0,1.0,,[],5,Đào Thành Lân,,,2026-09-17 14:27:34,https://nha.chotot.com/tin/178839277,2026-09-17T07:31:47.990213
1665,🔥 CHO THUÊ BIỆT THỰ SÂN VƯỜN NGUYỄN VĂN TRỖI – NGANG 12M – GIÁ 59TR/TH,59000000,0.118,500 m²,"Phường 10, Quận Phú Nhuận, Tp Hồ Chí Minh",Quận Phú Nhuận,Tp Hồ Chí Minh,10.798557,106.67042,Đất,,,,,,,,150000000.0,[],7,Kiều Hằng,,,2026-09-17 14:27:01,https://nha.chotot.com/tin/178839254,2026-09-17T07:31:47.990401
1666,Cho thuê kho 1200m QL1A Tam Bình chỉ 75k,90000000,0.075,1200 m²,"Phường Tam Bình (Quận Thủ Đức cũ), Thành phố Thủ Đức, Tp Hồ Chí Minh",Thành phố Thủ Đức,Tp Hồ Chí Minh,10.871881,106.739655,Đất,,,,,,,,3.0,[],3,Anhthe,,4.0,2026-09-14 18:07:53,https://nha.chotot.com/tin/178775394,2026-09-17T07:31:47.990607
1667,BIỆT THỰ SÂN VƯỜN KHU TỔ HỢP F&B VÀ ĐA NGÀNH NGHỀ TRUNG TÂM QUẬN 3 ,115000000,0.34848484,330 m²,"Phường Võ Thị Sáu, Quận 3, Tp Hồ Chí Minh",Quận 3,Tp Hồ Chí Minh,10.788824,106.690765,Đất,,,,,,,,,[],9,Yến Ngọc,,,2026-09-17 14:25:23,https://nha.chotot.com/tin/178839200,2026-09-17T07:31:48.007255
1668,🍑Đoạn Đẹp NGUYỄN GIA TRÍ - 4x25m (Trệt 2 Lầu)🍑,65000000,0.21666667,300 m²,"Phường 25, Quận Bình Thạnh, Tp Hồ Chí Minh",Quận Bình Thạnh,Tp Hồ Chí Minh,10.810227,106.71722,Đất,,,,,,,,,[],6,Nhà Phố Cho Thuê,,,2026-09-17 14:24:57,https://nha.chotot.com/tin/175622468,2026-09-17T07:31:48.007488
1669,"🌟10x15m - TRẦN QUỐC TOẢN, Quận 3🌟 Trệt 2 Lầu",60000000,0.13333334,450 m²,"Phường Võ Thị Sáu, Quận 3, Tp Hồ Chí Minh",Quận 3,Tp Hồ Chí Minh,10.78659,106.68779,Đất,,,,,,,,,[],4,Nhà Phố Cho Thuê,,,2026-09-17 14:24:26,https://nha.chotot.com/tin/175903201,2026-09-17T07:31:48.007827
1670,cho thuê 100m văn phòng giá 30 tr,30000000,0.3,100 m²,"Phường An Khánh (Quận 2 cũ), Thành phố Thủ Đức, Tp Hồ Chí Minh",Thành phố Thủ Đức,Tp Hồ Chí Minh,10.79159,106.73052,Đất,,,,,,,,60000000.0,[],3,Nguyễn Văn Hậu,,,2026-09-05 13:44:09,https://nha.chotot.com/tin/178581677,2026-09-17T07:31:48.008083
1671,CHO THUÊ TÒA NHÀ VĂN PHÒNG NGUYỄN VĂN TRỖI NGAY NGÃ TƯ PHÚ NHUẬN,130000000,0.096296296,1350 m²,"Phường 10, Quận Phú Nhuận, Tp Hồ Chí Minh",Quận Phú Nhuận,Tp Hồ Chí Minh,10.798557,106.67042,Đất,,,,,,,,,[],3,Anh Đào,,,2026-09-12 11:08:02,https://nha.chotot.com/tin/178727010,2026-09-17T07:31:48.008273
1672,Mặt bằng đẹp Hồ Văn Huê 30m2,7490000,0.24966666,30 m²,"Phường 9, Quận Phú Nhuận, Tp Hồ Chí Minh",Quận Phú Nhuận,Tp Hồ Chí Minh,10.80251,106.67629,Đất,,,,,,,,7490000.0,[],7,NGUYỄN THỊ ANH THƯ,,,2026-09-06 15:25:13,https://nha.chotot.com/tin/178603931,2026-09-17T07:31:48.008589
1673,"🇻🇳SHOPHOUSE 3 TẦNG MẶT TIỀN MÊ LINH | GẦN ORI, KCN HÒA KHÁNH",14000000,0.11666667,120 m²,"Phường Hòa Hiệp Nam, Quận Liên Chiểu, Đà Nẵng",Quận Liên Chiểu,Đà Nẵng,16.09171,108.12595,Đất,,04,,3,,,,,[],10,Ngô Văn Cảnh,,4.4,2026-09-17 14:22:04,https://nha.chotot.com/tin/178839109,2026-09-17T07:31:48.008859
1674,🔥 HẺM XE HƠI  HUỲNH VĂN BÁNH – PHÚ NHUẬN | 4PN – 4WC | CHỈ 2x,23000000,0.23,100 m²,"Phường 10, Quận Phú Nhuận, Tp Hồ Chí Minh",Quận Phú Nhuận,Tp Hồ Chí Minh,10.791831,106.671616,Đất,,4,,,,,,46000000.0,[],6,Dung tr,,,2026-09-17 14:21:51,https://nha.chotot.com/tin/178839122,2026-09-17T07:31:48.009099
1675,"Măt tiền Nguyễn Cư Trinh, Quận 1 (Ngang 17m)",90000000,0.45,200 m²,"Phường Nguyễn Cư Trinh, Quận 1, Tp Hồ Chí Minh",Quận 1,Tp Hồ Chí Minh,10.763458,106.68884,Đất,,,,,,,,,[],5,Nhà Phố Cho Thuê,,,2026-09-17 14:21:14,https://nha.chotot.com/tin/178280784,2026-09-17T07:31:48.009280
1676,"🔥GÓC 2MT - NGUYỄN TRÃI, Bến Thành, Q1🔥400m2 sử dụng",150000000,0.375,400 m²,"Phường Bến Thành, Quận 1, Tp Hồ Chí Minh",Quận 1,Tp Hồ Chí Minh,10.771166,106.68731,Đất,,,,,,,,,[],4,Nhà Phố Cho Thuê,,,2026-09-17 14:20:35,https://nha.chotot.com/tin/175556911,2026-09-17T07:31:48.009548
1677,CHO THUÊ TÒA NHÀ 2 MẶT TIỀN VÕ VĂN NGÂN DT 12M X 36M TP THỦ ĐỨC,100000000,0.07692308,1300 m²,"Phường Bình Thọ (Quận Thủ Đức cũ), Thành phố Thủ Đức, Tp Hồ Chí Minh",Thành phố Thủ Đức,Tp Hồ Chí Minh,10.850573,106.76223,Đất,,,,,,,1.0,,[],3,Oanh Home,,,2026-09-17 14:20:21,https://nha.chotot.com/tin/178262159,2026-09-17T07:31:48.009802
1678,"🔥 CHO THUÊ TẦNG 7 160m2 – 104A XUÂN THUỶ, THẢO ĐIỀN, Q2 🔥",50000000,0.3125,160 m²,"Phường Thảo Điền (Quận 2 cũ), Thành phố Thủ Đức, Tp Hồ Chí Minh",Thành phố Thủ Đức,Tp Hồ Chí Minh,10.803889,106.73543,Đất,,,,,,,,150000000.0,[],8,Kiều Hằng,,,2026-09-17 14:18:58,https://nha.chotot.com/tin/178839027,2026-09-17T07:31:48.009987
1679,Cho thuê  Shophouse Panorama Phú Mỹ Hưng 2 tầng 50tr/th,50000000,0.35460994,141 m²,"Phường Tân Phong, Quận 7, Tp Hồ Chí Minh",Quận 7,Tp Hồ Chí Minh,10.72168,106.71284,Đất,,,,2,Tây Nam,,1.0,,[],7,Dân,,,2026-09-17 14:18:55,https://nha.chotot.com/tin/177011854,2026-09-17T07:31:48.010171
1680,Kho trống VIEW SÔNG 235/50A Đặng Thùy Trâm. DT 8X20M.,20000000,0.125,160 m²,"Phường 13, Quận Bình Thạnh, Tp Hồ Chí Minh",Quận Bình Thạnh,Tp Hồ Chí Minh,10.824377,106.70332,Đất,,,,,,2.0,1.0,,[],3,Anh Dũng,,4.0,2026-09-17 14:17:42,https://nha.chotot.com/tin/167862234,2026-09-17T07:31:48.010365
1681,CHO THUÊ NHÀ ĐƯỜNG QUỐC HƯƠNG GIÁ 27 TRIỆU ,27000000,0.36,75 m²,"Phường Thảo Điền (Quận 2 cũ), Thành phố Thủ Đức, Tp Hồ Chí Minh",Thành phố Thủ Đức,Tp Hồ Chí Minh,10.807138,106.73095,Nhà ở,,2,2,2,,,,,[],6,Phương,,,2026-09-17 14:31:17,https://nha.chotot.com/tin/178839383,2026-09-17T07:31:49.500420
1682,"CHO THUÊ NHÀ  PHẠM QUÝ THÍCH   P.PHÚ THỌ HOÀ, TÂN PHÚ   📐 Diện tích: 4",10500000,0.125,84 m²,"Phường Tân Quý, Quận Tân Phú, Tp Hồ Chí Minh",Quận Tân Phú,Tp Hồ Chí Minh,10.789263,106.62116,Nhà ở,,1,1,,,,,,[],3,Thu,,4.0,2026-09-17 14:31:09,https://nha.chotot.com/tin/178839386,2026-09-17T07:31:49.500745
1683,Gia đình có việc cần chuyển nhượng căn hộ gần Depot Tham Lương 2PN,3500000000,57.37705,61 m²,"Phường Tân Thới Nhất, Quận 12, Tp Hồ Chí Minh",Quận 12,Tp Hồ Chí Minh,10.82442,106.62025,Căn hộ/Chung cư,1.0,2,1,,,3.0,6.0,,[],5,Đơn Phương,,,2026-09-10 10:12:16,https://nha.chotot.com/tin/178684712,2026-09-17T07:31:49.500954
1684,"CHO THUÊ NHÀ NGUYÊN CĂN – PHƯỜNG LINH TÂY, TP. THỦ ĐỨC  📍 Địa chỉ: 145",10000000,0.14285715,70 m²,"Phường Linh Tây (Quận Thủ Đức cũ), Thành phố Thủ Đức, Tp Hồ Chí Minh",Thành phố Thủ Đức,Tp Hồ Chí Minh,10.86056,106.756256,Nhà ở,,2,,,,,,,[],6,Đăng Quang Rental,,,2026-09-17 14:31:05,https://nha.chotot.com/tin/178839388,2026-09-17T07:31:49.501159
1685,Nhà 3 Rưỡi - Mặt Tiền Hải Châu Gần Đống Đa ( SỤP ),5500000000,110.0,50 m²,"Phường Thuận Phước, Quận Hải Châu, Đà Nẵng",Quận Hải Châu,Đà Nẵng,16.08619,108.21645,Nhà ở,,6,,5,,,,,[],7,hưng thịnh,,5.0,2026-09-02 10:54:17,https://nha.chotot.com/tin/178518870,2026-09-17T07:31:49.501408
1686,"[GIÁ RẺ] NHÀ NGUYÊN CĂN 1 TRỆT 1 LẦU GẦN EMART, CHỢ TÂN SƠN",8000000,0.14285715,56 m²,"Phường 12, Quận Gò Vấp, Tp Hồ Chí Minh",Quận Gò Vấp,Tp Hồ Chí Minh,10.832696,106.63855,Nhà ở,,2,2,1,,,,,[],8,THÀNH ĐẠT CHUYÊN CHO THUÊ PHÒNG TRỌ CHDV GIÁ TỐT,,,2026-09-17 14:30:48,https://nha.chotot.com/tin/178839377,2026-09-17T07:31:49.501619
1687,"Cho thuê giá tốt 3PN view sông, nội thất xịn, Vinhomes Central Park",35000000,0.3043478,115 m²,"Phường 22, Quận Bình Thạnh, Tp Hồ Chí Minh",Quận Bình Thạnh,Tp Hồ Chí Minh,10.79387,106.72032,Căn hộ/Chung cư,1.0,3,2,,,1.0,6.0,,[],12,Huyền Nguyễn,,,2026-09-02 15:25:06,https://nha.chotot.com/tin/178523171,2026-09-17T07:31:49.501800
1688,Giá Thuê : 9tr/1 tháng Cho Thuê Nhà Đường Bùi Quang Là P12 Q. gò Vấp -,9000000,0.140625,64 m²,"Phường 12, Quận Gò Vấp, Tp Hồ Chí Minh",Quận Gò Vấp,Tp Hồ Chí Minh,10.835113,106.6396,Nhà ở,,2,2,,Tây,,,1.0,[],6,Quang Huy,,5.0,2026-09-07 10:48:48,https://nha.chotot.com/tin/178617090,2026-09-17T07:31:49.501982
1689,"BÁN GẤP NHÀ KQH HOÀNG DIỆU PHƯỜNG CAM LY ĐÀ LẠT CHỈ 5,4 TỶ",5400000000,120.0,45 m²,"Phường 5, Thành phố Đà Lạt, Lâm Đồng",Thành phố Đà Lạt,Lâm Đồng,11.942885,108.427925,Nhà ở,,3,2,3,Tây Bắc,3.0,,,[],4,Tô Hoàng Phương Trinh,,,2026-09-15 15:32:14,https://nha.chotot.com/tin/178796817,2026-09-17T07:31:49.502144
1690,KHAI TRƯƠNG PHÒNG TRỌ SINH VIÊN GIÁ RẺ NGAY ĐH CÔNG THƯƠNG TÂN PHÚ,3500000,0.14,25 m²,"Phường Tân Sơn Nhì, Quận Tân Phú, Tp Hồ Chí Minh",Quận Tân Phú,Tp Hồ Chí Minh,10.801903,106.625885,Phòng trọ,,,,,,,,3500000.0,[],5,Kiều Oanh NeWay Home ,,5.0,2026-09-17 14:30:15,https://nha.chotot.com/tin/178453357,2026-09-17T07:31:49.502325
1691,"HIẾM!!!! - Hẻm Sư Vạn Hạnh, P12, Q.10 - 5x20m, 4 Tầng, 400m2",38000000,0.38,100 m²,"Phường 12, Quận 10, Tp Hồ Chí Minh",Quận 10,Tp Hồ Chí Minh,10.775027,106.667755,Đất,,,,4,,,,,[],9,Ngô Thanh Hùng,,,2026-09-17 14:30:13,https://nha.chotot.com/tin/178839362,2026-09-17T07:31:49.502563
1692,Bán Đất Lô Góc Võ Văn Vân giá cực tốt,4190000000,37.410713,112 m²,"Xã Vĩnh Lộc B, Huyện Bình Chánh, Tp Hồ Chí Minh",Huyện Bình Chánh,Tp Hồ Chí Minh,10.773623,106.57547,Văn phòng/Mặt bằng,,,,,,,1.0,,[],6,Thanh Hưng,,3.4,2026-09-09 18:08:26,https://nha.chotot.com/tin/178674907,2026-09-17T07:31:49.502745
1693,"BCONS ARIA TRẢ TRƯỚC CHỈ 5% CHIẾT KHẤU 8,5% HỖ TRỢ LS 6,9% TRONG 4 NĂM",2600000000,49.056602,53 m²,"Phường Đông Hòa, Thành phố Dĩ An, Bình Dương",Thành phố Dĩ An,Bình Dương,10.89115,106.8022,Căn hộ/Chung cư,1.0,2,2,37,Tây,3.0,4.0,,[],12,Huy Hoàng Bcons ,,,2026-08-25 09:52:10,https://nha.chotot.com/tin/178364490,2026-09-17T07:31:49.502935
1694,"CHO THUÊ CĂN HỘ MỚI 2 PHÒNG NGỦ, DIỆN TÍCH 60M² ",13500000,0.20769231,65 m²,"Phường Khuê Mỹ, Quận Ngũ Hành Sơn, Đà Nẵng",Quận Ngũ Hành Sơn,Đà Nẵng,16.023426,108.2459,Căn hộ/Chung cư,2.0,2,,,,2.0,,,[],4,VANA,,,2026-09-17 14:30:06,https://nha.chotot.com/tin/178838887,2026-09-17T07:31:49.503098
1695,Bán căn Hưng Phát Silver Star - sát vách sunrise reverside - 4.6ty,4350000000,41.037735,106 m²,"Xã Phước Kiển, Huyện Nhà Bè, Tp Hồ Chí Minh",Huyện Nhà Bè,Tp Hồ Chí Minh,10.70387,106.71276,Căn hộ/Chung cư,1.0,3,,,Tây Nam,2.0,6.0,,[],9,Vân,,4.8,2026-09-03 11:16:19,https://nha.chotot.com/tin/177025273,2026-09-17T07:31:49.503267
1696,Nhà mới DT:4x9m 2 Tầng 2pn 2wc hẻm 1942 Huỳnh Tấn Phát,1960000000,61.25,32 m²,"Thị trấn Nhà Bè, Huyện Nhà Bè, Tp Hồ Chí Minh",Huyện Nhà Bè,Tp Hồ Chí Minh,10.698072,106.738914,Nhà ở,,2,,2,,,,,[],11,Nam Phú Gia,,,2026-09-06 06:52:42,https://nha.chotot.com/tin/178593726,2026-09-17T07:31:49.503526
1697,Cho thuê CC Garden gate 40m2 Offictel 1WC giá cực tốt chỉ 11tr/th ,11000000,0.31428573,35 m²,"Phường 9, Quận Phú Nhuận, Tp Hồ Chí Minh",Quận Phú Nhuận,Tp Hồ Chí Minh,10.80964,106.67425,Căn hộ/Chung cư,1.0,1,1,,,,,,[],3,Nguyễn Hoàng Toàn,,,2026-09-15 10:14:56,https://nha.chotot.com/tin/178787965,2026-09-17T07:31:49.503709
1698,🏡Khai Trương Ký túc xá ngay ngã tư Hàng xanh đầy đủ tiện nghi 🎉KTX,1700000,0.04857143,35 m²,"Phường 25, Quận Bình Thạnh, Tp Hồ Chí Minh",Quận Bình Thạnh,Tp Hồ Chí Minh,10.802271,106.71938,Phòng trọ,,,,,,,,1700000.0,[],4,LQ Vinhomes,,,2026-08-24 10:56:00,https://nha.chotot.com/tin/163698886,2026-09-17T07:31:49.503890
1699,Nhà Lầu 4 Tầng Hẻm Oto Xây Mới 100% Âu Dương Lân P2 Q8,8600000000,204.7619,42 m²,"Phường 2, Quận 8, Tp Hồ Chí Minh",Quận 8,Tp Hồ Chí Minh,10.742134,106.685104,Nhà ở,,4,3,4,,2.0,1.0,,[],8,Phạm Quốc Thắng,,,2026-09-17 14:29:58,https://nha.chotot.com/tin/178839361,2026-09-17T07:31:49.504052
1700,Lô đất 2500m thổ cư mặt tiền Hồ khu Biệt thự nghỉ dưỡng,4000000000,1.6891892,2368 m²,"Xã Đinh Lạc, Huyện Di Linh, Lâm Đồng",Huyện Di Linh,Lâm Đồng,11.63063,108.13101,Văn phòng/Mặt bằng,,,,,,,1.0,,[],4,Nguyễn Anh Sang,,4.1,2026-09-17 14:29:58,https://nha.chotot.com/tin/178141305,2026-09-17T07:31:49.504203
1701,🥳🥳Một Căn Hộ Vừa Đẹp- Vừa Tiện Nghi - Vừa Có Không Gian Sống Thoángãng,12000000,0.4,30 m²,"Phường Thảo Điền (Quận 2 cũ), Thành phố Thủ Đức, Tp Hồ Chí Minh",Thành phố Thủ Đức,Tp Hồ Chí Minh,10.806585,106.72578,Căn hộ/Chung cư,2.0,1,,,,,,12000000.0,[],10,Hồng Loan HIFRIENDZ,,,2026-09-17 14:31:31,https://nha.chotot.com/tin/178373155,2026-09-17T07:31:50.882756
1702,"🌧️🫧🏡 CĂN HỘ HIỆN ĐẠI – GỌN GÀNG, ẤM ÁP, ĐỦ ĐẦY TIỆN NGHI ✨😅🥹",7000000,0.23333333,30 m²,"Phường An Phú (Quận 2 cũ), Thành phố Thủ Đức, Tp Hồ Chí Minh",Thành phố Thủ Đức,Tp Hồ Chí Minh,10.794329,106.742546,Căn hộ/Chung cư,2.0,1,,,,,,7000000.0,[],7,Hồng Loan HIFRIENDZ,,,2026-09-17 14:31:18,https://nha.chotot.com/tin/178372865,2026-09-17T07:31:50.883061
1703,Gia đình có việc cần chuyển nhượng căn hộ gần Depot Tham Lương 2PN,3500000000,57.37705,61 m²,"Phường Tân Thới Nhất, Quận 12, Tp Hồ Chí Minh",Quận 12,Tp Hồ Chí Minh,10.82442,106.62025,Căn hộ/Chung cư,1.0,2,1,,,3.0,6.0,,[],5,Đơn Phương,,,2026-09-10 10:12:16,https://nha.chotot.com/tin/178684712,2026-09-17T07:31:50.883261
1704,"Cho thuê giá tốt 3PN view sông, nội thất xịn, Vinhomes Central Park",35000000,0.3043478,115 m²,"Phường 22, Quận Bình Thạnh, Tp Hồ Chí Minh",Quận Bình Thạnh,Tp Hồ Chí Minh,10.79387,106.72032,Căn hộ/Chung cư,1.0,3,2,,,1.0,6.0,,[],12,Huyền Nguyễn,,,2026-09-02 15:25:06,https://nha.chotot.com/tin/178523171,2026-09-17T07:31:50.883470
1705,"BCONS ARIA TRẢ TRƯỚC CHỈ 5% CHIẾT KHẤU 8,5% HỖ TRỢ LS 6,9% TRONG 4 NĂM",2600000000,49.056602,53 m²,"Phường Đông Hòa, Thành phố Dĩ An, Bình Dương",Thành phố Dĩ An,Bình Dương,10.89115,106.8022,Căn hộ/Chung cư,1.0,2,2,37,Tây,3.0,4.0,,[],12,Huy Hoàng Bcons ,,,2026-08-25 09:52:10,https://nha.chotot.com/tin/178364490,2026-09-17T07:31:50.883737
1706,"CHO THUÊ CĂN HỘ MỚI 2 PHÒNG NGỦ, DIỆN TÍCH 60M² ",13500000,0.20769231,65 m²,"Phường Khuê Mỹ, Quận Ngũ Hành Sơn, Đà Nẵng",Quận Ngũ Hành Sơn,Đà Nẵng,16.023426,108.2459,Căn hộ/Chung cư,2.0,2,,,,2.0,,,[],4,VANA,,,2026-09-17 14:30:06,https://nha.chotot.com/tin/178838887,2026-09-17T07:31:50.883936
1707,Bán căn Hưng Phát Silver Star - sát vách sunrise reverside - 4.6ty,4350000000,41.037735,106 m²,"Xã Phước Kiển, Huyện Nhà Bè, Tp Hồ Chí Minh",Huyện Nhà Bè,Tp Hồ Chí Minh,10.70387,106.71276,Căn hộ/Chung cư,1.0,3,,,Tây Nam,2.0,6.0,,[],9,Vân,,4.8,2026-09-03 11:16:19,https://nha.chotot.com/tin/177025273,2026-09-17T07:31:50.884123
1708,Cho thuê CC Garden gate 40m2 Offictel 1WC giá cực tốt chỉ 11tr/th ,11000000,0.31428573,35 m²,"Phường 9, Quận Phú Nhuận, Tp Hồ Chí Minh",Quận Phú Nhuận,Tp Hồ Chí Minh,10.80964,106.67425,Căn hộ/Chung cư,1.0,1,1,,,,,,[],3,Nguyễn Hoàng Toàn,,,2026-09-15 10:14:56,https://nha.chotot.com/tin/178787965,2026-09-17T07:31:50.884299
1709,KHAI TRƯƠNG ĐUPLEX 3🍠X ĐƯỜNG SỐ 1_NGUYỄN THỊ TÚ NHẬN XE ĐIỆN FULL NT,3700000,0.13214286,28 m²,"Phường Bình Hưng Hoà B, Quận Bình Tân, Tp Hồ Chí Minh",Quận Bình Tân,Tp Hồ Chí Minh,10.807803,106.59462,Căn hộ/Chung cư,3.0,1,1,,,2.0,4.0,1000000.0,[],11,Triệu an HiFriendz Tp ,,5.0,2026-09-17 14:29:46,https://nha.chotot.com/tin/178839353,2026-09-17T07:31:50.884472
1710,"Chung cư Tecco Green - Phan Văn Hớn căn 2p ngủ , full NT, giá 7,3tr/th",7300000,0.1,73 m²,"Phường Tân Thới Nhất, Quận 12, Tp Hồ Chí Minh",Quận 12,Tp Hồ Chí Minh,10.82954,106.61561,Căn hộ/Chung cư,1.0,2,2,,,2.0,6.0,,[],6,Phí Linh,,,2026-09-17 14:29:29,https://nha.chotot.com/tin/178839257,2026-09-17T07:31:50.884662
1711,💥CHDV - FUL NT - 2PN - BALCONY THOÁNG ⚡️ PHAN ĐĂNG LƯU - BÙI ĐÌNH TUÝ 💥,7800000,0.111428574,70 m²,"Phường 1, Quận Bình Thạnh, Tp Hồ Chí Minh",Quận Bình Thạnh,Tp Hồ Chí Minh,10.802451,106.697495,Căn hộ/Chung cư,2.0,2,,,,,,,[],12,Lương Thanh Trúc,,,2026-09-12 21:54:42,https://nha.chotot.com/tin/178437508,2026-09-17T07:31:50.884835
1712,"💥 HÀ ĐÔ CENTROSA – 2PN 2WC – NHÀ ĐẸP, FULL NỘI THẤT – Ở LIỀN CHỈ 22TR",22000000,0.25581396,86 m²,"Phường 12, Quận 10, Tp Hồ Chí Minh",Quận 10,Tp Hồ Chí Minh,10.7762,106.67889,Căn hộ/Chung cư,1.0,2,2,,,,,,[],12,Hoàng Dung,,4.5,2026-09-17 11:07:05,https://nha.chotot.com/tin/178834497,2026-09-17T07:31:50.885000
1713,"CĂN HỘ MINI CAO CẤP MỚI 100%, FULL NỘI THẤT NGAY ẺMART PHAN HUY ÍCH",5000000,0.2,25 m²,"Phường 12, Quận Gò Vấp, Tp Hồ Chí Minh",Quận Gò Vấp,Tp Hồ Chí Minh,10.837349,106.636284,Căn hộ/Chung cư,2.0,1,1,,,1.0,4.0,5000000.0,[],12,Alo Ngoc Hoang,,5.0,2026-09-17 14:28:24,https://nha.chotot.com/tin/178839301,2026-09-17T07:31:50.885187
1714,TÌM NỮ Ở GHÉP CĂN CHUNG CƯ 2PN,4500000,0.071428575,63 m²,"Phường Phú Thuận, Quận 7, Tp Hồ Chí Minh",Quận 7,Tp Hồ Chí Minh,10.722,106.7433,Căn hộ/Chung cư,1.0,2,2,,,2.0,4.0,4500000.0,[],7,Kim Thanh,,5.0,2026-09-17 14:28:16,https://nha.chotot.com/tin/178839296,2026-09-17T07:31:50.885365
1715,Khách Cần Tiền Ra Di Căn 2PN Hiyori Siêu Mới,5200000000,83.870964,62 m²,"Phường An Hải Đông, Quận Sơn Trà, Đà Nẵng",Quận Sơn Trà,Đà Nẵng,16.06191,108.23652,Căn hộ/Chung cư,1.0,2,2,,,1.0,2.0,,[],11,Hồng Công,,,2026-09-17 14:26:46,https://nha.chotot.com/tin/171220229,2026-09-17T07:31:50.885587
1716,⭐ RIVER PANORAMA CHO THUÊ 3PN2WC FULL NỘI THẤT VIEW ĐẸP CHỈ 19 TRIỆU,19000000,0.21111111,90 m²,"Phường Phú Mỹ, Quận 7, Tp Hồ Chí Minh",Quận 7,Tp Hồ Chí Minh,10.71422,106.73743,Căn hộ/Chung cư,1.0,3,2,,,2.0,6.0,,[],12,Huy,,5.0,2026-09-08 14:36:21,https://nha.chotot.com/tin/172861126,2026-09-17T07:31:50.885854
1717,"THẢO ĐIỀN, QUẬN 2 🏡 CHO THUÊ CHDV CAO CẤP💘 1PN BAN CÔNG FULL NỘI THẤT",11000000,0.22,50 m²,"Phường Thảo Điền (Quận 2 cũ), Thành phố Thủ Đức, Tp Hồ Chí Minh",Thành phố Thủ Đức,Tp Hồ Chí Minh,10.803914,106.72912,Căn hộ/Chung cư,2.0,1,1,,Đông Bắc,1.0,4.0,11000000.0,[],11,Phương An Chuyên Căn Hộ Quận 2,,5.0,2026-09-11 14:06:45,https://nha.chotot.com/tin/177928071,2026-09-17T07:31:50.886044
1718,CHDV FULL NỘI THẤT MỚI KENG GẦN MEGA MARKET Q12,3900000,0.156,25 m²,"Phường Tân Thới Hiệp, Quận 12, Tp Hồ Chí Minh",Quận 12,Tp Hồ Chí Minh,10.887289,106.64767,Căn hộ/Chung cư,2.0,1,1,4,,2.0,4.0,,[],10,Anh Tuấn Tìm Phòng,,5.0,2026-09-17 14:26:20,https://nha.chotot.com/tin/178839237,2026-09-17T07:31:50.886217
1719,CHO THUÊ CĂN HỘ DUPLEX 2  GIƯỜNG NGỦ FULL NỘI THẤT CÓ CỬA SỔ THOÁNG,6000000,0.13333334,45 m²,"Phường 8, Thành phố Đà Lạt, Lâm Đồng",Thành phố Đà Lạt,Lâm Đồng,11.977858,108.45107,Căn hộ/Chung cư,3.0,1,1,,,,,,[],9,Quang gohome,,,2026-09-17 14:26:16,https://nha.chotot.com/tin/178839207,2026-09-17T07:31:50.886381
1720,Khách Cần Tiền Bán Gấp Căn Ponte 1PN Stu View Biển Giá Cực Rẻ ,2700000000,103.84615,26 m²,"Phường An Hải Tây, Quận Sơn Trà, Đà Nẵng",Quận Sơn Trà,Đà Nẵng,16.059008,108.23034,Căn hộ/Chung cư,1.0,1,2,,Tây,4.0,6.0,,[],6,Hồng Công,,,2026-09-17 14:26:02,https://nha.chotot.com/tin/178096332,2026-09-17T07:31:50.886580
1721,Bán nhà hẻm 184 thoáng đường Âu Dương Lân P3 Q8 ,3180000000,104.605606,30.3999 m²,"Phường 3, Quận 8, Tp Hồ Chí Minh",Quận 8,Tp Hồ Chí Minh,10.745962,106.68301,Nhà ở,,2,2,2,,2.0,1.0,,[],5, Như Ý,,,2026-09-17 14:31:29,https://nha.chotot.com/tin/178502242,2026-09-17T07:31:52.480176
1722,HÀNG HIẾM KHÓ TÌM - NHÀ C4 144m² S.H.R - CHỈ 820TR - TÂN AN HỘI CỦ CHI,820000000,5.6944447,144 m²,"Xã Tân An Hội, Huyện Củ Chi, Tp Hồ Chí Minh",Huyện Củ Chi,Tp Hồ Chí Minh,10.9593525,106.48182,Nhà ở,,2,1,1,,4.0,4.0,,[],8,Nguyễn Văn Quốc,,,2026-09-17 14:31:19,https://nha.chotot.com/tin/178838518,2026-09-17T07:31:52.480536
1723,CHO THUÊ NHÀ ĐƯỜNG QUỐC HƯƠNG GIÁ 27 TRIỆU ,27000000,0.36,75 m²,"Phường Thảo Điền (Quận 2 cũ), Thành phố Thủ Đức, Tp Hồ Chí Minh",Thành phố Thủ Đức,Tp Hồ Chí Minh,10.807138,106.73095,Nhà ở,,2,2,2,,,,,[],6,Phương,,,2026-09-17 14:31:17,https://nha.chotot.com/tin/178839383,2026-09-17T07:31:52.480742
1724,"CHO THUÊ NHÀ  PHẠM QUÝ THÍCH   P.PHÚ THỌ HOÀ, TÂN PHÚ   📐 Diện tích: 4",10500000,0.125,84 m²,"Phường Tân Quý, Quận Tân Phú, Tp Hồ Chí Minh",Quận Tân Phú,Tp Hồ Chí Minh,10.789263,106.62116,Nhà ở,,1,1,,,,,,[],3,Thu,,4.0,2026-09-17 14:31:09,https://nha.chotot.com/tin/178839386,2026-09-17T07:31:52.480940
1725,"CHO THUÊ NHÀ NGUYÊN CĂN – PHƯỜNG LINH TÂY, TP. THỦ ĐỨC  📍 Địa chỉ: 145",10000000,0.14285715,70 m²,"Phường Linh Tây (Quận Thủ Đức cũ), Thành phố Thủ Đức, Tp Hồ Chí Minh",Thành phố Thủ Đức,Tp Hồ Chí Minh,10.86056,106.756256,Nhà ở,,2,,,,,,,[],6,Đăng Quang Rental,,,2026-09-17 14:31:05,https://nha.chotot.com/tin/178839388,2026-09-17T07:31:52.481179
1726,Nhà 3 Rưỡi - Mặt Tiền Hải Châu Gần Đống Đa ( SỤP ),5500000000,110.0,50 m²,"Phường Thuận Phước, Quận Hải Châu, Đà Nẵng",Quận Hải Châu,Đà Nẵng,16.08619,108.21645,Nhà ở,,6,,5,,,,,[],7,hưng thịnh,,5.0,2026-09-02 10:54:17,https://nha.chotot.com/tin/178518870,2026-09-17T07:31:52.481365
1727,"[GIÁ RẺ] NHÀ NGUYÊN CĂN 1 TRỆT 1 LẦU GẦN EMART, CHỢ TÂN SƠN",8000000,0.14285715,56 m²,"Phường 12, Quận Gò Vấp, Tp Hồ Chí Minh",Quận Gò Vấp,Tp Hồ Chí Minh,10.832696,106.63855,Nhà ở,,2,2,1,,,,,[],8,THÀNH ĐẠT CHUYÊN CHO THUÊ PHÒNG TRỌ CHDV GIÁ TỐT,,,2026-09-17 14:30:48,https://nha.chotot.com/tin/178839377,2026-09-17T07:31:52.481555
1728,Giá Thuê : 9tr/1 tháng Cho Thuê Nhà Đường Bùi Quang Là P12 Q. gò Vấp -,9000000,0.140625,64 m²,"Phường 12, Quận Gò Vấp, Tp Hồ Chí Minh",Quận Gò Vấp,Tp Hồ Chí Minh,10.835113,106.6396,Nhà ở,,2,2,,Tây,,,1.0,[],6,Quang Huy,,5.0,2026-09-07 10:48:48,https://nha.chotot.com/tin/178617090,2026-09-17T07:31:52.481721
1729,"BÁN GẤP NHÀ KQH HOÀNG DIỆU PHƯỜNG CAM LY ĐÀ LẠT CHỈ 5,4 TỶ",5400000000,120.0,45 m²,"Phường 5, Thành phố Đà Lạt, Lâm Đồng",Thành phố Đà Lạt,Lâm Đồng,11.942885,108.427925,Nhà ở,,3,2,3,Tây Bắc,3.0,,,[],4,Tô Hoàng Phương Trinh,,,2026-09-15 15:32:14,https://nha.chotot.com/tin/178796817,2026-09-17T07:31:52.481920
1730,Nhà mới DT:4x9m 2 Tầng 2pn 2wc hẻm 1942 Huỳnh Tấn Phát,1960000000,61.25,32 m²,"Thị trấn Nhà Bè, Huyện Nhà Bè, Tp Hồ Chí Minh",Huyện Nhà Bè,Tp Hồ Chí Minh,10.698072,106.738914,Nhà ở,,2,,2,,,,,[],11,Nam Phú Gia,,,2026-09-06 06:52:42,https://nha.chotot.com/tin/178593726,2026-09-17T07:31:52.482078
1731,Nhà Lầu 4 Tầng Hẻm Oto Xây Mới 100% Âu Dương Lân P2 Q8,8600000000,204.7619,42 m²,"Phường 2, Quận 8, Tp Hồ Chí Minh",Quận 8,Tp Hồ Chí Minh,10.742134,106.685104,Nhà ở,,4,3,4,,2.0,1.0,,[],8,Phạm Quốc Thắng,,,2026-09-17 14:29:58,https://nha.chotot.com/tin/178839361,2026-09-17T07:31:52.482239
1732,"Cho Thuê Biệt Thự Nam Thông PMH Q7 - 450m2, 5PN, Đường 20m",70000000,0.15555556,450 m²,"Phường Tân Phong, Quận 7, Tp Hồ Chí Minh",Quận 7,Tp Hồ Chí Minh,10.73019,106.70033,Nhà ở,,5,4,5,,,,,[],12,Thuỷ Trần,,,2026-08-31 09:55:18,https://nha.chotot.com/tin/178484863,2026-09-17T07:31:52.482393
1733,Cần cho thuê nhà góc 2 Mặt Tiền 84A Phổ Quang P.2 Q.Tân Bình,30000000,0.3030303,99 m²,"Phường 2, Quận Tân Bình, Tp Hồ Chí Minh",Quận Tân Bình,Tp Hồ Chí Minh,10.806851,106.668365,Nhà ở,,5,5,4,,,1.0,60000000.0,[],6,Anh Thanh,,,2026-09-17 14:29:37,https://nha.chotot.com/tin/178839329,2026-09-17T07:31:52.482558
1734,Bán nhà lầu đúc kiên cố hẻm xe hơi rộng đường Dương Bá Trạc P1 Q8 ,11800000000,245.83333,48 m²,"Phường 1, Quận 8, Tp Hồ Chí Minh",Quận 8,Tp Hồ Chí Minh,10.74418,106.69049,Nhà ở,,4,4,4,Nam,2.0,1.0,,[],3,Nguyễn Thìn ,,4.4,2026-09-17 14:29:34,https://nha.chotot.com/tin/178839333,2026-09-17T07:31:52.482733
1735,"Bán nhà riêng 4mx18,3m",12300000000,169.65517,72.5 m²,"Phường Tân Sơn Nhì, Quận Tân Phú, Tp Hồ Chí Minh",Quận Tân Phú,Tp Hồ Chí Minh,10.796407,106.63215,Nhà ở,,1,,,,,,,[],3,Nguyễn Võ Châu Phát,,,2026-09-16 14:28:21,https://nha.chotot.com/tin/178817793,2026-09-17T07:31:52.482936
1736,cho thuê,25000000,0.41666666,60 m²,"Phường 8, Quận 5, Tp Hồ Chí Minh",Quận 5,Tp Hồ Chí Minh,10.756033,106.671135,Nhà ở,,4,5,3,Đông,3.0,1.0,50000000.0,[],3,Phạm Ánh Lan,,5.0,2026-09-17 12:38:51,https://nha.chotot.com/tin/178836750,2026-09-17T07:31:52.483182
1737,cho thuê nhà 2 tầng đường phan thanh sát đại học duy tân,11000000,0.22,50 m²,"Phường Thạc Gián, Quận Thanh Khê, Đà Nẵng",Quận Thanh Khê,Đà Nẵng,16.063013,108.208755,Nhà ở,,3,3,2,,1.0,,,[],10,Đại tuấn,,,2026-09-17 14:29:11,https://nha.chotot.com/tin/178839312,2026-09-17T07:31:52.483344
1738,Nhà riêng ngõ 31 phố mai động gần đền lừ dt40m2x4t giá 10tr,10000000,0.25,40 m²,"Phường Mai Động, Quận Hoàng Mai, Hà Nội",Quận Hoàng Mai,Hà Nội,20.988625,105.86115,Nhà ở,,4,3,4,Đông,2.0,1.0,10000000.0,[],6,phạm minh chính,,,2026-09-10 10:59:00,https://nha.chotot.com/tin/178378145,2026-09-17T07:31:52.483503
1739,bán nhà mặt tiền kinh doanh đường Trương Vĩnh Nguyên,5600000000,19.928825,281 m²,"Phường Phú Thứ, Quận Cái Răng, Cần Thơ",Quận Cái Răng,Cần Thơ,9.982768,105.78676,Nhà ở,,1,2,1,Đông Bắc,3.0,1.0,,[],5,Nguyen Tien Tai,,,2026-09-16 14:28:22,https://nha.chotot.com/tin/178149394,2026-09-17T07:31:52.483691
1740,"Bán biệt thự 2 lầu áp mái P. Thạnh Mỹ Tây, TP.HCM giá 43 tỷ",43000000000,511.90475,84 m²,"Phường 12, Quận 3, Tp Hồ Chí Minh",Quận 3,Tp Hồ Chí Minh,10.789393,106.675064,Nhà ở,,1,,,,,,,[],3,vũ thành,,,2026-09-17 14:28:31,https://nha.chotot.com/tin/178839248,2026-09-17T07:31:52.483982
1741,"HIẾM!!!! - Hẻm Sư Vạn Hạnh, P12, Q.10 - 5x20m, 4 Tầng, 400m2",38000000,0.38,100 m²,"Phường 12, Quận 10, Tp Hồ Chí Minh",Quận 10,Tp Hồ Chí Minh,10.775027,106.667755,Đất,,,,4,,,,,[],9,Ngô Thanh Hùng,,,2026-09-17 14:30:13,https://nha.chotot.com/tin/178839362,2026-09-17T07:31:53.727397
1742,CHO THUÊ HẺM NGUYỄN VĂN TRỖI TÂN BÌNH | 12x15m siêu rộng,58000000,0.58,100 m²,"Phường 10, Quận Tân Bình, Tp Hồ Chí Minh",Quận Tân Bình,Tp Hồ Chí Minh,10.798557,106.67042,Đất,,,,,,,,116000000.0,[],8,Dung tr,,,2026-09-17 14:29:35,https://nha.chotot.com/tin/178839347,2026-09-17T07:31:53.727730
1743,"Cho thuê nhà phố 5 tầng có thang máy, rèm đường D9",45000000,0.53571427,84 m²,"Phường Long Bình (Quận 9 cũ), Thành phố Thủ Đức, Tp Hồ Chí Minh",Thành phố Thủ Đức,Tp Hồ Chí Minh,10.84805,106.83874,Đất,,,,5,,3.0,1.0,,[],4,DUY HOMES,,,2026-09-09 09:41:13,https://nha.chotot.com/tin/178661906,2026-09-17T07:31:53.727946
1744,"Cho thuê vp phố nguyên hồng,đống đa,dt 68m2,giá 13tr/tháng",13000000,0.19117647,68 m²,"Phường Láng Hạ, Quận Đống Đa, Hà Nội",Quận Đống Đa,Hà Nội,21.015743,105.80971,Đất,,,,8,,1.0,1.0,,[],5,Đào Thành Lân,,,2026-09-17 14:27:34,https://nha.chotot.com/tin/178839277,2026-09-17T07:31:53.728131
1745,🔥 CHO THUÊ BIỆT THỰ SÂN VƯỜN NGUYỄN VĂN TRỖI – NGANG 12M – GIÁ 59TR/TH,59000000,0.118,500 m²,"Phường 10, Quận Phú Nhuận, Tp Hồ Chí Minh",Quận Phú Nhuận,Tp Hồ Chí Minh,10.798557,106.67042,Đất,,,,,,,,150000000.0,[],7,Kiều Hằng,,,2026-09-17 14:27:01,https://nha.chotot.com/tin/178839254,2026-09-17T07:31:53.728376
1746,Cho thuê kho 1200m QL1A Tam Bình chỉ 75k,90000000,0.075,1200 m²,"Phường Tam Bình (Quận Thủ Đức cũ), Thành phố Thủ Đức, Tp Hồ Chí Minh",Thành phố Thủ Đức,Tp Hồ Chí Minh,10.871881,106.739655,Đất,,,,,,,,3.0,[],3,Anhthe,,4.0,2026-09-14 18:07:53,https://nha.chotot.com/tin/178775394,2026-09-17T07:31:53.728593
1747,BIỆT THỰ SÂN VƯỜN KHU TỔ HỢP F&B VÀ ĐA NGÀNH NGHỀ TRUNG TÂM QUẬN 3 ,115000000,0.34848484,330 m²,"Phường Võ Thị Sáu, Quận 3, Tp Hồ Chí Minh",Quận 3,Tp Hồ Chí Minh,10.788824,106.690765,Đất,,,,,,,,,[],9,Yến Ngọc,,,2026-09-17 14:25:23,https://nha.chotot.com/tin/178839200,2026-09-17T07:31:53.728904
1748,🍑Đoạn Đẹp NGUYỄN GIA TRÍ - 4x25m (Trệt 2 Lầu)🍑,65000000,0.21666667,300 m²,"Phường 25, Quận Bình Thạnh, Tp Hồ Chí Minh",Quận Bình Thạnh,Tp Hồ Chí Minh,10.810227,106.71722,Đất,,,,,,,,,[],6,Nhà Phố Cho Thuê,,,2026-09-17 14:24:57,https://nha.chotot.com/tin/175622468,2026-09-17T07:31:53.729095
1749,"🌟10x15m - TRẦN QUỐC TOẢN, Quận 3🌟 Trệt 2 Lầu",60000000,0.13333334,450 m²,"Phường Võ Thị Sáu, Quận 3, Tp Hồ Chí Minh",Quận 3,Tp Hồ Chí Minh,10.78659,106.68779,Đất,,,,,,,,,[],4,Nhà Phố Cho Thuê,,,2026-09-17 14:24:26,https://nha.chotot.com/tin/175903201,2026-09-17T07:31:53.729375
1750,cho thuê 100m văn phòng giá 30 tr,30000000,0.3,100 m²,"Phường An Khánh (Quận 2 cũ), Thành phố Thủ Đức, Tp Hồ Chí Minh",Thành phố Thủ Đức,Tp Hồ Chí Minh,10.79159,106.73052,Đất,,,,,,,,60000000.0,[],3,Nguyễn Văn Hậu,,,2026-09-05 13:44:09,https://nha.chotot.com/tin/178581677,2026-09-17T07:31:53.729650
1751,CHO THUÊ TÒA NHÀ VĂN PHÒNG NGUYỄN VĂN TRỖI NGAY NGÃ TƯ PHÚ NHUẬN,130000000,0.096296296,1350 m²,"Phường 10, Quận Phú Nhuận, Tp Hồ Chí Minh",Quận Phú Nhuận,Tp Hồ Chí Minh,10.798557,106.67042,Đất,,,,,,,,,[],3,Anh Đào,,,2026-09-12 11:08:02,https://nha.chotot.com/tin/178727010,2026-09-17T07:31:53.729868
1752,Mặt bằng đẹp Hồ Văn Huê 30m2,7490000,0.24966666,30 m²,"Phường 9, Quận Phú Nhuận, Tp Hồ Chí Minh",Quận Phú Nhuận,Tp Hồ Chí Minh,10.80251,106.67629,Đất,,,,,,,,7490000.0,[],7,NGUYỄN THỊ ANH THƯ,,,2026-09-06 15:25:13,https://nha.chotot.com/tin/178603931,2026-09-17T07:31:53.730051
1753,"🇻🇳SHOPHOUSE 3 TẦNG MẶT TIỀN MÊ LINH | GẦN ORI, KCN HÒA KHÁNH",14000000,0.11666667,120 m²,"Phường Hòa Hiệp Nam, Quận Liên Chiểu, Đà Nẵng",Quận Liên Chiểu,Đà Nẵng,16.09171,108.12595,Đất,,04,,3,,,,,[],10,Ngô Văn Cảnh,,4.4,2026-09-17 14:22:04,https://nha.chotot.com/tin/178839109,2026-09-17T07:31:53.730224
1754,🔥 HẺM XE HƠI  HUỲNH VĂN BÁNH – PHÚ NHUẬN | 4PN – 4WC | CHỈ 2x,23000000,0.23,100 m²,"Phường 10, Quận Phú Nhuận, Tp Hồ Chí Minh",Quận Phú Nhuận,Tp Hồ Chí Minh,10.791831,106.671616,Đất,,4,,,,,,46000000.0,[],6,Dung tr,,,2026-09-17 14:21:51,https://nha.chotot.com/tin/178839122,2026-09-17T07:31:53.730393
1755,"Măt tiền Nguyễn Cư Trinh, Quận 1 (Ngang 17m)",90000000,0.45,200 m²,"Phường Nguyễn Cư Trinh, Quận 1, Tp Hồ Chí Minh",Quận 1,Tp Hồ Chí Minh,10.763458,106.68884,Đất,,,,,,,,,[],5,Nhà Phố Cho Thuê,,,2026-09-17 14:21:14,https://nha.chotot.com/tin/178280784,2026-09-17T07:31:53.730591
1756,"🔥GÓC 2MT - NGUYỄN TRÃI, Bến Thành, Q1🔥400m2 sử dụng",150000000,0.375,400 m²,"Phường Bến Thành, Quận 1, Tp Hồ Chí Minh",Quận 1,Tp Hồ Chí Minh,10.771166,106.68731,Đất,,,,,,,,,[],4,Nhà Phố Cho Thuê,,,2026-09-17 14:20:35,https://nha.chotot.com/tin/175556911,2026-09-17T07:31:53.730863
1757,CHO THUÊ TÒA NHÀ 2 MẶT TIỀN VÕ VĂN NGÂN DT 12M X 36M TP THỦ ĐỨC,100000000,0.07692308,1300 m²,"Phường Bình Thọ (Quận Thủ Đức cũ), Thành phố Thủ Đức, Tp Hồ Chí Minh",Thành phố Thủ Đức,Tp Hồ Chí Minh,10.850573,106.76223,Đất,,,,,,,1.0,,[],3,Oanh Home,,,2026-09-17 14:20:21,https://nha.chotot.com/tin/178262159,2026-09-17T07:31:53.731194
1758,"🔥 CHO THUÊ TẦNG 7 160m2 – 104A XUÂN THUỶ, THẢO ĐIỀN, Q2 🔥",50000000,0.3125,160 m²,"Phường Thảo Điền (Quận 2 cũ), Thành phố Thủ Đức, Tp Hồ Chí Minh",Thành phố Thủ Đức,Tp Hồ Chí Minh,10.803889,106.73543,Đất,,,,,,,,150000000.0,[],8,Kiều Hằng,,,2026-09-17 14:18:58,https://nha.chotot.com/tin/178839027,2026-09-17T07:31:53.731379
1759,Cho thuê  Shophouse Panorama Phú Mỹ Hưng 2 tầng 50tr/th,50000000,0.35460994,141 m²,"Phường Tân Phong, Quận 7, Tp Hồ Chí Minh",Quận 7,Tp Hồ Chí Minh,10.72168,106.71284,Đất,,,,2,Tây Nam,,1.0,,[],7,Dân,,,2026-09-17 14:18:55,https://nha.chotot.com/tin/177011854,2026-09-17T07:31:53.731571
1760,Kho trống VIEW SÔNG 235/50A Đặng Thùy Trâm. DT 8X20M.,20000000,0.125,160 m²,"Phường 13, Quận Bình Thạnh, Tp Hồ Chí Minh",Quận Bình Thạnh,Tp Hồ Chí Minh,10.824377,106.70332,Đất,,,,,,2.0,1.0,,[],3,Anh Dũng,,4.0,2026-09-17 14:17:42,https://nha.chotot.com/tin/167862234,2026-09-17T07:31:53.731761
1761,CHO THUÊ NHÀ ĐƯỜNG QUỐC HƯƠNG GIÁ 27 TRIỆU ,27000000,0.36,75 m²,"Phường Thảo Điền (Quận 2 cũ), Thành phố Thủ Đức, Tp Hồ Chí Minh",Thành phố Thủ Đức,Tp Hồ Chí Minh,10.807138,106.73095,Nhà ở,,2,2,2,,,,,[],6,Phương,,,2026-09-17 14:31:17,https://nha.chotot.com/tin/178839383,2026-09-17T07:31:54.868189
1762,"CHO THUÊ NHÀ  PHẠM QUÝ THÍCH   P.PHÚ THỌ HOÀ, TÂN PHÚ   📐 Diện tích: 4",10500000,0.125,84 m²,"Phường Tân Quý, Quận Tân Phú, Tp Hồ Chí Minh",Quận Tân Phú,Tp Hồ Chí Minh,10.789263,106.62116,Nhà ở,,1,1,,,,,,[],3,Thu,,4.0,2026-09-17 14:31:09,https://nha.chotot.com/tin/178839386,2026-09-17T07:31:54.868476
1763,Gia đình có việc cần chuyển nhượng căn hộ gần Depot Tham Lương 2PN,3500000000,57.37705,61 m²,"Phường Tân Thới Nhất, Quận 12, Tp Hồ Chí Minh",Quận 12,Tp Hồ Chí Minh,10.82442,106.62025,Căn hộ/Chung cư,1.0,2,1,,,3.0,6.0,,[],5,Đơn Phương,,,2026-09-10 10:12:16,https://nha.chotot.com/tin/178684712,2026-09-17T07:31:54.868692
1764,"CHO THUÊ NHÀ NGUYÊN CĂN – PHƯỜNG LINH TÂY, TP. THỦ ĐỨC  📍 Địa chỉ: 145",10000000,0.14285715,70 m²,"Phường Linh Tây (Quận Thủ Đức cũ), Thành phố Thủ Đức, Tp Hồ Chí Minh",Thành phố Thủ Đức,Tp Hồ Chí Minh,10.86056,106.756256,Nhà ở,,2,,,,,,,[],6,Đăng Quang Rental,,,2026-09-17 14:31:05,https://nha.chotot.com/tin/178839388,2026-09-17T07:31:54.868902
1765,Nhà 3 Rưỡi - Mặt Tiền Hải Châu Gần Đống Đa ( SỤP ),5500000000,110.0,50 m²,"Phường Thuận Phước, Quận Hải Châu, Đà Nẵng",Quận Hải Châu,Đà Nẵng,16.08619,108.21645,Nhà ở,,6,,5,,,,,[],7,hưng thịnh,,5.0,2026-09-02 10:54:17,https://nha.chotot.com/tin/178518870,2026-09-17T07:31:54.869087
1766,"[GIÁ RẺ] NHÀ NGUYÊN CĂN 1 TRỆT 1 LẦU GẦN EMART, CHỢ TÂN SƠN",8000000,0.14285715,56 m²,"Phường 12, Quận Gò Vấp, Tp Hồ Chí Minh",Quận Gò Vấp,Tp Hồ Chí Minh,10.832696,106.63855,Nhà ở,,2,2,1,,,,,[],8,THÀNH ĐẠT CHUYÊN CHO THUÊ PHÒNG TRỌ CHDV GIÁ TỐT,,,2026-09-17 14:30:48,https://nha.chotot.com/tin/178839377,2026-09-17T07:31:54.869328
1767,"Cho thuê giá tốt 3PN view sông, nội thất xịn, Vinhomes Central Park",35000000,0.3043478,115 m²,"Phường 22, Quận Bình Thạnh, Tp Hồ Chí Minh",Quận Bình Thạnh,Tp Hồ Chí Minh,10.79387,106.72032,Căn hộ/Chung cư,1.0,3,2,,,1.0,6.0,,[],12,Huyền Nguyễn,,,2026-09-02 15:25:06,https://nha.chotot.com/tin/178523171,2026-09-17T07:31:54.869508
1768,Giá Thuê : 9tr/1 tháng Cho Thuê Nhà Đường Bùi Quang Là P12 Q. gò Vấp -,9000000,0.140625,64 m²,"Phường 12, Quận Gò Vấp, Tp Hồ Chí Minh",Quận Gò Vấp,Tp Hồ Chí Minh,10.835113,106.6396,Nhà ở,,2,2,,Tây,,,1.0,[],6,Quang Huy,,5.0,2026-09-07 10:48:48,https://nha.chotot.com/tin/178617090,2026-09-17T07:31:54.869698
1769,"BÁN GẤP NHÀ KQH HOÀNG DIỆU PHƯỜNG CAM LY ĐÀ LẠT CHỈ 5,4 TỶ",5400000000,120.0,45 m²,"Phường 5, Thành phố Đà Lạt, Lâm Đồng",Thành phố Đà Lạt,Lâm Đồng,11.942885,108.427925,Nhà ở,,3,2,3,Tây Bắc,3.0,,,[],4,Tô Hoàng Phương Trinh,,,2026-09-15 15:32:14,https://nha.chotot.com/tin/178796817,2026-09-17T07:31:54.869868
1770,KHAI TRƯƠNG PHÒNG TRỌ SINH VIÊN GIÁ RẺ NGAY ĐH CÔNG THƯƠNG TÂN PHÚ,3500000,0.14,25 m²,"Phường Tân Sơn Nhì, Quận Tân Phú, Tp Hồ Chí Minh",Quận Tân Phú,Tp Hồ Chí Minh,10.801903,106.625885,Phòng trọ,,,,,,,,3500000.0,[],5,Kiều Oanh NeWay Home ,,5.0,2026-09-17 14:30:15,https://nha.chotot.com/tin/178453357,2026-09-17T07:31:54.870026
1771,"HIẾM!!!! - Hẻm Sư Vạn Hạnh, P12, Q.10 - 5x20m, 4 Tầng, 400m2",38000000,0.38,100 m²,"Phường 12, Quận 10, Tp Hồ Chí Minh",Quận 10,Tp Hồ Chí Minh,10.775027,106.667755,Đất,,,,4,,,,,[],9,Ngô Thanh Hùng,,,2026-09-17 14:30:13,https://nha.chotot.com/tin/178839362,2026-09-17T07:31:54.870215
1772,Bán Đất Lô Góc Võ Văn Vân giá cực tốt,4190000000,37.410713,112 m²,"Xã Vĩnh Lộc B, Huyện Bình Chánh, Tp Hồ Chí Minh",Huyện Bình Chánh,Tp Hồ Chí Minh,10.773623,106.57547,Văn phòng/Mặt bằng,,,,,,,1.0,,[],6,Thanh Hưng,,3.4,2026-09-09 18:08:26,https://nha.chotot.com/tin/178674907,2026-09-17T07:31:54.870387
1773,"BCONS ARIA TRẢ TRƯỚC CHỈ 5% CHIẾT KHẤU 8,5% HỖ TRỢ LS 6,9% TRONG 4 NĂM",2600000000,49.056602,53 m²,"Phường Đông Hòa, Thành phố Dĩ An, Bình Dương",Thành phố Dĩ An,Bình Dương,10.89115,106.8022,Căn hộ/Chung cư,1.0,2,2,37,Tây,3.0,4.0,,[],12,Huy Hoàng Bcons ,,,2026-08-25 09:52:10,https://nha.chotot.com/tin/178364490,2026-09-17T07:31:54.870573
1774,"CHO THUÊ CĂN HỘ MỚI 2 PHÒNG NGỦ, DIỆN TÍCH 60M² ",13500000,0.20769231,65 m²,"Phường Khuê Mỹ, Quận Ngũ Hành Sơn, Đà Nẵng",Quận Ngũ Hành Sơn,Đà Nẵng,16.023426,108.2459,Căn hộ/Chung cư,2.0,2,,,,2.0,,,[],4,VANA,,,2026-09-17 14:30:06,https://nha.chotot.com/tin/178838887,2026-09-17T07:31:54.870771
1775,Bán căn Hưng Phát Silver Star - sát vách sunrise reverside - 4.6ty,4350000000,41.037735,106 m²,"Xã Phước Kiển, Huyện Nhà Bè, Tp Hồ Chí Minh",Huyện Nhà Bè,Tp Hồ Chí Minh,10.70387,106.71276,Căn hộ/Chung cư,1.0,3,,,Tây Nam,2.0,6.0,,[],9,Vân,,4.8,2026-09-03 11:16:19,https://nha.chotot.com/tin/177025273,2026-09-17T07:31:54.870972
1776,Nhà mới DT:4x9m 2 Tầng 2pn 2wc hẻm 1942 Huỳnh Tấn Phát,1960000000,61.25,32 m²,"Thị trấn Nhà Bè, Huyện Nhà Bè, Tp Hồ Chí Minh",Huyện Nhà Bè,Tp Hồ Chí Minh,10.698072,106.738914,Nhà ở,,2,,2,,,,,[],11,Nam Phú Gia,,,2026-09-06 06:52:42,https://nha.chotot.com/tin/178593726,2026-09-17T07:31:54.871148
1777,Cho thuê CC Garden gate 40m2 Offictel 1WC giá cực tốt chỉ 11tr/th ,11000000,0.31428573,35 m²,"Phường 9, Quận Phú Nhuận, Tp Hồ Chí Minh",Quận Phú Nhuận,Tp Hồ Chí Minh,10.80964,106.67425,Căn hộ/Chung cư,1.0,1,1,,,,,,[],3,Nguyễn Hoàng Toàn,,,2026-09-15 10:14:56,https://nha.chotot.com/tin/178787965,2026-09-17T07:31:54.871313
1778,🏡Khai Trương Ký túc xá ngay ngã tư Hàng xanh đầy đủ tiện nghi 🎉KTX,1700000,0.04857143,35 m²,"Phường 25, Quận Bình Thạnh, Tp Hồ Chí Minh",Quận Bình Thạnh,Tp Hồ Chí Minh,10.802271,106.71938,Phòng trọ,,,,,,,,1700000.0,[],4,LQ Vinhomes,,,2026-08-24 10:56:00,https://nha.chotot.com/tin/163698886,2026-09-17T07:31:54.871578
1779,Nhà Lầu 4 Tầng Hẻm Oto Xây Mới 100% Âu Dương Lân P2 Q8,8600000000,204.7619,42 m²,"Phường 2, Quận 8, Tp Hồ Chí Minh",Quận 8,Tp Hồ Chí Minh,10.742134,106.685104,Nhà ở,,4,3,4,,2.0,1.0,,[],8,Phạm Quốc Thắng,,,2026-09-17 14:29:58,https://nha.chotot.com/tin/178839361,2026-09-17T07:31:54.871742
1780,Lô đất 2500m thổ cư mặt tiền Hồ khu Biệt thự nghỉ dưỡng,4000000000,1.6891892,2368 m²,"Xã Đinh Lạc, Huyện Di Linh, Lâm Đồng",Huyện Di Linh,Lâm Đồng,11.63063,108.13101,Văn phòng/Mặt bằng,,,,,,,1.0,,[],4,Nguyễn Anh Sang,,4.1,2026-09-17 14:29:58,https://nha.chotot.com/tin/178141305,2026-09-17T07:31:54.871900
1781,🥳🥳Một Căn Hộ Vừa Đẹp- Vừa Tiện Nghi - Vừa Có Không Gian Sống Thoángãng,12000000,0.4,30 m²,"Phường Thảo Điền (Quận 2 cũ), Thành phố Thủ Đức, Tp Hồ Chí Minh",Thành phố Thủ Đức,Tp Hồ Chí Minh,10.806585,106.72578,Căn hộ/Chung cư,2.0,1,,,,,,12000000.0,[],10,Hồng Loan HIFRIENDZ,,,2026-09-17 14:31:31,https://nha.chotot.com/tin/178373155,2026-09-17T07:31:56.329078
1782,"🌧️🫧🏡 CĂN HỘ HIỆN ĐẠI – GỌN GÀNG, ẤM ÁP, ĐỦ ĐẦY TIỆN NGHI ✨😅🥹",7000000,0.23333333,30 m²,"Phường An Phú (Quận 2 cũ), Thành phố Thủ Đức, Tp Hồ Chí Minh",Thành phố Thủ Đức,Tp Hồ Chí Minh,10.794329,106.742546,Căn hộ/Chung cư,2.0,1,,,,,,7000000.0,[],7,Hồng Loan HIFRIENDZ,,,2026-09-17 14:31:18,https://nha.chotot.com/tin/178372865,2026-09-17T07:31:56.329368
1783,Gia đình có việc cần chuyển nhượng căn hộ gần Depot Tham Lương 2PN,3500000000,57.37705,61 m²,"Phường Tân Thới Nhất, Quận 12, Tp Hồ Chí Minh",Quận 12,Tp Hồ Chí Minh,10.82442,106.62025,Căn hộ/Chung cư,1.0,2,1,,,3.0,6.0,,[],5,Đơn Phương,,,2026-09-10 10:12:16,https://nha.chotot.com/tin/178684712,2026-09-17T07:31:56.329571
1784,"Cho thuê giá tốt 3PN view sông, nội thất xịn, Vinhomes Central Park",35000000,0.3043478,115 m²,"Phường 22, Quận Bình Thạnh, Tp Hồ Chí Minh",Quận Bình Thạnh,Tp Hồ Chí Minh,10.79387,106.72032,Căn hộ/Chung cư,1.0,3,2,,,1.0,6.0,,[],12,Huyền Nguyễn,,,2026-09-02 15:25:06,https://nha.chotot.com/tin/178523171,2026-09-17T07:31:56.329774
1785,"BCONS ARIA TRẢ TRƯỚC CHỈ 5% CHIẾT KHẤU 8,5% HỖ TRỢ LS 6,9% TRONG 4 NĂM",2600000000,49.056602,53 m²,"Phường Đông Hòa, Thành phố Dĩ An, Bình Dương",Thành phố Dĩ An,Bình Dương,10.89115,106.8022,Căn hộ/Chung cư,1.0,2,2,37,Tây,3.0,4.0,,[],12,Huy Hoàng Bcons ,,,2026-08-25 09:52:10,https://nha.chotot.com/tin/178364490,2026-09-17T07:31:56.330016
1786,"CHO THUÊ CĂN HỘ MỚI 2 PHÒNG NGỦ, DIỆN TÍCH 60M² ",13500000,0.20769231,65 m²,"Phường Khuê Mỹ, Quận Ngũ Hành Sơn, Đà Nẵng",Quận Ngũ Hành Sơn,Đà Nẵng,16.023426,108.2459,Căn hộ/Chung cư,2.0,2,,,,2.0,,,[],4,VANA,,,2026-09-17 14:30:06,https://nha.chotot.com/tin/178838887,2026-09-17T07:31:56.330193
1787,Bán căn Hưng Phát Silver Star - sát vách sunrise reverside - 4.6ty,4350000000,41.037735,106 m²,"Xã Phước Kiển, Huyện Nhà Bè, Tp Hồ Chí Minh",Huyện Nhà Bè,Tp Hồ Chí Minh,10.70387,106.71276,Căn hộ/Chung cư,1.0,3,,,Tây Nam,2.0,6.0,,[],9,Vân,,4.8,2026-09-03 11:16:19,https://nha.chotot.com/tin/177025273,2026-09-17T07:31:56.330367
1788,Cho thuê CC Garden gate 40m2 Offictel 1WC giá cực tốt chỉ 11tr/th ,11000000,0.31428573,35 m²,"Phường 9, Quận Phú Nhuận, Tp Hồ Chí Minh",Quận Phú Nhuận,Tp Hồ Chí Minh,10.80964,106.67425,Căn hộ/Chung cư,1.0,1,1,,,,,,[],3,Nguyễn Hoàng Toàn,,,2026-09-15 10:14:56,https://nha.chotot.com/tin/178787965,2026-09-17T07:31:56.330545
1789,KHAI TRƯƠNG ĐUPLEX 3🍠X ĐƯỜNG SỐ 1_NGUYỄN THỊ TÚ NHẬN XE ĐIỆN FULL NT,3700000,0.13214286,28 m²,"Phường Bình Hưng Hoà B, Quận Bình Tân, Tp Hồ Chí Minh",Quận Bình Tân,Tp Hồ Chí Minh,10.807803,106.59462,Căn hộ/Chung cư,3.0,1,1,,,2.0,4.0,1000000.0,[],11,Triệu an HiFriendz Tp ,,5.0,2026-09-17 14:29:46,https://nha.chotot.com/tin/178839353,2026-09-17T07:31:56.330720
1790,"Chung cư Tecco Green - Phan Văn Hớn căn 2p ngủ , full NT, giá 7,3tr/th",7300000,0.1,73 m²,"Phường Tân Thới Nhất, Quận 12, Tp Hồ Chí Minh",Quận 12,Tp Hồ Chí Minh,10.82954,106.61561,Căn hộ/Chung cư,1.0,2,2,,,2.0,6.0,,[],6,Phí Linh,,,2026-09-17 14:29:29,https://nha.chotot.com/tin/178839257,2026-09-17T07:31:56.330904
1791,💥CHDV - FUL NT - 2PN - BALCONY THOÁNG ⚡️ PHAN ĐĂNG LƯU - BÙI ĐÌNH TUÝ 💥,7800000,0.111428574,70 m²,"Phường 1, Quận Bình Thạnh, Tp Hồ Chí Minh",Quận Bình Thạnh,Tp Hồ Chí Minh,10.802451,106.697495,Căn hộ/Chung cư,2.0,2,,,,,,,[],12,Lương Thanh Trúc,,,2026-09-12 21:54:42,https://nha.chotot.com/tin/178437508,2026-09-17T07:31:56.331081
1792,"💥 HÀ ĐÔ CENTROSA – 2PN 2WC – NHÀ ĐẸP, FULL NỘI THẤT – Ở LIỀN CHỈ 22TR",22000000,0.25581396,86 m²,"Phường 12, Quận 10, Tp Hồ Chí Minh",Quận 10,Tp Hồ Chí Minh,10.7762,106.67889,Căn hộ/Chung cư,1.0,2,2,,,,,,[],12,Hoàng Dung,,4.5,2026-09-17 11:07:05,https://nha.chotot.com/tin/178834497,2026-09-17T07:31:56.331243
1793,"CĂN HỘ MINI CAO CẤP MỚI 100%, FULL NỘI THẤT NGAY ẺMART PHAN HUY ÍCH",5000000,0.2,25 m²,"Phường 12, Quận Gò Vấp, Tp Hồ Chí Minh",Quận Gò Vấp,Tp Hồ Chí Minh,10.837349,106.636284,Căn hộ/Chung cư,2.0,1,1,,,1.0,4.0,5000000.0,[],12,Alo Ngoc Hoang,,5.0,2026-09-17 14:28:24,https://nha.chotot.com/tin/178839301,2026-09-17T07:31:56.331422
1794,TÌM NỮ Ở GHÉP CĂN CHUNG CƯ 2PN,4500000,0.071428575,63 m²,"Phường Phú Thuận, Quận 7, Tp Hồ Chí Minh",Quận 7,Tp Hồ Chí Minh,10.722,106.7433,Căn hộ/Chung cư,1.0,2,2,,,2.0,4.0,4500000.0,[],7,Kim Thanh,,5.0,2026-09-17 14:28:16,https://nha.chotot.com/tin/178839296,2026-09-17T07:31:56.331624
1795,Khách Cần Tiền Ra Di Căn 2PN Hiyori Siêu Mới,5200000000,83.870964,62 m²,"Phường An Hải Đông, Quận Sơn Trà, Đà Nẵng",Quận Sơn Trà,Đà Nẵng,16.06191,108.23652,Căn hộ/Chung cư,1.0,2,2,,,1.0,2.0,,[],11,Hồng Công,,,2026-09-17 14:26:46,https://nha.chotot.com/tin/171220229,2026-09-17T07:31:56.331824
1796,⭐ RIVER PANORAMA CHO THUÊ 3PN2WC FULL NỘI THẤT VIEW ĐẸP CHỈ 19 TRIỆU,19000000,0.21111111,90 m²,"Phường Phú Mỹ, Quận 7, Tp Hồ Chí Minh",Quận 7,Tp Hồ Chí Minh,10.71422,106.73743,Căn hộ/Chung cư,1.0,3,2,,,2.0,6.0,,[],12,Huy,,5.0,2026-09-08 14:36:21,https://nha.chotot.com/tin/172861126,2026-09-17T07:31:56.332070
1797,"THẢO ĐIỀN, QUẬN 2 🏡 CHO THUÊ CHDV CAO CẤP💘 1PN BAN CÔNG FULL NỘI THẤT",11000000,0.22,50 m²,"Phường Thảo Điền (Quận 2 cũ), Thành phố Thủ Đức, Tp Hồ Chí Minh",Thành phố Thủ Đức,Tp Hồ Chí Minh,10.803914,106.72912,Căn hộ/Chung cư,2.0,1,1,,Đông Bắc,1.0,4.0,11000000.0,[],11,Phương An Chuyên Căn Hộ Quận 2,,5.0,2026-09-11 14:06:45,https://nha.chotot.com/tin/177928071,2026-09-17T07:31:56.332257
1798,CHDV FULL NỘI THẤT MỚI KENG GẦN MEGA MARKET Q12,3900000,0.156,25 m²,"Phường Tân Thới Hiệp, Quận 12, Tp Hồ Chí Minh",Quận 12,Tp Hồ Chí Minh,10.887289,106.64767,Căn hộ/Chung cư,2.0,1,1,4,,2.0,4.0,,[],10,Anh Tuấn Tìm Phòng,,5.0,2026-09-17 14:26:20,https://nha.chotot.com/tin/178839237,2026-09-17T07:31:56.332429
1799,CHO THUÊ CĂN HỘ DUPLEX 2  GIƯỜNG NGỦ FULL NỘI THẤT CÓ CỬA SỔ THOÁNG,6000000,0.13333334,45 m²,"Phường 8, Thành phố Đà Lạt, Lâm Đồng",Thành phố Đà Lạt,Lâm Đồng,11.977858,108.45107,Căn hộ/Chung cư,3.0,1,1,,,,,,[],9,Quang gohome,,,2026-09-17 14:26:16,https://nha.chotot.com/tin/178839207,2026-09-17T07:31:56.332615
1800,Khách Cần Tiền Bán Gấp Căn Ponte 1PN Stu View Biển Giá Cực Rẻ ,2700000000,103.84615,26 m²,"Phường An Hải Tây, Quận Sơn Trà, Đà Nẵng",Quận Sơn Trà,Đà Nẵng,16.059008,108.23034,Căn hộ/Chung cư,1.0,1,2,,Tây,4.0,6.0,,[],6,Hồng Công,,,2026-09-17 14:26:02,https://nha.chotot.com/tin/178096332,2026-09-17T07:31:56.332785
1801,Bán nhà hẻm 184 thoáng đường Âu Dương Lân P3 Q8 ,3180000000,104.605606,30.3999 m²,"Phường 3, Quận 8, Tp Hồ Chí Minh",Quận 8,Tp Hồ Chí Minh,10.745962,106.68301,Nhà ở,,2,2,2,,2.0,1.0,,[],5, Như Ý,,,2026-09-17 14:31:29,https://nha.chotot.com/tin/178502242,2026-09-17T07:31:57.783770
1802,HÀNG HIẾM KHÓ TÌM - NHÀ C4 144m² S.H.R - CHỈ 820TR - TÂN AN HỘI CỦ CHI,820000000,5.6944447,144 m²,"Xã Tân An Hội, Huyện Củ Chi, Tp Hồ Chí Minh",Huyện Củ Chi,Tp Hồ Chí Minh,10.9593525,106.48182,Nhà ở,,2,1,1,,4.0,4.0,,[],8,Nguyễn Văn Quốc,,,2026-09-17 14:31:19,https://nha.chotot.com/tin/178838518,2026-09-17T07:31:57.784103
1803,CHO THUÊ NHÀ ĐƯỜNG QUỐC HƯƠNG GIÁ 27 TRIỆU ,27000000,0.36,75 m²,"Phường Thảo Điền (Quận 2 cũ), Thành phố Thủ Đức, Tp Hồ Chí Minh",Thành phố Thủ Đức,Tp Hồ Chí Minh,10.807138,106.73095,Nhà ở,,2,2,2,,,,,[],6,Phương,,,2026-09-17 14:31:17,https://nha.chotot.com/tin/178839383,2026-09-17T07:31:57.784315
1804,"CHO THUÊ NHÀ  PHẠM QUÝ THÍCH   P.PHÚ THỌ HOÀ, TÂN PHÚ   📐 Diện tích: 4",10500000,0.125,84 m²,"Phường Tân Quý, Quận Tân Phú, Tp Hồ Chí Minh",Quận Tân Phú,Tp Hồ Chí Minh,10.789263,106.62116,Nhà ở,,1,1,,,,,,[],3,Thu,,4.0,2026-09-17 14:31:09,https://nha.chotot.com/tin/178839386,2026-09-17T07:31:57.784495
1805,"CHO THUÊ NHÀ NGUYÊN CĂN – PHƯỜNG LINH TÂY, TP. THỦ ĐỨC  📍 Địa chỉ: 145",10000000,0.14285715,70 m²,"Phường Linh Tây (Quận Thủ Đức cũ), Thành phố Thủ Đức, Tp Hồ Chí Minh",Thành phố Thủ Đức,Tp Hồ Chí Minh,10.86056,106.756256,Nhà ở,,2,,,,,,,[],6,Đăng Quang Rental,,,2026-09-17 14:31:05,https://nha.chotot.com/tin/178839388,2026-09-17T07:31:57.784768
1806,Nhà 3 Rưỡi - Mặt Tiền Hải Châu Gần Đống Đa ( SỤP ),5500000000,110.0,50 m²,"Phường Thuận Phước, Quận Hải Châu, Đà Nẵng",Quận Hải Châu,Đà Nẵng,16.08619,108.21645,Nhà ở,,6,,5,,,,,[],7,hưng thịnh,,5.0,2026-09-02 10:54:17,https://nha.chotot.com/tin/178518870,2026-09-17T07:31:57.784968
1807,"[GIÁ RẺ] NHÀ NGUYÊN CĂN 1 TRỆT 1 LẦU GẦN EMART, CHỢ TÂN SƠN",8000000,0.14285715,56 m²,"Phường 12, Quận Gò Vấp, Tp Hồ Chí Minh",Quận Gò Vấp,Tp Hồ Chí Minh,10.832696,106.63855,Nhà ở,,2,2,1,,,,,[],8,THÀNH ĐẠT CHUYÊN CHO THUÊ PHÒNG TRỌ CHDV GIÁ TỐT,,,2026-09-17 14:30:48,https://nha.chotot.com/tin/178839377,2026-09-17T07:31:57.785149
1808,Giá Thuê : 9tr/1 tháng Cho Thuê Nhà Đường Bùi Quang Là P12 Q. gò Vấp -,9000000,0.140625,64 m²,"Phường 12, Quận Gò Vấp, Tp Hồ Chí Minh",Quận Gò Vấp,Tp Hồ Chí Minh,10.835113,106.6396,Nhà ở,,2,2,,Tây,,,1.0,[],6,Quang Huy,,5.0,2026-09-07 10:48:48,https://nha.chotot.com/tin/178617090,2026-09-17T07:31:57.785318
1809,"BÁN GẤP NHÀ KQH HOÀNG DIỆU PHƯỜNG CAM LY ĐÀ LẠT CHỈ 5,4 TỶ",5400000000,120.0,45 m²,"Phường 5, Thành phố Đà Lạt, Lâm Đồng",Thành phố Đà Lạt,Lâm Đồng,11.942885,108.427925,Nhà ở,,3,2,3,Tây Bắc,3.0,,,[],4,Tô Hoàng Phương Trinh,,,2026-09-15 15:32:14,https://nha.chotot.com/tin/178796817,2026-09-17T07:31:57.785483
1810,Nhà mới DT:4x9m 2 Tầng 2pn 2wc hẻm 1942 Huỳnh Tấn Phát,1960000000,61.25,32 m²,"Thị trấn Nhà Bè, Huyện Nhà Bè, Tp Hồ Chí Minh",Huyện Nhà Bè,Tp Hồ Chí Minh,10.698072,106.738914,Nhà ở,,2,,2,,,,,[],11,Nam Phú Gia,,,2026-09-06 06:52:42,https://nha.chotot.com/tin/178593726,2026-09-17T07:31:57.785662
1811,Nhà Lầu 4 Tầng Hẻm Oto Xây Mới 100% Âu Dương Lân P2 Q8,8600000000,204.7619,42 m²,"Phường 2, Quận 8, Tp Hồ Chí Minh",Quận 8,Tp Hồ Chí Minh,10.742134,106.685104,Nhà ở,,4,3,4,,2.0,1.0,,[],8,Phạm Quốc Thắng,,,2026-09-17 14:29:58,https://nha.chotot.com/tin/178839361,2026-09-17T07:31:57.785834
1812,"Cho Thuê Biệt Thự Nam Thông PMH Q7 - 450m2, 5PN, Đường 20m",70000000,0.15555556,450 m²,"Phường Tân Phong, Quận 7, Tp Hồ Chí Minh",Quận 7,Tp Hồ Chí Minh,10.73019,106.70033,Nhà ở,,5,4,5,,,,,[],12,Thuỷ Trần,,,2026-08-31 09:55:18,https://nha.chotot.com/tin/178484863,2026-09-17T07:31:57.785993
1813,Cần cho thuê nhà góc 2 Mặt Tiền 84A Phổ Quang P.2 Q.Tân Bình,30000000,0.3030303,99 m²,"Phường 2, Quận Tân Bình, Tp Hồ Chí Minh",Quận Tân Bình,Tp Hồ Chí Minh,10.806851,106.668365,Nhà ở,,5,5,4,,,1.0,60000000.0,[],6,Anh Thanh,,,2026-09-17 14:29:37,https://nha.chotot.com/tin/178839329,2026-09-17T07:31:57.786153
1814,Bán nhà lầu đúc kiên cố hẻm xe hơi rộng đường Dương Bá Trạc P1 Q8 ,11800000000,245.83333,48 m²,"Phường 1, Quận 8, Tp Hồ Chí Minh",Quận 8,Tp Hồ Chí Minh,10.74418,106.69049,Nhà ở,,4,4,4,Nam,2.0,1.0,,[],3,Nguyễn Thìn ,,4.4,2026-09-17 14:29:34,https://nha.chotot.com/tin/178839333,2026-09-17T07:31:57.786306
1815,"Bán nhà riêng 4mx18,3m",12300000000,169.65517,72.5 m²,"Phường Tân Sơn Nhì, Quận Tân Phú, Tp Hồ Chí Minh",Quận Tân Phú,Tp Hồ Chí Minh,10.796407,106.63215,Nhà ở,,1,,,,,,,[],3,Nguyễn Võ Châu Phát,,,2026-09-16 14:28:21,https://nha.chotot.com/tin/178817793,2026-09-17T07:31:57.786494
1816,cho thuê,25000000,0.41666666,60 m²,"Phường 8, Quận 5, Tp Hồ Chí Minh",Quận 5,Tp Hồ Chí Minh,10.756033,106.671135,Nhà ở,,4,5,3,Đông,3.0,1.0,50000000.0,[],3,Phạm Ánh Lan,,5.0,2026-09-17 12:38:51,https://nha.chotot.com/tin/178836750,2026-09-17T07:31:57.786996
1817,cho thuê nhà 2 tầng đường phan thanh sát đại học duy tân,11000000,0.22,50 m²,"Phường Thạc Gián, Quận Thanh Khê, Đà Nẵng",Quận Thanh Khê,Đà Nẵng,16.063013,108.208755,Nhà ở,,3,3,2,,1.0,,,[],10,Đại tuấn,,,2026-09-17 14:29:11,https://nha.chotot.com/tin/178839312,2026-09-17T07:31:57.787174
1818,Nhà riêng ngõ 31 phố mai động gần đền lừ dt40m2x4t giá 10tr,10000000,0.25,40 m²,"Phường Mai Động, Quận Hoàng Mai, Hà Nội",Quận Hoàng Mai,Hà Nội,20.988625,105.86115,Nhà ở,,4,3,4,Đông,2.0,1.0,10000000.0,[],6,phạm minh chính,,,2026-09-10 10:59:00,https://nha.chotot.com/tin/178378145,2026-09-17T07:31:57.787343
1819,bán nhà mặt tiền kinh doanh đường Trương Vĩnh Nguyên,5600000000,19.928825,281 m²,"Phường Phú Thứ, Quận Cái Răng, Cần Thơ",Quận Cái Răng,Cần Thơ,9.982768,105.78676,Nhà ở,,1,2,1,Đông Bắc,3.0,1.0,,[],5,Nguyen Tien Tai,,,2026-09-16 14:28:22,https://nha.chotot.com/tin/178149394,2026-09-17T07:31:57.787504
1820,"Bán biệt thự 2 lầu áp mái P. Thạnh Mỹ Tây, TP.HCM giá 43 tỷ",43000000000,511.90475,84 m²,"Phường 12, Quận 3, Tp Hồ Chí Minh",Quận 3,Tp Hồ Chí Minh,10.789393,106.675064,Nhà ở,,1,,,,,,,[],3,vũ thành,,,2026-09-17 14:28:31,https://nha.chotot.com/tin/178839248,2026-09-17T07:31:57.787831
1821,"HIẾM!!!! - Hẻm Sư Vạn Hạnh, P12, Q.10 - 5x20m, 4 Tầng, 400m2",38000000,0.38,100 m²,"Phường 12, Quận 10, Tp Hồ Chí Minh",Quận 10,Tp Hồ Chí Minh,10.775027,106.667755,Đất,,,,4,,,,,[],9,Ngô Thanh Hùng,,,2026-09-17 14:30:13,https://nha.chotot.com/tin/178839362,2026-09-17T07:31:59.192474
1822,CHO THUÊ HẺM NGUYỄN VĂN TRỖI TÂN BÌNH | 12x15m siêu rộng,58000000,0.58,100 m²,"Phường 10, Quận Tân Bình, Tp Hồ Chí Minh",Quận Tân Bình,Tp Hồ Chí Minh,10.798557,106.67042,Đất,,,,,,,,116000000.0,[],8,Dung tr,,,2026-09-17 14:29:35,https://nha.chotot.com/tin/178839347,2026-09-17T07:31:59.192796
1823,"Cho thuê nhà phố 5 tầng có thang máy, rèm đường D9",45000000,0.53571427,84 m²,"Phường Long Bình (Quận 9 cũ), Thành phố Thủ Đức, Tp Hồ Chí Minh",Thành phố Thủ Đức,Tp Hồ Chí Minh,10.84805,106.83874,Đất,,,,5,,3.0,1.0,,[],4,DUY HOMES,,,2026-09-09 09:41:13,https://nha.chotot.com/tin/178661906,2026-09-17T07:31:59.193007
1824,"Cho thuê vp phố nguyên hồng,đống đa,dt 68m2,giá 13tr/tháng",13000000,0.19117647,68 m²,"Phường Láng Hạ, Quận Đống Đa, Hà Nội",Quận Đống Đa,Hà Nội,21.015743,105.80971,Đất,,,,8,,1.0,1.0,,[],5,Đào Thành Lân,,,2026-09-17 14:27:34,https://nha.chotot.com/tin/178839277,2026-09-17T07:31:59.193192
1825,🔥 CHO THUÊ BIỆT THỰ SÂN VƯỜN NGUYỄN VĂN TRỖI – NGANG 12M – GIÁ 59TR/TH,59000000,0.118,500 m²,"Phường 10, Quận Phú Nhuận, Tp Hồ Chí Minh",Quận Phú Nhuận,Tp Hồ Chí Minh,10.798557,106.67042,Đất,,,,,,,,150000000.0,[],7,Kiều Hằng,,,2026-09-17 14:27:01,https://nha.chotot.com/tin/178839254,2026-09-17T07:31:59.193437
1826,Cho thuê kho 1200m QL1A Tam Bình chỉ 75k,90000000,0.075,1200 m²,"Phường Tam Bình (Quận Thủ Đức cũ), Thành phố Thủ Đức, Tp Hồ Chí Minh",Thành phố Thủ Đức,Tp Hồ Chí Minh,10.871881,106.739655,Đất,,,,,,,,3.0,[],3,Anhthe,,4.0,2026-09-14 18:07:53,https://nha.chotot.com/tin/178775394,2026-09-17T07:31:59.193657
1827,BIỆT THỰ SÂN VƯỜN KHU TỔ HỢP F&B VÀ ĐA NGÀNH NGHỀ TRUNG TÂM QUẬN 3 ,115000000,0.34848484,330 m²,"Phường Võ Thị Sáu, Quận 3, Tp Hồ Chí Minh",Quận 3,Tp Hồ Chí Minh,10.788824,106.690765,Đất,,,,,,,,,[],9,Yến Ngọc,,,2026-09-17 14:25:23,https://nha.chotot.com/tin/178839200,2026-09-17T07:31:59.193967
1828,🍑Đoạn Đẹp NGUYỄN GIA TRÍ - 4x25m (Trệt 2 Lầu)🍑,65000000,0.21666667,300 m²,"Phường 25, Quận Bình Thạnh, Tp Hồ Chí Minh",Quận Bình Thạnh,Tp Hồ Chí Minh,10.810227,106.71722,Đất,,,,,,,,,[],6,Nhà Phố Cho Thuê,,,2026-09-17 14:24:57,https://nha.chotot.com/tin/175622468,2026-09-17T07:31:59.194158
1829,"🌟10x15m - TRẦN QUỐC TOẢN, Quận 3🌟 Trệt 2 Lầu",60000000,0.13333334,450 m²,"Phường Võ Thị Sáu, Quận 3, Tp Hồ Chí Minh",Quận 3,Tp Hồ Chí Minh,10.78659,106.68779,Đất,,,,,,,,,[],4,Nhà Phố Cho Thuê,,,2026-09-17 14:24:26,https://nha.chotot.com/tin/175903201,2026-09-17T07:31:59.194407
1830,cho thuê 100m văn phòng giá 30 tr,30000000,0.3,100 m²,"Phường An Khánh (Quận 2 cũ), Thành phố Thủ Đức, Tp Hồ Chí Minh",Thành phố Thủ Đức,Tp Hồ Chí Minh,10.79159,106.73052,Đất,,,,,,,,60000000.0,[],3,Nguyễn Văn Hậu,,,2026-09-05 13:44:09,https://nha.chotot.com/tin/178581677,2026-09-17T07:31:59.194699
1831,CHO THUÊ TÒA NHÀ VĂN PHÒNG NGUYỄN VĂN TRỖI NGAY NGÃ TƯ PHÚ NHUẬN,130000000,0.096296296,1350 m²,"Phường 10, Quận Phú Nhuận, Tp Hồ Chí Minh",Quận Phú Nhuận,Tp Hồ Chí Minh,10.798557,106.67042,Đất,,,,,,,,,[],3,Anh Đào,,,2026-09-12 11:08:02,https://nha.chotot.com/tin/178727010,2026-09-17T07:31:59.194884
1832,Mặt bằng đẹp Hồ Văn Huê 30m2,7490000,0.24966666,30 m²,"Phường 9, Quận Phú Nhuận, Tp Hồ Chí Minh",Quận Phú Nhuận,Tp Hồ Chí Minh,10.80251,106.67629,Đất,,,,,,,,7490000.0,[],7,NGUYỄN THỊ ANH THƯ,,,2026-09-06 15:25:13,https://nha.chotot.com/tin/178603931,2026-09-17T07:31:59.195057
1833,"🇻🇳SHOPHOUSE 3 TẦNG MẶT TIỀN MÊ LINH | GẦN ORI, KCN HÒA KHÁNH",14000000,0.11666667,120 m²,"Phường Hòa Hiệp Nam, Quận Liên Chiểu, Đà Nẵng",Quận Liên Chiểu,Đà Nẵng,16.09171,108.12595,Đất,,04,,3,,,,,[],10,Ngô Văn Cảnh,,4.4,2026-09-17 14:22:04,https://nha.chotot.com/tin/178839109,2026-09-17T07:31:59.195228
1834,🔥 HẺM XE HƠI  HUỲNH VĂN BÁNH – PHÚ NHUẬN | 4PN – 4WC | CHỈ 2x,23000000,0.23,100 m²,"Phường 10, Quận Phú Nhuận, Tp Hồ Chí Minh",Quận Phú Nhuận,Tp Hồ Chí Minh,10.791831,106.671616,Đất,,4,,,,,,46000000.0,[],6,Dung tr,,,2026-09-17 14:21:51,https://nha.chotot.com/tin/178839122,2026-09-17T07:31:59.195391
1835,"Măt tiền Nguyễn Cư Trinh, Quận 1 (Ngang 17m)",90000000,0.45,200 m²,"Phường Nguyễn Cư Trinh, Quận 1, Tp Hồ Chí Minh",Quận 1,Tp Hồ Chí Minh,10.763458,106.68884,Đất,,,,,,,,,[],5,Nhà Phố Cho Thuê,,,2026-09-17 14:21:14,https://nha.chotot.com/tin/178280784,2026-09-17T07:31:59.195572
1836,"🔥GÓC 2MT - NGUYỄN TRÃI, Bến Thành, Q1🔥400m2 sử dụng",150000000,0.375,400 m²,"Phường Bến Thành, Quận 1, Tp Hồ Chí Minh",Quận 1,Tp Hồ Chí Minh,10.771166,106.68731,Đất,,,,,,,,,[],4,Nhà Phố Cho Thuê,,,2026-09-17 14:20:35,https://nha.chotot.com/tin/175556911,2026-09-17T07:31:59.195830
1837,CHO THUÊ TÒA NHÀ 2 MẶT TIỀN VÕ VĂN NGÂN DT 12M X 36M TP THỦ ĐỨC,100000000,0.07692308,1300 m²,"Phường Bình Thọ (Quận Thủ Đức cũ), Thành phố Thủ Đức, Tp Hồ Chí Minh",Thành phố Thủ Đức,Tp Hồ Chí Minh,10.850573,106.76223,Đất,,,,,,,1.0,,[],3,Oanh Home,,,2026-09-17 14:20:21,https://nha.chotot.com/tin/178262159,2026-09-17T07:31:59.196144
1838,"🔥 CHO THUÊ TẦNG 7 160m2 – 104A XUÂN THUỶ, THẢO ĐIỀN, Q2 🔥",50000000,0.3125,160 m²,"Phường Thảo Điền (Quận 2 cũ), Thành phố Thủ Đức, Tp Hồ Chí Minh",Thành phố Thủ Đức,Tp Hồ Chí Minh,10.803889,106.73543,Đất,,,,,,,,150000000.0,[],8,Kiều Hằng,,,2026-09-17 14:18:58,https://nha.chotot.com/tin/178839027,2026-09-17T07:31:59.196321
1839,Cho thuê  Shophouse Panorama Phú Mỹ Hưng 2 tầng 50tr/th,50000000,0.35460994,141 m²,"Phường Tân Phong, Quận 7, Tp Hồ Chí Minh",Quận 7,Tp Hồ Chí Minh,10.72168,106.71284,Đất,,,,2,Tây Nam,,1.0,,[],7,Dân,,,2026-09-17 14:18:55,https://nha.chotot.com/tin/177011854,2026-09-17T07:31:59.196488
1840,Kho trống VIEW SÔNG 235/50A Đặng Thùy Trâm. DT 8X20M.,20000000,0.125,160 m²,"Phường 13, Quận Bình Thạnh, Tp Hồ Chí Minh",Quận Bình Thạnh,Tp Hồ Chí Minh,10.824377,106.70332,Đất,,,,,,2.0,1.0,,[],3,Anh Dũng,,4.0,2026-09-17 14:17:42,https://nha.chotot.com/tin/167862234,2026-09-17T07:31:59.196686
1841,CHO THUÊ NHÀ ĐƯỜNG QUỐC HƯƠNG GIÁ 27 TRIỆU ,27000000,0.36,75 m²,"Phường Thảo Điền (Quận 2 cũ), Thành phố Thủ Đức, Tp Hồ Chí Minh",Thành phố Thủ Đức,Tp Hồ Chí Minh,10.807138,106.73095,Nhà ở,,2,2,2,,,,,[],6,Phương,,,2026-09-17 14:31:17,https://nha.chotot.com/tin/178839383,2026-09-17T07:32:00.219929
1842,"CHO THUÊ NHÀ  PHẠM QUÝ THÍCH   P.PHÚ THỌ HOÀ, TÂN PHÚ   📐 Diện tích: 4",10500000,0.125,84 m²,"Phường Tân Quý, Quận Tân Phú, Tp Hồ Chí Minh",Quận Tân Phú,Tp Hồ Chí Minh,10.789263,106.62116,Nhà ở,,1,1,,,,,,[],3,Thu,,4.0,2026-09-17 14:31:09,https://nha.chotot.com/tin/178839386,2026-09-17T07:32:00.220228
1843,Gia đình có việc cần chuyển nhượng căn hộ gần Depot Tham Lương 2PN,3500000000,57.37705,61 m²,"Phường Tân Thới Nhất, Quận 12, Tp Hồ Chí Minh",Quận 12,Tp Hồ Chí Minh,10.82442,106.62025,Căn hộ/Chung cư,1.0,2,1,,,3.0,6.0,,[],5,Đơn Phương,,,2026-09-10 10:12:16,https://nha.chotot.com/tin/178684712,2026-09-17T07:32:00.220431
1844,"CHO THUÊ NHÀ NGUYÊN CĂN – PHƯỜNG LINH TÂY, TP. THỦ ĐỨC  📍 Địa chỉ: 145",10000000,0.14285715,70 m²,"Phường Linh Tây (Quận Thủ Đức cũ), Thành phố Thủ Đức, Tp Hồ Chí Minh",Thành phố Thủ Đức,Tp Hồ Chí Minh,10.86056,106.756256,Nhà ở,,2,,,,,,,[],6,Đăng Quang Rental,,,2026-09-17 14:31:05,https://nha.chotot.com/tin/178839388,2026-09-17T07:32:00.220654
1845,Nhà 3 Rưỡi - Mặt Tiền Hải Châu Gần Đống Đa ( SỤP ),5500000000,110.0,50 m²,"Phường Thuận Phước, Quận Hải Châu, Đà Nẵng",Quận Hải Châu,Đà Nẵng,16.08619,108.21645,Nhà ở,,6,,5,,,,,[],7,hưng thịnh,,5.0,2026-09-02 10:54:17,https://nha.chotot.com/tin/178518870,2026-09-17T07:32:00.220911
1846,"[GIÁ RẺ] NHÀ NGUYÊN CĂN 1 TRỆT 1 LẦU GẦN EMART, CHỢ TÂN SƠN",8000000,0.14285715,56 m²,"Phường 12, Quận Gò Vấp, Tp Hồ Chí Minh",Quận Gò Vấp,Tp Hồ Chí Minh,10.832696,106.63855,Nhà ở,,2,2,1,,,,,[],8,THÀNH ĐẠT CHUYÊN CHO THUÊ PHÒNG TRỌ CHDV GIÁ TỐT,,,2026-09-17 14:30:48,https://nha.chotot.com/tin/178839377,2026-09-17T07:32:00.221097
1847,"Cho thuê giá tốt 3PN view sông, nội thất xịn, Vinhomes Central Park",35000000,0.3043478,115 m²,"Phường 22, Quận Bình Thạnh, Tp Hồ Chí Minh",Quận Bình Thạnh,Tp Hồ Chí Minh,10.79387,106.72032,Căn hộ/Chung cư,1.0,3,2,,,1.0,6.0,,[],12,Huyền Nguyễn,,,2026-09-02 15:25:06,https://nha.chotot.com/tin/178523171,2026-09-17T07:32:00.221266
1848,Giá Thuê : 9tr/1 tháng Cho Thuê Nhà Đường Bùi Quang Là P12 Q. gò Vấp -,9000000,0.140625,64 m²,"Phường 12, Quận Gò Vấp, Tp Hồ Chí Minh",Quận Gò Vấp,Tp Hồ Chí Minh,10.835113,106.6396,Nhà ở,,2,2,,Tây,,,1.0,[],6,Quang Huy,,5.0,2026-09-07 10:48:48,https://nha.chotot.com/tin/178617090,2026-09-17T07:32:00.221434
1849,"BÁN GẤP NHÀ KQH HOÀNG DIỆU PHƯỜNG CAM LY ĐÀ LẠT CHỈ 5,4 TỶ",5400000000,120.0,45 m²,"Phường 5, Thành phố Đà Lạt, Lâm Đồng",Thành phố Đà Lạt,Lâm Đồng,11.942885,108.427925,Nhà ở,,3,2,3,Tây Bắc,3.0,,,[],4,Tô Hoàng Phương Trinh,,,2026-09-15 15:32:14,https://nha.chotot.com/tin/178796817,2026-09-17T07:32:00.221645
1850,KHAI TRƯƠNG PHÒNG TRỌ SINH VIÊN GIÁ RẺ NGAY ĐH CÔNG THƯƠNG TÂN PHÚ,3500000,0.14,25 m²,"Phường Tân Sơn Nhì, Quận Tân Phú, Tp Hồ Chí Minh",Quận Tân Phú,Tp Hồ Chí Minh,10.801903,106.625885,Phòng trọ,,,,,,,,3500000.0,[],5,Kiều Oanh NeWay Home ,,5.0,2026-09-17 14:30:15,https://nha.chotot.com/tin/178453357,2026-09-17T07:32:00.221810
1851,"HIẾM!!!! - Hẻm Sư Vạn Hạnh, P12, Q.10 - 5x20m, 4 Tầng, 400m2",38000000,0.38,100 m²,"Phường 12, Quận 10, Tp Hồ Chí Minh",Quận 10,Tp Hồ Chí Minh,10.775027,106.667755,Đất,,,,4,,,,,[],9,Ngô Thanh Hùng,,,2026-09-17 14:30:13,https://nha.chotot.com/tin/178839362,2026-09-17T07:32:00.222015
1852,Bán Đất Lô Góc Võ Văn Vân giá cực tốt,4190000000,37.410713,112 m²,"Xã Vĩnh Lộc B, Huyện Bình Chánh, Tp Hồ Chí Minh",Huyện Bình Chánh,Tp Hồ Chí Minh,10.773623,106.57547,Văn phòng/Mặt bằng,,,,,,,1.0,,[],6,Thanh Hưng,,3.4,2026-09-09 18:08:26,https://nha.chotot.com/tin/178674907,2026-09-17T07:32:00.222198
1853,"BCONS ARIA TRẢ TRƯỚC CHỈ 5% CHIẾT KHẤU 8,5% HỖ TRỢ LS 6,9% TRONG 4 NĂM",2600000000,49.056602,53 m²,"Phường Đông Hòa, Thành phố Dĩ An, Bình Dương",Thành phố Dĩ An,Bình Dương,10.89115,106.8022,Căn hộ/Chung cư,1.0,2,2,37,Tây,3.0,4.0,,[],12,Huy Hoàng Bcons ,,,2026-08-25 09:52:10,https://nha.chotot.com/tin/178364490,2026-09-17T07:32:00.222374
1854,"CHO THUÊ CĂN HỘ MỚI 2 PHÒNG NGỦ, DIỆN TÍCH 60M² ",13500000,0.20769231,65 m²,"Phường Khuê Mỹ, Quận Ngũ Hành Sơn, Đà Nẵng",Quận Ngũ Hành Sơn,Đà Nẵng,16.023426,108.2459,Căn hộ/Chung cư,2.0,2,,,,2.0,,,[],4,VANA,,,2026-09-17 14:30:06,https://nha.chotot.com/tin/178838887,2026-09-17T07:32:00.222561
1855,Bán căn Hưng Phát Silver Star - sát vách sunrise reverside - 4.6ty,4350000000,41.037735,106 m²,"Xã Phước Kiển, Huyện Nhà Bè, Tp Hồ Chí Minh",Huyện Nhà Bè,Tp Hồ Chí Minh,10.70387,106.71276,Căn hộ/Chung cư,1.0,3,,,Tây Nam,2.0,6.0,,[],9,Vân,,4.8,2026-09-03 11:16:19,https://nha.chotot.com/tin/177025273,2026-09-17T07:32:00.222739
1856,Nhà mới DT:4x9m 2 Tầng 2pn 2wc hẻm 1942 Huỳnh Tấn Phát,1960000000,61.25,32 m²,"Thị trấn Nhà Bè, Huyện Nhà Bè, Tp Hồ Chí Minh",Huyện Nhà Bè,Tp Hồ Chí Minh,10.698072,106.738914,Nhà ở,,2,,2,,,,,[],11,Nam Phú Gia,,,2026-09-06 06:52:42,https://nha.chotot.com/tin/178593726,2026-09-17T07:32:00.222984
1857,Cho thuê CC Garden gate 40m2 Offictel 1WC giá cực tốt chỉ 11tr/th ,11000000,0.31428573,35 m²,"Phường 9, Quận Phú Nhuận, Tp Hồ Chí Minh",Quận Phú Nhuận,Tp Hồ Chí Minh,10.80964,106.67425,Căn hộ/Chung cư,1.0,1,1,,,,,,[],3,Nguyễn Hoàng Toàn,,,2026-09-15 10:14:56,https://nha.chotot.com/tin/178787965,2026-09-17T07:32:00.223145
1858,🏡Khai Trương Ký túc xá ngay ngã tư Hàng xanh đầy đủ tiện nghi 🎉KTX,1700000,0.04857143,35 m²,"Phường 25, Quận Bình Thạnh, Tp Hồ Chí Minh",Quận Bình Thạnh,Tp Hồ Chí Minh,10.802271,106.71938,Phòng trọ,,,,,,,,1700000.0,[],4,LQ Vinhomes,,,2026-08-24 10:56:00,https://nha.chotot.com/tin/163698886,2026-09-17T07:32:00.223312
1859,Nhà Lầu 4 Tầng Hẻm Oto Xây Mới 100% Âu Dương Lân P2 Q8,8600000000,204.7619,42 m²,"Phường 2, Quận 8, Tp Hồ Chí Minh",Quận 8,Tp Hồ Chí Minh,10.742134,106.685104,Nhà ở,,4,3,4,,2.0,1.0,,[],8,Phạm Quốc Thắng,,,2026-09-17 14:29:58,https://nha.chotot.com/tin/178839361,2026-09-17T07:32:00.223470
1860,Lô đất 2500m thổ cư mặt tiền Hồ khu Biệt thự nghỉ dưỡng,4000000000,1.6891892,2368 m²,"Xã Đinh Lạc, Huyện Di Linh, Lâm Đồng",Huyện Di Linh,Lâm Đồng,11.63063,108.13101,Văn phòng/Mặt bằng,,,,,,,1.0,,[],4,Nguyễn Anh Sang,,4.1,2026-09-17 14:29:58,https://nha.chotot.com/tin/178141305,2026-09-17T07:32:00.223643
1861,🥳🥳Một Căn Hộ Vừa Đẹp- Vừa Tiện Nghi - Vừa Có Không Gian Sống Thoángãng,12000000,0.4,30 m²,"Phường Thảo Điền (Quận 2 cũ), Thành phố Thủ Đức, Tp Hồ Chí Minh",Thành phố Thủ Đức,Tp Hồ Chí Minh,10.806585,106.72578,Căn hộ/Chung cư,2.0,1,,,,,,12000000.0,[],10,Hồng Loan HIFRIENDZ,,,2026-09-17 14:31:31,https://nha.chotot.com/tin/178373155,2026-09-17T07:32:00.906640
1862,"🌧️🫧🏡 CĂN HỘ HIỆN ĐẠI – GỌN GÀNG, ẤM ÁP, ĐỦ ĐẦY TIỆN NGHI ✨😅🥹",7000000,0.23333333,30 m²,"Phường An Phú (Quận 2 cũ), Thành phố Thủ Đức, Tp Hồ Chí Minh",Thành phố Thủ Đức,Tp Hồ Chí Minh,10.794329,106.742546,Căn hộ/Chung cư,2.0,1,,,,,,7000000.0,[],7,Hồng Loan HIFRIENDZ,,,2026-09-17 14:31:18,https://nha.chotot.com/tin/178372865,2026-09-17T07:32:00.906949
1863,Gia đình có việc cần chuyển nhượng căn hộ gần Depot Tham Lương 2PN,3500000000,57.37705,61 m²,"Phường Tân Thới Nhất, Quận 12, Tp Hồ Chí Minh",Quận 12,Tp Hồ Chí Minh,10.82442,106.62025,Căn hộ/Chung cư,1.0,2,1,,,3.0,6.0,,[],5,Đơn Phương,,,2026-09-10 10:12:16,https://nha.chotot.com/tin/178684712,2026-09-17T07:32:00.907144
1864,"Cho thuê giá tốt 3PN view sông, nội thất xịn, Vinhomes Central Park",35000000,0.3043478,115 m²,"Phường 22, Quận Bình Thạnh, Tp Hồ Chí Minh",Quận Bình Thạnh,Tp Hồ Chí Minh,10.79387,106.72032,Căn hộ/Chung cư,1.0,3,2,,,1.0,6.0,,[],12,Huyền Nguyễn,,,2026-09-02 15:25:06,https://nha.chotot.com/tin/178523171,2026-09-17T07:32:00.907357
1865,"BCONS ARIA TRẢ TRƯỚC CHỈ 5% CHIẾT KHẤU 8,5% HỖ TRỢ LS 6,9% TRONG 4 NĂM",2600000000,49.056602,53 m²,"Phường Đông Hòa, Thành phố Dĩ An, Bình Dương",Thành phố Dĩ An,Bình Dương,10.89115,106.8022,Căn hộ/Chung cư,1.0,2,2,37,Tây,3.0,4.0,,[],12,Huy Hoàng Bcons ,,,2026-08-25 09:52:10,https://nha.chotot.com/tin/178364490,2026-09-17T07:32:00.907606
1866,"CHO THUÊ CĂN HỘ MỚI 2 PHÒNG NGỦ, DIỆN TÍCH 60M² ",13500000,0.20769231,65 m²,"Phường Khuê Mỹ, Quận Ngũ Hành Sơn, Đà Nẵng",Quận Ngũ Hành Sơn,Đà Nẵng,16.023426,108.2459,Căn hộ/Chung cư,2.0,2,,,,2.0,,,[],4,VANA,,,2026-09-17 14:30:06,https://nha.chotot.com/tin/178838887,2026-09-17T07:32:00.907861
1867,Bán căn Hưng Phát Silver Star - sát vách sunrise reverside - 4.6ty,4350000000,41.037735,106 m²,"Xã Phước Kiển, Huyện Nhà Bè, Tp Hồ Chí Minh",Huyện Nhà Bè,Tp Hồ Chí Minh,10.70387,106.71276,Căn hộ/Chung cư,1.0,3,,,Tây Nam,2.0,6.0,,[],9,Vân,,4.8,2026-09-03 11:16:19,https://nha.chotot.com/tin/177025273,2026-09-17T07:32:00.908055
1868,Cho thuê CC Garden gate 40m2 Offictel 1WC giá cực tốt chỉ 11tr/th ,11000000,0.31428573,35 m²,"Phường 9, Quận Phú Nhuận, Tp Hồ Chí Minh",Quận Phú Nhuận,Tp Hồ Chí Minh,10.80964,106.67425,Căn hộ/Chung cư,1.0,1,1,,,,,,[],3,Nguyễn Hoàng Toàn,,,2026-09-15 10:14:56,https://nha.chotot.com/tin/178787965,2026-09-17T07:32:00.908234
1869,KHAI TRƯƠNG ĐUPLEX 3🍠X ĐƯỜNG SỐ 1_NGUYỄN THỊ TÚ NHẬN XE ĐIỆN FULL NT,3700000,0.13214286,28 m²,"Phường Bình Hưng Hoà B, Quận Bình Tân, Tp Hồ Chí Minh",Quận Bình Tân,Tp Hồ Chí Minh,10.807803,106.59462,Căn hộ/Chung cư,3.0,1,1,,,2.0,4.0,1000000.0,[],11,Triệu an HiFriendz Tp ,,5.0,2026-09-17 14:29:46,https://nha.chotot.com/tin/178839353,2026-09-17T07:32:00.908405
1870,"Chung cư Tecco Green - Phan Văn Hớn căn 2p ngủ , full NT, giá 7,3tr/th",7300000,0.1,73 m²,"Phường Tân Thới Nhất, Quận 12, Tp Hồ Chí Minh",Quận 12,Tp Hồ Chí Minh,10.82954,106.61561,Căn hộ/Chung cư,1.0,2,2,,,2.0,6.0,,[],6,Phí Linh,,,2026-09-17 14:29:29,https://nha.chotot.com/tin/178839257,2026-09-17T07:32:00.908584
1871,💥CHDV - FUL NT - 2PN - BALCONY THOÁNG ⚡️ PHAN ĐĂNG LƯU - BÙI ĐÌNH TUÝ 💥,7800000,0.111428574,70 m²,"Phường 1, Quận Bình Thạnh, Tp Hồ Chí Minh",Quận Bình Thạnh,Tp Hồ Chí Minh,10.802451,106.697495,Căn hộ/Chung cư,2.0,2,,,,,,,[],12,Lương Thanh Trúc,,,2026-09-12 21:54:42,https://nha.chotot.com/tin/178437508,2026-09-17T07:32:00.908750
1872,"💥 HÀ ĐÔ CENTROSA – 2PN 2WC – NHÀ ĐẸP, FULL NỘI THẤT – Ở LIỀN CHỈ 22TR",22000000,0.25581396,86 m²,"Phường 12, Quận 10, Tp Hồ Chí Minh",Quận 10,Tp Hồ Chí Minh,10.7762,106.67889,Căn hộ/Chung cư,1.0,2,2,,,,,,[],12,Hoàng Dung,,4.5,2026-09-17 11:07:05,https://nha.chotot.com/tin/178834497,2026-09-17T07:32:00.908916
1873,"CĂN HỘ MINI CAO CẤP MỚI 100%, FULL NỘI THẤT NGAY ẺMART PHAN HUY ÍCH",5000000,0.2,25 m²,"Phường 12, Quận Gò Vấp, Tp Hồ Chí Minh",Quận Gò Vấp,Tp Hồ Chí Minh,10.837349,106.636284,Căn hộ/Chung cư,2.0,1,1,,,1.0,4.0,5000000.0,[],12,Alo Ngoc Hoang,,5.0,2026-09-17 14:28:24,https://nha.chotot.com/tin/178839301,2026-09-17T07:32:00.909106
1874,TÌM NỮ Ở GHÉP CĂN CHUNG CƯ 2PN,4500000,0.071428575,63 m²,"Phường Phú Thuận, Quận 7, Tp Hồ Chí Minh",Quận 7,Tp Hồ Chí Minh,10.722,106.7433,Căn hộ/Chung cư,1.0,2,2,,,2.0,4.0,4500000.0,[],7,Kim Thanh,,5.0,2026-09-17 14:28:16,https://nha.chotot.com/tin/178839296,2026-09-17T07:32:00.909283
1875,Khách Cần Tiền Ra Di Căn 2PN Hiyori Siêu Mới,5200000000,83.870964,62 m²,"Phường An Hải Đông, Quận Sơn Trà, Đà Nẵng",Quận Sơn Trà,Đà Nẵng,16.06191,108.23652,Căn hộ/Chung cư,1.0,2,2,,,1.0,2.0,,[],11,Hồng Công,,,2026-09-17 14:26:46,https://nha.chotot.com/tin/171220229,2026-09-17T07:32:00.909471
1876,⭐ RIVER PANORAMA CHO THUÊ 3PN2WC FULL NỘI THẤT VIEW ĐẸP CHỈ 19 TRIỆU,19000000,0.21111111,90 m²,"Phường Phú Mỹ, Quận 7, Tp Hồ Chí Minh",Quận 7,Tp Hồ Chí Minh,10.71422,106.73743,Căn hộ/Chung cư,1.0,3,2,,,2.0,6.0,,[],12,Huy,,5.0,2026-09-08 14:36:21,https://nha.chotot.com/tin/172861126,2026-09-17T07:32:00.909655
1877,"THẢO ĐIỀN, QUẬN 2 🏡 CHO THUÊ CHDV CAO CẤP💘 1PN BAN CÔNG FULL NỘI THẤT",11000000,0.22,50 m²,"Phường Thảo Điền (Quận 2 cũ), Thành phố Thủ Đức, Tp Hồ Chí Minh",Thành phố Thủ Đức,Tp Hồ Chí Minh,10.803914,106.72912,Căn hộ/Chung cư,2.0,1,1,,Đông Bắc,1.0,4.0,11000000.0,[],11,Phương An Chuyên Căn Hộ Quận 2,,5.0,2026-09-11 14:06:45,https://nha.chotot.com/tin/177928071,2026-09-17T07:32:00.909843
1878,CHDV FULL NỘI THẤT MỚI KENG GẦN MEGA MARKET Q12,3900000,0.156,25 m²,"Phường Tân Thới Hiệp, Quận 12, Tp Hồ Chí Minh",Quận 12,Tp Hồ Chí Minh,10.887289,106.64767,Căn hộ/Chung cư,2.0,1,1,4,,2.0,4.0,,[],10,Anh Tuấn Tìm Phòng,,5.0,2026-09-17 14:26:20,https://nha.chotot.com/tin/178839237,2026-09-17T07:32:00.910127
1879,CHO THUÊ CĂN HỘ DUPLEX 2  GIƯỜNG NGỦ FULL NỘI THẤT CÓ CỬA SỔ THOÁNG,6000000,0.13333334,45 m²,"Phường 8, Thành phố Đà Lạt, Lâm Đồng",Thành phố Đà Lạt,Lâm Đồng,11.977858,108.45107,Căn hộ/Chung cư,3.0,1,1,,,,,,[],9,Quang gohome,,,2026-09-17 14:26:16,https://nha.chotot.com/tin/178839207,2026-09-17T07:32:00.910292
1880,Khách Cần Tiền Bán Gấp Căn Ponte 1PN Stu View Biển Giá Cực Rẻ ,2700000000,103.84615,26 m²,"Phường An Hải Tây, Quận Sơn Trà, Đà Nẵng",Quận Sơn Trà,Đà Nẵng,16.059008,108.23034,Căn hộ/Chung cư,1.0,1,2,,Tây,4.0,6.0,,[],6,Hồng Công,,,2026-09-17 14:26:02,https://nha.chotot.com/tin/178096332,2026-09-17T07:32:00.910463
1881,Bán nhà hẻm 184 thoáng đường Âu Dương Lân P3 Q8 ,3180000000,104.605606,30.3999 m²,"Phường 3, Quận 8, Tp Hồ Chí Minh",Quận 8,Tp Hồ Chí Minh,10.745962,106.68301,Nhà ở,,2,2,2,,2.0,1.0,,[],5, Như Ý,,,2026-09-17 14:31:29,https://nha.chotot.com/tin/178502242,2026-09-17T07:32:01.735190
1882,HÀNG HIẾM KHÓ TÌM - NHÀ C4 144m² S.H.R - CHỈ 820TR - TÂN AN HỘI CỦ CHI,820000000,5.6944447,144 m²,"Xã Tân An Hội, Huyện Củ Chi, Tp Hồ Chí Minh",Huyện Củ Chi,Tp Hồ Chí Minh,10.9593525,106.48182,Nhà ở,,2,1,1,,4.0,4.0,,[],8,Nguyễn Văn Quốc,,,2026-09-17 14:31:19,https://nha.chotot.com/tin/178838518,2026-09-17T07:32:01.735491
1883,CHO THUÊ NHÀ ĐƯỜNG QUỐC HƯƠNG GIÁ 27 TRIỆU ,27000000,0.36,75 m²,"Phường Thảo Điền (Quận 2 cũ), Thành phố Thủ Đức, Tp Hồ Chí Minh",Thành phố Thủ Đức,Tp Hồ Chí Minh,10.807138,106.73095,Nhà ở,,2,2,2,,,,,[],6,Phương,,,2026-09-17 14:31:17,https://nha.chotot.com/tin/178839383,2026-09-17T07:32:01.735712
1884,"CHO THUÊ NHÀ  PHẠM QUÝ THÍCH   P.PHÚ THỌ HOÀ, TÂN PHÚ   📐 Diện tích: 4",10500000,0.125,84 m²,"Phường Tân Quý, Quận Tân Phú, Tp Hồ Chí Minh",Quận Tân Phú,Tp Hồ Chí Minh,10.789263,106.62116,Nhà ở,,1,1,,,,,,[],3,Thu,,4.0,2026-09-17 14:31:09,https://nha.chotot.com/tin/178839386,2026-09-17T07:32:01.735900
1885,"CHO THUÊ NHÀ NGUYÊN CĂN – PHƯỜNG LINH TÂY, TP. THỦ ĐỨC  📍 Địa chỉ: 145",10000000,0.14285715,70 m²,"Phường Linh Tây (Quận Thủ Đức cũ), Thành phố Thủ Đức, Tp Hồ Chí Minh",Thành phố Thủ Đức,Tp Hồ Chí Minh,10.86056,106.756256,Nhà ở,,2,,,,,,,[],6,Đăng Quang Rental,,,2026-09-17 14:31:05,https://nha.chotot.com/tin/178839388,2026-09-17T07:32:01.736146
1886,Nhà 3 Rưỡi - Mặt Tiền Hải Châu Gần Đống Đa ( SỤP ),5500000000,110.0,50 m²,"Phường Thuận Phước, Quận Hải Châu, Đà Nẵng",Quận Hải Châu,Đà Nẵng,16.08619,108.21645,Nhà ở,,6,,5,,,,,[],7,hưng thịnh,,5.0,2026-09-02 10:54:17,https://nha.chotot.com/tin/178518870,2026-09-17T07:32:01.736333
1887,"[GIÁ RẺ] NHÀ NGUYÊN CĂN 1 TRỆT 1 LẦU GẦN EMART, CHỢ TÂN SƠN",8000000,0.14285715,56 m²,"Phường 12, Quận Gò Vấp, Tp Hồ Chí Minh",Quận Gò Vấp,Tp Hồ Chí Minh,10.832696,106.63855,Nhà ở,,2,2,1,,,,,[],8,THÀNH ĐẠT CHUYÊN CHO THUÊ PHÒNG TRỌ CHDV GIÁ TỐT,,,2026-09-17 14:30:48,https://nha.chotot.com/tin/178839377,2026-09-17T07:32:01.736502
1888,Giá Thuê : 9tr/1 tháng Cho Thuê Nhà Đường Bùi Quang Là P12 Q. gò Vấp -,9000000,0.140625,64 m²,"Phường 12, Quận Gò Vấp, Tp Hồ Chí Minh",Quận Gò Vấp,Tp Hồ Chí Minh,10.835113,106.6396,Nhà ở,,2,2,,Tây,,,1.0,[],6,Quang Huy,,5.0,2026-09-07 10:48:48,https://nha.chotot.com/tin/178617090,2026-09-17T07:32:01.736677
1889,"BÁN GẤP NHÀ KQH HOÀNG DIỆU PHƯỜNG CAM LY ĐÀ LẠT CHỈ 5,4 TỶ",5400000000,120.0,45 m²,"Phường 5, Thành phố Đà Lạt, Lâm Đồng",Thành phố Đà Lạt,Lâm Đồng,11.942885,108.427925,Nhà ở,,3,2,3,Tây Bắc,3.0,,,[],4,Tô Hoàng Phương Trinh,,,2026-09-15 15:32:14,https://nha.chotot.com/tin/178796817,2026-09-17T07:32:01.736835
1890,Nhà mới DT:4x9m 2 Tầng 2pn 2wc hẻm 1942 Huỳnh Tấn Phát,1960000000,61.25,32 m²,"Thị trấn Nhà Bè, Huyện Nhà Bè, Tp Hồ Chí Minh",Huyện Nhà Bè,Tp Hồ Chí Minh,10.698072,106.738914,Nhà ở,,2,,2,,,,,[],11,Nam Phú Gia,,,2026-09-06 06:52:42,https://nha.chotot.com/tin/178593726,2026-09-17T07:32:01.737015
1891,Nhà Lầu 4 Tầng Hẻm Oto Xây Mới 100% Âu Dương Lân P2 Q8,8600000000,204.7619,42 m²,"Phường 2, Quận 8, Tp Hồ Chí Minh",Quận 8,Tp Hồ Chí Minh,10.742134,106.685104,Nhà ở,,4,3,4,,2.0,1.0,,[],8,Phạm Quốc Thắng,,,2026-09-17 14:29:58,https://nha.chotot.com/tin/178839361,2026-09-17T07:32:01.737172
1892,"Cho Thuê Biệt Thự Nam Thông PMH Q7 - 450m2, 5PN, Đường 20m",70000000,0.15555556,450 m²,"Phường Tân Phong, Quận 7, Tp Hồ Chí Minh",Quận 7,Tp Hồ Chí Minh,10.73019,106.70033,Nhà ở,,5,4,5,,,,,[],12,Thuỷ Trần,,,2026-08-31 09:55:18,https://nha.chotot.com/tin/178484863,2026-09-17T07:32:01.737321
1893,Cần cho thuê nhà góc 2 Mặt Tiền 84A Phổ Quang P.2 Q.Tân Bình,30000000,0.3030303,99 m²,"Phường 2, Quận Tân Bình, Tp Hồ Chí Minh",Quận Tân Bình,Tp Hồ Chí Minh,10.806851,106.668365,Nhà ở,,5,5,4,,,1.0,60000000.0,[],6,Anh Thanh,,,2026-09-17 14:29:37,https://nha.chotot.com/tin/178839329,2026-09-17T07:32:01.737473
1894,Bán nhà lầu đúc kiên cố hẻm xe hơi rộng đường Dương Bá Trạc P1 Q8 ,11800000000,245.83333,48 m²,"Phường 1, Quận 8, Tp Hồ Chí Minh",Quận 8,Tp Hồ Chí Minh,10.74418,106.69049,Nhà ở,,4,4,4,Nam,2.0,1.0,,[],3,Nguyễn Thìn ,,4.4,2026-09-17 14:29:34,https://nha.chotot.com/tin/178839333,2026-09-17T07:32:01.737636
1895,"Bán nhà riêng 4mx18,3m",12300000000,169.65517,72.5 m²,"Phường Tân Sơn Nhì, Quận Tân Phú, Tp Hồ Chí Minh",Quận Tân Phú,Tp Hồ Chí Minh,10.796407,106.63215,Nhà ở,,1,,,,,,,[],3,Nguyễn Võ Châu Phát,,,2026-09-16 14:28:21,https://nha.chotot.com/tin/178817793,2026-09-17T07:32:01.737796
1896,cho thuê,25000000,0.41666666,60 m²,"Phường 8, Quận 5, Tp Hồ Chí Minh",Quận 5,Tp Hồ Chí Minh,10.756033,106.671135,Nhà ở,,4,5,3,Đông,3.0,1.0,50000000.0,[],3,Phạm Ánh Lan,,5.0,2026-09-17 12:38:51,https://nha.chotot.com/tin/178836750,2026-09-17T07:32:01.738064
1897,cho thuê nhà 2 tầng đường phan thanh sát đại học duy tân,11000000,0.22,50 m²,"Phường Thạc Gián, Quận Thanh Khê, Đà Nẵng",Quận Thanh Khê,Đà Nẵng,16.063013,108.208755,Nhà ở,,3,3,2,,1.0,,,[],10,Đại tuấn,,,2026-09-17 14:29:11,https://nha.chotot.com/tin/178839312,2026-09-17T07:32:01.738296
1898,Nhà riêng ngõ 31 phố mai động gần đền lừ dt40m2x4t giá 10tr,10000000,0.25,40 m²,"Phường Mai Động, Quận Hoàng Mai, Hà Nội",Quận Hoàng Mai,Hà Nội,20.988625,105.86115,Nhà ở,,4,3,4,Đông,2.0,1.0,10000000.0,[],6,phạm minh chính,,,2026-09-10 10:59:00,https://nha.chotot.com/tin/178378145,2026-09-17T07:32:01.738469
1899,bán nhà mặt tiền kinh doanh đường Trương Vĩnh Nguyên,5600000000,19.928825,281 m²,"Phường Phú Thứ, Quận Cái Răng, Cần Thơ",Quận Cái Răng,Cần Thơ,9.982768,105.78676,Nhà ở,,1,2,1,Đông Bắc,3.0,1.0,,[],5,Nguyen Tien Tai,,,2026-09-16 14:28:22,https://nha.chotot.com/tin/178149394,2026-09-17T07:32:01.738654
1900,"Bán biệt thự 2 lầu áp mái P. Thạnh Mỹ Tây, TP.HCM giá 43 tỷ",43000000000,511.90475,84 m²,"Phường 12, Quận 3, Tp Hồ Chí Minh",Quận 3,Tp Hồ Chí Minh,10.789393,106.675064,Nhà ở,,1,,,,,,,[],3,vũ thành,,,2026-09-17 14:28:31,https://nha.chotot.com/tin/178839248,2026-09-17T07:32:01.738940
1901,"HIẾM!!!! - Hẻm Sư Vạn Hạnh, P12, Q.10 - 5x20m, 4 Tầng, 400m2",38000000,0.38,100 m²,"Phường 12, Quận 10, Tp Hồ Chí Minh",Quận 10,Tp Hồ Chí Minh,10.775027,106.667755,Đất,,,,4,,,,,[],9,Ngô Thanh Hùng,,,2026-09-17 14:30:13,https://nha.chotot.com/tin/178839362,2026-09-17T07:32:03.022573
1902,CHO THUÊ HẺM NGUYỄN VĂN TRỖI TÂN BÌNH | 12x15m siêu rộng,58000000,0.58,100 m²,"Phường 10, Quận Tân Bình, Tp Hồ Chí Minh",Quận Tân Bình,Tp Hồ Chí Minh,10.798557,106.67042,Đất,,,,,,,,116000000.0,[],8,Dung tr,,,2026-09-17 14:29:35,https://nha.chotot.com/tin/178839347,2026-09-17T07:32:03.022879
1903,"Cho thuê nhà phố 5 tầng có thang máy, rèm đường D9",45000000,0.53571427,84 m²,"Phường Long Bình (Quận 9 cũ), Thành phố Thủ Đức, Tp Hồ Chí Minh",Thành phố Thủ Đức,Tp Hồ Chí Minh,10.84805,106.83874,Đất,,,,5,,3.0,1.0,,[],4,DUY HOMES,,,2026-09-09 09:41:13,https://nha.chotot.com/tin/178661906,2026-09-17T07:32:03.023077
1904,"Cho thuê vp phố nguyên hồng,đống đa,dt 68m2,giá 13tr/tháng",13000000,0.19117647,68 m²,"Phường Láng Hạ, Quận Đống Đa, Hà Nội",Quận Đống Đa,Hà Nội,21.015743,105.80971,Đất,,,,8,,1.0,1.0,,[],5,Đào Thành Lân,,,2026-09-17 14:27:34,https://nha.chotot.com/tin/178839277,2026-09-17T07:32:03.023255
1905,🔥 CHO THUÊ BIỆT THỰ SÂN VƯỜN NGUYỄN VĂN TRỖI – NGANG 12M – GIÁ 59TR/TH,59000000,0.118,500 m²,"Phường 10, Quận Phú Nhuận, Tp Hồ Chí Minh",Quận Phú Nhuận,Tp Hồ Chí Minh,10.798557,106.67042,Đất,,,,,,,,150000000.0,[],7,Kiều Hằng,,,2026-09-17 14:27:01,https://nha.chotot.com/tin/178839254,2026-09-17T07:32:03.023679
1906,Cho thuê kho 1200m QL1A Tam Bình chỉ 75k,90000000,0.075,1200 m²,"Phường Tam Bình (Quận Thủ Đức cũ), Thành phố Thủ Đức, Tp Hồ Chí Minh",Thành phố Thủ Đức,Tp Hồ Chí Minh,10.871881,106.739655,Đất,,,,,,,,3.0,[],3,Anhthe,,4.0,2026-09-14 18:07:53,https://nha.chotot.com/tin/178775394,2026-09-17T07:32:03.023894
1907,BIỆT THỰ SÂN VƯỜN KHU TỔ HỢP F&B VÀ ĐA NGÀNH NGHỀ TRUNG TÂM QUẬN 3 ,115000000,0.34848484,330 m²,"Phường Võ Thị Sáu, Quận 3, Tp Hồ Chí Minh",Quận 3,Tp Hồ Chí Minh,10.788824,106.690765,Đất,,,,,,,,,[],9,Yến Ngọc,,,2026-09-17 14:25:23,https://nha.chotot.com/tin/178839200,2026-09-17T07:32:03.024190
1908,🍑Đoạn Đẹp NGUYỄN GIA TRÍ - 4x25m (Trệt 2 Lầu)🍑,65000000,0.21666667,300 m²,"Phường 25, Quận Bình Thạnh, Tp Hồ Chí Minh",Quận Bình Thạnh,Tp Hồ Chí Minh,10.810227,106.71722,Đất,,,,,,,,,[],6,Nhà Phố Cho Thuê,,,2026-09-17 14:24:57,https://nha.chotot.com/tin/175622468,2026-09-17T07:32:03.024378
1909,"🌟10x15m - TRẦN QUỐC TOẢN, Quận 3🌟 Trệt 2 Lầu",60000000,0.13333334,450 m²,"Phường Võ Thị Sáu, Quận 3, Tp Hồ Chí Minh",Quận 3,Tp Hồ Chí Minh,10.78659,106.68779,Đất,,,,,,,,,[],4,Nhà Phố Cho Thuê,,,2026-09-17 14:24:26,https://nha.chotot.com/tin/175903201,2026-09-17T07:32:03.024640
1910,cho thuê 100m văn phòng giá 30 tr,30000000,0.3,100 m²,"Phường An Khánh (Quận 2 cũ), Thành phố Thủ Đức, Tp Hồ Chí Minh",Thành phố Thủ Đức,Tp Hồ Chí Minh,10.79159,106.73052,Đất,,,,,,,,60000000.0,[],3,Nguyễn Văn Hậu,,,2026-09-05 13:44:09,https://nha.chotot.com/tin/178581677,2026-09-17T07:32:03.024891
1911,CHO THUÊ TÒA NHÀ VĂN PHÒNG NGUYỄN VĂN TRỖI NGAY NGÃ TƯ PHÚ NHUẬN,130000000,0.096296296,1350 m²,"Phường 10, Quận Phú Nhuận, Tp Hồ Chí Minh",Quận Phú Nhuận,Tp Hồ Chí Minh,10.798557,106.67042,Đất,,,,,,,,,[],3,Anh Đào,,,2026-09-12 11:08:02,https://nha.chotot.com/tin/178727010,2026-09-17T07:32:03.025074
1912,Mặt bằng đẹp Hồ Văn Huê 30m2,7490000,0.24966666,30 m²,"Phường 9, Quận Phú Nhuận, Tp Hồ Chí Minh",Quận Phú Nhuận,Tp Hồ Chí Minh,10.80251,106.67629,Đất,,,,,,,,7490000.0,[],7,NGUYỄN THỊ ANH THƯ,,,2026-09-06 15:25:13,https://nha.chotot.com/tin/178603931,2026-09-17T07:32:03.025258
1913,"🇻🇳SHOPHOUSE 3 TẦNG MẶT TIỀN MÊ LINH | GẦN ORI, KCN HÒA KHÁNH",14000000,0.11666667,120 m²,"Phường Hòa Hiệp Nam, Quận Liên Chiểu, Đà Nẵng",Quận Liên Chiểu,Đà Nẵng,16.09171,108.12595,Đất,,04,,3,,,,,[],10,Ngô Văn Cảnh,,4.4,2026-09-17 14:22:04,https://nha.chotot.com/tin/178839109,2026-09-17T07:32:03.025433
1914,🔥 HẺM XE HƠI  HUỲNH VĂN BÁNH – PHÚ NHUẬN | 4PN – 4WC | CHỈ 2x,23000000,0.23,100 m²,"Phường 10, Quận Phú Nhuận, Tp Hồ Chí Minh",Quận Phú Nhuận,Tp Hồ Chí Minh,10.791831,106.671616,Đất,,4,,,,,,46000000.0,[],6,Dung tr,,,2026-09-17 14:21:51,https://nha.chotot.com/tin/178839122,2026-09-17T07:32:03.025622
1915,"Măt tiền Nguyễn Cư Trinh, Quận 1 (Ngang 17m)",90000000,0.45,200 m²,"Phường Nguyễn Cư Trinh, Quận 1, Tp Hồ Chí Minh",Quận 1,Tp Hồ Chí Minh,10.763458,106.68884,Đất,,,,,,,,,[],5,Nhà Phố Cho Thuê,,,2026-09-17 14:21:14,https://nha.chotot.com/tin/178280784,2026-09-17T07:32:03.025785
1916,"🔥GÓC 2MT - NGUYỄN TRÃI, Bến Thành, Q1🔥400m2 sử dụng",150000000,0.375,400 m²,"Phường Bến Thành, Quận 1, Tp Hồ Chí Minh",Quận 1,Tp Hồ Chí Minh,10.771166,106.68731,Đất,,,,,,,,,[],4,Nhà Phố Cho Thuê,,,2026-09-17 14:20:35,https://nha.chotot.com/tin/175556911,2026-09-17T07:32:03.026028
1917,CHO THUÊ TÒA NHÀ 2 MẶT TIỀN VÕ VĂN NGÂN DT 12M X 36M TP THỦ ĐỨC,100000000,0.07692308,1300 m²,"Phường Bình Thọ (Quận Thủ Đức cũ), Thành phố Thủ Đức, Tp Hồ Chí Minh",Thành phố Thủ Đức,Tp Hồ Chí Minh,10.850573,106.76223,Đất,,,,,,,1.0,,[],3,Oanh Home,,,2026-09-17 14:20:21,https://nha.chotot.com/tin/178262159,2026-09-17T07:32:03.026335
1918,"🔥 CHO THUÊ TẦNG 7 160m2 – 104A XUÂN THUỶ, THẢO ĐIỀN, Q2 🔥",50000000,0.3125,160 m²,"Phường Thảo Điền (Quận 2 cũ), Thành phố Thủ Đức, Tp Hồ Chí Minh",Thành phố Thủ Đức,Tp Hồ Chí Minh,10.803889,106.73543,Đất,,,,,,,,150000000.0,[],8,Kiều Hằng,,,2026-09-17 14:18:58,https://nha.chotot.com/tin/178839027,2026-09-17T07:32:03.026510
1919,Cho thuê  Shophouse Panorama Phú Mỹ Hưng 2 tầng 50tr/th,50000000,0.35460994,141 m²,"Phường Tân Phong, Quận 7, Tp Hồ Chí Minh",Quận 7,Tp Hồ Chí Minh,10.72168,106.71284,Đất,,,,2,Tây Nam,,1.0,,[],7,Dân,,,2026-09-17 14:18:55,https://nha.chotot.com/tin/177011854,2026-09-17T07:32:03.026690
1920,Kho trống VIEW SÔNG 235/50A Đặng Thùy Trâm. DT 8X20M.,20000000,0.125,160 m²,"Phường 13, Quận Bình Thạnh, Tp Hồ Chí Minh",Quận Bình Thạnh,Tp Hồ Chí Minh,10.824377,106.70332,Đất,,,,,,2.0,1.0,,[],3,Anh Dũng,,4.0,2026-09-17 14:17:42,https://nha.chotot.com/tin/167862234,2026-09-17T07:32:03.026873
1921,CHO THUÊ NHÀ ĐƯỜNG QUỐC HƯƠNG GIÁ 27 TRIỆU ,27000000,0.36,75 m²,"Phường Thảo Điền (Quận 2 cũ), Thành phố Thủ Đức, Tp Hồ Chí Minh",Thành phố Thủ Đức,Tp Hồ Chí Minh,10.807138,106.73095,Nhà ở,,2,2,2,,,,,[],6,Phương,,,2026-09-17 14:31:17,https://nha.chotot.com/tin/178839383,2026-09-17T07:32:04.358092
1922,"CHO THUÊ NHÀ  PHẠM QUÝ THÍCH   P.PHÚ THỌ HOÀ, TÂN PHÚ   📐 Diện tích: 4",10500000,0.125,84 m²,"Phường Tân Quý, Quận Tân Phú, Tp Hồ Chí Minh",Quận Tân Phú,Tp Hồ Chí Minh,10.789263,106.62116,Nhà ở,,1,1,,,,,,[],3,Thu,,4.0,2026-09-17 14:31:09,https://nha.chotot.com/tin/178839386,2026-09-17T07:32:04.358388
1923,Gia đình có việc cần chuyển nhượng căn hộ gần Depot Tham Lương 2PN,3500000000,57.37705,61 m²,"Phường Tân Thới Nhất, Quận 12, Tp Hồ Chí Minh",Quận 12,Tp Hồ Chí Minh,10.82442,106.62025,Căn hộ/Chung cư,1.0,2,1,,,3.0,6.0,,[],5,Đơn Phương,,,2026-09-10 10:12:16,https://nha.chotot.com/tin/178684712,2026-09-17T07:32:04.358614
1924,"CHO THUÊ NHÀ NGUYÊN CĂN – PHƯỜNG LINH TÂY, TP. THỦ ĐỨC  📍 Địa chỉ: 145",10000000,0.14285715,70 m²,"Phường Linh Tây (Quận Thủ Đức cũ), Thành phố Thủ Đức, Tp Hồ Chí Minh",Thành phố Thủ Đức,Tp Hồ Chí Minh,10.86056,106.756256,Nhà ở,,2,,,,,,,[],6,Đăng Quang Rental,,,2026-09-17 14:31:05,https://nha.chotot.com/tin/178839388,2026-09-17T07:32:04.358816
1925,Nhà 3 Rưỡi - Mặt Tiền Hải Châu Gần Đống Đa ( SỤP ),5500000000,110.0,50 m²,"Phường Thuận Phước, Quận Hải Châu, Đà Nẵng",Quận Hải Châu,Đà Nẵng,16.08619,108.21645,Nhà ở,,6,,5,,,,,[],7,hưng thịnh,,5.0,2026-09-02 10:54:17,https://nha.chotot.com/tin/178518870,2026-09-17T07:32:04.359089
1926,"[GIÁ RẺ] NHÀ NGUYÊN CĂN 1 TRỆT 1 LẦU GẦN EMART, CHỢ TÂN SƠN",8000000,0.14285715,56 m²,"Phường 12, Quận Gò Vấp, Tp Hồ Chí Minh",Quận Gò Vấp,Tp Hồ Chí Minh,10.832696,106.63855,Nhà ở,,2,2,1,,,,,[],8,THÀNH ĐẠT CHUYÊN CHO THUÊ PHÒNG TRỌ CHDV GIÁ TỐT,,,2026-09-17 14:30:48,https://nha.chotot.com/tin/178839377,2026-09-17T07:32:04.359331
1927,"Cho thuê giá tốt 3PN view sông, nội thất xịn, Vinhomes Central Park",35000000,0.3043478,115 m²,"Phường 22, Quận Bình Thạnh, Tp Hồ Chí Minh",Quận Bình Thạnh,Tp Hồ Chí Minh,10.79387,106.72032,Căn hộ/Chung cư,1.0,3,2,,,1.0,6.0,,[],12,Huyền Nguyễn,,,2026-09-02 15:25:06,https://nha.chotot.com/tin/178523171,2026-09-17T07:32:04.359550
1928,Giá Thuê : 9tr/1 tháng Cho Thuê Nhà Đường Bùi Quang Là P12 Q. gò Vấp -,9000000,0.140625,64 m²,"Phường 12, Quận Gò Vấp, Tp Hồ Chí Minh",Quận Gò Vấp,Tp Hồ Chí Minh,10.835113,106.6396,Nhà ở,,2,2,,Tây,,,1.0,[],6,Quang Huy,,5.0,2026-09-07 10:48:48,https://nha.chotot.com/tin/178617090,2026-09-17T07:32:04.359724
1929,"BÁN GẤP NHÀ KQH HOÀNG DIỆU PHƯỜNG CAM LY ĐÀ LẠT CHỈ 5,4 TỶ",5400000000,120.0,45 m²,"Phường 5, Thành phố Đà Lạt, Lâm Đồng",Thành phố Đà Lạt,Lâm Đồng,11.942885,108.427925,Nhà ở,,3,2,3,Tây Bắc,3.0,,,[],4,Tô Hoàng Phương Trinh,,,2026-09-15 15:32:14,https://nha.chotot.com/tin/178796817,2026-09-17T07:32:04.359890
1930,KHAI TRƯƠNG PHÒNG TRỌ SINH VIÊN GIÁ RẺ NGAY ĐH CÔNG THƯƠNG TÂN PHÚ,3500000,0.14,25 m²,"Phường Tân Sơn Nhì, Quận Tân Phú, Tp Hồ Chí Minh",Quận Tân Phú,Tp Hồ Chí Minh,10.801903,106.625885,Phòng trọ,,,,,,,,3500000.0,[],5,Kiều Oanh NeWay Home ,,5.0,2026-09-17 14:30:15,https://nha.chotot.com/tin/178453357,2026-09-17T07:32:04.360046
1931,"HIẾM!!!! - Hẻm Sư Vạn Hạnh, P12, Q.10 - 5x20m, 4 Tầng, 400m2",38000000,0.38,100 m²,"Phường 12, Quận 10, Tp Hồ Chí Minh",Quận 10,Tp Hồ Chí Minh,10.775027,106.667755,Đất,,,,4,,,,,[],9,Ngô Thanh Hùng,,,2026-09-17 14:30:13,https://nha.chotot.com/tin/178839362,2026-09-17T07:32:04.360234
1932,Bán Đất Lô Góc Võ Văn Vân giá cực tốt,4190000000,37.410713,112 m²,"Xã Vĩnh Lộc B, Huyện Bình Chánh, Tp Hồ Chí Minh",Huyện Bình Chánh,Tp Hồ Chí Minh,10.773623,106.57547,Văn phòng/Mặt bằng,,,,,,,1.0,,[],6,Thanh Hưng,,3.4,2026-09-09 18:08:26,https://nha.chotot.com/tin/178674907,2026-09-17T07:32:04.360403
1933,"BCONS ARIA TRẢ TRƯỚC CHỈ 5% CHIẾT KHẤU 8,5% HỖ TRỢ LS 6,9% TRONG 4 NĂM",2600000000,49.056602,53 m²,"Phường Đông Hòa, Thành phố Dĩ An, Bình Dương",Thành phố Dĩ An,Bình Dương,10.89115,106.8022,Căn hộ/Chung cư,1.0,2,2,37,Tây,3.0,4.0,,[],12,Huy Hoàng Bcons ,,,2026-08-25 09:52:10,https://nha.chotot.com/tin/178364490,2026-09-17T07:32:04.360594
1934,"CHO THUÊ CĂN HỘ MỚI 2 PHÒNG NGỦ, DIỆN TÍCH 60M² ",13500000,0.20769231,65 m²,"Phường Khuê Mỹ, Quận Ngũ Hành Sơn, Đà Nẵng",Quận Ngũ Hành Sơn,Đà Nẵng,16.023426,108.2459,Căn hộ/Chung cư,2.0,2,,,,2.0,,,[],4,VANA,,,2026-09-17 14:30:06,https://nha.chotot.com/tin/178838887,2026-09-17T07:32:04.360761
1935,Bán căn Hưng Phát Silver Star - sát vách sunrise reverside - 4.6ty,4350000000,41.037735,106 m²,"Xã Phước Kiển, Huyện Nhà Bè, Tp Hồ Chí Minh",Huyện Nhà Bè,Tp Hồ Chí Minh,10.70387,106.71276,Căn hộ/Chung cư,1.0,3,,,Tây Nam,2.0,6.0,,[],9,Vân,,4.8,2026-09-03 11:16:19,https://nha.chotot.com/tin/177025273,2026-09-17T07:32:04.360939
1936,Nhà mới DT:4x9m 2 Tầng 2pn 2wc hẻm 1942 Huỳnh Tấn Phát,1960000000,61.25,32 m²,"Thị trấn Nhà Bè, Huyện Nhà Bè, Tp Hồ Chí Minh",Huyện Nhà Bè,Tp Hồ Chí Minh,10.698072,106.738914,Nhà ở,,2,,2,,,,,[],11,Nam Phú Gia,,,2026-09-06 06:52:42,https://nha.chotot.com/tin/178593726,2026-09-17T07:32:04.361182
1937,Cho thuê CC Garden gate 40m2 Offictel 1WC giá cực tốt chỉ 11tr/th ,11000000,0.31428573,35 m²,"Phường 9, Quận Phú Nhuận, Tp Hồ Chí Minh",Quận Phú Nhuận,Tp Hồ Chí Minh,10.80964,106.67425,Căn hộ/Chung cư,1.0,1,1,,,,,,[],3,Nguyễn Hoàng Toàn,,,2026-09-15 10:14:56,https://nha.chotot.com/tin/178787965,2026-09-17T07:32:04.361343
1938,🏡Khai Trương Ký túc xá ngay ngã tư Hàng xanh đầy đủ tiện nghi 🎉KTX,1700000,0.04857143,35 m²,"Phường 25, Quận Bình Thạnh, Tp Hồ Chí Minh",Quận Bình Thạnh,Tp Hồ Chí Minh,10.802271,106.71938,Phòng trọ,,,,,,,,1700000.0,[],4,LQ Vinhomes,,,2026-08-24 10:56:00,https://nha.chotot.com/tin/163698886,2026-09-17T07:32:04.361508
1939,Nhà Lầu 4 Tầng Hẻm Oto Xây Mới 100% Âu Dương Lân P2 Q8,8600000000,204.7619,42 m²,"Phường 2, Quận 8, Tp Hồ Chí Minh",Quận 8,Tp Hồ Chí Minh,10.742134,106.685104,Nhà ở,,4,3,4,,2.0,1.0,,[],8,Phạm Quốc Thắng,,,2026-09-17 14:29:58,https://nha.chotot.com/tin/178839361,2026-09-17T07:32:04.361689
1940,Lô đất 2500m thổ cư mặt tiền Hồ khu Biệt thự nghỉ dưỡng,4000000000,1.6891892,2368 m²,"Xã Đinh Lạc, Huyện Di Linh, Lâm Đồng",Huyện Di Linh,Lâm Đồng,11.63063,108.13101,Văn phòng/Mặt bằng,,,,,,,1.0,,[],4,Nguyễn Anh Sang,,4.1,2026-09-17 14:29:58,https://nha.chotot.com/tin/178141305,2026-09-17T07:32:04.361840
1941,🥳🥳Một Căn Hộ Vừa Đẹp- Vừa Tiện Nghi - Vừa Có Không Gian Sống Thoángãng,12000000,0.4,30 m²,"Phường Thảo Điền (Quận 2 cũ), Thành phố Thủ Đức, Tp Hồ Chí Minh",Thành phố Thủ Đức,Tp Hồ Chí Minh,10.806585,106.72578,Căn hộ/Chung cư,2.0,1,,,,,,12000000.0,[],10,Hồng Loan HIFRIENDZ,,,2026-09-17 14:31:31,https://nha.chotot.com/tin/178373155,2026-09-17T07:32:05.765765
1942,"🌧️🫧🏡 CĂN HỘ HIỆN ĐẠI – GỌN GÀNG, ẤM ÁP, ĐỦ ĐẦY TIỆN NGHI ✨😅🥹",7000000,0.23333333,30 m²,"Phường An Phú (Quận 2 cũ), Thành phố Thủ Đức, Tp Hồ Chí Minh",Thành phố Thủ Đức,Tp Hồ Chí Minh,10.794329,106.742546,Căn hộ/Chung cư,2.0,1,,,,,,7000000.0,[],7,Hồng Loan HIFRIENDZ,,,2026-09-17 14:31:18,https://nha.chotot.com/tin/178372865,2026-09-17T07:32:05.766100
1943,Gia đình có việc cần chuyển nhượng căn hộ gần Depot Tham Lương 2PN,3500000000,57.37705,61 m²,"Phường Tân Thới Nhất, Quận 12, Tp Hồ Chí Minh",Quận 12,Tp Hồ Chí Minh,10.82442,106.62025,Căn hộ/Chung cư,1.0,2,1,,,3.0,6.0,,[],5,Đơn Phương,,,2026-09-10 10:12:16,https://nha.chotot.com/tin/178684712,2026-09-17T07:32:05.766316
1944,"Cho thuê giá tốt 3PN view sông, nội thất xịn, Vinhomes Central Park",35000000,0.3043478,115 m²,"Phường 22, Quận Bình Thạnh, Tp Hồ Chí Minh",Quận Bình Thạnh,Tp Hồ Chí Minh,10.79387,106.72032,Căn hộ/Chung cư,1.0,3,2,,,1.0,6.0,,[],12,Huyền Nguyễn,,,2026-09-02 15:25:06,https://nha.chotot.com/tin/178523171,2026-09-17T07:32:05.766548
1945,"BCONS ARIA TRẢ TRƯỚC CHỈ 5% CHIẾT KHẤU 8,5% HỖ TRỢ LS 6,9% TRONG 4 NĂM",2600000000,49.056602,53 m²,"Phường Đông Hòa, Thành phố Dĩ An, Bình Dương",Thành phố Dĩ An,Bình Dương,10.89115,106.8022,Căn hộ/Chung cư,1.0,2,2,37,Tây,3.0,4.0,,[],12,Huy Hoàng Bcons ,,,2026-08-25 09:52:10,https://nha.chotot.com/tin/178364490,2026-09-17T07:32:05.766821
1946,"CHO THUÊ CĂN HỘ MỚI 2 PHÒNG NGỦ, DIỆN TÍCH 60M² ",13500000,0.20769231,65 m²,"Phường Khuê Mỹ, Quận Ngũ Hành Sơn, Đà Nẵng",Quận Ngũ Hành Sơn,Đà Nẵng,16.023426,108.2459,Căn hộ/Chung cư,2.0,2,,,,2.0,,,[],4,VANA,,,2026-09-17 14:30:06,https://nha.chotot.com/tin/178838887,2026-09-17T07:32:05.767024
1947,Bán căn Hưng Phát Silver Star - sát vách sunrise reverside - 4.6ty,4350000000,41.037735,106 m²,"Xã Phước Kiển, Huyện Nhà Bè, Tp Hồ Chí Minh",Huyện Nhà Bè,Tp Hồ Chí Minh,10.70387,106.71276,Căn hộ/Chung cư,1.0,3,,,Tây Nam,2.0,6.0,,[],9,Vân,,4.8,2026-09-03 11:16:19,https://nha.chotot.com/tin/177025273,2026-09-17T07:32:05.767217
1948,Cho thuê CC Garden gate 40m2 Offictel 1WC giá cực tốt chỉ 11tr/th ,11000000,0.31428573,35 m²,"Phường 9, Quận Phú Nhuận, Tp Hồ Chí Minh",Quận Phú Nhuận,Tp Hồ Chí Minh,10.80964,106.67425,Căn hộ/Chung cư,1.0,1,1,,,,,,[],3,Nguyễn Hoàng Toàn,,,2026-09-15 10:14:56,https://nha.chotot.com/tin/178787965,2026-09-17T07:32:05.767390
1949,KHAI TRƯƠNG ĐUPLEX 3🍠X ĐƯỜNG SỐ 1_NGUYỄN THỊ TÚ NHẬN XE ĐIỆN FULL NT,3700000,0.13214286,28 m²,"Phường Bình Hưng Hoà B, Quận Bình Tân, Tp Hồ Chí Minh",Quận Bình Tân,Tp Hồ Chí Minh,10.807803,106.59462,Căn hộ/Chung cư,3.0,1,1,,,2.0,4.0,1000000.0,[],11,Triệu an HiFriendz Tp ,,5.0,2026-09-17 14:29:46,https://nha.chotot.com/tin/178839353,2026-09-17T07:32:05.767602
1950,"Chung cư Tecco Green - Phan Văn Hớn căn 2p ngủ , full NT, giá 7,3tr/th",7300000,0.1,73 m²,"Phường Tân Thới Nhất, Quận 12, Tp Hồ Chí Minh",Quận 12,Tp Hồ Chí Minh,10.82954,106.61561,Căn hộ/Chung cư,1.0,2,2,,,2.0,6.0,,[],6,Phí Linh,,,2026-09-17 14:29:29,https://nha.chotot.com/tin/178839257,2026-09-17T07:32:05.767777
1951,💥CHDV - FUL NT - 2PN - BALCONY THOÁNG ⚡️ PHAN ĐĂNG LƯU - BÙI ĐÌNH TUÝ 💥,7800000,0.111428574,70 m²,"Phường 1, Quận Bình Thạnh, Tp Hồ Chí Minh",Quận Bình Thạnh,Tp Hồ Chí Minh,10.802451,106.697495,Căn hộ/Chung cư,2.0,2,,,,,,,[],12,Lương Thanh Trúc,,,2026-09-12 21:54:42,https://nha.chotot.com/tin/178437508,2026-09-17T07:32:05.767961
1952,"💥 HÀ ĐÔ CENTROSA – 2PN 2WC – NHÀ ĐẸP, FULL NỘI THẤT – Ở LIỀN CHỈ 22TR",22000000,0.25581396,86 m²,"Phường 12, Quận 10, Tp Hồ Chí Minh",Quận 10,Tp Hồ Chí Minh,10.7762,106.67889,Căn hộ/Chung cư,1.0,2,2,,,,,,[],12,Hoàng Dung,,4.5,2026-09-17 11:07:05,https://nha.chotot.com/tin/178834497,2026-09-17T07:32:05.768129
1953,"CĂN HỘ MINI CAO CẤP MỚI 100%, FULL NỘI THẤT NGAY ẺMART PHAN HUY ÍCH",5000000,0.2,25 m²,"Phường 12, Quận Gò Vấp, Tp Hồ Chí Minh",Quận Gò Vấp,Tp Hồ Chí Minh,10.837349,106.636284,Căn hộ/Chung cư,2.0,1,1,,,1.0,4.0,5000000.0,[],12,Alo Ngoc Hoang,,5.0,2026-09-17 14:28:24,https://nha.chotot.com/tin/178839301,2026-09-17T07:32:05.768344
1954,TÌM NỮ Ở GHÉP CĂN CHUNG CƯ 2PN,4500000,0.071428575,63 m²,"Phường Phú Thuận, Quận 7, Tp Hồ Chí Minh",Quận 7,Tp Hồ Chí Minh,10.722,106.7433,Căn hộ/Chung cư,1.0,2,2,,,2.0,4.0,4500000.0,[],7,Kim Thanh,,5.0,2026-09-17 14:28:16,https://nha.chotot.com/tin/178839296,2026-09-17T07:32:05.768540
1955,Khách Cần Tiền Ra Di Căn 2PN Hiyori Siêu Mới,5200000000,83.870964,62 m²,"Phường An Hải Đông, Quận Sơn Trà, Đà Nẵng",Quận Sơn Trà,Đà Nẵng,16.06191,108.23652,Căn hộ/Chung cư,1.0,2,2,,,1.0,2.0,,[],11,Hồng Công,,,2026-09-17 14:26:46,https://nha.chotot.com/tin/171220229,2026-09-17T07:32:05.768752
1956,⭐ RIVER PANORAMA CHO THUÊ 3PN2WC FULL NỘI THẤT VIEW ĐẸP CHỈ 19 TRIỆU,19000000,0.21111111,90 m²,"Phường Phú Mỹ, Quận 7, Tp Hồ Chí Minh",Quận 7,Tp Hồ Chí Minh,10.71422,106.73743,Căn hộ/Chung cư,1.0,3,2,,,2.0,6.0,,[],12,Huy,,5.0,2026-09-08 14:36:21,https://nha.chotot.com/tin/172861126,2026-09-17T07:32:05.769012
1957,"THẢO ĐIỀN, QUẬN 2 🏡 CHO THUÊ CHDV CAO CẤP💘 1PN BAN CÔNG FULL NỘI THẤT",11000000,0.22,50 m²,"Phường Thảo Điền (Quận 2 cũ), Thành phố Thủ Đức, Tp Hồ Chí Minh",Thành phố Thủ Đức,Tp Hồ Chí Minh,10.803914,106.72912,Căn hộ/Chung cư,2.0,1,1,,Đông Bắc,1.0,4.0,11000000.0,[],11,Phương An Chuyên Căn Hộ Quận 2,,5.0,2026-09-11 14:06:45,https://nha.chotot.com/tin/177928071,2026-09-17T07:32:05.769199
1958,CHDV FULL NỘI THẤT MỚI KENG GẦN MEGA MARKET Q12,3900000,0.156,25 m²,"Phường Tân Thới Hiệp, Quận 12, Tp Hồ Chí Minh",Quận 12,Tp Hồ Chí Minh,10.887289,106.64767,Căn hộ/Chung cư,2.0,1,1,4,,2.0,4.0,,[],10,Anh Tuấn Tìm Phòng,,5.0,2026-09-17 14:26:20,https://nha.chotot.com/tin/178839237,2026-09-17T07:32:05.769374
1959,CHO THUÊ CĂN HỘ DUPLEX 2  GIƯỜNG NGỦ FULL NỘI THẤT CÓ CỬA SỔ THOÁNG,6000000,0.13333334,45 m²,"Phường 8, Thành phố Đà Lạt, Lâm Đồng",Thành phố Đà Lạt,Lâm Đồng,11.977858,108.45107,Căn hộ/Chung cư,3.0,1,1,,,,,,[],9,Quang gohome,,,2026-09-17 14:26:16,https://nha.chotot.com/tin/178839207,2026-09-17T07:32:05.769555
1960,Khách Cần Tiền Bán Gấp Căn Ponte 1PN Stu View Biển Giá Cực Rẻ ,2700000000,103.84615,26 m²,"Phường An Hải Tây, Quận Sơn Trà, Đà Nẵng",Quận Sơn Trà,Đà Nẵng,16.059008,108.23034,Căn hộ/Chung cư,1.0,1,2,,Tây,4.0,6.0,,[],6,Hồng Công,,,2026-09-17 14:26:02,https://nha.chotot.com/tin/178096332,2026-09-17T07:32:05.769732
1961,Bán nhà hẻm 184 thoáng đường Âu Dương Lân P3 Q8 ,3180000000,104.605606,30.3999 m²,"Phường 3, Quận 8, Tp Hồ Chí Minh",Quận 8,Tp Hồ Chí Minh,10.745962,106.68301,Nhà ở,,2,2,2,,2.0,1.0,,[],5, Như Ý,,,2026-09-17 14:31:29,https://nha.chotot.com/tin/178502242,2026-09-17T07:32:07.003257
1962,HÀNG HIẾM KHÓ TÌM - NHÀ C4 144m² S.H.R - CHỈ 820TR - TÂN AN HỘI CỦ CHI,820000000,5.6944447,144 m²,"Xã Tân An Hội, Huyện Củ Chi, Tp Hồ Chí Minh",Huyện Củ Chi,Tp Hồ Chí Minh,10.9593525,106.48182,Nhà ở,,2,1,1,,4.0,4.0,,[],8,Nguyễn Văn Quốc,,,2026-09-17 14:31:19,https://nha.chotot.com/tin/178838518,2026-09-17T07:32:07.003589
1963,CHO THUÊ NHÀ ĐƯỜNG QUỐC HƯƠNG GIÁ 27 TRIỆU ,27000000,0.36,75 m²,"Phường Thảo Điền (Quận 2 cũ), Thành phố Thủ Đức, Tp Hồ Chí Minh",Thành phố Thủ Đức,Tp Hồ Chí Minh,10.807138,106.73095,Nhà ở,,2,2,2,,,,,[],6,Phương,,,2026-09-17 14:31:17,https://nha.chotot.com/tin/178839383,2026-09-17T07:32:07.003784
1964,"CHO THUÊ NHÀ  PHẠM QUÝ THÍCH   P.PHÚ THỌ HOÀ, TÂN PHÚ   📐 Diện tích: 4",10500000,0.125,84 m²,"Phường Tân Quý, Quận Tân Phú, Tp Hồ Chí Minh",Quận Tân Phú,Tp Hồ Chí Minh,10.789263,106.62116,Nhà ở,,1,1,,,,,,[],3,Thu,,4.0,2026-09-17 14:31:09,https://nha.chotot.com/tin/178839386,2026-09-17T07:32:07.003964
1965,"CHO THUÊ NHÀ NGUYÊN CĂN – PHƯỜNG LINH TÂY, TP. THỦ ĐỨC  📍 Địa chỉ: 145",10000000,0.14285715,70 m²,"Phường Linh Tây (Quận Thủ Đức cũ), Thành phố Thủ Đức, Tp Hồ Chí Minh",Thành phố Thủ Đức,Tp Hồ Chí Minh,10.86056,106.756256,Nhà ở,,2,,,,,,,[],6,Đăng Quang Rental,,,2026-09-17 14:31:05,https://nha.chotot.com/tin/178839388,2026-09-17T07:32:07.004216
1966,Nhà 3 Rưỡi - Mặt Tiền Hải Châu Gần Đống Đa ( SỤP ),5500000000,110.0,50 m²,"Phường Thuận Phước, Quận Hải Châu, Đà Nẵng",Quận Hải Châu,Đà Nẵng,16.08619,108.21645,Nhà ở,,6,,5,,,,,[],7,hưng thịnh,,5.0,2026-09-02 10:54:17,https://nha.chotot.com/tin/178518870,2026-09-17T07:32:07.004396
1967,"[GIÁ RẺ] NHÀ NGUYÊN CĂN 1 TRỆT 1 LẦU GẦN EMART, CHỢ TÂN SƠN",8000000,0.14285715,56 m²,"Phường 12, Quận Gò Vấp, Tp Hồ Chí Minh",Quận Gò Vấp,Tp Hồ Chí Minh,10.832696,106.63855,Nhà ở,,2,2,1,,,,,[],8,THÀNH ĐẠT CHUYÊN CHO THUÊ PHÒNG TRỌ CHDV GIÁ TỐT,,,2026-09-17 14:30:48,https://nha.chotot.com/tin/178839377,2026-09-17T07:32:07.004592
1968,Giá Thuê : 9tr/1 tháng Cho Thuê Nhà Đường Bùi Quang Là P12 Q. gò Vấp -,9000000,0.140625,64 m²,"Phường 12, Quận Gò Vấp, Tp Hồ Chí Minh",Quận Gò Vấp,Tp Hồ Chí Minh,10.835113,106.6396,Nhà ở,,2,2,,Tây,,,1.0,[],6,Quang Huy,,5.0,2026-09-07 10:48:48,https://nha.chotot.com/tin/178617090,2026-09-17T07:32:07.004751
1969,"BÁN GẤP NHÀ KQH HOÀNG DIỆU PHƯỜNG CAM LY ĐÀ LẠT CHỈ 5,4 TỶ",5400000000,120.0,45 m²,"Phường 5, Thành phố Đà Lạt, Lâm Đồng",Thành phố Đà Lạt,Lâm Đồng,11.942885,108.427925,Nhà ở,,3,2,3,Tây Bắc,3.0,,,[],4,Tô Hoàng Phương Trinh,,,2026-09-15 15:32:14,https://nha.chotot.com/tin/178796817,2026-09-17T07:32:07.004916
1970,Nhà mới DT:4x9m 2 Tầng 2pn 2wc hẻm 1942 Huỳnh Tấn Phát,1960000000,61.25,32 m²,"Thị trấn Nhà Bè, Huyện Nhà Bè, Tp Hồ Chí Minh",Huyện Nhà Bè,Tp Hồ Chí Minh,10.698072,106.738914,Nhà ở,,2,,2,,,,,[],11,Nam Phú Gia,,,2026-09-06 06:52:42,https://nha.chotot.com/tin/178593726,2026-09-17T07:32:07.005071
1971,Nhà Lầu 4 Tầng Hẻm Oto Xây Mới 100% Âu Dương Lân P2 Q8,8600000000,204.7619,42 m²,"Phường 2, Quận 8, Tp Hồ Chí Minh",Quận 8,Tp Hồ Chí Minh,10.742134,106.685104,Nhà ở,,4,3,4,,2.0,1.0,,[],8,Phạm Quốc Thắng,,,2026-09-17 14:29:58,https://nha.chotot.com/tin/178839361,2026-09-17T07:32:07.005235
1972,"Cho Thuê Biệt Thự Nam Thông PMH Q7 - 450m2, 5PN, Đường 20m",70000000,0.15555556,450 m²,"Phường Tân Phong, Quận 7, Tp Hồ Chí Minh",Quận 7,Tp Hồ Chí Minh,10.73019,106.70033,Nhà ở,,5,4,5,,,,,[],12,Thuỷ Trần,,,2026-08-31 09:55:18,https://nha.chotot.com/tin/178484863,2026-09-17T07:32:07.005396
1973,Cần cho thuê nhà góc 2 Mặt Tiền 84A Phổ Quang P.2 Q.Tân Bình,30000000,0.3030303,99 m²,"Phường 2, Quận Tân Bình, Tp Hồ Chí Minh",Quận Tân Bình,Tp Hồ Chí Minh,10.806851,106.668365,Nhà ở,,5,5,4,,,1.0,60000000.0,[],6,Anh Thanh,,,2026-09-17 14:29:37,https://nha.chotot.com/tin/178839329,2026-09-17T07:32:07.005583
1974,Bán nhà lầu đúc kiên cố hẻm xe hơi rộng đường Dương Bá Trạc P1 Q8 ,11800000000,245.83333,48 m²,"Phường 1, Quận 8, Tp Hồ Chí Minh",Quận 8,Tp Hồ Chí Minh,10.74418,106.69049,Nhà ở,,4,4,4,Nam,2.0,1.0,,[],3,Nguyễn Thìn ,,4.4,2026-09-17 14:29:34,https://nha.chotot.com/tin/178839333,2026-09-17T07:32:07.005736
1975,"Bán nhà riêng 4mx18,3m",12300000000,169.65517,72.5 m²,"Phường Tân Sơn Nhì, Quận Tân Phú, Tp Hồ Chí Minh",Quận Tân Phú,Tp Hồ Chí Minh,10.796407,106.63215,Nhà ở,,1,,,,,,,[],3,Nguyễn Võ Châu Phát,,,2026-09-16 14:28:21,https://nha.chotot.com/tin/178817793,2026-09-17T07:32:07.005911
1976,cho thuê,25000000,0.41666666,60 m²,"Phường 8, Quận 5, Tp Hồ Chí Minh",Quận 5,Tp Hồ Chí Minh,10.756033,106.671135,Nhà ở,,4,5,3,Đông,3.0,1.0,50000000.0,[],3,Phạm Ánh Lan,,5.0,2026-09-17 12:38:51,https://nha.chotot.com/tin/178836750,2026-09-17T07:32:07.006141
1977,cho thuê nhà 2 tầng đường phan thanh sát đại học duy tân,11000000,0.22,50 m²,"Phường Thạc Gián, Quận Thanh Khê, Đà Nẵng",Quận Thanh Khê,Đà Nẵng,16.063013,108.208755,Nhà ở,,3,3,2,,1.0,,,[],10,Đại tuấn,,,2026-09-17 14:29:11,https://nha.chotot.com/tin/178839312,2026-09-17T07:32:07.006291
1978,Nhà riêng ngõ 31 phố mai động gần đền lừ dt40m2x4t giá 10tr,10000000,0.25,40 m²,"Phường Mai Động, Quận Hoàng Mai, Hà Nội",Quận Hoàng Mai,Hà Nội,20.988625,105.86115,Nhà ở,,4,3,4,Đông,2.0,1.0,10000000.0,[],6,phạm minh chính,,,2026-09-10 10:59:00,https://nha.chotot.com/tin/178378145,2026-09-17T07:32:07.006441
1979,bán nhà mặt tiền kinh doanh đường Trương Vĩnh Nguyên,5600000000,19.928825,281 m²,"Phường Phú Thứ, Quận Cái Răng, Cần Thơ",Quận Cái Răng,Cần Thơ,9.982768,105.78676,Nhà ở,,1,2,1,Đông Bắc,3.0,1.0,,[],5,Nguyen Tien Tai,,,2026-09-16 14:28:22,https://nha.chotot.com/tin/178149394,2026-09-17T07:32:07.006617
1980,"Bán biệt thự 2 lầu áp mái P. Thạnh Mỹ Tây, TP.HCM giá 43 tỷ",43000000000,511.90475,84 m²,"Phường 12, Quận 3, Tp Hồ Chí Minh",Quận 3,Tp Hồ Chí Minh,10.789393,106.675064,Nhà ở,,1,,,,,,,[],3,vũ thành,,,2026-09-17 14:28:31,https://nha.chotot.com/tin/178839248,2026-09-17T07:32:07.006911
1981,"HIẾM!!!! - Hẻm Sư Vạn Hạnh, P12, Q.10 - 5x20m, 4 Tầng, 400m2",38000000,0.38,100 m²,"Phường 12, Quận 10, Tp Hồ Chí Minh",Quận 10,Tp Hồ Chí Minh,10.775027,106.667755,Đất,,,,4,,,,,[],9,Ngô Thanh Hùng,,,2026-09-17 14:30:13,https://nha.chotot.com/tin/178839362,2026-09-17T07:32:08.334213
1982,CHO THUÊ HẺM NGUYỄN VĂN TRỖI TÂN BÌNH | 12x15m siêu rộng,58000000,0.58,100 m²,"Phường 10, Quận Tân Bình, Tp Hồ Chí Minh",Quận Tân Bình,Tp Hồ Chí Minh,10.798557,106.67042,Đất,,,,,,,,116000000.0,[],8,Dung tr,,,2026-09-17 14:29:35,https://nha.chotot.com/tin/178839347,2026-09-17T07:32:08.334539
1983,"Cho thuê nhà phố 5 tầng có thang máy, rèm đường D9",45000000,0.53571427,84 m²,"Phường Long Bình (Quận 9 cũ), Thành phố Thủ Đức, Tp Hồ Chí Minh",Thành phố Thủ Đức,Tp Hồ Chí Minh,10.84805,106.83874,Đất,,,,5,,3.0,1.0,,[],4,DUY HOMES,,,2026-09-09 09:41:13,https://nha.chotot.com/tin/178661906,2026-09-17T07:32:08.334740
1984,"Cho thuê vp phố nguyên hồng,đống đa,dt 68m2,giá 13tr/tháng",13000000,0.19117647,68 m²,"Phường Láng Hạ, Quận Đống Đa, Hà Nội",Quận Đống Đa,Hà Nội,21.015743,105.80971,Đất,,,,8,,1.0,1.0,,[],5,Đào Thành Lân,,,2026-09-17 14:27:34,https://nha.chotot.com/tin/178839277,2026-09-17T07:32:08.334926
1985,🔥 CHO THUÊ BIỆT THỰ SÂN VƯỜN NGUYỄN VĂN TRỖI – NGANG 12M – GIÁ 59TR/TH,59000000,0.118,500 m²,"Phường 10, Quận Phú Nhuận, Tp Hồ Chí Minh",Quận Phú Nhuận,Tp Hồ Chí Minh,10.798557,106.67042,Đất,,,,,,,,150000000.0,[],7,Kiều Hằng,,,2026-09-17 14:27:01,https://nha.chotot.com/tin/178839254,2026-09-17T07:32:08.335167
1986,Cho thuê kho 1200m QL1A Tam Bình chỉ 75k,90000000,0.075,1200 m²,"Phường Tam Bình (Quận Thủ Đức cũ), Thành phố Thủ Đức, Tp Hồ Chí Minh",Thành phố Thủ Đức,Tp Hồ Chí Minh,10.871881,106.739655,Đất,,,,,,,,3.0,[],3,Anhthe,,4.0,2026-09-14 18:07:53,https://nha.chotot.com/tin/178775394,2026-09-17T07:32:08.335360
1987,BIỆT THỰ SÂN VƯỜN KHU TỔ HỢP F&B VÀ ĐA NGÀNH NGHỀ TRUNG TÂM QUẬN 3 ,115000000,0.34848484,330 m²,"Phường Võ Thị Sáu, Quận 3, Tp Hồ Chí Minh",Quận 3,Tp Hồ Chí Minh,10.788824,106.690765,Đất,,,,,,,,,[],9,Yến Ngọc,,,2026-09-17 14:25:23,https://nha.chotot.com/tin/178839200,2026-09-17T07:32:08.335687
1988,🍑Đoạn Đẹp NGUYỄN GIA TRÍ - 4x25m (Trệt 2 Lầu)🍑,65000000,0.21666667,300 m²,"Phường 25, Quận Bình Thạnh, Tp Hồ Chí Minh",Quận Bình Thạnh,Tp Hồ Chí Minh,10.810227,106.71722,Đất,,,,,,,,,[],6,Nhà Phố Cho Thuê,,,2026-09-17 14:24:57,https://nha.chotot.com/tin/175622468,2026-09-17T07:32:08.335867
1989,"🌟10x15m - TRẦN QUỐC TOẢN, Quận 3🌟 Trệt 2 Lầu",60000000,0.13333334,450 m²,"Phường Võ Thị Sáu, Quận 3, Tp Hồ Chí Minh",Quận 3,Tp Hồ Chí Minh,10.78659,106.68779,Đất,,,,,,,,,[],4,Nhà Phố Cho Thuê,,,2026-09-17 14:24:26,https://nha.chotot.com/tin/175903201,2026-09-17T07:32:08.336144
1990,cho thuê 100m văn phòng giá 30 tr,30000000,0.3,100 m²,"Phường An Khánh (Quận 2 cũ), Thành phố Thủ Đức, Tp Hồ Chí Minh",Thành phố Thủ Đức,Tp Hồ Chí Minh,10.79159,106.73052,Đất,,,,,,,,60000000.0,[],3,Nguyễn Văn Hậu,,,2026-09-05 13:44:09,https://nha.chotot.com/tin/178581677,2026-09-17T07:32:08.336382
1991,CHO THUÊ TÒA NHÀ VĂN PHÒNG NGUYỄN VĂN TRỖI NGAY NGÃ TƯ PHÚ NHUẬN,130000000,0.096296296,1350 m²,"Phường 10, Quận Phú Nhuận, Tp Hồ Chí Minh",Quận Phú Nhuận,Tp Hồ Chí Minh,10.798557,106.67042,Đất,,,,,,,,,[],3,Anh Đào,,,2026-09-12 11:08:02,https://nha.chotot.com/tin/178727010,2026-09-17T07:32:08.336578
1992,Mặt bằng đẹp Hồ Văn Huê 30m2,7490000,0.24966666,30 m²,"Phường 9, Quận Phú Nhuận, Tp Hồ Chí Minh",Quận Phú Nhuận,Tp Hồ Chí Minh,10.80251,106.67629,Đất,,,,,,,,7490000.0,[],7,NGUYỄN THỊ ANH THƯ,,,2026-09-06 15:25:13,https://nha.chotot.com/tin/178603931,2026-09-17T07:32:08.336751
1993,"🇻🇳SHOPHOUSE 3 TẦNG MẶT TIỀN MÊ LINH | GẦN ORI, KCN HÒA KHÁNH",14000000,0.11666667,120 m²,"Phường Hòa Hiệp Nam, Quận Liên Chiểu, Đà Nẵng",Quận Liên Chiểu,Đà Nẵng,16.09171,108.12595,Đất,,04,,3,,,,,[],10,Ngô Văn Cảnh,,4.4,2026-09-17 14:22:04,https://nha.chotot.com/tin/178839109,2026-09-17T07:32:08.336929
1994,🔥 HẺM XE HƠI  HUỲNH VĂN BÁNH – PHÚ NHUẬN | 4PN – 4WC | CHỈ 2x,23000000,0.23,100 m²,"Phường 10, Quận Phú Nhuận, Tp Hồ Chí Minh",Quận Phú Nhuận,Tp Hồ Chí Minh,10.791831,106.671616,Đất,,4,,,,,,46000000.0,[],6,Dung tr,,,2026-09-17 14:21:51,https://nha.chotot.com/tin/178839122,2026-09-17T07:32:08.337111
1995,"Măt tiền Nguyễn Cư Trinh, Quận 1 (Ngang 17m)",90000000,0.45,200 m²,"Phường Nguyễn Cư Trinh, Quận 1, Tp Hồ Chí Minh",Quận 1,Tp Hồ Chí Minh,10.763458,106.68884,Đất,,,,,,,,,[],5,Nhà Phố Cho Thuê,,,2026-09-17 14:21:14,https://nha.chotot.com/tin/178280784,2026-09-17T07:32:08.337291
1996,"🔥GÓC 2MT - NGUYỄN TRÃI, Bến Thành, Q1🔥400m2 sử dụng",150000000,0.375,400 m²,"Phường Bến Thành, Quận 1, Tp Hồ Chí Minh",Quận 1,Tp Hồ Chí Minh,10.771166,106.68731,Đất,,,,,,,,,[],4,Nhà Phố Cho Thuê,,,2026-09-17 14:20:35,https://nha.chotot.com/tin/175556911,2026-09-17T07:32:08.337568
1997,CHO THUÊ TÒA NHÀ 2 MẶT TIỀN VÕ VĂN NGÂN DT 12M X 36M TP THỦ ĐỨC,100000000,0.07692308,1300 m²,"Phường Bình Thọ (Quận Thủ Đức cũ), Thành phố Thủ Đức, Tp Hồ Chí Minh",Thành phố Thủ Đức,Tp Hồ Chí Minh,10.850573,106.76223,Đất,,,,,,,1.0,,[],3,Oanh Home,,,2026-09-17 14:20:21,https://nha.chotot.com/tin/178262159,2026-09-17T07:32:08.337904
1998,"🔥 CHO THUÊ TẦNG 7 160m2 – 104A XUÂN THUỶ, THẢO ĐIỀN, Q2 🔥",50000000,0.3125,160 m²,"Phường Thảo Điền (Quận 2 cũ), Thành phố Thủ Đức, Tp Hồ Chí Minh",Thành phố Thủ Đức,Tp Hồ Chí Minh,10.803889,106.73543,Đất,,,,,,,,150000000.0,[],8,Kiều Hằng,,,2026-09-17 14:18:58,https://nha.chotot.com/tin/178839027,2026-09-17T07:32:08.338088
1999,Cho thuê  Shophouse Panorama Phú Mỹ Hưng 2 tầng 50tr/th,50000000,0.35460994,141 m²,"Phường Tân Phong, Quận 7, Tp Hồ Chí Minh",Quận 7,Tp Hồ Chí Minh,10.72168,106.71284,Đất,,,,2,Tây Nam,,1.0,,[],7,Dân,,,2026-09-17 14:18:55,https://nha.chotot.com/tin/177011854,2026-09-17T07:32:08.338252
2000,Kho trống VIEW SÔNG 235/50A Đặng Thùy Trâm. DT 8X20M.,20000000,0.125,160 m²,"Phường 13, Quận Bình Thạnh, Tp Hồ Chí Minh",Quận Bình Thạnh,Tp Hồ Chí Minh,10.824377,106.70332,Đất,,,,,,2.0,1.0,,[],3,Anh Dũng,,4.0,2026-09-17 14:17:42,https://nha.chotot.com/tin/167862234,2026-09-17T07:32:08.338430
2001,CHO THUÊ NHÀ ĐƯỜNG QUỐC HƯƠNG GIÁ 27 TRIỆU ,27000000,0.36,75 m²,"Phường Thảo Điền (Quận 2 cũ), Thành phố Thủ Đức, Tp Hồ Chí Minh",Thành phố Thủ Đức,Tp Hồ Chí Minh,10.807138,106.73095,Nhà ở,,2,2,2,,,,,[],6,Phương,,,2026-09-17 14:31:17,https://nha.chotot.com/tin/178839383,2026-09-17T07:32:09.465630
2002,"CHO THUÊ NHÀ  PHẠM QUÝ THÍCH   P.PHÚ THỌ HOÀ, TÂN PHÚ   📐 Diện tích: 4",10500000,0.125,84 m²,"Phường Tân Quý, Quận Tân Phú, Tp Hồ Chí Minh",Quận Tân Phú,Tp Hồ Chí Minh,10.789263,106.62116,Nhà ở,,1,1,,,,,,[],3,Thu,,4.0,2026-09-17 14:31:09,https://nha.chotot.com/tin/178839386,2026-09-17T07:32:09.465927
2003,Gia đình có việc cần chuyển nhượng căn hộ gần Depot Tham Lương 2PN,3500000000,57.37705,61 m²,"Phường Tân Thới Nhất, Quận 12, Tp Hồ Chí Minh",Quận 12,Tp Hồ Chí Minh,10.82442,106.62025,Căn hộ/Chung cư,1.0,2,1,,,3.0,6.0,,[],5,Đơn Phương,,,2026-09-10 10:12:16,https://nha.chotot.com/tin/178684712,2026-09-17T07:32:09.466123
2004,"CHO THUÊ NHÀ NGUYÊN CĂN – PHƯỜNG LINH TÂY, TP. THỦ ĐỨC  📍 Địa chỉ: 145",10000000,0.14285715,70 m²,"Phường Linh Tây (Quận Thủ Đức cũ), Thành phố Thủ Đức, Tp Hồ Chí Minh",Thành phố Thủ Đức,Tp Hồ Chí Minh,10.86056,106.756256,Nhà ở,,2,,,,,,,[],6,Đăng Quang Rental,,,2026-09-17 14:31:05,https://nha.chotot.com/tin/178839388,2026-09-17T07:32:09.466319
2005,Nhà 3 Rưỡi - Mặt Tiền Hải Châu Gần Đống Đa ( SỤP ),5500000000,110.0,50 m²,"Phường Thuận Phước, Quận Hải Châu, Đà Nẵng",Quận Hải Châu,Đà Nẵng,16.08619,108.21645,Nhà ở,,6,,5,,,,,[],7,hưng thịnh,,5.0,2026-09-02 10:54:17,https://nha.chotot.com/tin/178518870,2026-09-17T07:32:09.466495
2006,"[GIÁ RẺ] NHÀ NGUYÊN CĂN 1 TRỆT 1 LẦU GẦN EMART, CHỢ TÂN SƠN",8000000,0.14285715,56 m²,"Phường 12, Quận Gò Vấp, Tp Hồ Chí Minh",Quận Gò Vấp,Tp Hồ Chí Minh,10.832696,106.63855,Nhà ở,,2,2,1,,,,,[],8,THÀNH ĐẠT CHUYÊN CHO THUÊ PHÒNG TRỌ CHDV GIÁ TỐT,,,2026-09-17 14:30:48,https://nha.chotot.com/tin/178839377,2026-09-17T07:32:09.466749
2007,"Cho thuê giá tốt 3PN view sông, nội thất xịn, Vinhomes Central Park",35000000,0.3043478,115 m²,"Phường 22, Quận Bình Thạnh, Tp Hồ Chí Minh",Quận Bình Thạnh,Tp Hồ Chí Minh,10.79387,106.72032,Căn hộ/Chung cư,1.0,3,2,,,1.0,6.0,,[],12,Huyền Nguyễn,,,2026-09-02 15:25:06,https://nha.chotot.com/tin/178523171,2026-09-17T07:32:09.466928
2008,Giá Thuê : 9tr/1 tháng Cho Thuê Nhà Đường Bùi Quang Là P12 Q. gò Vấp -,9000000,0.140625,64 m²,"Phường 12, Quận Gò Vấp, Tp Hồ Chí Minh",Quận Gò Vấp,Tp Hồ Chí Minh,10.835113,106.6396,Nhà ở,,2,2,,Tây,,,1.0,[],6,Quang Huy,,5.0,2026-09-07 10:48:48,https://nha.chotot.com/tin/178617090,2026-09-17T07:32:09.467097
2009,"BÁN GẤP NHÀ KQH HOÀNG DIỆU PHƯỜNG CAM LY ĐÀ LẠT CHỈ 5,4 TỶ",5400000000,120.0,45 m²,"Phường 5, Thành phố Đà Lạt, Lâm Đồng",Thành phố Đà Lạt,Lâm Đồng,11.942885,108.427925,Nhà ở,,3,2,3,Tây Bắc,3.0,,,[],4,Tô Hoàng Phương Trinh,,,2026-09-15 15:32:14,https://nha.chotot.com/tin/178796817,2026-09-17T07:32:09.467258
2010,KHAI TRƯƠNG PHÒNG TRỌ SINH VIÊN GIÁ RẺ NGAY ĐH CÔNG THƯƠNG TÂN PHÚ,3500000,0.14,25 m²,"Phường Tân Sơn Nhì, Quận Tân Phú, Tp Hồ Chí Minh",Quận Tân Phú,Tp Hồ Chí Minh,10.801903,106.625885,Phòng trọ,,,,,,,,3500000.0,[],5,Kiều Oanh NeWay Home ,,5.0,2026-09-17 14:30:15,https://nha.chotot.com/tin/178453357,2026-09-17T07:32:09.467413
2011,"HIẾM!!!! - Hẻm Sư Vạn Hạnh, P12, Q.10 - 5x20m, 4 Tầng, 400m2",38000000,0.38,100 m²,"Phường 12, Quận 10, Tp Hồ Chí Minh",Quận 10,Tp Hồ Chí Minh,10.775027,106.667755,Đất,,,,4,,,,,[],9,Ngô Thanh Hùng,,,2026-09-17 14:30:13,https://nha.chotot.com/tin/178839362,2026-09-17T07:32:09.467634
2012,Bán Đất Lô Góc Võ Văn Vân giá cực tốt,4190000000,37.410713,112 m²,"Xã Vĩnh Lộc B, Huyện Bình Chánh, Tp Hồ Chí Minh",Huyện Bình Chánh,Tp Hồ Chí Minh,10.773623,106.57547,Văn phòng/Mặt bằng,,,,,,,1.0,,[],6,Thanh Hưng,,3.4,2026-09-09 18:08:26,https://nha.chotot.com/tin/178674907,2026-09-17T07:32:09.467834
2013,"BCONS ARIA TRẢ TRƯỚC CHỈ 5% CHIẾT KHẤU 8,5% HỖ TRỢ LS 6,9% TRONG 4 NĂM",2600000000,49.056602,53 m²,"Phường Đông Hòa, Thành phố Dĩ An, Bình Dương",Thành phố Dĩ An,Bình Dương,10.89115,106.8022,Căn hộ/Chung cư,1.0,2,2,37,Tây,3.0,4.0,,[],12,Huy Hoàng Bcons ,,,2026-08-25 09:52:10,https://nha.chotot.com/tin/178364490,2026-09-17T07:32:09.468018
2014,"CHO THUÊ CĂN HỘ MỚI 2 PHÒNG NGỦ, DIỆN TÍCH 60M² ",13500000,0.20769231,65 m²,"Phường Khuê Mỹ, Quận Ngũ Hành Sơn, Đà Nẵng",Quận Ngũ Hành Sơn,Đà Nẵng,16.023426,108.2459,Căn hộ/Chung cư,2.0,2,,,,2.0,,,[],4,VANA,,,2026-09-17 14:30:06,https://nha.chotot.com/tin/178838887,2026-09-17T07:32:09.468184
2015,Bán căn Hưng Phát Silver Star - sát vách sunrise reverside - 4.6ty,4350000000,41.037735,106 m²,"Xã Phước Kiển, Huyện Nhà Bè, Tp Hồ Chí Minh",Huyện Nhà Bè,Tp Hồ Chí Minh,10.70387,106.71276,Căn hộ/Chung cư,1.0,3,,,Tây Nam,2.0,6.0,,[],9,Vân,,4.8,2026-09-03 11:16:19,https://nha.chotot.com/tin/177025273,2026-09-17T07:32:09.468355
2016,Nhà mới DT:4x9m 2 Tầng 2pn 2wc hẻm 1942 Huỳnh Tấn Phát,1960000000,61.25,32 m²,"Thị trấn Nhà Bè, Huyện Nhà Bè, Tp Hồ Chí Minh",Huyện Nhà Bè,Tp Hồ Chí Minh,10.698072,106.738914,Nhà ở,,2,,2,,,,,[],11,Nam Phú Gia,,,2026-09-06 06:52:42,https://nha.chotot.com/tin/178593726,2026-09-17T07:32:09.468536
2017,Cho thuê CC Garden gate 40m2 Offictel 1WC giá cực tốt chỉ 11tr/th ,11000000,0.31428573,35 m²,"Phường 9, Quận Phú Nhuận, Tp Hồ Chí Minh",Quận Phú Nhuận,Tp Hồ Chí Minh,10.80964,106.67425,Căn hộ/Chung cư,1.0,1,1,,,,,,[],3,Nguyễn Hoàng Toàn,,,2026-09-15 10:14:56,https://nha.chotot.com/tin/178787965,2026-09-17T07:32:09.468701
2018,🏡Khai Trương Ký túc xá ngay ngã tư Hàng xanh đầy đủ tiện nghi 🎉KTX,1700000,0.04857143,35 m²,"Phường 25, Quận Bình Thạnh, Tp Hồ Chí Minh",Quận Bình Thạnh,Tp Hồ Chí Minh,10.802271,106.71938,Phòng trọ,,,,,,,,1700000.0,[],4,LQ Vinhomes,,,2026-08-24 10:56:00,https://nha.chotot.com/tin/163698886,2026-09-17T07:32:09.468982
2019,Nhà Lầu 4 Tầng Hẻm Oto Xây Mới 100% Âu Dương Lân P2 Q8,8600000000,204.7619,42 m²,"Phường 2, Quận 8, Tp Hồ Chí Minh",Quận 8,Tp Hồ Chí Minh,10.742134,106.685104,Nhà ở,,4,3,4,,2.0,1.0,,[],8,Phạm Quốc Thắng,,,2026-09-17 14:29:58,https://nha.chotot.com/tin/178839361,2026-09-17T07:32:09.469185
2020,Lô đất 2500m thổ cư mặt tiền Hồ khu Biệt thự nghỉ dưỡng,4000000000,1.6891892,2368 m²,"Xã Đinh Lạc, Huyện Di Linh, Lâm Đồng",Huyện Di Linh,Lâm Đồng,11.63063,108.13101,Văn phòng/Mặt bằng,,,,,,,1.0,,[],4,Nguyễn Anh Sang,,4.1,2026-09-17 14:29:58,https://nha.chotot.com/tin/178141305,2026-09-17T07:32:09.469345
2021,🥳🥳Một Căn Hộ Vừa Đẹp- Vừa Tiện Nghi - Vừa Có Không Gian Sống Thoángãng,12000000,0.4,30 m²,"Phường Thảo Điền (Quận 2 cũ), Thành phố Thủ Đức, Tp Hồ Chí Minh",Thành phố Thủ Đức,Tp Hồ Chí Minh,10.806585,106.72578,Căn hộ/Chung cư,2.0,1,,,,,,12000000.0,[],10,Hồng Loan HIFRIENDZ,,,2026-09-17 14:31:31,https://nha.chotot.com/tin/178373155,2026-09-17T07:32:10.431928
2022,"🌧️🫧🏡 CĂN HỘ HIỆN ĐẠI – GỌN GÀNG, ẤM ÁP, ĐỦ ĐẦY TIỆN NGHI ✨😅🥹",7000000,0.23333333,30 m²,"Phường An Phú (Quận 2 cũ), Thành phố Thủ Đức, Tp Hồ Chí Minh",Thành phố Thủ Đức,Tp Hồ Chí Minh,10.794329,106.742546,Căn hộ/Chung cư,2.0,1,,,,,,7000000.0,[],7,Hồng Loan HIFRIENDZ,,,2026-09-17 14:31:18,https://nha.chotot.com/tin/178372865,2026-09-17T07:32:10.432240
2023,Gia đình có việc cần chuyển nhượng căn hộ gần Depot Tham Lương 2PN,3500000000,57.37705,61 m²,"Phường Tân Thới Nhất, Quận 12, Tp Hồ Chí Minh",Quận 12,Tp Hồ Chí Minh,10.82442,106.62025,Căn hộ/Chung cư,1.0,2,1,,,3.0,6.0,,[],5,Đơn Phương,,,2026-09-10 10:12:16,https://nha.chotot.com/tin/178684712,2026-09-17T07:32:10.432436
2024,"Cho thuê giá tốt 3PN view sông, nội thất xịn, Vinhomes Central Park",35000000,0.3043478,115 m²,"Phường 22, Quận Bình Thạnh, Tp Hồ Chí Minh",Quận Bình Thạnh,Tp Hồ Chí Minh,10.79387,106.72032,Căn hộ/Chung cư,1.0,3,2,,,1.0,6.0,,[],12,Huyền Nguyễn,,,2026-09-02 15:25:06,https://nha.chotot.com/tin/178523171,2026-09-17T07:32:10.432662
2025,"BCONS ARIA TRẢ TRƯỚC CHỈ 5% CHIẾT KHẤU 8,5% HỖ TRỢ LS 6,9% TRONG 4 NĂM",2600000000,49.056602,53 m²,"Phường Đông Hòa, Thành phố Dĩ An, Bình Dương",Thành phố Dĩ An,Bình Dương,10.89115,106.8022,Căn hộ/Chung cư,1.0,2,2,37,Tây,3.0,4.0,,[],12,Huy Hoàng Bcons ,,,2026-08-25 09:52:10,https://nha.chotot.com/tin/178364490,2026-09-17T07:32:10.432839
2026,"CHO THUÊ CĂN HỘ MỚI 2 PHÒNG NGỦ, DIỆN TÍCH 60M² ",13500000,0.20769231,65 m²,"Phường Khuê Mỹ, Quận Ngũ Hành Sơn, Đà Nẵng",Quận Ngũ Hành Sơn,Đà Nẵng,16.023426,108.2459,Căn hộ/Chung cư,2.0,2,,,,2.0,,,[],4,VANA,,,2026-09-17 14:30:06,https://nha.chotot.com/tin/178838887,2026-09-17T07:32:10.433086
2027,Bán căn Hưng Phát Silver Star - sát vách sunrise reverside - 4.6ty,4350000000,41.037735,106 m²,"Xã Phước Kiển, Huyện Nhà Bè, Tp Hồ Chí Minh",Huyện Nhà Bè,Tp Hồ Chí Minh,10.70387,106.71276,Căn hộ/Chung cư,1.0,3,,,Tây Nam,2.0,6.0,,[],9,Vân,,4.8,2026-09-03 11:16:19,https://nha.chotot.com/tin/177025273,2026-09-17T07:32:10.433273
2028,Cho thuê CC Garden gate 40m2 Offictel 1WC giá cực tốt chỉ 11tr/th ,11000000,0.31428573,35 m²,"Phường 9, Quận Phú Nhuận, Tp Hồ Chí Minh",Quận Phú Nhuận,Tp Hồ Chí Minh,10.80964,106.67425,Căn hộ/Chung cư,1.0,1,1,,,,,,[],3,Nguyễn Hoàng Toàn,,,2026-09-15 10:14:56,https://nha.chotot.com/tin/178787965,2026-09-17T07:32:10.433448
2029,KHAI TRƯƠNG ĐUPLEX 3🍠X ĐƯỜNG SỐ 1_NGUYỄN THỊ TÚ NHẬN XE ĐIỆN FULL NT,3700000,0.13214286,28 m²,"Phường Bình Hưng Hoà B, Quận Bình Tân, Tp Hồ Chí Minh",Quận Bình Tân,Tp Hồ Chí Minh,10.807803,106.59462,Căn hộ/Chung cư,3.0,1,1,,,2.0,4.0,1000000.0,[],11,Triệu an HiFriendz Tp ,,5.0,2026-09-17 14:29:46,https://nha.chotot.com/tin/178839353,2026-09-17T07:32:10.433652
2030,"Chung cư Tecco Green - Phan Văn Hớn căn 2p ngủ , full NT, giá 7,3tr/th",7300000,0.1,73 m²,"Phường Tân Thới Nhất, Quận 12, Tp Hồ Chí Minh",Quận 12,Tp Hồ Chí Minh,10.82954,106.61561,Căn hộ/Chung cư,1.0,2,2,,,2.0,6.0,,[],6,Phí Linh,,,2026-09-17 14:29:29,https://nha.chotot.com/tin/178839257,2026-09-17T07:32:10.433821
2031,💥CHDV - FUL NT - 2PN - BALCONY THOÁNG ⚡️ PHAN ĐĂNG LƯU - BÙI ĐÌNH TUÝ 💥,7800000,0.111428574,70 m²,"Phường 1, Quận Bình Thạnh, Tp Hồ Chí Minh",Quận Bình Thạnh,Tp Hồ Chí Minh,10.802451,106.697495,Căn hộ/Chung cư,2.0,2,,,,,,,[],12,Lương Thanh Trúc,,,2026-09-12 21:54:42,https://nha.chotot.com/tin/178437508,2026-09-17T07:32:10.433995
2032,"💥 HÀ ĐÔ CENTROSA – 2PN 2WC – NHÀ ĐẸP, FULL NỘI THẤT – Ở LIỀN CHỈ 22TR",22000000,0.25581396,86 m²,"Phường 12, Quận 10, Tp Hồ Chí Minh",Quận 10,Tp Hồ Chí Minh,10.7762,106.67889,Căn hộ/Chung cư,1.0,2,2,,,,,,[],12,Hoàng Dung,,4.5,2026-09-17 11:07:05,https://nha.chotot.com/tin/178834497,2026-09-17T07:32:10.434159
2033,"CĂN HỘ MINI CAO CẤP MỚI 100%, FULL NỘI THẤT NGAY ẺMART PHAN HUY ÍCH",5000000,0.2,25 m²,"Phường 12, Quận Gò Vấp, Tp Hồ Chí Minh",Quận Gò Vấp,Tp Hồ Chí Minh,10.837349,106.636284,Căn hộ/Chung cư,2.0,1,1,,,1.0,4.0,5000000.0,[],12,Alo Ngoc Hoang,,5.0,2026-09-17 14:28:24,https://nha.chotot.com/tin/178839301,2026-09-17T07:32:10.434343
2034,TÌM NỮ Ở GHÉP CĂN CHUNG CƯ 2PN,4500000,0.071428575,63 m²,"Phường Phú Thuận, Quận 7, Tp Hồ Chí Minh",Quận 7,Tp Hồ Chí Minh,10.722,106.7433,Căn hộ/Chung cư,1.0,2,2,,,2.0,4.0,4500000.0,[],7,Kim Thanh,,5.0,2026-09-17 14:28:16,https://nha.chotot.com/tin/178839296,2026-09-17T07:32:10.434528
2035,Khách Cần Tiền Ra Di Căn 2PN Hiyori Siêu Mới,5200000000,83.870964,62 m²,"Phường An Hải Đông, Quận Sơn Trà, Đà Nẵng",Quận Sơn Trà,Đà Nẵng,16.06191,108.23652,Căn hộ/Chung cư,1.0,2,2,,,1.0,2.0,,[],11,Hồng Công,,,2026-09-17 14:26:46,https://nha.chotot.com/tin/171220229,2026-09-17T07:32:10.434715
2036,⭐ RIVER PANORAMA CHO THUÊ 3PN2WC FULL NỘI THẤT VIEW ĐẸP CHỈ 19 TRIỆU,19000000,0.21111111,90 m²,"Phường Phú Mỹ, Quận 7, Tp Hồ Chí Minh",Quận 7,Tp Hồ Chí Minh,10.71422,106.73743,Căn hộ/Chung cư,1.0,3,2,,,2.0,6.0,,[],12,Huy,,5.0,2026-09-08 14:36:21,https://nha.chotot.com/tin/172861126,2026-09-17T07:32:10.434882
2037,"THẢO ĐIỀN, QUẬN 2 🏡 CHO THUÊ CHDV CAO CẤP💘 1PN BAN CÔNG FULL NỘI THẤT",11000000,0.22,50 m²,"Phường Thảo Điền (Quận 2 cũ), Thành phố Thủ Đức, Tp Hồ Chí Minh",Thành phố Thủ Đức,Tp Hồ Chí Minh,10.803914,106.72912,Căn hộ/Chung cư,2.0,1,1,,Đông Bắc,1.0,4.0,11000000.0,[],11,Phương An Chuyên Căn Hộ Quận 2,,5.0,2026-09-11 14:06:45,https://nha.chotot.com/tin/177928071,2026-09-17T07:32:10.435147
2038,CHDV FULL NỘI THẤT MỚI KENG GẦN MEGA MARKET Q12,3900000,0.156,25 m²,"Phường Tân Thới Hiệp, Quận 12, Tp Hồ Chí Minh",Quận 12,Tp Hồ Chí Minh,10.887289,106.64767,Căn hộ/Chung cư,2.0,1,1,4,,2.0,4.0,,[],10,Anh Tuấn Tìm Phòng,,5.0,2026-09-17 14:26:20,https://nha.chotot.com/tin/178839237,2026-09-17T07:32:10.435334
2039,CHO THUÊ CĂN HỘ DUPLEX 2  GIƯỜNG NGỦ FULL NỘI THẤT CÓ CỬA SỔ THOÁNG,6000000,0.13333334,45 m²,"Phường 8, Thành phố Đà Lạt, Lâm Đồng",Thành phố Đà Lạt,Lâm Đồng,11.977858,108.45107,Căn hộ/Chung cư,3.0,1,1,,,,,,[],9,Quang gohome,,,2026-09-17 14:26:16,https://nha.chotot.com/tin/178839207,2026-09-17T07:32:10.435503
2040,Khách Cần Tiền Bán Gấp Căn Ponte 1PN Stu View Biển Giá Cực Rẻ ,2700000000,103.84615,26 m²,"Phường An Hải Tây, Quận Sơn Trà, Đà Nẵng",Quận Sơn Trà,Đà Nẵng,16.059008,108.23034,Căn hộ/Chung cư,1.0,1,2,,Tây,4.0,6.0,,[],6,Hồng Công,,,2026-09-17 14:26:02,https://nha.chotot.com/tin/178096332,2026-09-17T07:32:10.435706
2041,Bán nhà hẻm 184 thoáng đường Âu Dương Lân P3 Q8 ,3180000000,104.605606,30.3999 m²,"Phường 3, Quận 8, Tp Hồ Chí Minh",Quận 8,Tp Hồ Chí Minh,10.745962,106.68301,Nhà ở,,2,2,2,,2.0,1.0,,[],5, Như Ý,,,2026-09-17 14:31:29,https://nha.chotot.com/tin/178502242,2026-09-17T07:32:11.731163
2042,HÀNG HIẾM KHÓ TÌM - NHÀ C4 144m² S.H.R - CHỈ 820TR - TÂN AN HỘI CỦ CHI,820000000,5.6944447,144 m²,"Xã Tân An Hội, Huyện Củ Chi, Tp Hồ Chí Minh",Huyện Củ Chi,Tp Hồ Chí Minh,10.9593525,106.48182,Nhà ở,,2,1,1,,4.0,4.0,,[],8,Nguyễn Văn Quốc,,,2026-09-17 14:31:19,https://nha.chotot.com/tin/178838518,2026-09-17T07:32:11.731468
2043,CHO THUÊ NHÀ ĐƯỜNG QUỐC HƯƠNG GIÁ 27 TRIỆU ,27000000,0.36,75 m²,"Phường Thảo Điền (Quận 2 cũ), Thành phố Thủ Đức, Tp Hồ Chí Minh",Thành phố Thủ Đức,Tp Hồ Chí Minh,10.807138,106.73095,Nhà ở,,2,2,2,,,,,[],6,Phương,,,2026-09-17 14:31:17,https://nha.chotot.com/tin/178839383,2026-09-17T07:32:11.731680
2044,"CHO THUÊ NHÀ  PHẠM QUÝ THÍCH   P.PHÚ THỌ HOÀ, TÂN PHÚ   📐 Diện tích: 4",10500000,0.125,84 m²,"Phường Tân Quý, Quận Tân Phú, Tp Hồ Chí Minh",Quận Tân Phú,Tp Hồ Chí Minh,10.789263,106.62116,Nhà ở,,1,1,,,,,,[],3,Thu,,4.0,2026-09-17 14:31:09,https://nha.chotot.com/tin/178839386,2026-09-17T07:32:11.731855
2045,"CHO THUÊ NHÀ NGUYÊN CĂN – PHƯỜNG LINH TÂY, TP. THỦ ĐỨC  📍 Địa chỉ: 145",10000000,0.14285715,70 m²,"Phường Linh Tây (Quận Thủ Đức cũ), Thành phố Thủ Đức, Tp Hồ Chí Minh",Thành phố Thủ Đức,Tp Hồ Chí Minh,10.86056,106.756256,Nhà ở,,2,,,,,,,[],6,Đăng Quang Rental,,,2026-09-17 14:31:05,https://nha.chotot.com/tin/178839388,2026-09-17T07:32:11.732120
2046,Nhà 3 Rưỡi - Mặt Tiền Hải Châu Gần Đống Đa ( SỤP ),5500000000,110.0,50 m²,"Phường Thuận Phước, Quận Hải Châu, Đà Nẵng",Quận Hải Châu,Đà Nẵng,16.08619,108.21645,Nhà ở,,6,,5,,,,,[],7,hưng thịnh,,5.0,2026-09-02 10:54:17,https://nha.chotot.com/tin/178518870,2026-09-17T07:32:11.732305
2047,"[GIÁ RẺ] NHÀ NGUYÊN CĂN 1 TRỆT 1 LẦU GẦN EMART, CHỢ TÂN SƠN",8000000,0.14285715,56 m²,"Phường 12, Quận Gò Vấp, Tp Hồ Chí Minh",Quận Gò Vấp,Tp Hồ Chí Minh,10.832696,106.63855,Nhà ở,,2,2,1,,,,,[],8,THÀNH ĐẠT CHUYÊN CHO THUÊ PHÒNG TRỌ CHDV GIÁ TỐT,,,2026-09-17 14:30:48,https://nha.chotot.com/tin/178839377,2026-09-17T07:32:11.732473
2048,Giá Thuê : 9tr/1 tháng Cho Thuê Nhà Đường Bùi Quang Là P12 Q. gò Vấp -,9000000,0.140625,64 m²,"Phường 12, Quận Gò Vấp, Tp Hồ Chí Minh",Quận Gò Vấp,Tp Hồ Chí Minh,10.835113,106.6396,Nhà ở,,2,2,,Tây,,,1.0,[],6,Quang Huy,,5.0,2026-09-07 10:48:48,https://nha.chotot.com/tin/178617090,2026-09-17T07:32:11.732655
2049,"BÁN GẤP NHÀ KQH HOÀNG DIỆU PHƯỜNG CAM LY ĐÀ LẠT CHỈ 5,4 TỶ",5400000000,120.0,45 m²,"Phường 5, Thành phố Đà Lạt, Lâm Đồng",Thành phố Đà Lạt,Lâm Đồng,11.942885,108.427925,Nhà ở,,3,2,3,Tây Bắc,3.0,,,[],4,Tô Hoàng Phương Trinh,,,2026-09-15 15:32:14,https://nha.chotot.com/tin/178796817,2026-09-17T07:32:11.732816
2050,Nhà mới DT:4x9m 2 Tầng 2pn 2wc hẻm 1942 Huỳnh Tấn Phát,1960000000,61.25,32 m²,"Thị trấn Nhà Bè, Huyện Nhà Bè, Tp Hồ Chí Minh",Huyện Nhà Bè,Tp Hồ Chí Minh,10.698072,106.738914,Nhà ở,,2,,2,,,,,[],11,Nam Phú Gia,,,2026-09-06 06:52:42,https://nha.chotot.com/tin/178593726,2026-09-17T07:32:11.732991
2051,Nhà Lầu 4 Tầng Hẻm Oto Xây Mới 100% Âu Dương Lân P2 Q8,8600000000,204.7619,42 m²,"Phường 2, Quận 8, Tp Hồ Chí Minh",Quận 8,Tp Hồ Chí Minh,10.742134,106.685104,Nhà ở,,4,3,4,,2.0,1.0,,[],8,Phạm Quốc Thắng,,,2026-09-17 14:29:58,https://nha.chotot.com/tin/178839361,2026-09-17T07:32:11.733148
2052,"Cho Thuê Biệt Thự Nam Thông PMH Q7 - 450m2, 5PN, Đường 20m",70000000,0.15555556,450 m²,"Phường Tân Phong, Quận 7, Tp Hồ Chí Minh",Quận 7,Tp Hồ Chí Minh,10.73019,106.70033,Nhà ở,,5,4,5,,,,,[],12,Thuỷ Trần,,,2026-08-31 09:55:18,https://nha.chotot.com/tin/178484863,2026-09-17T07:32:11.733297
2053,Cần cho thuê nhà góc 2 Mặt Tiền 84A Phổ Quang P.2 Q.Tân Bình,30000000,0.3030303,99 m²,"Phường 2, Quận Tân Bình, Tp Hồ Chí Minh",Quận Tân Bình,Tp Hồ Chí Minh,10.806851,106.668365,Nhà ở,,5,5,4,,,1.0,60000000.0,[],6,Anh Thanh,,,2026-09-17 14:29:37,https://nha.chotot.com/tin/178839329,2026-09-17T07:32:11.733445
2054,Bán nhà lầu đúc kiên cố hẻm xe hơi rộng đường Dương Bá Trạc P1 Q8 ,11800000000,245.83333,48 m²,"Phường 1, Quận 8, Tp Hồ Chí Minh",Quận 8,Tp Hồ Chí Minh,10.74418,106.69049,Nhà ở,,4,4,4,Nam,2.0,1.0,,[],3,Nguyễn Thìn ,,4.4,2026-09-17 14:29:34,https://nha.chotot.com/tin/178839333,2026-09-17T07:32:11.733634
2055,"Bán nhà riêng 4mx18,3m",12300000000,169.65517,72.5 m²,"Phường Tân Sơn Nhì, Quận Tân Phú, Tp Hồ Chí Minh",Quận Tân Phú,Tp Hồ Chí Minh,10.796407,106.63215,Nhà ở,,1,,,,,,,[],3,Nguyễn Võ Châu Phát,,,2026-09-16 14:28:21,https://nha.chotot.com/tin/178817793,2026-09-17T07:32:11.733796
2056,cho thuê,25000000,0.41666666,60 m²,"Phường 8, Quận 5, Tp Hồ Chí Minh",Quận 5,Tp Hồ Chí Minh,10.756033,106.671135,Nhà ở,,4,5,3,Đông,3.0,1.0,50000000.0,[],3,Phạm Ánh Lan,,5.0,2026-09-17 12:38:51,https://nha.chotot.com/tin/178836750,2026-09-17T07:32:11.734246
2057,cho thuê nhà 2 tầng đường phan thanh sát đại học duy tân,11000000,0.22,50 m²,"Phường Thạc Gián, Quận Thanh Khê, Đà Nẵng",Quận Thanh Khê,Đà Nẵng,16.063013,108.208755,Nhà ở,,3,3,2,,1.0,,,[],10,Đại tuấn,,,2026-09-17 14:29:11,https://nha.chotot.com/tin/178839312,2026-09-17T07:32:11.734421
2058,Nhà riêng ngõ 31 phố mai động gần đền lừ dt40m2x4t giá 10tr,10000000,0.25,40 m²,"Phường Mai Động, Quận Hoàng Mai, Hà Nội",Quận Hoàng Mai,Hà Nội,20.988625,105.86115,Nhà ở,,4,3,4,Đông,2.0,1.0,10000000.0,[],6,phạm minh chính,,,2026-09-10 10:59:00,https://nha.chotot.com/tin/178378145,2026-09-17T07:32:11.734616
2059,bán nhà mặt tiền kinh doanh đường Trương Vĩnh Nguyên,5600000000,19.928825,281 m²,"Phường Phú Thứ, Quận Cái Răng, Cần Thơ",Quận Cái Răng,Cần Thơ,9.982768,105.78676,Nhà ở,,1,2,1,Đông Bắc,3.0,1.0,,[],5,Nguyen Tien Tai,,,2026-09-16 14:28:22,https://nha.chotot.com/tin/178149394,2026-09-17T07:32:11.734775
2060,"Bán biệt thự 2 lầu áp mái P. Thạnh Mỹ Tây, TP.HCM giá 43 tỷ",43000000000,511.90475,84 m²,"Phường 12, Quận 3, Tp Hồ Chí Minh",Quận 3,Tp Hồ Chí Minh,10.789393,106.675064,Nhà ở,,1,,,,,,,[],3,vũ thành,,,2026-09-17 14:28:31,https://nha.chotot.com/tin/178839248,2026-09-17T07:32:11.735065
2061,"HIẾM!!!! - Hẻm Sư Vạn Hạnh, P12, Q.10 - 5x20m, 4 Tầng, 400m2",38000000,0.38,100 m²,"Phường 12, Quận 10, Tp Hồ Chí Minh",Quận 10,Tp Hồ Chí Minh,10.775027,106.667755,Đất,,,,4,,,,,[],9,Ngô Thanh Hùng,,,2026-09-17 14:30:13,https://nha.chotot.com/tin/178839362,2026-09-17T07:32:12.848662
2062,CHO THUÊ HẺM NGUYỄN VĂN TRỖI TÂN BÌNH | 12x15m siêu rộng,58000000,0.58,100 m²,"Phường 10, Quận Tân Bình, Tp Hồ Chí Minh",Quận Tân Bình,Tp Hồ Chí Minh,10.798557,106.67042,Đất,,,,,,,,116000000.0,[],8,Dung tr,,,2026-09-17 14:29:35,https://nha.chotot.com/tin/178839347,2026-09-17T07:32:12.848985
2063,"Cho thuê nhà phố 5 tầng có thang máy, rèm đường D9",45000000,0.53571427,84 m²,"Phường Long Bình (Quận 9 cũ), Thành phố Thủ Đức, Tp Hồ Chí Minh",Thành phố Thủ Đức,Tp Hồ Chí Minh,10.84805,106.83874,Đất,,,,5,,3.0,1.0,,[],4,DUY HOMES,,,2026-09-09 09:41:13,https://nha.chotot.com/tin/178661906,2026-09-17T07:32:12.849186
2064,"Cho thuê vp phố nguyên hồng,đống đa,dt 68m2,giá 13tr/tháng",13000000,0.19117647,68 m²,"Phường Láng Hạ, Quận Đống Đa, Hà Nội",Quận Đống Đa,Hà Nội,21.015743,105.80971,Đất,,,,8,,1.0,1.0,,[],5,Đào Thành Lân,,,2026-09-17 14:27:34,https://nha.chotot.com/tin/178839277,2026-09-17T07:32:12.849365
2065,🔥 CHO THUÊ BIỆT THỰ SÂN VƯỜN NGUYỄN VĂN TRỖI – NGANG 12M – GIÁ 59TR/TH,59000000,0.118,500 m²,"Phường 10, Quận Phú Nhuận, Tp Hồ Chí Minh",Quận Phú Nhuận,Tp Hồ Chí Minh,10.798557,106.67042,Đất,,,,,,,,150000000.0,[],7,Kiều Hằng,,,2026-09-17 14:27:01,https://nha.chotot.com/tin/178839254,2026-09-17T07:32:12.849624
2066,Cho thuê kho 1200m QL1A Tam Bình chỉ 75k,90000000,0.075,1200 m²,"Phường Tam Bình (Quận Thủ Đức cũ), Thành phố Thủ Đức, Tp Hồ Chí Minh",Thành phố Thủ Đức,Tp Hồ Chí Minh,10.871881,106.739655,Đất,,,,,,,,3.0,[],3,Anhthe,,4.0,2026-09-14 18:07:53,https://nha.chotot.com/tin/178775394,2026-09-17T07:32:12.849809
2067,BIỆT THỰ SÂN VƯỜN KHU TỔ HỢP F&B VÀ ĐA NGÀNH NGHỀ TRUNG TÂM QUẬN 3 ,115000000,0.34848484,330 m²,"Phường Võ Thị Sáu, Quận 3, Tp Hồ Chí Minh",Quận 3,Tp Hồ Chí Minh,10.788824,106.690765,Đất,,,,,,,,,[],9,Yến Ngọc,,,2026-09-17 14:25:23,https://nha.chotot.com/tin/178839200,2026-09-17T07:32:12.850107
2068,🍑Đoạn Đẹp NGUYỄN GIA TRÍ - 4x25m (Trệt 2 Lầu)🍑,65000000,0.21666667,300 m²,"Phường 25, Quận Bình Thạnh, Tp Hồ Chí Minh",Quận Bình Thạnh,Tp Hồ Chí Minh,10.810227,106.71722,Đất,,,,,,,,,[],6,Nhà Phố Cho Thuê,,,2026-09-17 14:24:57,https://nha.chotot.com/tin/175622468,2026-09-17T07:32:12.850289
2069,"🌟10x15m - TRẦN QUỐC TOẢN, Quận 3🌟 Trệt 2 Lầu",60000000,0.13333334,450 m²,"Phường Võ Thị Sáu, Quận 3, Tp Hồ Chí Minh",Quận 3,Tp Hồ Chí Minh,10.78659,106.68779,Đất,,,,,,,,,[],4,Nhà Phố Cho Thuê,,,2026-09-17 14:24:26,https://nha.chotot.com/tin/175903201,2026-09-17T07:32:12.850560
2070,cho thuê 100m văn phòng giá 30 tr,30000000,0.3,100 m²,"Phường An Khánh (Quận 2 cũ), Thành phố Thủ Đức, Tp Hồ Chí Minh",Thành phố Thủ Đức,Tp Hồ Chí Minh,10.79159,106.73052,Đất,,,,,,,,60000000.0,[],3,Nguyễn Văn Hậu,,,2026-09-05 13:44:09,https://nha.chotot.com/tin/178581677,2026-09-17T07:32:12.850812
2071,CHO THUÊ TÒA NHÀ VĂN PHÒNG NGUYỄN VĂN TRỖI NGAY NGÃ TƯ PHÚ NHUẬN,130000000,0.096296296,1350 m²,"Phường 10, Quận Phú Nhuận, Tp Hồ Chí Minh",Quận Phú Nhuận,Tp Hồ Chí Minh,10.798557,106.67042,Đất,,,,,,,,,[],3,Anh Đào,,,2026-09-12 11:08:02,https://nha.chotot.com/tin/178727010,2026-09-17T07:32:12.851005
2072,Mặt bằng đẹp Hồ Văn Huê 30m2,7490000,0.24966666,30 m²,"Phường 9, Quận Phú Nhuận, Tp Hồ Chí Minh",Quận Phú Nhuận,Tp Hồ Chí Minh,10.80251,106.67629,Đất,,,,,,,,7490000.0,[],7,NGUYỄN THỊ ANH THƯ,,,2026-09-06 15:25:13,https://nha.chotot.com/tin/178603931,2026-09-17T07:32:12.851183
2073,"🇻🇳SHOPHOUSE 3 TẦNG MẶT TIỀN MÊ LINH | GẦN ORI, KCN HÒA KHÁNH",14000000,0.11666667,120 m²,"Phường Hòa Hiệp Nam, Quận Liên Chiểu, Đà Nẵng",Quận Liên Chiểu,Đà Nẵng,16.09171,108.12595,Đất,,04,,3,,,,,[],10,Ngô Văn Cảnh,,4.4,2026-09-17 14:22:04,https://nha.chotot.com/tin/178839109,2026-09-17T07:32:12.851353
2074,🔥 HẺM XE HƠI  HUỲNH VĂN BÁNH – PHÚ NHUẬN | 4PN – 4WC | CHỈ 2x,23000000,0.23,100 m²,"Phường 10, Quận Phú Nhuận, Tp Hồ Chí Minh",Quận Phú Nhuận,Tp Hồ Chí Minh,10.791831,106.671616,Đất,,4,,,,,,46000000.0,[],6,Dung tr,,,2026-09-17 14:21:51,https://nha.chotot.com/tin/178839122,2026-09-17T07:32:12.851528
2075,"Măt tiền Nguyễn Cư Trinh, Quận 1 (Ngang 17m)",90000000,0.45,200 m²,"Phường Nguyễn Cư Trinh, Quận 1, Tp Hồ Chí Minh",Quận 1,Tp Hồ Chí Minh,10.763458,106.68884,Đất,,,,,,,,,[],5,Nhà Phố Cho Thuê,,,2026-09-17 14:21:14,https://nha.chotot.com/tin/178280784,2026-09-17T07:32:12.851705
2076,"🔥GÓC 2MT - NGUYỄN TRÃI, Bến Thành, Q1🔥400m2 sử dụng",150000000,0.375,400 m²,"Phường Bến Thành, Quận 1, Tp Hồ Chí Minh",Quận 1,Tp Hồ Chí Minh,10.771166,106.68731,Đất,,,,,,,,,[],4,Nhà Phố Cho Thuê,,,2026-09-17 14:20:35,https://nha.chotot.com/tin/175556911,2026-09-17T07:32:12.851949
2077,CHO THUÊ TÒA NHÀ 2 MẶT TIỀN VÕ VĂN NGÂN DT 12M X 36M TP THỦ ĐỨC,100000000,0.07692308,1300 m²,"Phường Bình Thọ (Quận Thủ Đức cũ), Thành phố Thủ Đức, Tp Hồ Chí Minh",Thành phố Thủ Đức,Tp Hồ Chí Minh,10.850573,106.76223,Đất,,,,,,,1.0,,[],3,Oanh Home,,,2026-09-17 14:20:21,https://nha.chotot.com/tin/178262159,2026-09-17T07:32:12.852277
2078,"🔥 CHO THUÊ TẦNG 7 160m2 – 104A XUÂN THUỶ, THẢO ĐIỀN, Q2 🔥",50000000,0.3125,160 m²,"Phường Thảo Điền (Quận 2 cũ), Thành phố Thủ Đức, Tp Hồ Chí Minh",Thành phố Thủ Đức,Tp Hồ Chí Minh,10.803889,106.73543,Đất,,,,,,,,150000000.0,[],8,Kiều Hằng,,,2026-09-17 14:18:58,https://nha.chotot.com/tin/178839027,2026-09-17T07:32:12.852469
2079,Cho thuê  Shophouse Panorama Phú Mỹ Hưng 2 tầng 50tr/th,50000000,0.35460994,141 m²,"Phường Tân Phong, Quận 7, Tp Hồ Chí Minh",Quận 7,Tp Hồ Chí Minh,10.72168,106.71284,Đất,,,,2,Tây Nam,,1.0,,[],7,Dân,,,2026-09-17 14:18:55,https://nha.chotot.com/tin/177011854,2026-09-17T07:32:12.852670
2080,Kho trống VIEW SÔNG 235/50A Đặng Thùy Trâm. DT 8X20M.,20000000,0.125,160 m²,"Phường 13, Quận Bình Thạnh, Tp Hồ Chí Minh",Quận Bình Thạnh,Tp Hồ Chí Minh,10.824377,106.70332,Đất,,,,,,2.0,1.0,,[],3,Anh Dũng,,4.0,2026-09-17 14:17:42,https://nha.chotot.com/tin/167862234,2026-09-17T07:32:12.852861
2081,CHO THUÊ NHÀ ĐƯỜNG QUỐC HƯƠNG GIÁ 27 TRIỆU ,27000000,0.36,75 m²,"Phường Thảo Điền (Quận 2 cũ), Thành phố Thủ Đức, Tp Hồ Chí Minh",Thành phố Thủ Đức,Tp Hồ Chí Minh,10.807138,106.73095,Nhà ở,,2,2,2,,,,,[],6,Phương,,,2026-09-17 14:31:17,https://nha.chotot.com/tin/178839383,2026-09-17T07:32:14.144756
2082,"CHO THUÊ NHÀ  PHẠM QUÝ THÍCH   P.PHÚ THỌ HOÀ, TÂN PHÚ   📐 Diện tích: 4",10500000,0.125,84 m²,"Phường Tân Quý, Quận Tân Phú, Tp Hồ Chí Minh",Quận Tân Phú,Tp Hồ Chí Minh,10.789263,106.62116,Nhà ở,,1,1,,,,,,[],3,Thu,,4.0,2026-09-17 14:31:09,https://nha.chotot.com/tin/178839386,2026-09-17T07:32:14.145052
2083,Gia đình có việc cần chuyển nhượng căn hộ gần Depot Tham Lương 2PN,3500000000,57.37705,61 m²,"Phường Tân Thới Nhất, Quận 12, Tp Hồ Chí Minh",Quận 12,Tp Hồ Chí Minh,10.82442,106.62025,Căn hộ/Chung cư,1.0,2,1,,,3.0,6.0,,[],5,Đơn Phương,,,2026-09-10 10:12:16,https://nha.chotot.com/tin/178684712,2026-09-17T07:32:14.145254
2084,"CHO THUÊ NHÀ NGUYÊN CĂN – PHƯỜNG LINH TÂY, TP. THỦ ĐỨC  📍 Địa chỉ: 145",10000000,0.14285715,70 m²,"Phường Linh Tây (Quận Thủ Đức cũ), Thành phố Thủ Đức, Tp Hồ Chí Minh",Thành phố Thủ Đức,Tp Hồ Chí Minh,10.86056,106.756256,Nhà ở,,2,,,,,,,[],6,Đăng Quang Rental,,,2026-09-17 14:31:05,https://nha.chotot.com/tin/178839388,2026-09-17T07:32:14.145458
2085,Nhà 3 Rưỡi - Mặt Tiền Hải Châu Gần Đống Đa ( SỤP ),5500000000,110.0,50 m²,"Phường Thuận Phước, Quận Hải Châu, Đà Nẵng",Quận Hải Châu,Đà Nẵng,16.08619,108.21645,Nhà ở,,6,,5,,,,,[],7,hưng thịnh,,5.0,2026-09-02 10:54:17,https://nha.chotot.com/tin/178518870,2026-09-17T07:32:14.145739
2086,"[GIÁ RẺ] NHÀ NGUYÊN CĂN 1 TRỆT 1 LẦU GẦN EMART, CHỢ TÂN SƠN",8000000,0.14285715,56 m²,"Phường 12, Quận Gò Vấp, Tp Hồ Chí Minh",Quận Gò Vấp,Tp Hồ Chí Minh,10.832696,106.63855,Nhà ở,,2,2,1,,,,,[],8,THÀNH ĐẠT CHUYÊN CHO THUÊ PHÒNG TRỌ CHDV GIÁ TỐT,,,2026-09-17 14:30:48,https://nha.chotot.com/tin/178839377,2026-09-17T07:32:14.145919
2087,"Cho thuê giá tốt 3PN view sông, nội thất xịn, Vinhomes Central Park",35000000,0.3043478,115 m²,"Phường 22, Quận Bình Thạnh, Tp Hồ Chí Minh",Quận Bình Thạnh,Tp Hồ Chí Minh,10.79387,106.72032,Căn hộ/Chung cư,1.0,3,2,,,1.0,6.0,,[],12,Huyền Nguyễn,,,2026-09-02 15:25:06,https://nha.chotot.com/tin/178523171,2026-09-17T07:32:14.146094
2088,Giá Thuê : 9tr/1 tháng Cho Thuê Nhà Đường Bùi Quang Là P12 Q. gò Vấp -,9000000,0.140625,64 m²,"Phường 12, Quận Gò Vấp, Tp Hồ Chí Minh",Quận Gò Vấp,Tp Hồ Chí Minh,10.835113,106.6396,Nhà ở,,2,2,,Tây,,,1.0,[],6,Quang Huy,,5.0,2026-09-07 10:48:48,https://nha.chotot.com/tin/178617090,2026-09-17T07:32:14.146264
2089,"BÁN GẤP NHÀ KQH HOÀNG DIỆU PHƯỜNG CAM LY ĐÀ LẠT CHỈ 5,4 TỶ",5400000000,120.0,45 m²,"Phường 5, Thành phố Đà Lạt, Lâm Đồng",Thành phố Đà Lạt,Lâm Đồng,11.942885,108.427925,Nhà ở,,3,2,3,Tây Bắc,3.0,,,[],4,Tô Hoàng Phương Trinh,,,2026-09-15 15:32:14,https://nha.chotot.com/tin/178796817,2026-09-17T07:32:14.146425
2090,KHAI TRƯƠNG PHÒNG TRỌ SINH VIÊN GIÁ RẺ NGAY ĐH CÔNG THƯƠNG TÂN PHÚ,3500000,0.14,25 m²,"Phường Tân Sơn Nhì, Quận Tân Phú, Tp Hồ Chí Minh",Quận Tân Phú,Tp Hồ Chí Minh,10.801903,106.625885,Phòng trọ,,,,,,,,3500000.0,[],5,Kiều Oanh NeWay Home ,,5.0,2026-09-17 14:30:15,https://nha.chotot.com/tin/178453357,2026-09-17T07:32:14.146611
2091,"HIẾM!!!! - Hẻm Sư Vạn Hạnh, P12, Q.10 - 5x20m, 4 Tầng, 400m2",38000000,0.38,100 m²,"Phường 12, Quận 10, Tp Hồ Chí Minh",Quận 10,Tp Hồ Chí Minh,10.775027,106.667755,Đất,,,,4,,,,,[],9,Ngô Thanh Hùng,,,2026-09-17 14:30:13,https://nha.chotot.com/tin/178839362,2026-09-17T07:32:14.146821
2092,Bán Đất Lô Góc Võ Văn Vân giá cực tốt,4190000000,37.410713,112 m²,"Xã Vĩnh Lộc B, Huyện Bình Chánh, Tp Hồ Chí Minh",Huyện Bình Chánh,Tp Hồ Chí Minh,10.773623,106.57547,Văn phòng/Mặt bằng,,,,,,,1.0,,[],6,Thanh Hưng,,3.4,2026-09-09 18:08:26,https://nha.chotot.com/tin/178674907,2026-09-17T07:32:14.147075
2093,"BCONS ARIA TRẢ TRƯỚC CHỈ 5% CHIẾT KHẤU 8,5% HỖ TRỢ LS 6,9% TRONG 4 NĂM",2600000000,49.056602,53 m²,"Phường Đông Hòa, Thành phố Dĩ An, Bình Dương",Thành phố Dĩ An,Bình Dương,10.89115,106.8022,Căn hộ/Chung cư,1.0,2,2,37,Tây,3.0,4.0,,[],12,Huy Hoàng Bcons ,,,2026-08-25 09:52:10,https://nha.chotot.com/tin/178364490,2026-09-17T07:32:14.147271
2094,"CHO THUÊ CĂN HỘ MỚI 2 PHÒNG NGỦ, DIỆN TÍCH 60M² ",13500000,0.20769231,65 m²,"Phường Khuê Mỹ, Quận Ngũ Hành Sơn, Đà Nẵng",Quận Ngũ Hành Sơn,Đà Nẵng,16.023426,108.2459,Căn hộ/Chung cư,2.0,2,,,,2.0,,,[],4,VANA,,,2026-09-17 14:30:06,https://nha.chotot.com/tin/178838887,2026-09-17T07:32:14.147441
2095,Bán căn Hưng Phát Silver Star - sát vách sunrise reverside - 4.6ty,4350000000,41.037735,106 m²,"Xã Phước Kiển, Huyện Nhà Bè, Tp Hồ Chí Minh",Huyện Nhà Bè,Tp Hồ Chí Minh,10.70387,106.71276,Căn hộ/Chung cư,1.0,3,,,Tây Nam,2.0,6.0,,[],9,Vân,,4.8,2026-09-03 11:16:19,https://nha.chotot.com/tin/177025273,2026-09-17T07:32:14.147638
2096,Nhà mới DT:4x9m 2 Tầng 2pn 2wc hẻm 1942 Huỳnh Tấn Phát,1960000000,61.25,32 m²,"Thị trấn Nhà Bè, Huyện Nhà Bè, Tp Hồ Chí Minh",Huyện Nhà Bè,Tp Hồ Chí Minh,10.698072,106.738914,Nhà ở,,2,,2,,,,,[],11,Nam Phú Gia,,,2026-09-06 06:52:42,https://nha.chotot.com/tin/178593726,2026-09-17T07:32:14.147874
2097,Cho thuê CC Garden gate 40m2 Offictel 1WC giá cực tốt chỉ 11tr/th ,11000000,0.31428573,35 m²,"Phường 9, Quận Phú Nhuận, Tp Hồ Chí Minh",Quận Phú Nhuận,Tp Hồ Chí Minh,10.80964,106.67425,Căn hộ/Chung cư,1.0,1,1,,,,,,[],3,Nguyễn Hoàng Toàn,,,2026-09-15 10:14:56,https://nha.chotot.com/tin/178787965,2026-09-17T07:32:14.148040
2098,🏡Khai Trương Ký túc xá ngay ngã tư Hàng xanh đầy đủ tiện nghi 🎉KTX,1700000,0.04857143,35 m²,"Phường 25, Quận Bình Thạnh, Tp Hồ Chí Minh",Quận Bình Thạnh,Tp Hồ Chí Minh,10.802271,106.71938,Phòng trọ,,,,,,,,1700000.0,[],4,LQ Vinhomes,,,2026-08-24 10:56:00,https://nha.chotot.com/tin/163698886,2026-09-17T07:32:14.148215
2099,Nhà Lầu 4 Tầng Hẻm Oto Xây Mới 100% Âu Dương Lân P2 Q8,8600000000,204.7619,42 m²,"Phường 2, Quận 8, Tp Hồ Chí Minh",Quận 8,Tp Hồ Chí Minh,10.742134,106.685104,Nhà ở,,4,3,4,,2.0,1.0,,[],8,Phạm Quốc Thắng,,,2026-09-17 14:29:58,https://nha.chotot.com/tin/178839361,2026-09-17T07:32:14.148376
2100,Lô đất 2500m thổ cư mặt tiền Hồ khu Biệt thự nghỉ dưỡng,4000000000,1.6891892,2368 m²,"Xã Đinh Lạc, Huyện Di Linh, Lâm Đồng",Huyện Di Linh,Lâm Đồng,11.63063,108.13101,Văn phòng/Mặt bằng,,,,,,,1.0,,[],4,Nguyễn Anh Sang,,4.1,2026-09-17 14:29:58,https://nha.chotot.com/tin/178141305,2026-09-17T07:32:14.148545
2101,"CẦN BÁN CĂN HỘ CC THỚI AN, Q12, 95M2 , CÓ SÂN VƯỜN, 2,82 TỶ",2820000000,29.68421,95 m²,"Phường Thới An, Quận 12, Tp Hồ Chí Minh",Quận 12,Tp Hồ Chí Minh,10.87607,106.655655,Căn hộ/Chung cư,1.0,2,2,,Đông Nam,2.0,6.0,,[],5,VÕ Hằng ,,,2026-08-25 21:26:52,https://nha.chotot.com/tin/178382179,2026-09-17T07:32:15.457125
2102,🥳🥳Một Căn Hộ Vừa Đẹp- Vừa Tiện Nghi - Vừa Có Không Gian Sống Thoángãng,12000000,0.4,30 m²,"Phường Thảo Điền (Quận 2 cũ), Thành phố Thủ Đức, Tp Hồ Chí Minh",Thành phố Thủ Đức,Tp Hồ Chí Minh,10.806585,106.72578,Căn hộ/Chung cư,2.0,1,,,,,,12000000.0,[],10,Hồng Loan HIFRIENDZ,,,2026-09-17 14:31:31,https://nha.chotot.com/tin/178373155,2026-09-17T07:32:15.457542
2103,"🌧️🫧🏡 CĂN HỘ HIỆN ĐẠI – GỌN GÀNG, ẤM ÁP, ĐỦ ĐẦY TIỆN NGHI ✨😅🥹",7000000,0.23333333,30 m²,"Phường An Phú (Quận 2 cũ), Thành phố Thủ Đức, Tp Hồ Chí Minh",Thành phố Thủ Đức,Tp Hồ Chí Minh,10.794329,106.742546,Căn hộ/Chung cư,2.0,1,,,,,,7000000.0,[],7,Hồng Loan HIFRIENDZ,,,2026-09-17 14:31:18,https://nha.chotot.com/tin/178372865,2026-09-17T07:32:15.457768
2104,Gia đình có việc cần chuyển nhượng căn hộ gần Depot Tham Lương 2PN,3500000000,57.37705,61 m²,"Phường Tân Thới Nhất, Quận 12, Tp Hồ Chí Minh",Quận 12,Tp Hồ Chí Minh,10.82442,106.62025,Căn hộ/Chung cư,1.0,2,1,,,3.0,6.0,,[],5,Đơn Phương,,,2026-09-10 10:12:16,https://nha.chotot.com/tin/178684712,2026-09-17T07:32:15.457948
2105,"Cho thuê giá tốt 3PN view sông, nội thất xịn, Vinhomes Central Park",35000000,0.3043478,115 m²,"Phường 22, Quận Bình Thạnh, Tp Hồ Chí Minh",Quận Bình Thạnh,Tp Hồ Chí Minh,10.79387,106.72032,Căn hộ/Chung cư,1.0,3,2,,,1.0,6.0,,[],12,Huyền Nguyễn,,,2026-09-02 15:25:06,https://nha.chotot.com/tin/178523171,2026-09-17T07:32:15.458144
2106,"BCONS ARIA TRẢ TRƯỚC CHỈ 5% CHIẾT KHẤU 8,5% HỖ TRỢ LS 6,9% TRONG 4 NĂM",2600000000,49.056602,53 m²,"Phường Đông Hòa, Thành phố Dĩ An, Bình Dương",Thành phố Dĩ An,Bình Dương,10.89115,106.8022,Căn hộ/Chung cư,1.0,2,2,37,Tây,3.0,4.0,,[],12,Huy Hoàng Bcons ,,,2026-08-25 09:52:10,https://nha.chotot.com/tin/178364490,2026-09-17T07:32:15.458375
2107,"CHO THUÊ CĂN HỘ MỚI 2 PHÒNG NGỦ, DIỆN TÍCH 60M² ",13500000,0.20769231,65 m²,"Phường Khuê Mỹ, Quận Ngũ Hành Sơn, Đà Nẵng",Quận Ngũ Hành Sơn,Đà Nẵng,16.023426,108.2459,Căn hộ/Chung cư,2.0,2,,,,2.0,,,[],4,VANA,,,2026-09-17 14:30:06,https://nha.chotot.com/tin/178838887,2026-09-17T07:32:15.458573
2108,Bán căn Hưng Phát Silver Star - sát vách sunrise reverside - 4.6ty,4350000000,41.037735,106 m²,"Xã Phước Kiển, Huyện Nhà Bè, Tp Hồ Chí Minh",Huyện Nhà Bè,Tp Hồ Chí Minh,10.70387,106.71276,Căn hộ/Chung cư,1.0,3,,,Tây Nam,2.0,6.0,,[],9,Vân,,4.8,2026-09-03 11:16:19,https://nha.chotot.com/tin/177025273,2026-09-17T07:32:15.458750
2109,Cho thuê CC Garden gate 40m2 Offictel 1WC giá cực tốt chỉ 11tr/th ,11000000,0.31428573,35 m²,"Phường 9, Quận Phú Nhuận, Tp Hồ Chí Minh",Quận Phú Nhuận,Tp Hồ Chí Minh,10.80964,106.67425,Căn hộ/Chung cư,1.0,1,1,,,,,,[],3,Nguyễn Hoàng Toàn,,,2026-09-15 10:14:56,https://nha.chotot.com/tin/178787965,2026-09-17T07:32:15.458918
2110,KHAI TRƯƠNG ĐUPLEX 3🍠X ĐƯỜNG SỐ 1_NGUYỄN THỊ TÚ NHẬN XE ĐIỆN FULL NT,3700000,0.13214286,28 m²,"Phường Bình Hưng Hoà B, Quận Bình Tân, Tp Hồ Chí Minh",Quận Bình Tân,Tp Hồ Chí Minh,10.807803,106.59462,Căn hộ/Chung cư,3.0,1,1,,,2.0,4.0,1000000.0,[],11,Triệu an HiFriendz Tp ,,5.0,2026-09-17 14:29:46,https://nha.chotot.com/tin/178839353,2026-09-17T07:32:15.459089
2111,"Chung cư Tecco Green - Phan Văn Hớn căn 2p ngủ , full NT, giá 7,3tr/th",7300000,0.1,73 m²,"Phường Tân Thới Nhất, Quận 12, Tp Hồ Chí Minh",Quận 12,Tp Hồ Chí Minh,10.82954,106.61561,Căn hộ/Chung cư,1.0,2,2,,,2.0,6.0,,[],6,Phí Linh,,,2026-09-17 14:29:29,https://nha.chotot.com/tin/178839257,2026-09-17T07:32:15.459249
2112,💥CHDV - FUL NT - 2PN - BALCONY THOÁNG ⚡️ PHAN ĐĂNG LƯU - BÙI ĐÌNH TUÝ 💥,7800000,0.111428574,70 m²,"Phường 1, Quận Bình Thạnh, Tp Hồ Chí Minh",Quận Bình Thạnh,Tp Hồ Chí Minh,10.802451,106.697495,Căn hộ/Chung cư,2.0,2,,,,,,,[],12,Lương Thanh Trúc,,,2026-09-12 21:54:42,https://nha.chotot.com/tin/178437508,2026-09-17T07:32:15.459417
2113,"💥 HÀ ĐÔ CENTROSA – 2PN 2WC – NHÀ ĐẸP, FULL NỘI THẤT – Ở LIỀN CHỈ 22TR",22000000,0.25581396,86 m²,"Phường 12, Quận 10, Tp Hồ Chí Minh",Quận 10,Tp Hồ Chí Minh,10.7762,106.67889,Căn hộ/Chung cư,1.0,2,2,,,,,,[],12,Hoàng Dung,,4.5,2026-09-17 11:07:05,https://nha.chotot.com/tin/178834497,2026-09-17T07:32:15.459600
2114,"CĂN HỘ MINI CAO CẤP MỚI 100%, FULL NỘI THẤT NGAY ẺMART PHAN HUY ÍCH",5000000,0.2,25 m²,"Phường 12, Quận Gò Vấp, Tp Hồ Chí Minh",Quận Gò Vấp,Tp Hồ Chí Minh,10.837349,106.636284,Căn hộ/Chung cư,2.0,1,1,,,1.0,4.0,5000000.0,[],12,Alo Ngoc Hoang,,5.0,2026-09-17 14:28:24,https://nha.chotot.com/tin/178839301,2026-09-17T07:32:15.459780
2115,TÌM NỮ Ở GHÉP CĂN CHUNG CƯ 2PN,4500000,0.071428575,63 m²,"Phường Phú Thuận, Quận 7, Tp Hồ Chí Minh",Quận 7,Tp Hồ Chí Minh,10.722,106.7433,Căn hộ/Chung cư,1.0,2,2,,,2.0,4.0,4500000.0,[],7,Kim Thanh,,5.0,2026-09-17 14:28:16,https://nha.chotot.com/tin/178839296,2026-09-17T07:32:15.459970
2116,Khách Cần Tiền Ra Di Căn 2PN Hiyori Siêu Mới,5200000000,83.870964,62 m²,"Phường An Hải Đông, Quận Sơn Trà, Đà Nẵng",Quận Sơn Trà,Đà Nẵng,16.06191,108.23652,Căn hộ/Chung cư,1.0,2,2,,,1.0,2.0,,[],11,Hồng Công,,,2026-09-17 14:26:46,https://nha.chotot.com/tin/171220229,2026-09-17T07:32:15.460151
2117,⭐ RIVER PANORAMA CHO THUÊ 3PN2WC FULL NỘI THẤT VIEW ĐẸP CHỈ 19 TRIỆU,19000000,0.21111111,90 m²,"Phường Phú Mỹ, Quận 7, Tp Hồ Chí Minh",Quận 7,Tp Hồ Chí Minh,10.71422,106.73743,Căn hộ/Chung cư,1.0,3,2,,,2.0,6.0,,[],12,Huy,,5.0,2026-09-08 14:36:21,https://nha.chotot.com/tin/172861126,2026-09-17T07:32:15.460314
2118,"THẢO ĐIỀN, QUẬN 2 🏡 CHO THUÊ CHDV CAO CẤP💘 1PN BAN CÔNG FULL NỘI THẤT",11000000,0.22,50 m²,"Phường Thảo Điền (Quận 2 cũ), Thành phố Thủ Đức, Tp Hồ Chí Minh",Thành phố Thủ Đức,Tp Hồ Chí Minh,10.803914,106.72912,Căn hộ/Chung cư,2.0,1,1,,Đông Bắc,1.0,4.0,11000000.0,[],11,Phương An Chuyên Căn Hộ Quận 2,,5.0,2026-09-11 14:06:45,https://nha.chotot.com/tin/177928071,2026-09-17T07:32:15.460579
2119,CHDV FULL NỘI THẤT MỚI KENG GẦN MEGA MARKET Q12,3900000,0.156,25 m²,"Phường Tân Thới Hiệp, Quận 12, Tp Hồ Chí Minh",Quận 12,Tp Hồ Chí Minh,10.887289,106.64767,Căn hộ/Chung cư,2.0,1,1,4,,2.0,4.0,,[],10,Anh Tuấn Tìm Phòng,,5.0,2026-09-17 14:26:20,https://nha.chotot.com/tin/178839237,2026-09-17T07:32:15.460749
2120,CHO THUÊ CĂN HỘ DUPLEX 2  GIƯỜNG NGỦ FULL NỘI THẤT CÓ CỬA SỔ THOÁNG,6000000,0.13333334,45 m²,"Phường 8, Thành phố Đà Lạt, Lâm Đồng",Thành phố Đà Lạt,Lâm Đồng,11.977858,108.45107,Căn hộ/Chung cư,3.0,1,1,,,,,,[],9,Quang gohome,,,2026-09-17 14:26:16,https://nha.chotot.com/tin/178839207,2026-09-17T07:32:15.460907
2121,Bán nhà hẻm 184 thoáng đường Âu Dương Lân P3 Q8 ,3180000000,104.605606,30.3999 m²,"Phường 3, Quận 8, Tp Hồ Chí Minh",Quận 8,Tp Hồ Chí Minh,10.745962,106.68301,Nhà ở,,2,2,2,,2.0,1.0,,[],5, Như Ý,,,2026-09-17 14:31:29,https://nha.chotot.com/tin/178502242,2026-09-17T07:32:16.716172
2122,HÀNG HIẾM KHÓ TÌM - NHÀ C4 144m² S.H.R - CHỈ 820TR - TÂN AN HỘI CỦ CHI,820000000,5.6944447,144 m²,"Xã Tân An Hội, Huyện Củ Chi, Tp Hồ Chí Minh",Huyện Củ Chi,Tp Hồ Chí Minh,10.9593525,106.48182,Nhà ở,,2,1,1,,4.0,4.0,,[],8,Nguyễn Văn Quốc,,,2026-09-17 14:31:19,https://nha.chotot.com/tin/178838518,2026-09-17T07:32:16.716466
2123,CHO THUÊ NHÀ ĐƯỜNG QUỐC HƯƠNG GIÁ 27 TRIỆU ,27000000,0.36,75 m²,"Phường Thảo Điền (Quận 2 cũ), Thành phố Thủ Đức, Tp Hồ Chí Minh",Thành phố Thủ Đức,Tp Hồ Chí Minh,10.807138,106.73095,Nhà ở,,2,2,2,,,,,[],6,Phương,,,2026-09-17 14:31:17,https://nha.chotot.com/tin/178839383,2026-09-17T07:32:16.716682
2124,"CHO THUÊ NHÀ  PHẠM QUÝ THÍCH   P.PHÚ THỌ HOÀ, TÂN PHÚ   📐 Diện tích: 4",10500000,0.125,84 m²,"Phường Tân Quý, Quận Tân Phú, Tp Hồ Chí Minh",Quận Tân Phú,Tp Hồ Chí Minh,10.789263,106.62116,Nhà ở,,1,1,,,,,,[],3,Thu,,4.0,2026-09-17 14:31:09,https://nha.chotot.com/tin/178839386,2026-09-17T07:32:16.716859
2125,"CHO THUÊ NHÀ NGUYÊN CĂN – PHƯỜNG LINH TÂY, TP. THỦ ĐỨC  📍 Địa chỉ: 145",10000000,0.14285715,70 m²,"Phường Linh Tây (Quận Thủ Đức cũ), Thành phố Thủ Đức, Tp Hồ Chí Minh",Thành phố Thủ Đức,Tp Hồ Chí Minh,10.86056,106.756256,Nhà ở,,2,,,,,,,[],6,Đăng Quang Rental,,,2026-09-17 14:31:05,https://nha.chotot.com/tin/178839388,2026-09-17T07:32:16.717115
2126,Nhà 3 Rưỡi - Mặt Tiền Hải Châu Gần Đống Đa ( SỤP ),5500000000,110.0,50 m²,"Phường Thuận Phước, Quận Hải Châu, Đà Nẵng",Quận Hải Châu,Đà Nẵng,16.08619,108.21645,Nhà ở,,6,,5,,,,,[],7,hưng thịnh,,5.0,2026-09-02 10:54:17,https://nha.chotot.com/tin/178518870,2026-09-17T07:32:16.717317
2127,"[GIÁ RẺ] NHÀ NGUYÊN CĂN 1 TRỆT 1 LẦU GẦN EMART, CHỢ TÂN SƠN",8000000,0.14285715,56 m²,"Phường 12, Quận Gò Vấp, Tp Hồ Chí Minh",Quận Gò Vấp,Tp Hồ Chí Minh,10.832696,106.63855,Nhà ở,,2,2,1,,,,,[],8,THÀNH ĐẠT CHUYÊN CHO THUÊ PHÒNG TRỌ CHDV GIÁ TỐT,,,2026-09-17 14:30:48,https://nha.chotot.com/tin/178839377,2026-09-17T07:32:16.717499
2128,Giá Thuê : 9tr/1 tháng Cho Thuê Nhà Đường Bùi Quang Là P12 Q. gò Vấp -,9000000,0.140625,64 m²,"Phường 12, Quận Gò Vấp, Tp Hồ Chí Minh",Quận Gò Vấp,Tp Hồ Chí Minh,10.835113,106.6396,Nhà ở,,2,2,,Tây,,,1.0,[],6,Quang Huy,,5.0,2026-09-07 10:48:48,https://nha.chotot.com/tin/178617090,2026-09-17T07:32:16.717696
2129,"BÁN GẤP NHÀ KQH HOÀNG DIỆU PHƯỜNG CAM LY ĐÀ LẠT CHỈ 5,4 TỶ",5400000000,120.0,45 m²,"Phường 5, Thành phố Đà Lạt, Lâm Đồng",Thành phố Đà Lạt,Lâm Đồng,11.942885,108.427925,Nhà ở,,3,2,3,Tây Bắc,3.0,,,[],4,Tô Hoàng Phương Trinh,,,2026-09-15 15:32:14,https://nha.chotot.com/tin/178796817,2026-09-17T07:32:16.717858
2130,Nhà mới DT:4x9m 2 Tầng 2pn 2wc hẻm 1942 Huỳnh Tấn Phát,1960000000,61.25,32 m²,"Thị trấn Nhà Bè, Huyện Nhà Bè, Tp Hồ Chí Minh",Huyện Nhà Bè,Tp Hồ Chí Minh,10.698072,106.738914,Nhà ở,,2,,2,,,,,[],11,Nam Phú Gia,,,2026-09-06 06:52:42,https://nha.chotot.com/tin/178593726,2026-09-17T07:32:16.718023
2131,Nhà Lầu 4 Tầng Hẻm Oto Xây Mới 100% Âu Dương Lân P2 Q8,8600000000,204.7619,42 m²,"Phường 2, Quận 8, Tp Hồ Chí Minh",Quận 8,Tp Hồ Chí Minh,10.742134,106.685104,Nhà ở,,4,3,4,,2.0,1.0,,[],8,Phạm Quốc Thắng,,,2026-09-17 14:29:58,https://nha.chotot.com/tin/178839361,2026-09-17T07:32:16.718183
2132,"Cho Thuê Biệt Thự Nam Thông PMH Q7 - 450m2, 5PN, Đường 20m",70000000,0.15555556,450 m²,"Phường Tân Phong, Quận 7, Tp Hồ Chí Minh",Quận 7,Tp Hồ Chí Minh,10.73019,106.70033,Nhà ở,,5,4,5,,,,,[],12,Thuỷ Trần,,,2026-08-31 09:55:18,https://nha.chotot.com/tin/178484863,2026-09-17T07:32:16.718333
2133,Cần cho thuê nhà góc 2 Mặt Tiền 84A Phổ Quang P.2 Q.Tân Bình,30000000,0.3030303,99 m²,"Phường 2, Quận Tân Bình, Tp Hồ Chí Minh",Quận Tân Bình,Tp Hồ Chí Minh,10.806851,106.668365,Nhà ở,,5,5,4,,,1.0,60000000.0,[],6,Anh Thanh,,,2026-09-17 14:29:37,https://nha.chotot.com/tin/178839329,2026-09-17T07:32:16.718485
2134,Bán nhà lầu đúc kiên cố hẻm xe hơi rộng đường Dương Bá Trạc P1 Q8 ,11800000000,245.83333,48 m²,"Phường 1, Quận 8, Tp Hồ Chí Minh",Quận 8,Tp Hồ Chí Minh,10.74418,106.69049,Nhà ở,,4,4,4,Nam,2.0,1.0,,[],3,Nguyễn Thìn ,,4.4,2026-09-17 14:29:34,https://nha.chotot.com/tin/178839333,2026-09-17T07:32:16.718655
2135,"Bán nhà riêng 4mx18,3m",12300000000,169.65517,72.5 m²,"Phường Tân Sơn Nhì, Quận Tân Phú, Tp Hồ Chí Minh",Quận Tân Phú,Tp Hồ Chí Minh,10.796407,106.63215,Nhà ở,,1,,,,,,,[],3,Nguyễn Võ Châu Phát,,,2026-09-16 14:28:21,https://nha.chotot.com/tin/178817793,2026-09-17T07:32:16.718817
2136,cho thuê,25000000,0.41666666,60 m²,"Phường 8, Quận 5, Tp Hồ Chí Minh",Quận 5,Tp Hồ Chí Minh,10.756033,106.671135,Nhà ở,,4,5,3,Đông,3.0,1.0,50000000.0,[],3,Phạm Ánh Lan,,5.0,2026-09-17 12:38:51,https://nha.chotot.com/tin/178836750,2026-09-17T07:32:16.719059
2137,cho thuê nhà 2 tầng đường phan thanh sát đại học duy tân,11000000,0.22,50 m²,"Phường Thạc Gián, Quận Thanh Khê, Đà Nẵng",Quận Thanh Khê,Đà Nẵng,16.063013,108.208755,Nhà ở,,3,3,2,,1.0,,,[],10,Đại tuấn,,,2026-09-17 14:29:11,https://nha.chotot.com/tin/178839312,2026-09-17T07:32:16.719219
2138,Nhà riêng ngõ 31 phố mai động gần đền lừ dt40m2x4t giá 10tr,10000000,0.25,40 m²,"Phường Mai Động, Quận Hoàng Mai, Hà Nội",Quận Hoàng Mai,Hà Nội,20.988625,105.86115,Nhà ở,,4,3,4,Đông,2.0,1.0,10000000.0,[],6,phạm minh chính,,,2026-09-10 10:59:00,https://nha.chotot.com/tin/178378145,2026-09-17T07:32:16.719387
2139,bán nhà mặt tiền kinh doanh đường Trương Vĩnh Nguyên,5600000000,19.928825,281 m²,"Phường Phú Thứ, Quận Cái Răng, Cần Thơ",Quận Cái Răng,Cần Thơ,9.982768,105.78676,Nhà ở,,1,2,1,Đông Bắc,3.0,1.0,,[],5,Nguyen Tien Tai,,,2026-09-16 14:28:22,https://nha.chotot.com/tin/178149394,2026-09-17T07:32:16.719559
2140,"Bán biệt thự 2 lầu áp mái P. Thạnh Mỹ Tây, TP.HCM giá 43 tỷ",43000000000,511.90475,84 m²,"Phường 12, Quận 3, Tp Hồ Chí Minh",Quận 3,Tp Hồ Chí Minh,10.789393,106.675064,Nhà ở,,1,,,,,,,[],3,vũ thành,,,2026-09-17 14:28:31,https://nha.chotot.com/tin/178839248,2026-09-17T07:32:16.719841
2141,"HIẾM!!!! - Hẻm Sư Vạn Hạnh, P12, Q.10 - 5x20m, 4 Tầng, 400m2",38000000,0.38,100 m²,"Phường 12, Quận 10, Tp Hồ Chí Minh",Quận 10,Tp Hồ Chí Minh,10.775027,106.667755,Đất,,,,4,,,,,[],9,Ngô Thanh Hùng,,,2026-09-17 14:30:13,https://nha.chotot.com/tin/178839362,2026-09-17T07:32:18.070102
2142,CHO THUÊ HẺM NGUYỄN VĂN TRỖI TÂN BÌNH | 12x15m siêu rộng,58000000,0.58,100 m²,"Phường 10, Quận Tân Bình, Tp Hồ Chí Minh",Quận Tân Bình,Tp Hồ Chí Minh,10.798557,106.67042,Đất,,,,,,,,116000000.0,[],8,Dung tr,,,2026-09-17 14:29:35,https://nha.chotot.com/tin/178839347,2026-09-17T07:32:18.070399
2143,"Cho thuê nhà phố 5 tầng có thang máy, rèm đường D9",45000000,0.53571427,84 m²,"Phường Long Bình (Quận 9 cũ), Thành phố Thủ Đức, Tp Hồ Chí Minh",Thành phố Thủ Đức,Tp Hồ Chí Minh,10.84805,106.83874,Đất,,,,5,,3.0,1.0,,[],4,DUY HOMES,,,2026-09-09 09:41:13,https://nha.chotot.com/tin/178661906,2026-09-17T07:32:18.070612
2144,"Cho thuê vp phố nguyên hồng,đống đa,dt 68m2,giá 13tr/tháng",13000000,0.19117647,68 m²,"Phường Láng Hạ, Quận Đống Đa, Hà Nội",Quận Đống Đa,Hà Nội,21.015743,105.80971,Đất,,,,8,,1.0,1.0,,[],5,Đào Thành Lân,,,2026-09-17 14:27:34,https://nha.chotot.com/tin/178839277,2026-09-17T07:32:18.070791
2145,🔥 CHO THUÊ BIỆT THỰ SÂN VƯỜN NGUYỄN VĂN TRỖI – NGANG 12M – GIÁ 59TR/TH,59000000,0.118,500 m²,"Phường 10, Quận Phú Nhuận, Tp Hồ Chí Minh",Quận Phú Nhuận,Tp Hồ Chí Minh,10.798557,106.67042,Đất,,,,,,,,150000000.0,[],7,Kiều Hằng,,,2026-09-17 14:27:01,https://nha.chotot.com/tin/178839254,2026-09-17T07:32:18.071205
2146,Cho thuê kho 1200m QL1A Tam Bình chỉ 75k,90000000,0.075,1200 m²,"Phường Tam Bình (Quận Thủ Đức cũ), Thành phố Thủ Đức, Tp Hồ Chí Minh",Thành phố Thủ Đức,Tp Hồ Chí Minh,10.871881,106.739655,Đất,,,,,,,,3.0,[],3,Anhthe,,4.0,2026-09-14 18:07:53,https://nha.chotot.com/tin/178775394,2026-09-17T07:32:18.071397
2147,BIỆT THỰ SÂN VƯỜN KHU TỔ HỢP F&B VÀ ĐA NGÀNH NGHỀ TRUNG TÂM QUẬN 3 ,115000000,0.34848484,330 m²,"Phường Võ Thị Sáu, Quận 3, Tp Hồ Chí Minh",Quận 3,Tp Hồ Chí Minh,10.788824,106.690765,Đất,,,,,,,,,[],9,Yến Ngọc,,,2026-09-17 14:25:23,https://nha.chotot.com/tin/178839200,2026-09-17T07:32:18.071710
2148,🍑Đoạn Đẹp NGUYỄN GIA TRÍ - 4x25m (Trệt 2 Lầu)🍑,65000000,0.21666667,300 m²,"Phường 25, Quận Bình Thạnh, Tp Hồ Chí Minh",Quận Bình Thạnh,Tp Hồ Chí Minh,10.810227,106.71722,Đất,,,,,,,,,[],6,Nhà Phố Cho Thuê,,,2026-09-17 14:24:57,https://nha.chotot.com/tin/175622468,2026-09-17T07:32:18.071893
2149,"🌟10x15m - TRẦN QUỐC TOẢN, Quận 3🌟 Trệt 2 Lầu",60000000,0.13333334,450 m²,"Phường Võ Thị Sáu, Quận 3, Tp Hồ Chí Minh",Quận 3,Tp Hồ Chí Minh,10.78659,106.68779,Đất,,,,,,,,,[],4,Nhà Phố Cho Thuê,,,2026-09-17 14:24:26,https://nha.chotot.com/tin/175903201,2026-09-17T07:32:18.072150
2150,cho thuê 100m văn phòng giá 30 tr,30000000,0.3,100 m²,"Phường An Khánh (Quận 2 cũ), Thành phố Thủ Đức, Tp Hồ Chí Minh",Thành phố Thủ Đức,Tp Hồ Chí Minh,10.79159,106.73052,Đất,,,,,,,,60000000.0,[],3,Nguyễn Văn Hậu,,,2026-09-05 13:44:09,https://nha.chotot.com/tin/178581677,2026-09-17T07:32:18.072399
2151,CHO THUÊ TÒA NHÀ VĂN PHÒNG NGUYỄN VĂN TRỖI NGAY NGÃ TƯ PHÚ NHUẬN,130000000,0.096296296,1350 m²,"Phường 10, Quận Phú Nhuận, Tp Hồ Chí Minh",Quận Phú Nhuận,Tp Hồ Chí Minh,10.798557,106.67042,Đất,,,,,,,,,[],3,Anh Đào,,,2026-09-12 11:08:02,https://nha.chotot.com/tin/178727010,2026-09-17T07:32:18.072608
2152,Mặt bằng đẹp Hồ Văn Huê 30m2,7490000,0.24966666,30 m²,"Phường 9, Quận Phú Nhuận, Tp Hồ Chí Minh",Quận Phú Nhuận,Tp Hồ Chí Minh,10.80251,106.67629,Đất,,,,,,,,7490000.0,[],7,NGUYỄN THỊ ANH THƯ,,,2026-09-06 15:25:13,https://nha.chotot.com/tin/178603931,2026-09-17T07:32:18.072783
2153,"🇻🇳SHOPHOUSE 3 TẦNG MẶT TIỀN MÊ LINH | GẦN ORI, KCN HÒA KHÁNH",14000000,0.11666667,120 m²,"Phường Hòa Hiệp Nam, Quận Liên Chiểu, Đà Nẵng",Quận Liên Chiểu,Đà Nẵng,16.09171,108.12595,Đất,,04,,3,,,,,[],10,Ngô Văn Cảnh,,4.4,2026-09-17 14:22:04,https://nha.chotot.com/tin/178839109,2026-09-17T07:32:18.072947
2154,🔥 HẺM XE HƠI  HUỲNH VĂN BÁNH – PHÚ NHUẬN | 4PN – 4WC | CHỈ 2x,23000000,0.23,100 m²,"Phường 10, Quận Phú Nhuận, Tp Hồ Chí Minh",Quận Phú Nhuận,Tp Hồ Chí Minh,10.791831,106.671616,Đất,,4,,,,,,46000000.0,[],6,Dung tr,,,2026-09-17 14:21:51,https://nha.chotot.com/tin/178839122,2026-09-17T07:32:18.073113
2155,"Măt tiền Nguyễn Cư Trinh, Quận 1 (Ngang 17m)",90000000,0.45,200 m²,"Phường Nguyễn Cư Trinh, Quận 1, Tp Hồ Chí Minh",Quận 1,Tp Hồ Chí Minh,10.763458,106.68884,Đất,,,,,,,,,[],5,Nhà Phố Cho Thuê,,,2026-09-17 14:21:14,https://nha.chotot.com/tin/178280784,2026-09-17T07:32:18.073275
2156,"🔥GÓC 2MT - NGUYỄN TRÃI, Bến Thành, Q1🔥400m2 sử dụng",150000000,0.375,400 m²,"Phường Bến Thành, Quận 1, Tp Hồ Chí Minh",Quận 1,Tp Hồ Chí Minh,10.771166,106.68731,Đất,,,,,,,,,[],4,Nhà Phố Cho Thuê,,,2026-09-17 14:20:35,https://nha.chotot.com/tin/175556911,2026-09-17T07:32:18.073530
2157,CHO THUÊ TÒA NHÀ 2 MẶT TIỀN VÕ VĂN NGÂN DT 12M X 36M TP THỦ ĐỨC,100000000,0.07692308,1300 m²,"Phường Bình Thọ (Quận Thủ Đức cũ), Thành phố Thủ Đức, Tp Hồ Chí Minh",Thành phố Thủ Đức,Tp Hồ Chí Minh,10.850573,106.76223,Đất,,,,,,,1.0,,[],3,Oanh Home,,,2026-09-17 14:20:21,https://nha.chotot.com/tin/178262159,2026-09-17T07:32:18.073875
2158,"🔥 CHO THUÊ TẦNG 7 160m2 – 104A XUÂN THUỶ, THẢO ĐIỀN, Q2 🔥",50000000,0.3125,160 m²,"Phường Thảo Điền (Quận 2 cũ), Thành phố Thủ Đức, Tp Hồ Chí Minh",Thành phố Thủ Đức,Tp Hồ Chí Minh,10.803889,106.73543,Đất,,,,,,,,150000000.0,[],8,Kiều Hằng,,,2026-09-17 14:18:58,https://nha.chotot.com/tin/178839027,2026-09-17T07:32:18.074082
2159,Cho thuê  Shophouse Panorama Phú Mỹ Hưng 2 tầng 50tr/th,50000000,0.35460994,141 m²,"Phường Tân Phong, Quận 7, Tp Hồ Chí Minh",Quận 7,Tp Hồ Chí Minh,10.72168,106.71284,Đất,,,,2,Tây Nam,,1.0,,[],7,Dân,,,2026-09-17 14:18:55,https://nha.chotot.com/tin/177011854,2026-09-17T07:32:18.074262
2160,Kho trống VIEW SÔNG 235/50A Đặng Thùy Trâm. DT 8X20M.,20000000,0.125,160 m²,"Phường 13, Quận Bình Thạnh, Tp Hồ Chí Minh",Quận Bình Thạnh,Tp Hồ Chí Minh,10.824377,106.70332,Đất,,,,,,2.0,1.0,,[],3,Anh Dũng,,4.0,2026-09-17 14:17:42,https://nha.chotot.com/tin/167862234,2026-09-17T07:32:18.074452
2161,Bán căn hộ Phạm Văn Đồng Long Thành Đồng Nai 1.1 tỷ,1100000000,21.153847,52 m²,"Thị trấn Long Thành, Huyện Long Thành, Đồng Nai",Huyện Long Thành,Đồng Nai,10.77828,106.94472,Căn hộ/Chung cư,1.0,2,,,Bắc,3.0,6.0,,[],4,Bùi Duy Hưng,,,2026-09-17 14:31:55,https://nha.chotot.com/tin/178839401,2026-09-17T07:32:19.606192
2162,Cho thuê nhà nguyên căn đường Quang Trung ,11500000,0.23958333,48 m²,"Phường 14, Quận Gò Vấp, Tp Hồ Chí Minh",Quận Gò Vấp,Tp Hồ Chí Minh,10.850746,106.64534,Nhà ở,,4,3,2,,,1.0,,[],5,Út Trung Gò vấp ,,5.0,2026-09-09 14:45:06,https://nha.chotot.com/tin/178281738,2026-09-17T07:32:19.606496
2163,"CẦN BÁN CĂN HỘ CC THỚI AN, Q12, 95M2 , CÓ SÂN VƯỜN, 2,82 TỶ",2820000000,29.68421,95 m²,"Phường Thới An, Quận 12, Tp Hồ Chí Minh",Quận 12,Tp Hồ Chí Minh,10.87607,106.655655,Căn hộ/Chung cư,1.0,2,2,,Đông Nam,2.0,6.0,,[],5,VÕ Hằng ,,,2026-08-25 21:26:52,https://nha.chotot.com/tin/178382179,2026-09-17T07:32:19.606710
2164,KHU PHẠM VĂN ĐỒNG VILLA HỒ BƠI 7PN - SIÊU ĐẸP,65000000,0.325,200 m²,"Phường An Hải Bắc, Quận Sơn Trà, Đà Nẵng",Quận Sơn Trà,Đà Nẵng,16.0752,108.23292,Nhà ở,,7,7,3,,2.0,1.0,65000000.0,[],12,Trân Duy Hải,,5.0,2026-09-17 14:31:34,https://nha.chotot.com/tin/178839400,2026-09-17T07:32:19.607009
2165,🥳🥳Một Căn Hộ Vừa Đẹp- Vừa Tiện Nghi - Vừa Có Không Gian Sống Thoángãng,12000000,0.4,30 m²,"Phường Thảo Điền (Quận 2 cũ), Thành phố Thủ Đức, Tp Hồ Chí Minh",Thành phố Thủ Đức,Tp Hồ Chí Minh,10.806585,106.72578,Căn hộ/Chung cư,2.0,1,,,,,,12000000.0,[],10,Hồng Loan HIFRIENDZ,,,2026-09-17 14:31:31,https://nha.chotot.com/tin/178373155,2026-09-17T07:32:19.607304
2166,Bán nhà hẻm 184 thoáng đường Âu Dương Lân P3 Q8 ,3180000000,104.605606,30.3999 m²,"Phường 3, Quận 8, Tp Hồ Chí Minh",Quận 8,Tp Hồ Chí Minh,10.745962,106.68301,Nhà ở,,2,2,2,,2.0,1.0,,[],5, Như Ý,,,2026-09-17 14:31:29,https://nha.chotot.com/tin/178502242,2026-09-17T07:32:19.607505
2167,HÀNG HIẾM KHÓ TÌM - NHÀ C4 144m² S.H.R - CHỈ 820TR - TÂN AN HỘI CỦ CHI,820000000,5.6944447,144 m²,"Xã Tân An Hội, Huyện Củ Chi, Tp Hồ Chí Minh",Huyện Củ Chi,Tp Hồ Chí Minh,10.9593525,106.48182,Nhà ở,,2,1,1,,4.0,4.0,,[],8,Nguyễn Văn Quốc,,,2026-09-17 14:31:19,https://nha.chotot.com/tin/178838518,2026-09-17T07:32:19.607710
2168,"🌧️🫧🏡 CĂN HỘ HIỆN ĐẠI – GỌN GÀNG, ẤM ÁP, ĐỦ ĐẦY TIỆN NGHI ✨😅🥹",7000000,0.23333333,30 m²,"Phường An Phú (Quận 2 cũ), Thành phố Thủ Đức, Tp Hồ Chí Minh",Thành phố Thủ Đức,Tp Hồ Chí Minh,10.794329,106.742546,Căn hộ/Chung cư,2.0,1,,,,,,7000000.0,[],7,Hồng Loan HIFRIENDZ,,,2026-09-17 14:31:18,https://nha.chotot.com/tin/178372865,2026-09-17T07:32:19.607881
2169,CHO THUÊ NHÀ ĐƯỜNG QUỐC HƯƠNG GIÁ 27 TRIỆU ,27000000,0.36,75 m²,"Phường Thảo Điền (Quận 2 cũ), Thành phố Thủ Đức, Tp Hồ Chí Minh",Thành phố Thủ Đức,Tp Hồ Chí Minh,10.807138,106.73095,Nhà ở,,2,2,2,,,,,[],6,Phương,,,2026-09-17 14:31:17,https://nha.chotot.com/tin/178839383,2026-09-17T07:32:19.608058
2170,"CHO THUÊ NHÀ  PHẠM QUÝ THÍCH   P.PHÚ THỌ HOÀ, TÂN PHÚ   📐 Diện tích: 4",10500000,0.125,84 m²,"Phường Tân Quý, Quận Tân Phú, Tp Hồ Chí Minh",Quận Tân Phú,Tp Hồ Chí Minh,10.789263,106.62116,Nhà ở,,1,1,,,,,,[],3,Thu,,4.0,2026-09-17 14:31:09,https://nha.chotot.com/tin/178839386,2026-09-17T07:32:19.608218
2171,Gia đình có việc cần chuyển nhượng căn hộ gần Depot Tham Lương 2PN,3500000000,57.37705,61 m²,"Phường Tân Thới Nhất, Quận 12, Tp Hồ Chí Minh",Quận 12,Tp Hồ Chí Minh,10.82442,106.62025,Căn hộ/Chung cư,1.0,2,1,,,3.0,6.0,,[],5,Đơn Phương,,,2026-09-10 10:12:16,https://nha.chotot.com/tin/178684712,2026-09-17T07:32:19.608384
2172,"CHO THUÊ NHÀ NGUYÊN CĂN – PHƯỜNG LINH TÂY, TP. THỦ ĐỨC  📍 Địa chỉ: 145",10000000,0.14285715,70 m²,"Phường Linh Tây (Quận Thủ Đức cũ), Thành phố Thủ Đức, Tp Hồ Chí Minh",Thành phố Thủ Đức,Tp Hồ Chí Minh,10.86056,106.756256,Nhà ở,,2,,,,,,,[],6,Đăng Quang Rental,,,2026-09-17 14:31:05,https://nha.chotot.com/tin/178839388,2026-09-17T07:32:19.608584
2173,Nhà 3 Rưỡi - Mặt Tiền Hải Châu Gần Đống Đa ( SỤP ),5500000000,110.0,50 m²,"Phường Thuận Phước, Quận Hải Châu, Đà Nẵng",Quận Hải Châu,Đà Nẵng,16.08619,108.21645,Nhà ở,,6,,5,,,,,[],7,hưng thịnh,,5.0,2026-09-02 10:54:17,https://nha.chotot.com/tin/178518870,2026-09-17T07:32:19.608754
2174,"[GIÁ RẺ] NHÀ NGUYÊN CĂN 1 TRỆT 1 LẦU GẦN EMART, CHỢ TÂN SƠN",8000000,0.14285715,56 m²,"Phường 12, Quận Gò Vấp, Tp Hồ Chí Minh",Quận Gò Vấp,Tp Hồ Chí Minh,10.832696,106.63855,Nhà ở,,2,2,1,,,,,[],8,THÀNH ĐẠT CHUYÊN CHO THUÊ PHÒNG TRỌ CHDV GIÁ TỐT,,,2026-09-17 14:30:48,https://nha.chotot.com/tin/178839377,2026-09-17T07:32:19.608912
2175,"Cho thuê giá tốt 3PN view sông, nội thất xịn, Vinhomes Central Park",35000000,0.3043478,115 m²,"Phường 22, Quận Bình Thạnh, Tp Hồ Chí Minh",Quận Bình Thạnh,Tp Hồ Chí Minh,10.79387,106.72032,Căn hộ/Chung cư,1.0,3,2,,,1.0,6.0,,[],12,Huyền Nguyễn,,,2026-09-02 15:25:06,https://nha.chotot.com/tin/178523171,2026-09-17T07:32:19.609072
2176,Giá Thuê : 9tr/1 tháng Cho Thuê Nhà Đường Bùi Quang Là P12 Q. gò Vấp -,9000000,0.140625,64 m²,"Phường 12, Quận Gò Vấp, Tp Hồ Chí Minh",Quận Gò Vấp,Tp Hồ Chí Minh,10.835113,106.6396,Nhà ở,,2,2,,Tây,,,1.0,[],6,Quang Huy,,5.0,2026-09-07 10:48:48,https://nha.chotot.com/tin/178617090,2026-09-17T07:32:19.609306
2177,"BÁN GẤP NHÀ KQH HOÀNG DIỆU PHƯỜNG CAM LY ĐÀ LẠT CHỈ 5,4 TỶ",5400000000,120.0,45 m²,"Phường 5, Thành phố Đà Lạt, Lâm Đồng",Thành phố Đà Lạt,Lâm Đồng,11.942885,108.427925,Nhà ở,,3,2,3,Tây Bắc,3.0,,,[],4,Tô Hoàng Phương Trinh,,,2026-09-15 15:32:14,https://nha.chotot.com/tin/178796817,2026-09-17T07:32:19.609467
2178,KHAI TRƯƠNG PHÒNG TRỌ SINH VIÊN GIÁ RẺ NGAY ĐH CÔNG THƯƠNG TÂN PHÚ,3500000,0.14,25 m²,"Phường Tân Sơn Nhì, Quận Tân Phú, Tp Hồ Chí Minh",Quận Tân Phú,Tp Hồ Chí Minh,10.801903,106.625885,Phòng trọ,,,,,,,,3500000.0,[],5,Kiều Oanh NeWay Home ,,5.0,2026-09-17 14:30:15,https://nha.chotot.com/tin/178453357,2026-09-17T07:32:19.609644
2179,"HIẾM!!!! - Hẻm Sư Vạn Hạnh, P12, Q.10 - 5x20m, 4 Tầng, 400m2",38000000,0.38,100 m²,"Phường 12, Quận 10, Tp Hồ Chí Minh",Quận 10,Tp Hồ Chí Minh,10.775027,106.667755,Đất,,,,4,,,,,[],9,Ngô Thanh Hùng,,,2026-09-17 14:30:13,https://nha.chotot.com/tin/178839362,2026-09-17T07:32:19.609829
2180,Bán Đất Lô Góc Võ Văn Vân giá cực tốt,4190000000,37.410713,112 m²,"Xã Vĩnh Lộc B, Huyện Bình Chánh, Tp Hồ Chí Minh",Huyện Bình Chánh,Tp Hồ Chí Minh,10.773623,106.57547,Văn phòng/Mặt bằng,,,,,,,1.0,,[],6,Thanh Hưng,,3.4,2026-09-09 18:08:26,https://nha.chotot.com/tin/178674907,2026-09-17T07:32:19.610029
2181,"CẦN BÁN CĂN HỘ CC THỚI AN, Q12, 95M2 , CÓ SÂN VƯỜN, 2,82 TỶ",2820000000,29.68421,95 m²,"Phường Thới An, Quận 12, Tp Hồ Chí Minh",Quận 12,Tp Hồ Chí Minh,10.87607,106.655655,Căn hộ/Chung cư,1.0,2,2,,Đông Nam,2.0,6.0,,[],5,VÕ Hằng ,,,2026-08-25 21:26:52,https://nha.chotot.com/tin/178382179,2026-09-17T07:32:20.218744
2182,🥳🥳Một Căn Hộ Vừa Đẹp- Vừa Tiện Nghi - Vừa Có Không Gian Sống Thoángãng,12000000,0.4,30 m²,"Phường Thảo Điền (Quận 2 cũ), Thành phố Thủ Đức, Tp Hồ Chí Minh",Thành phố Thủ Đức,Tp Hồ Chí Minh,10.806585,106.72578,Căn hộ/Chung cư,2.0,1,,,,,,12000000.0,[],10,Hồng Loan HIFRIENDZ,,,2026-09-17 14:31:31,https://nha.chotot.com/tin/178373155,2026-09-17T07:32:20.219166
2183,"🌧️🫧🏡 CĂN HỘ HIỆN ĐẠI – GỌN GÀNG, ẤM ÁP, ĐỦ ĐẦY TIỆN NGHI ✨😅🥹",7000000,0.23333333,30 m²,"Phường An Phú (Quận 2 cũ), Thành phố Thủ Đức, Tp Hồ Chí Minh",Thành phố Thủ Đức,Tp Hồ Chí Minh,10.794329,106.742546,Căn hộ/Chung cư,2.0,1,,,,,,7000000.0,[],7,Hồng Loan HIFRIENDZ,,,2026-09-17 14:31:18,https://nha.chotot.com/tin/178372865,2026-09-17T07:32:20.219368
2184,Gia đình có việc cần chuyển nhượng căn hộ gần Depot Tham Lương 2PN,3500000000,57.37705,61 m²,"Phường Tân Thới Nhất, Quận 12, Tp Hồ Chí Minh",Quận 12,Tp Hồ Chí Minh,10.82442,106.62025,Căn hộ/Chung cư,1.0,2,1,,,3.0,6.0,,[],5,Đơn Phương,,,2026-09-10 10:12:16,https://nha.chotot.com/tin/178684712,2026-09-17T07:32:20.219572
2185,"Cho thuê giá tốt 3PN view sông, nội thất xịn, Vinhomes Central Park",35000000,0.3043478,115 m²,"Phường 22, Quận Bình Thạnh, Tp Hồ Chí Minh",Quận Bình Thạnh,Tp Hồ Chí Minh,10.79387,106.72032,Căn hộ/Chung cư,1.0,3,2,,,1.0,6.0,,[],12,Huyền Nguyễn,,,2026-09-02 15:25:06,https://nha.chotot.com/tin/178523171,2026-09-17T07:32:20.219835
2186,"BCONS ARIA TRẢ TRƯỚC CHỈ 5% CHIẾT KHẤU 8,5% HỖ TRỢ LS 6,9% TRONG 4 NĂM",2600000000,49.056602,53 m²,"Phường Đông Hòa, Thành phố Dĩ An, Bình Dương",Thành phố Dĩ An,Bình Dương,10.89115,106.8022,Căn hộ/Chung cư,1.0,2,2,37,Tây,3.0,4.0,,[],12,Huy Hoàng Bcons ,,,2026-08-25 09:52:10,https://nha.chotot.com/tin/178364490,2026-09-17T07:32:20.220028
2187,"CHO THUÊ CĂN HỘ MỚI 2 PHÒNG NGỦ, DIỆN TÍCH 60M² ",13500000,0.20769231,65 m²,"Phường Khuê Mỹ, Quận Ngũ Hành Sơn, Đà Nẵng",Quận Ngũ Hành Sơn,Đà Nẵng,16.023426,108.2459,Căn hộ/Chung cư,2.0,2,,,,2.0,,,[],4,VANA,,,2026-09-17 14:30:06,https://nha.chotot.com/tin/178838887,2026-09-17T07:32:20.220202
2188,Bán căn Hưng Phát Silver Star - sát vách sunrise reverside - 4.6ty,4350000000,41.037735,106 m²,"Xã Phước Kiển, Huyện Nhà Bè, Tp Hồ Chí Minh",Huyện Nhà Bè,Tp Hồ Chí Minh,10.70387,106.71276,Căn hộ/Chung cư,1.0,3,,,Tây Nam,2.0,6.0,,[],9,Vân,,4.8,2026-09-03 11:16:19,https://nha.chotot.com/tin/177025273,2026-09-17T07:32:20.220373
2189,Cho thuê CC Garden gate 40m2 Offictel 1WC giá cực tốt chỉ 11tr/th ,11000000,0.31428573,35 m²,"Phường 9, Quận Phú Nhuận, Tp Hồ Chí Minh",Quận Phú Nhuận,Tp Hồ Chí Minh,10.80964,106.67425,Căn hộ/Chung cư,1.0,1,1,,,,,,[],3,Nguyễn Hoàng Toàn,,,2026-09-15 10:14:56,https://nha.chotot.com/tin/178787965,2026-09-17T07:32:20.220555
2190,KHAI TRƯƠNG ĐUPLEX 3🍠X ĐƯỜNG SỐ 1_NGUYỄN THỊ TÚ NHẬN XE ĐIỆN FULL NT,3700000,0.13214286,28 m²,"Phường Bình Hưng Hoà B, Quận Bình Tân, Tp Hồ Chí Minh",Quận Bình Tân,Tp Hồ Chí Minh,10.807803,106.59462,Căn hộ/Chung cư,3.0,1,1,,,2.0,4.0,1000000.0,[],11,Triệu an HiFriendz Tp ,,5.0,2026-09-17 14:29:46,https://nha.chotot.com/tin/178839353,2026-09-17T07:32:20.220726
2191,"Chung cư Tecco Green - Phan Văn Hớn căn 2p ngủ , full NT, giá 7,3tr/th",7300000,0.1,73 m²,"Phường Tân Thới Nhất, Quận 12, Tp Hồ Chí Minh",Quận 12,Tp Hồ Chí Minh,10.82954,106.61561,Căn hộ/Chung cư,1.0,2,2,,,2.0,6.0,,[],6,Phí Linh,,,2026-09-17 14:29:29,https://nha.chotot.com/tin/178839257,2026-09-17T07:32:20.220895
2192,💥CHDV - FUL NT - 2PN - BALCONY THOÁNG ⚡️ PHAN ĐĂNG LƯU - BÙI ĐÌNH TUÝ 💥,7800000,0.111428574,70 m²,"Phường 1, Quận Bình Thạnh, Tp Hồ Chí Minh",Quận Bình Thạnh,Tp Hồ Chí Minh,10.802451,106.697495,Căn hộ/Chung cư,2.0,2,,,,,,,[],12,Lương Thanh Trúc,,,2026-09-12 21:54:42,https://nha.chotot.com/tin/178437508,2026-09-17T07:32:20.221102
2193,"💥 HÀ ĐÔ CENTROSA – 2PN 2WC – NHÀ ĐẸP, FULL NỘI THẤT – Ở LIỀN CHỈ 22TR",22000000,0.25581396,86 m²,"Phường 12, Quận 10, Tp Hồ Chí Minh",Quận 10,Tp Hồ Chí Minh,10.7762,106.67889,Căn hộ/Chung cư,1.0,2,2,,,,,,[],12,Hoàng Dung,,4.5,2026-09-17 11:07:05,https://nha.chotot.com/tin/178834497,2026-09-17T07:32:20.221277
2194,"CĂN HỘ MINI CAO CẤP MỚI 100%, FULL NỘI THẤT NGAY ẺMART PHAN HUY ÍCH",5000000,0.2,25 m²,"Phường 12, Quận Gò Vấp, Tp Hồ Chí Minh",Quận Gò Vấp,Tp Hồ Chí Minh,10.837349,106.636284,Căn hộ/Chung cư,2.0,1,1,,,1.0,4.0,5000000.0,[],12,Alo Ngoc Hoang,,5.0,2026-09-17 14:28:24,https://nha.chotot.com/tin/178839301,2026-09-17T07:32:20.221467
2195,TÌM NỮ Ở GHÉP CĂN CHUNG CƯ 2PN,4500000,0.071428575,63 m²,"Phường Phú Thuận, Quận 7, Tp Hồ Chí Minh",Quận 7,Tp Hồ Chí Minh,10.722,106.7433,Căn hộ/Chung cư,1.0,2,2,,,2.0,4.0,4500000.0,[],7,Kim Thanh,,5.0,2026-09-17 14:28:16,https://nha.chotot.com/tin/178839296,2026-09-17T07:32:20.221679
2196,Khách Cần Tiền Ra Di Căn 2PN Hiyori Siêu Mới,5200000000,83.870964,62 m²,"Phường An Hải Đông, Quận Sơn Trà, Đà Nẵng",Quận Sơn Trà,Đà Nẵng,16.06191,108.23652,Căn hộ/Chung cư,1.0,2,2,,,1.0,2.0,,[],11,Hồng Công,,,2026-09-17 14:26:46,https://nha.chotot.com/tin/171220229,2026-09-17T07:32:20.221928
2197,⭐ RIVER PANORAMA CHO THUÊ 3PN2WC FULL NỘI THẤT VIEW ĐẸP CHỈ 19 TRIỆU,19000000,0.21111111,90 m²,"Phường Phú Mỹ, Quận 7, Tp Hồ Chí Minh",Quận 7,Tp Hồ Chí Minh,10.71422,106.73743,Căn hộ/Chung cư,1.0,3,2,,,2.0,6.0,,[],12,Huy,,5.0,2026-09-08 14:36:21,https://nha.chotot.com/tin/172861126,2026-09-17T07:32:20.222097
2198,"THẢO ĐIỀN, QUẬN 2 🏡 CHO THUÊ CHDV CAO CẤP💘 1PN BAN CÔNG FULL NỘI THẤT",11000000,0.22,50 m²,"Phường Thảo Điền (Quận 2 cũ), Thành phố Thủ Đức, Tp Hồ Chí Minh",Thành phố Thủ Đức,Tp Hồ Chí Minh,10.803914,106.72912,Căn hộ/Chung cư,2.0,1,1,,Đông Bắc,1.0,4.0,11000000.0,[],11,Phương An Chuyên Căn Hộ Quận 2,,5.0,2026-09-11 14:06:45,https://nha.chotot.com/tin/177928071,2026-09-17T07:32:20.222273
2199,CHDV FULL NỘI THẤT MỚI KENG GẦN MEGA MARKET Q12,3900000,0.156,25 m²,"Phường Tân Thới Hiệp, Quận 12, Tp Hồ Chí Minh",Quận 12,Tp Hồ Chí Minh,10.887289,106.64767,Căn hộ/Chung cư,2.0,1,1,4,,2.0,4.0,,[],10,Anh Tuấn Tìm Phòng,,5.0,2026-09-17 14:26:20,https://nha.chotot.com/tin/178839237,2026-09-17T07:32:20.222442
2200,CHO THUÊ CĂN HỘ DUPLEX 2  GIƯỜNG NGỦ FULL NỘI THẤT CÓ CỬA SỔ THOÁNG,6000000,0.13333334,45 m²,"Phường 8, Thành phố Đà Lạt, Lâm Đồng",Thành phố Đà Lạt,Lâm Đồng,11.977858,108.45107,Căn hộ/Chung cư,3.0,1,1,,,,,,[],9,Quang gohome,,,2026-09-17 14:26:16,https://nha.chotot.com/tin/178839207,2026-09-17T07:32:20.222621
2201,Bán nhà hẻm 184 thoáng đường Âu Dương Lân P3 Q8 ,3180000000,104.605606,30.3999 m²,"Phường 3, Quận 8, Tp Hồ Chí Minh",Quận 8,Tp Hồ Chí Minh,10.745962,106.68301,Nhà ở,,2,2,2,,2.0,1.0,,[],5, Như Ý,,,2026-09-17 14:31:29,https://nha.chotot.com/tin/178502242,2026-09-17T07:32:21.547581
2202,HÀNG HIẾM KHÓ TÌM - NHÀ C4 144m² S.H.R - CHỈ 820TR - TÂN AN HỘI CỦ CHI,820000000,5.6944447,144 m²,"Xã Tân An Hội, Huyện Củ Chi, Tp Hồ Chí Minh",Huyện Củ Chi,Tp Hồ Chí Minh,10.9593525,106.48182,Nhà ở,,2,1,1,,4.0,4.0,,[],8,Nguyễn Văn Quốc,,,2026-09-17 14:31:19,https://nha.chotot.com/tin/178838518,2026-09-17T07:32:21.547895
2203,CHO THUÊ NHÀ ĐƯỜNG QUỐC HƯƠNG GIÁ 27 TRIỆU ,27000000,0.36,75 m²,"Phường Thảo Điền (Quận 2 cũ), Thành phố Thủ Đức, Tp Hồ Chí Minh",Thành phố Thủ Đức,Tp Hồ Chí Minh,10.807138,106.73095,Nhà ở,,2,2,2,,,,,[],6,Phương,,,2026-09-17 14:31:17,https://nha.chotot.com/tin/178839383,2026-09-17T07:32:21.548095
2204,"CHO THUÊ NHÀ  PHẠM QUÝ THÍCH   P.PHÚ THỌ HOÀ, TÂN PHÚ   📐 Diện tích: 4",10500000,0.125,84 m²,"Phường Tân Quý, Quận Tân Phú, Tp Hồ Chí Minh",Quận Tân Phú,Tp Hồ Chí Minh,10.789263,106.62116,Nhà ở,,1,1,,,,,,[],3,Thu,,4.0,2026-09-17 14:31:09,https://nha.chotot.com/tin/178839386,2026-09-17T07:32:21.548272
2205,"CHO THUÊ NHÀ NGUYÊN CĂN – PHƯỜNG LINH TÂY, TP. THỦ ĐỨC  📍 Địa chỉ: 145",10000000,0.14285715,70 m²,"Phường Linh Tây (Quận Thủ Đức cũ), Thành phố Thủ Đức, Tp Hồ Chí Minh",Thành phố Thủ Đức,Tp Hồ Chí Minh,10.86056,106.756256,Nhà ở,,2,,,,,,,[],6,Đăng Quang Rental,,,2026-09-17 14:31:05,https://nha.chotot.com/tin/178839388,2026-09-17T07:32:21.548524
2206,Nhà 3 Rưỡi - Mặt Tiền Hải Châu Gần Đống Đa ( SỤP ),5500000000,110.0,50 m²,"Phường Thuận Phước, Quận Hải Châu, Đà Nẵng",Quận Hải Châu,Đà Nẵng,16.08619,108.21645,Nhà ở,,6,,5,,,,,[],7,hưng thịnh,,5.0,2026-09-02 10:54:17,https://nha.chotot.com/tin/178518870,2026-09-17T07:32:21.548723
2207,"[GIÁ RẺ] NHÀ NGUYÊN CĂN 1 TRỆT 1 LẦU GẦN EMART, CHỢ TÂN SƠN",8000000,0.14285715,56 m²,"Phường 12, Quận Gò Vấp, Tp Hồ Chí Minh",Quận Gò Vấp,Tp Hồ Chí Minh,10.832696,106.63855,Nhà ở,,2,2,1,,,,,[],8,THÀNH ĐẠT CHUYÊN CHO THUÊ PHÒNG TRỌ CHDV GIÁ TỐT,,,2026-09-17 14:30:48,https://nha.chotot.com/tin/178839377,2026-09-17T07:32:21.548891
2208,Giá Thuê : 9tr/1 tháng Cho Thuê Nhà Đường Bùi Quang Là P12 Q. gò Vấp -,9000000,0.140625,64 m²,"Phường 12, Quận Gò Vấp, Tp Hồ Chí Minh",Quận Gò Vấp,Tp Hồ Chí Minh,10.835113,106.6396,Nhà ở,,2,2,,Tây,,,1.0,[],6,Quang Huy,,5.0,2026-09-07 10:48:48,https://nha.chotot.com/tin/178617090,2026-09-17T07:32:21.549055
2209,"BÁN GẤP NHÀ KQH HOÀNG DIỆU PHƯỜNG CAM LY ĐÀ LẠT CHỈ 5,4 TỶ",5400000000,120.0,45 m²,"Phường 5, Thành phố Đà Lạt, Lâm Đồng",Thành phố Đà Lạt,Lâm Đồng,11.942885,108.427925,Nhà ở,,3,2,3,Tây Bắc,3.0,,,[],4,Tô Hoàng Phương Trinh,,,2026-09-15 15:32:14,https://nha.chotot.com/tin/178796817,2026-09-17T07:32:21.549214
2210,Nhà mới DT:4x9m 2 Tầng 2pn 2wc hẻm 1942 Huỳnh Tấn Phát,1960000000,61.25,32 m²,"Thị trấn Nhà Bè, Huyện Nhà Bè, Tp Hồ Chí Minh",Huyện Nhà Bè,Tp Hồ Chí Minh,10.698072,106.738914,Nhà ở,,2,,2,,,,,[],11,Nam Phú Gia,,,2026-09-06 06:52:42,https://nha.chotot.com/tin/178593726,2026-09-17T07:32:21.549369
2211,Nhà Lầu 4 Tầng Hẻm Oto Xây Mới 100% Âu Dương Lân P2 Q8,8600000000,204.7619,42 m²,"Phường 2, Quận 8, Tp Hồ Chí Minh",Quận 8,Tp Hồ Chí Minh,10.742134,106.685104,Nhà ở,,4,3,4,,2.0,1.0,,[],8,Phạm Quốc Thắng,,,2026-09-17 14:29:58,https://nha.chotot.com/tin/178839361,2026-09-17T07:32:21.549535
2212,"Cho Thuê Biệt Thự Nam Thông PMH Q7 - 450m2, 5PN, Đường 20m",70000000,0.15555556,450 m²,"Phường Tân Phong, Quận 7, Tp Hồ Chí Minh",Quận 7,Tp Hồ Chí Minh,10.73019,106.70033,Nhà ở,,5,4,5,,,,,[],12,Thuỷ Trần,,,2026-08-31 09:55:18,https://nha.chotot.com/tin/178484863,2026-09-17T07:32:21.549686
2213,Cần cho thuê nhà góc 2 Mặt Tiền 84A Phổ Quang P.2 Q.Tân Bình,30000000,0.3030303,99 m²,"Phường 2, Quận Tân Bình, Tp Hồ Chí Minh",Quận Tân Bình,Tp Hồ Chí Minh,10.806851,106.668365,Nhà ở,,5,5,4,,,1.0,60000000.0,[],6,Anh Thanh,,,2026-09-17 14:29:37,https://nha.chotot.com/tin/178839329,2026-09-17T07:32:21.549837
2214,Bán nhà lầu đúc kiên cố hẻm xe hơi rộng đường Dương Bá Trạc P1 Q8 ,11800000000,245.83333,48 m²,"Phường 1, Quận 8, Tp Hồ Chí Minh",Quận 8,Tp Hồ Chí Minh,10.74418,106.69049,Nhà ở,,4,4,4,Nam,2.0,1.0,,[],3,Nguyễn Thìn ,,4.4,2026-09-17 14:29:34,https://nha.chotot.com/tin/178839333,2026-09-17T07:32:21.550054
2215,"Bán nhà riêng 4mx18,3m",12300000000,169.65517,72.5 m²,"Phường Tân Sơn Nhì, Quận Tân Phú, Tp Hồ Chí Minh",Quận Tân Phú,Tp Hồ Chí Minh,10.796407,106.63215,Nhà ở,,1,,,,,,,[],3,Nguyễn Võ Châu Phát,,,2026-09-16 14:28:21,https://nha.chotot.com/tin/178817793,2026-09-17T07:32:21.550230
2216,cho thuê,25000000,0.41666666,60 m²,"Phường 8, Quận 5, Tp Hồ Chí Minh",Quận 5,Tp Hồ Chí Minh,10.756033,106.671135,Nhà ở,,4,5,3,Đông,3.0,1.0,50000000.0,[],3,Phạm Ánh Lan,,5.0,2026-09-17 12:38:51,https://nha.chotot.com/tin/178836750,2026-09-17T07:32:21.550396
2217,cho thuê nhà 2 tầng đường phan thanh sát đại học duy tân,11000000,0.22,50 m²,"Phường Thạc Gián, Quận Thanh Khê, Đà Nẵng",Quận Thanh Khê,Đà Nẵng,16.063013,108.208755,Nhà ở,,3,3,2,,1.0,,,[],10,Đại tuấn,,,2026-09-17 14:29:11,https://nha.chotot.com/tin/178839312,2026-09-17T07:32:21.550568
2218,Nhà riêng ngõ 31 phố mai động gần đền lừ dt40m2x4t giá 10tr,10000000,0.25,40 m²,"Phường Mai Động, Quận Hoàng Mai, Hà Nội",Quận Hoàng Mai,Hà Nội,20.988625,105.86115,Nhà ở,,4,3,4,Đông,2.0,1.0,10000000.0,[],6,phạm minh chính,,,2026-09-10 10:59:00,https://nha.chotot.com/tin/178378145,2026-09-17T07:32:21.550719
2219,bán nhà mặt tiền kinh doanh đường Trương Vĩnh Nguyên,5600000000,19.928825,281 m²,"Phường Phú Thứ, Quận Cái Răng, Cần Thơ",Quận Cái Răng,Cần Thơ,9.982768,105.78676,Nhà ở,,1,2,1,Đông Bắc,3.0,1.0,,[],5,Nguyen Tien Tai,,,2026-09-16 14:28:22,https://nha.chotot.com/tin/178149394,2026-09-17T07:32:21.550867
2220,"Bán biệt thự 2 lầu áp mái P. Thạnh Mỹ Tây, TP.HCM giá 43 tỷ",43000000000,511.90475,84 m²,"Phường 12, Quận 3, Tp Hồ Chí Minh",Quận 3,Tp Hồ Chí Minh,10.789393,106.675064,Nhà ở,,1,,,,,,,[],3,vũ thành,,,2026-09-17 14:28:31,https://nha.chotot.com/tin/178839248,2026-09-17T07:32:21.551159
2221,"HIẾM!!!! - Hẻm Sư Vạn Hạnh, P12, Q.10 - 5x20m, 4 Tầng, 400m2",38000000,0.38,100 m²,"Phường 12, Quận 10, Tp Hồ Chí Minh",Quận 10,Tp Hồ Chí Minh,10.775027,106.667755,Đất,,,,4,,,,,[],9,Ngô Thanh Hùng,,,2026-09-17 14:30:13,https://nha.chotot.com/tin/178839362,2026-09-17T07:32:22.948044
2222,CHO THUÊ HẺM NGUYỄN VĂN TRỖI TÂN BÌNH | 12x15m siêu rộng,58000000,0.58,100 m²,"Phường 10, Quận Tân Bình, Tp Hồ Chí Minh",Quận Tân Bình,Tp Hồ Chí Minh,10.798557,106.67042,Đất,,,,,,,,116000000.0,[],8,Dung tr,,,2026-09-17 14:29:35,https://nha.chotot.com/tin/178839347,2026-09-17T07:32:22.948351
2223,"Cho thuê nhà phố 5 tầng có thang máy, rèm đường D9",45000000,0.53571427,84 m²,"Phường Long Bình (Quận 9 cũ), Thành phố Thủ Đức, Tp Hồ Chí Minh",Thành phố Thủ Đức,Tp Hồ Chí Minh,10.84805,106.83874,Đất,,,,5,,3.0,1.0,,[],4,DUY HOMES,,,2026-09-09 09:41:13,https://nha.chotot.com/tin/178661906,2026-09-17T07:32:22.948564
2224,"Cho thuê vp phố nguyên hồng,đống đa,dt 68m2,giá 13tr/tháng",13000000,0.19117647,68 m²,"Phường Láng Hạ, Quận Đống Đa, Hà Nội",Quận Đống Đa,Hà Nội,21.015743,105.80971,Đất,,,,8,,1.0,1.0,,[],5,Đào Thành Lân,,,2026-09-17 14:27:34,https://nha.chotot.com/tin/178839277,2026-09-17T07:32:22.948744
2225,🔥 CHO THUÊ BIỆT THỰ SÂN VƯỜN NGUYỄN VĂN TRỖI – NGANG 12M – GIÁ 59TR/TH,59000000,0.118,500 m²,"Phường 10, Quận Phú Nhuận, Tp Hồ Chí Minh",Quận Phú Nhuận,Tp Hồ Chí Minh,10.798557,106.67042,Đất,,,,,,,,150000000.0,[],7,Kiều Hằng,,,2026-09-17 14:27:01,https://nha.chotot.com/tin/178839254,2026-09-17T07:32:22.948977
2226,Cho thuê kho 1200m QL1A Tam Bình chỉ 75k,90000000,0.075,1200 m²,"Phường Tam Bình (Quận Thủ Đức cũ), Thành phố Thủ Đức, Tp Hồ Chí Minh",Thành phố Thủ Đức,Tp Hồ Chí Minh,10.871881,106.739655,Đất,,,,,,,,3.0,[],3,Anhthe,,4.0,2026-09-14 18:07:53,https://nha.chotot.com/tin/178775394,2026-09-17T07:32:22.949162
2227,BIỆT THỰ SÂN VƯỜN KHU TỔ HỢP F&B VÀ ĐA NGÀNH NGHỀ TRUNG TÂM QUẬN 3 ,115000000,0.34848484,330 m²,"Phường Võ Thị Sáu, Quận 3, Tp Hồ Chí Minh",Quận 3,Tp Hồ Chí Minh,10.788824,106.690765,Đất,,,,,,,,,[],9,Yến Ngọc,,,2026-09-17 14:25:23,https://nha.chotot.com/tin/178839200,2026-09-17T07:32:22.949449
2228,🍑Đoạn Đẹp NGUYỄN GIA TRÍ - 4x25m (Trệt 2 Lầu)🍑,65000000,0.21666667,300 m²,"Phường 25, Quận Bình Thạnh, Tp Hồ Chí Minh",Quận Bình Thạnh,Tp Hồ Chí Minh,10.810227,106.71722,Đất,,,,,,,,,[],6,Nhà Phố Cho Thuê,,,2026-09-17 14:24:57,https://nha.chotot.com/tin/175622468,2026-09-17T07:32:22.949655
2229,"🌟10x15m - TRẦN QUỐC TOẢN, Quận 3🌟 Trệt 2 Lầu",60000000,0.13333334,450 m²,"Phường Võ Thị Sáu, Quận 3, Tp Hồ Chí Minh",Quận 3,Tp Hồ Chí Minh,10.78659,106.68779,Đất,,,,,,,,,[],4,Nhà Phố Cho Thuê,,,2026-09-17 14:24:26,https://nha.chotot.com/tin/175903201,2026-09-17T07:32:22.949901
2230,cho thuê 100m văn phòng giá 30 tr,30000000,0.3,100 m²,"Phường An Khánh (Quận 2 cũ), Thành phố Thủ Đức, Tp Hồ Chí Minh",Thành phố Thủ Đức,Tp Hồ Chí Minh,10.79159,106.73052,Đất,,,,,,,,60000000.0,[],3,Nguyễn Văn Hậu,,,2026-09-05 13:44:09,https://nha.chotot.com/tin/178581677,2026-09-17T07:32:22.950153
2231,CHO THUÊ TÒA NHÀ VĂN PHÒNG NGUYỄN VĂN TRỖI NGAY NGÃ TƯ PHÚ NHUẬN,130000000,0.096296296,1350 m²,"Phường 10, Quận Phú Nhuận, Tp Hồ Chí Minh",Quận Phú Nhuận,Tp Hồ Chí Minh,10.798557,106.67042,Đất,,,,,,,,,[],3,Anh Đào,,,2026-09-12 11:08:02,https://nha.chotot.com/tin/178727010,2026-09-17T07:32:22.950338
2232,Mặt bằng đẹp Hồ Văn Huê 30m2,7490000,0.24966666,30 m²,"Phường 9, Quận Phú Nhuận, Tp Hồ Chí Minh",Quận Phú Nhuận,Tp Hồ Chí Minh,10.80251,106.67629,Đất,,,,,,,,7490000.0,[],7,NGUYỄN THỊ ANH THƯ,,,2026-09-06 15:25:13,https://nha.chotot.com/tin/178603931,2026-09-17T07:32:22.950524
2233,"🇻🇳SHOPHOUSE 3 TẦNG MẶT TIỀN MÊ LINH | GẦN ORI, KCN HÒA KHÁNH",14000000,0.11666667,120 m²,"Phường Hòa Hiệp Nam, Quận Liên Chiểu, Đà Nẵng",Quận Liên Chiểu,Đà Nẵng,16.09171,108.12595,Đất,,04,,3,,,,,[],10,Ngô Văn Cảnh,,4.4,2026-09-17 14:22:04,https://nha.chotot.com/tin/178839109,2026-09-17T07:32:22.950704
2234,🔥 HẺM XE HƠI  HUỲNH VĂN BÁNH – PHÚ NHUẬN | 4PN – 4WC | CHỈ 2x,23000000,0.23,100 m²,"Phường 10, Quận Phú Nhuận, Tp Hồ Chí Minh",Quận Phú Nhuận,Tp Hồ Chí Minh,10.791831,106.671616,Đất,,4,,,,,,46000000.0,[],6,Dung tr,,,2026-09-17 14:21:51,https://nha.chotot.com/tin/178839122,2026-09-17T07:32:22.950860
2235,"Măt tiền Nguyễn Cư Trinh, Quận 1 (Ngang 17m)",90000000,0.45,200 m²,"Phường Nguyễn Cư Trinh, Quận 1, Tp Hồ Chí Minh",Quận 1,Tp Hồ Chí Minh,10.763458,106.68884,Đất,,,,,,,,,[],5,Nhà Phố Cho Thuê,,,2026-09-17 14:21:14,https://nha.chotot.com/tin/178280784,2026-09-17T07:32:22.951025
2236,"🔥GÓC 2MT - NGUYỄN TRÃI, Bến Thành, Q1🔥400m2 sử dụng",150000000,0.375,400 m²,"Phường Bến Thành, Quận 1, Tp Hồ Chí Minh",Quận 1,Tp Hồ Chí Minh,10.771166,106.68731,Đất,,,,,,,,,[],4,Nhà Phố Cho Thuê,,,2026-09-17 14:20:35,https://nha.chotot.com/tin/175556911,2026-09-17T07:32:22.951305
2237,CHO THUÊ TÒA NHÀ 2 MẶT TIỀN VÕ VĂN NGÂN DT 12M X 36M TP THỦ ĐỨC,100000000,0.07692308,1300 m²,"Phường Bình Thọ (Quận Thủ Đức cũ), Thành phố Thủ Đức, Tp Hồ Chí Minh",Thành phố Thủ Đức,Tp Hồ Chí Minh,10.850573,106.76223,Đất,,,,,,,1.0,,[],3,Oanh Home,,,2026-09-17 14:20:21,https://nha.chotot.com/tin/178262159,2026-09-17T07:32:22.951653
2238,"🔥 CHO THUÊ TẦNG 7 160m2 – 104A XUÂN THUỶ, THẢO ĐIỀN, Q2 🔥",50000000,0.3125,160 m²,"Phường Thảo Điền (Quận 2 cũ), Thành phố Thủ Đức, Tp Hồ Chí Minh",Thành phố Thủ Đức,Tp Hồ Chí Minh,10.803889,106.73543,Đất,,,,,,,,150000000.0,[],8,Kiều Hằng,,,2026-09-17 14:18:58,https://nha.chotot.com/tin/178839027,2026-09-17T07:32:22.951843
2239,Cho thuê  Shophouse Panorama Phú Mỹ Hưng 2 tầng 50tr/th,50000000,0.35460994,141 m²,"Phường Tân Phong, Quận 7, Tp Hồ Chí Minh",Quận 7,Tp Hồ Chí Minh,10.72168,106.71284,Đất,,,,2,Tây Nam,,1.0,,[],7,Dân,,,2026-09-17 14:18:55,https://nha.chotot.com/tin/177011854,2026-09-17T07:32:22.952023
2240,Kho trống VIEW SÔNG 235/50A Đặng Thùy Trâm. DT 8X20M.,20000000,0.125,160 m²,"Phường 13, Quận Bình Thạnh, Tp Hồ Chí Minh",Quận Bình Thạnh,Tp Hồ Chí Minh,10.824377,106.70332,Đất,,,,,,2.0,1.0,,[],3,Anh Dũng,,4.0,2026-09-17 14:17:42,https://nha.chotot.com/tin/167862234,2026-09-17T07:32:22.952207
2241,Bán căn hộ Phạm Văn Đồng Long Thành Đồng Nai 1.1 tỷ,1100000000,21.153847,52 m²,"Thị trấn Long Thành, Huyện Long Thành, Đồng Nai",Huyện Long Thành,Đồng Nai,10.77828,106.94472,Căn hộ/Chung cư,1.0,2,,,Bắc,3.0,6.0,,[],4,Bùi Duy Hưng,,,2026-09-17 14:31:55,https://nha.chotot.com/tin/178839401,2026-09-17T07:32:24.356336
2242,Cho thuê nhà nguyên căn đường Quang Trung ,11500000,0.23958333,48 m²,"Phường 14, Quận Gò Vấp, Tp Hồ Chí Minh",Quận Gò Vấp,Tp Hồ Chí Minh,10.850746,106.64534,Nhà ở,,4,3,2,,,1.0,,[],5,Út Trung Gò vấp ,,5.0,2026-09-09 14:45:06,https://nha.chotot.com/tin/178281738,2026-09-17T07:32:24.356688
2243,"CẦN BÁN CĂN HỘ CC THỚI AN, Q12, 95M2 , CÓ SÂN VƯỜN, 2,82 TỶ",2820000000,29.68421,95 m²,"Phường Thới An, Quận 12, Tp Hồ Chí Minh",Quận 12,Tp Hồ Chí Minh,10.87607,106.655655,Căn hộ/Chung cư,1.0,2,2,,Đông Nam,2.0,6.0,,[],5,VÕ Hằng ,,,2026-08-25 21:26:52,https://nha.chotot.com/tin/178382179,2026-09-17T07:32:24.357088
2244,KHU PHẠM VĂN ĐỒNG VILLA HỒ BƠI 7PN - SIÊU ĐẸP,65000000,0.325,200 m²,"Phường An Hải Bắc, Quận Sơn Trà, Đà Nẵng",Quận Sơn Trà,Đà Nẵng,16.0752,108.23292,Nhà ở,,7,7,3,,2.0,1.0,65000000.0,[],12,Trân Duy Hải,,5.0,2026-09-17 14:31:34,https://nha.chotot.com/tin/178839400,2026-09-17T07:32:24.357411
2245,🥳🥳Một Căn Hộ Vừa Đẹp- Vừa Tiện Nghi - Vừa Có Không Gian Sống Thoángãng,12000000,0.4,30 m²,"Phường Thảo Điền (Quận 2 cũ), Thành phố Thủ Đức, Tp Hồ Chí Minh",Thành phố Thủ Đức,Tp Hồ Chí Minh,10.806585,106.72578,Căn hộ/Chung cư,2.0,1,,,,,,12000000.0,[],10,Hồng Loan HIFRIENDZ,,,2026-09-17 14:31:31,https://nha.chotot.com/tin/178373155,2026-09-17T07:32:24.357764
2246,Bán nhà hẻm 184 thoáng đường Âu Dương Lân P3 Q8 ,3180000000,104.605606,30.3999 m²,"Phường 3, Quận 8, Tp Hồ Chí Minh",Quận 8,Tp Hồ Chí Minh,10.745962,106.68301,Nhà ở,,2,2,2,,2.0,1.0,,[],5, Như Ý,,,2026-09-17 14:31:29,https://nha.chotot.com/tin/178502242,2026-09-17T07:32:24.358024
2247,HÀNG HIẾM KHÓ TÌM - NHÀ C4 144m² S.H.R - CHỈ 820TR - TÂN AN HỘI CỦ CHI,820000000,5.6944447,144 m²,"Xã Tân An Hội, Huyện Củ Chi, Tp Hồ Chí Minh",Huyện Củ Chi,Tp Hồ Chí Minh,10.9593525,106.48182,Nhà ở,,2,1,1,,4.0,4.0,,[],8,Nguyễn Văn Quốc,,,2026-09-17 14:31:19,https://nha.chotot.com/tin/178838518,2026-09-17T07:32:24.358220
2248,"🌧️🫧🏡 CĂN HỘ HIỆN ĐẠI – GỌN GÀNG, ẤM ÁP, ĐỦ ĐẦY TIỆN NGHI ✨😅🥹",7000000,0.23333333,30 m²,"Phường An Phú (Quận 2 cũ), Thành phố Thủ Đức, Tp Hồ Chí Minh",Thành phố Thủ Đức,Tp Hồ Chí Minh,10.794329,106.742546,Căn hộ/Chung cư,2.0,1,,,,,,7000000.0,[],7,Hồng Loan HIFRIENDZ,,,2026-09-17 14:31:18,https://nha.chotot.com/tin/178372865,2026-09-17T07:32:24.358394
2249,CHO THUÊ NHÀ ĐƯỜNG QUỐC HƯƠNG GIÁ 27 TRIỆU ,27000000,0.36,75 m²,"Phường Thảo Điền (Quận 2 cũ), Thành phố Thủ Đức, Tp Hồ Chí Minh",Thành phố Thủ Đức,Tp Hồ Chí Minh,10.807138,106.73095,Nhà ở,,2,2,2,,,,,[],6,Phương,,,2026-09-17 14:31:17,https://nha.chotot.com/tin/178839383,2026-09-17T07:32:24.358629
2250,"CHO THUÊ NHÀ  PHẠM QUÝ THÍCH   P.PHÚ THỌ HOÀ, TÂN PHÚ   📐 Diện tích: 4",10500000,0.125,84 m²,"Phường Tân Quý, Quận Tân Phú, Tp Hồ Chí Minh",Quận Tân Phú,Tp Hồ Chí Minh,10.789263,106.62116,Nhà ở,,1,1,,,,,,[],3,Thu,,4.0,2026-09-17 14:31:09,https://nha.chotot.com/tin/178839386,2026-09-17T07:32:24.358798
2251,Gia đình có việc cần chuyển nhượng căn hộ gần Depot Tham Lương 2PN,3500000000,57.37705,61 m²,"Phường Tân Thới Nhất, Quận 12, Tp Hồ Chí Minh",Quận 12,Tp Hồ Chí Minh,10.82442,106.62025,Căn hộ/Chung cư,1.0,2,1,,,3.0,6.0,,[],5,Đơn Phương,,,2026-09-10 10:12:16,https://nha.chotot.com/tin/178684712,2026-09-17T07:32:24.358966
2252,"CHO THUÊ NHÀ NGUYÊN CĂN – PHƯỜNG LINH TÂY, TP. THỦ ĐỨC  📍 Địa chỉ: 145",10000000,0.14285715,70 m²,"Phường Linh Tây (Quận Thủ Đức cũ), Thành phố Thủ Đức, Tp Hồ Chí Minh",Thành phố Thủ Đức,Tp Hồ Chí Minh,10.86056,106.756256,Nhà ở,,2,,,,,,,[],6,Đăng Quang Rental,,,2026-09-17 14:31:05,https://nha.chotot.com/tin/178839388,2026-09-17T07:32:24.359160
2253,Nhà 3 Rưỡi - Mặt Tiền Hải Châu Gần Đống Đa ( SỤP ),5500000000,110.0,50 m²,"Phường Thuận Phước, Quận Hải Châu, Đà Nẵng",Quận Hải Châu,Đà Nẵng,16.08619,108.21645,Nhà ở,,6,,5,,,,,[],7,hưng thịnh,,5.0,2026-09-02 10:54:17,https://nha.chotot.com/tin/178518870,2026-09-17T07:32:24.359334
2254,"[GIÁ RẺ] NHÀ NGUYÊN CĂN 1 TRỆT 1 LẦU GẦN EMART, CHỢ TÂN SƠN",8000000,0.14285715,56 m²,"Phường 12, Quận Gò Vấp, Tp Hồ Chí Minh",Quận Gò Vấp,Tp Hồ Chí Minh,10.832696,106.63855,Nhà ở,,2,2,1,,,,,[],8,THÀNH ĐẠT CHUYÊN CHO THUÊ PHÒNG TRỌ CHDV GIÁ TỐT,,,2026-09-17 14:30:48,https://nha.chotot.com/tin/178839377,2026-09-17T07:32:24.359494
2255,"Cho thuê giá tốt 3PN view sông, nội thất xịn, Vinhomes Central Park",35000000,0.3043478,115 m²,"Phường 22, Quận Bình Thạnh, Tp Hồ Chí Minh",Quận Bình Thạnh,Tp Hồ Chí Minh,10.79387,106.72032,Căn hộ/Chung cư,1.0,3,2,,,1.0,6.0,,[],12,Huyền Nguyễn,,,2026-09-02 15:25:06,https://nha.chotot.com/tin/178523171,2026-09-17T07:32:24.359681
2256,Giá Thuê : 9tr/1 tháng Cho Thuê Nhà Đường Bùi Quang Là P12 Q. gò Vấp -,9000000,0.140625,64 m²,"Phường 12, Quận Gò Vấp, Tp Hồ Chí Minh",Quận Gò Vấp,Tp Hồ Chí Minh,10.835113,106.6396,Nhà ở,,2,2,,Tây,,,1.0,[],6,Quang Huy,,5.0,2026-09-07 10:48:48,https://nha.chotot.com/tin/178617090,2026-09-17T07:32:24.359858
2257,"BÁN GẤP NHÀ KQH HOÀNG DIỆU PHƯỜNG CAM LY ĐÀ LẠT CHỈ 5,4 TỶ",5400000000,120.0,45 m²,"Phường 5, Thành phố Đà Lạt, Lâm Đồng",Thành phố Đà Lạt,Lâm Đồng,11.942885,108.427925,Nhà ở,,3,2,3,Tây Bắc,3.0,,,[],4,Tô Hoàng Phương Trinh,,,2026-09-15 15:32:14,https://nha.chotot.com/tin/178796817,2026-09-17T07:32:24.360029
2258,KHAI TRƯƠNG PHÒNG TRỌ SINH VIÊN GIÁ RẺ NGAY ĐH CÔNG THƯƠNG TÂN PHÚ,3500000,0.14,25 m²,"Phường Tân Sơn Nhì, Quận Tân Phú, Tp Hồ Chí Minh",Quận Tân Phú,Tp Hồ Chí Minh,10.801903,106.625885,Phòng trọ,,,,,,,,3500000.0,[],5,Kiều Oanh NeWay Home ,,5.0,2026-09-17 14:30:15,https://nha.chotot.com/tin/178453357,2026-09-17T07:32:24.360271
2259,"HIẾM!!!! - Hẻm Sư Vạn Hạnh, P12, Q.10 - 5x20m, 4 Tầng, 400m2",38000000,0.38,100 m²,"Phường 12, Quận 10, Tp Hồ Chí Minh",Quận 10,Tp Hồ Chí Minh,10.775027,106.667755,Đất,,,,4,,,,,[],9,Ngô Thanh Hùng,,,2026-09-17 14:30:13,https://nha.chotot.com/tin/178839362,2026-09-17T07:32:24.360466
2260,Bán Đất Lô Góc Võ Văn Vân giá cực tốt,4190000000,37.410713,112 m²,"Xã Vĩnh Lộc B, Huyện Bình Chánh, Tp Hồ Chí Minh",Huyện Bình Chánh,Tp Hồ Chí Minh,10.773623,106.57547,Văn phòng/Mặt bằng,,,,,,,1.0,,[],6,Thanh Hưng,,3.4,2026-09-09 18:08:26,https://nha.chotot.com/tin/178674907,2026-09-17T07:32:24.360659
2261,"CẦN BÁN CĂN HỘ CC THỚI AN, Q12, 95M2 , CÓ SÂN VƯỜN, 2,82 TỶ",2820000000,29.68421,95 m²,"Phường Thới An, Quận 12, Tp Hồ Chí Minh",Quận 12,Tp Hồ Chí Minh,10.87607,106.655655,Căn hộ/Chung cư,1.0,2,2,,Đông Nam,2.0,6.0,,[],5,VÕ Hằng ,,,2026-08-25 21:26:52,https://nha.chotot.com/tin/178382179,2026-09-17T07:32:25.602592
2262,🥳🥳Một Căn Hộ Vừa Đẹp- Vừa Tiện Nghi - Vừa Có Không Gian Sống Thoángãng,12000000,0.4,30 m²,"Phường Thảo Điền (Quận 2 cũ), Thành phố Thủ Đức, Tp Hồ Chí Minh",Thành phố Thủ Đức,Tp Hồ Chí Minh,10.806585,106.72578,Căn hộ/Chung cư,2.0,1,,,,,,12000000.0,[],10,Hồng Loan HIFRIENDZ,,,2026-09-17 14:31:31,https://nha.chotot.com/tin/178373155,2026-09-17T07:32:25.602998
2263,"🌧️🫧🏡 CĂN HỘ HIỆN ĐẠI – GỌN GÀNG, ẤM ÁP, ĐỦ ĐẦY TIỆN NGHI ✨😅🥹",7000000,0.23333333,30 m²,"Phường An Phú (Quận 2 cũ), Thành phố Thủ Đức, Tp Hồ Chí Minh",Thành phố Thủ Đức,Tp Hồ Chí Minh,10.794329,106.742546,Căn hộ/Chung cư,2.0,1,,,,,,7000000.0,[],7,Hồng Loan HIFRIENDZ,,,2026-09-17 14:31:18,https://nha.chotot.com/tin/178372865,2026-09-17T07:32:25.603202
2264,Gia đình có việc cần chuyển nhượng căn hộ gần Depot Tham Lương 2PN,3500000000,57.37705,61 m²,"Phường Tân Thới Nhất, Quận 12, Tp Hồ Chí Minh",Quận 12,Tp Hồ Chí Minh,10.82442,106.62025,Căn hộ/Chung cư,1.0,2,1,,,3.0,6.0,,[],5,Đơn Phương,,,2026-09-10 10:12:16,https://nha.chotot.com/tin/178684712,2026-09-17T07:32:25.603385
2265,"Cho thuê giá tốt 3PN view sông, nội thất xịn, Vinhomes Central Park",35000000,0.3043478,115 m²,"Phường 22, Quận Bình Thạnh, Tp Hồ Chí Minh",Quận Bình Thạnh,Tp Hồ Chí Minh,10.79387,106.72032,Căn hộ/Chung cư,1.0,3,2,,,1.0,6.0,,[],12,Huyền Nguyễn,,,2026-09-02 15:25:06,https://nha.chotot.com/tin/178523171,2026-09-17T07:32:25.603686
2266,"BCONS ARIA TRẢ TRƯỚC CHỈ 5% CHIẾT KHẤU 8,5% HỖ TRỢ LS 6,9% TRONG 4 NĂM",2600000000,49.056602,53 m²,"Phường Đông Hòa, Thành phố Dĩ An, Bình Dương",Thành phố Dĩ An,Bình Dương,10.89115,106.8022,Căn hộ/Chung cư,1.0,2,2,37,Tây,3.0,4.0,,[],12,Huy Hoàng Bcons ,,,2026-08-25 09:52:10,https://nha.chotot.com/tin/178364490,2026-09-17T07:32:25.603892
2267,"CHO THUÊ CĂN HỘ MỚI 2 PHÒNG NGỦ, DIỆN TÍCH 60M² ",13500000,0.20769231,65 m²,"Phường Khuê Mỹ, Quận Ngũ Hành Sơn, Đà Nẵng",Quận Ngũ Hành Sơn,Đà Nẵng,16.023426,108.2459,Căn hộ/Chung cư,2.0,2,,,,2.0,,,[],4,VANA,,,2026-09-17 14:30:06,https://nha.chotot.com/tin/178838887,2026-09-17T07:32:25.604082
2268,Bán căn Hưng Phát Silver Star - sát vách sunrise reverside - 4.6ty,4350000000,41.037735,106 m²,"Xã Phước Kiển, Huyện Nhà Bè, Tp Hồ Chí Minh",Huyện Nhà Bè,Tp Hồ Chí Minh,10.70387,106.71276,Căn hộ/Chung cư,1.0,3,,,Tây Nam,2.0,6.0,,[],9,Vân,,4.8,2026-09-03 11:16:19,https://nha.chotot.com/tin/177025273,2026-09-17T07:32:25.604262
2269,Cho thuê CC Garden gate 40m2 Offictel 1WC giá cực tốt chỉ 11tr/th ,11000000,0.31428573,35 m²,"Phường 9, Quận Phú Nhuận, Tp Hồ Chí Minh",Quận Phú Nhuận,Tp Hồ Chí Minh,10.80964,106.67425,Căn hộ/Chung cư,1.0,1,1,,,,,,[],3,Nguyễn Hoàng Toàn,,,2026-09-15 10:14:56,https://nha.chotot.com/tin/178787965,2026-09-17T07:32:25.604434
2270,KHAI TRƯƠNG ĐUPLEX 3🍠X ĐƯỜNG SỐ 1_NGUYỄN THỊ TÚ NHẬN XE ĐIỆN FULL NT,3700000,0.13214286,28 m²,"Phường Bình Hưng Hoà B, Quận Bình Tân, Tp Hồ Chí Minh",Quận Bình Tân,Tp Hồ Chí Minh,10.807803,106.59462,Căn hộ/Chung cư,3.0,1,1,,,2.0,4.0,1000000.0,[],11,Triệu an HiFriendz Tp ,,5.0,2026-09-17 14:29:46,https://nha.chotot.com/tin/178839353,2026-09-17T07:32:25.604633
2271,"Chung cư Tecco Green - Phan Văn Hớn căn 2p ngủ , full NT, giá 7,3tr/th",7300000,0.1,73 m²,"Phường Tân Thới Nhất, Quận 12, Tp Hồ Chí Minh",Quận 12,Tp Hồ Chí Minh,10.82954,106.61561,Căn hộ/Chung cư,1.0,2,2,,,2.0,6.0,,[],6,Phí Linh,,,2026-09-17 14:29:29,https://nha.chotot.com/tin/178839257,2026-09-17T07:32:25.604801
2272,💥CHDV - FUL NT - 2PN - BALCONY THOÁNG ⚡️ PHAN ĐĂNG LƯU - BÙI ĐÌNH TUÝ 💥,7800000,0.111428574,70 m²,"Phường 1, Quận Bình Thạnh, Tp Hồ Chí Minh",Quận Bình Thạnh,Tp Hồ Chí Minh,10.802451,106.697495,Căn hộ/Chung cư,2.0,2,,,,,,,[],12,Lương Thanh Trúc,,,2026-09-12 21:54:42,https://nha.chotot.com/tin/178437508,2026-09-17T07:32:25.604967
2273,"💥 HÀ ĐÔ CENTROSA – 2PN 2WC – NHÀ ĐẸP, FULL NỘI THẤT – Ở LIỀN CHỈ 22TR",22000000,0.25581396,86 m²,"Phường 12, Quận 10, Tp Hồ Chí Minh",Quận 10,Tp Hồ Chí Minh,10.7762,106.67889,Căn hộ/Chung cư,1.0,2,2,,,,,,[],12,Hoàng Dung,,4.5,2026-09-17 11:07:05,https://nha.chotot.com/tin/178834497,2026-09-17T07:32:25.605138
2274,"CĂN HỘ MINI CAO CẤP MỚI 100%, FULL NỘI THẤT NGAY ẺMART PHAN HUY ÍCH",5000000,0.2,25 m²,"Phường 12, Quận Gò Vấp, Tp Hồ Chí Minh",Quận Gò Vấp,Tp Hồ Chí Minh,10.837349,106.636284,Căn hộ/Chung cư,2.0,1,1,,,1.0,4.0,5000000.0,[],12,Alo Ngoc Hoang,,5.0,2026-09-17 14:28:24,https://nha.chotot.com/tin/178839301,2026-09-17T07:32:25.605323
2275,TÌM NỮ Ở GHÉP CĂN CHUNG CƯ 2PN,4500000,0.071428575,63 m²,"Phường Phú Thuận, Quận 7, Tp Hồ Chí Minh",Quận 7,Tp Hồ Chí Minh,10.722,106.7433,Căn hộ/Chung cư,1.0,2,2,,,2.0,4.0,4500000.0,[],7,Kim Thanh,,5.0,2026-09-17 14:28:16,https://nha.chotot.com/tin/178839296,2026-09-17T07:32:25.605506
2276,Khách Cần Tiền Ra Di Căn 2PN Hiyori Siêu Mới,5200000000,83.870964,62 m²,"Phường An Hải Đông, Quận Sơn Trà, Đà Nẵng",Quận Sơn Trà,Đà Nẵng,16.06191,108.23652,Căn hộ/Chung cư,1.0,2,2,,,1.0,2.0,,[],11,Hồng Công,,,2026-09-17 14:26:46,https://nha.chotot.com/tin/171220229,2026-09-17T07:32:25.605779
2277,⭐ RIVER PANORAMA CHO THUÊ 3PN2WC FULL NỘI THẤT VIEW ĐẸP CHỈ 19 TRIỆU,19000000,0.21111111,90 m²,"Phường Phú Mỹ, Quận 7, Tp Hồ Chí Minh",Quận 7,Tp Hồ Chí Minh,10.71422,106.73743,Căn hộ/Chung cư,1.0,3,2,,,2.0,6.0,,[],12,Huy,,5.0,2026-09-08 14:36:21,https://nha.chotot.com/tin/172861126,2026-09-17T07:32:25.605947
2278,"THẢO ĐIỀN, QUẬN 2 🏡 CHO THUÊ CHDV CAO CẤP💘 1PN BAN CÔNG FULL NỘI THẤT",11000000,0.22,50 m²,"Phường Thảo Điền (Quận 2 cũ), Thành phố Thủ Đức, Tp Hồ Chí Minh",Thành phố Thủ Đức,Tp Hồ Chí Minh,10.803914,106.72912,Căn hộ/Chung cư,2.0,1,1,,Đông Bắc,1.0,4.0,11000000.0,[],11,Phương An Chuyên Căn Hộ Quận 2,,5.0,2026-09-11 14:06:45,https://nha.chotot.com/tin/177928071,2026-09-17T07:32:25.606135
2279,CHDV FULL NỘI THẤT MỚI KENG GẦN MEGA MARKET Q12,3900000,0.156,25 m²,"Phường Tân Thới Hiệp, Quận 12, Tp Hồ Chí Minh",Quận 12,Tp Hồ Chí Minh,10.887289,106.64767,Căn hộ/Chung cư,2.0,1,1,4,,2.0,4.0,,[],10,Anh Tuấn Tìm Phòng,,5.0,2026-09-17 14:26:20,https://nha.chotot.com/tin/178839237,2026-09-17T07:32:25.606307
2280,CHO THUÊ CĂN HỘ DUPLEX 2  GIƯỜNG NGỦ FULL NỘI THẤT CÓ CỬA SỔ THOÁNG,6000000,0.13333334,45 m²,"Phường 8, Thành phố Đà Lạt, Lâm Đồng",Thành phố Đà Lạt,Lâm Đồng,11.977858,108.45107,Căn hộ/Chung cư,3.0,1,1,,,,,,[],9,Quang gohome,,,2026-09-17 14:26:16,https://nha.chotot.com/tin/178839207,2026-09-17T07:32:25.606470
2281,NHÀ ĐẸP TÂN PHÚ ÂU CƠ 56M2_3 TẦNG _NGAY ĐH VĂN HIẾN_HẺM 8M_ NHỈNH 6T,6500000000,108.333336,60 m²,"Phường Tân Thành, Quận Tân Phú, Tp Hồ Chí Minh",Quận Tân Phú,Tp Hồ Chí Minh,10.791454,106.63355,Nhà ở,,3,3,3,,,1.0,,[],9,Trang,,,2026-09-17 14:32:10,https://nha.chotot.com/tin/178839418,2026-09-17T07:32:26.934426
2282,Cho thuê nhà nguyên căn đường Quang Trung ,11500000,0.23958333,48 m²,"Phường 14, Quận Gò Vấp, Tp Hồ Chí Minh",Quận Gò Vấp,Tp Hồ Chí Minh,10.850746,106.64534,Nhà ở,,4,3,2,,,1.0,,[],5,Út Trung Gò vấp ,,5.0,2026-09-09 14:45:06,https://nha.chotot.com/tin/178281738,2026-09-17T07:32:26.934739
2283,KHU PHẠM VĂN ĐỒNG VILLA HỒ BƠI 7PN - SIÊU ĐẸP,65000000,0.325,200 m²,"Phường An Hải Bắc, Quận Sơn Trà, Đà Nẵng",Quận Sơn Trà,Đà Nẵng,16.0752,108.23292,Nhà ở,,7,7,3,,2.0,1.0,65000000.0,[],12,Trân Duy Hải,,5.0,2026-09-17 14:31:34,https://nha.chotot.com/tin/178839400,2026-09-17T07:32:26.934929
2284,Bán nhà hẻm 184 thoáng đường Âu Dương Lân P3 Q8 ,3180000000,104.605606,30.3999 m²,"Phường 3, Quận 8, Tp Hồ Chí Minh",Quận 8,Tp Hồ Chí Minh,10.745962,106.68301,Nhà ở,,2,2,2,,2.0,1.0,,[],5, Như Ý,,,2026-09-17 14:31:29,https://nha.chotot.com/tin/178502242,2026-09-17T07:32:26.935255
2285,HÀNG HIẾM KHÓ TÌM - NHÀ C4 144m² S.H.R - CHỈ 820TR - TÂN AN HỘI CỦ CHI,820000000,5.6944447,144 m²,"Xã Tân An Hội, Huyện Củ Chi, Tp Hồ Chí Minh",Huyện Củ Chi,Tp Hồ Chí Minh,10.9593525,106.48182,Nhà ở,,2,1,1,,4.0,4.0,,[],8,Nguyễn Văn Quốc,,,2026-09-17 14:31:19,https://nha.chotot.com/tin/178838518,2026-09-17T07:32:26.935507
2286,CHO THUÊ NHÀ ĐƯỜNG QUỐC HƯƠNG GIÁ 27 TRIỆU ,27000000,0.36,75 m²,"Phường Thảo Điền (Quận 2 cũ), Thành phố Thủ Đức, Tp Hồ Chí Minh",Thành phố Thủ Đức,Tp Hồ Chí Minh,10.807138,106.73095,Nhà ở,,2,2,2,,,,,[],6,Phương,,,2026-09-17 14:31:17,https://nha.chotot.com/tin/178839383,2026-09-17T07:32:26.935712
2287,"CHO THUÊ NHÀ  PHẠM QUÝ THÍCH   P.PHÚ THỌ HOÀ, TÂN PHÚ   📐 Diện tích: 4",10500000,0.125,84 m²,"Phường Tân Quý, Quận Tân Phú, Tp Hồ Chí Minh",Quận Tân Phú,Tp Hồ Chí Minh,10.789263,106.62116,Nhà ở,,1,1,,,,,,[],3,Thu,,4.0,2026-09-17 14:31:09,https://nha.chotot.com/tin/178839386,2026-09-17T07:32:26.935878
2288,"CHO THUÊ NHÀ NGUYÊN CĂN – PHƯỜNG LINH TÂY, TP. THỦ ĐỨC  📍 Địa chỉ: 145",10000000,0.14285715,70 m²,"Phường Linh Tây (Quận Thủ Đức cũ), Thành phố Thủ Đức, Tp Hồ Chí Minh",Thành phố Thủ Đức,Tp Hồ Chí Minh,10.86056,106.756256,Nhà ở,,2,,,,,,,[],6,Đăng Quang Rental,,,2026-09-17 14:31:05,https://nha.chotot.com/tin/178839388,2026-09-17T07:32:26.936067
2289,Nhà 3 Rưỡi - Mặt Tiền Hải Châu Gần Đống Đa ( SỤP ),5500000000,110.0,50 m²,"Phường Thuận Phước, Quận Hải Châu, Đà Nẵng",Quận Hải Châu,Đà Nẵng,16.08619,108.21645,Nhà ở,,6,,5,,,,,[],7,hưng thịnh,,5.0,2026-09-02 10:54:17,https://nha.chotot.com/tin/178518870,2026-09-17T07:32:26.936256
2290,"[GIÁ RẺ] NHÀ NGUYÊN CĂN 1 TRỆT 1 LẦU GẦN EMART, CHỢ TÂN SƠN",8000000,0.14285715,56 m²,"Phường 12, Quận Gò Vấp, Tp Hồ Chí Minh",Quận Gò Vấp,Tp Hồ Chí Minh,10.832696,106.63855,Nhà ở,,2,2,1,,,,,[],8,THÀNH ĐẠT CHUYÊN CHO THUÊ PHÒNG TRỌ CHDV GIÁ TỐT,,,2026-09-17 14:30:48,https://nha.chotot.com/tin/178839377,2026-09-17T07:32:26.936421
2291,Giá Thuê : 9tr/1 tháng Cho Thuê Nhà Đường Bùi Quang Là P12 Q. gò Vấp -,9000000,0.140625,64 m²,"Phường 12, Quận Gò Vấp, Tp Hồ Chí Minh",Quận Gò Vấp,Tp Hồ Chí Minh,10.835113,106.6396,Nhà ở,,2,2,,Tây,,,1.0,[],6,Quang Huy,,5.0,2026-09-07 10:48:48,https://nha.chotot.com/tin/178617090,2026-09-17T07:32:26.936597
2292,"BÁN GẤP NHÀ KQH HOÀNG DIỆU PHƯỜNG CAM LY ĐÀ LẠT CHỈ 5,4 TỶ",5400000000,120.0,45 m²,"Phường 5, Thành phố Đà Lạt, Lâm Đồng",Thành phố Đà Lạt,Lâm Đồng,11.942885,108.427925,Nhà ở,,3,2,3,Tây Bắc,3.0,,,[],4,Tô Hoàng Phương Trinh,,,2026-09-15 15:32:14,https://nha.chotot.com/tin/178796817,2026-09-17T07:32:26.936758
2293,Nhà mới DT:4x9m 2 Tầng 2pn 2wc hẻm 1942 Huỳnh Tấn Phát,1960000000,61.25,32 m²,"Thị trấn Nhà Bè, Huyện Nhà Bè, Tp Hồ Chí Minh",Huyện Nhà Bè,Tp Hồ Chí Minh,10.698072,106.738914,Nhà ở,,2,,2,,,,,[],11,Nam Phú Gia,,,2026-09-06 06:52:42,https://nha.chotot.com/tin/178593726,2026-09-17T07:32:26.936912
2294,Nhà Lầu 4 Tầng Hẻm Oto Xây Mới 100% Âu Dương Lân P2 Q8,8600000000,204.7619,42 m²,"Phường 2, Quận 8, Tp Hồ Chí Minh",Quận 8,Tp Hồ Chí Minh,10.742134,106.685104,Nhà ở,,4,3,4,,2.0,1.0,,[],8,Phạm Quốc Thắng,,,2026-09-17 14:29:58,https://nha.chotot.com/tin/178839361,2026-09-17T07:32:26.937090
2295,"Cho Thuê Biệt Thự Nam Thông PMH Q7 - 450m2, 5PN, Đường 20m",70000000,0.15555556,450 m²,"Phường Tân Phong, Quận 7, Tp Hồ Chí Minh",Quận 7,Tp Hồ Chí Minh,10.73019,106.70033,Nhà ở,,5,4,5,,,,,[],12,Thuỷ Trần,,,2026-08-31 09:55:18,https://nha.chotot.com/tin/178484863,2026-09-17T07:32:26.937243
2296,Cần cho thuê nhà góc 2 Mặt Tiền 84A Phổ Quang P.2 Q.Tân Bình,30000000,0.3030303,99 m²,"Phường 2, Quận Tân Bình, Tp Hồ Chí Minh",Quận Tân Bình,Tp Hồ Chí Minh,10.806851,106.668365,Nhà ở,,5,5,4,,,1.0,60000000.0,[],6,Anh Thanh,,,2026-09-17 14:29:37,https://nha.chotot.com/tin/178839329,2026-09-17T07:32:26.937717
2297,Bán nhà lầu đúc kiên cố hẻm xe hơi rộng đường Dương Bá Trạc P1 Q8 ,11800000000,245.83333,48 m²,"Phường 1, Quận 8, Tp Hồ Chí Minh",Quận 8,Tp Hồ Chí Minh,10.74418,106.69049,Nhà ở,,4,4,4,Nam,2.0,1.0,,[],3,Nguyễn Thìn ,,4.4,2026-09-17 14:29:34,https://nha.chotot.com/tin/178839333,2026-09-17T07:32:26.937885
2298,"Bán nhà riêng 4mx18,3m",12300000000,169.65517,72.5 m²,"Phường Tân Sơn Nhì, Quận Tân Phú, Tp Hồ Chí Minh",Quận Tân Phú,Tp Hồ Chí Minh,10.796407,106.63215,Nhà ở,,1,,,,,,,[],3,Nguyễn Võ Châu Phát,,,2026-09-16 14:28:21,https://nha.chotot.com/tin/178817793,2026-09-17T07:32:26.938070
2299,cho thuê,25000000,0.41666666,60 m²,"Phường 8, Quận 5, Tp Hồ Chí Minh",Quận 5,Tp Hồ Chí Minh,10.756033,106.671135,Nhà ở,,4,5,3,Đông,3.0,1.0,50000000.0,[],3,Phạm Ánh Lan,,5.0,2026-09-17 12:38:51,https://nha.chotot.com/tin/178836750,2026-09-17T07:32:26.938242
2300,cho thuê nhà 2 tầng đường phan thanh sát đại học duy tân,11000000,0.22,50 m²,"Phường Thạc Gián, Quận Thanh Khê, Đà Nẵng",Quận Thanh Khê,Đà Nẵng,16.063013,108.208755,Nhà ở,,3,3,2,,1.0,,,[],10,Đại tuấn,,,2026-09-17 14:29:11,https://nha.chotot.com/tin/178839312,2026-09-17T07:32:26.938396
2301,"HIẾM!!!! - Hẻm Sư Vạn Hạnh, P12, Q.10 - 5x20m, 4 Tầng, 400m2",38000000,0.38,100 m²,"Phường 12, Quận 10, Tp Hồ Chí Minh",Quận 10,Tp Hồ Chí Minh,10.775027,106.667755,Đất,,,,4,,,,,[],9,Ngô Thanh Hùng,,,2026-09-17 14:30:13,https://nha.chotot.com/tin/178839362,2026-09-17T07:32:28.024252
2302,CHO THUÊ HẺM NGUYỄN VĂN TRỖI TÂN BÌNH | 12x15m siêu rộng,58000000,0.58,100 m²,"Phường 10, Quận Tân Bình, Tp Hồ Chí Minh",Quận Tân Bình,Tp Hồ Chí Minh,10.798557,106.67042,Đất,,,,,,,,116000000.0,[],8,Dung tr,,,2026-09-17 14:29:35,https://nha.chotot.com/tin/178839347,2026-09-17T07:32:28.024581
2303,"Cho thuê nhà phố 5 tầng có thang máy, rèm đường D9",45000000,0.53571427,84 m²,"Phường Long Bình (Quận 9 cũ), Thành phố Thủ Đức, Tp Hồ Chí Minh",Thành phố Thủ Đức,Tp Hồ Chí Minh,10.84805,106.83874,Đất,,,,5,,3.0,1.0,,[],4,DUY HOMES,,,2026-09-09 09:41:13,https://nha.chotot.com/tin/178661906,2026-09-17T07:32:28.024808
2304,"Cho thuê vp phố nguyên hồng,đống đa,dt 68m2,giá 13tr/tháng",13000000,0.19117647,68 m²,"Phường Láng Hạ, Quận Đống Đa, Hà Nội",Quận Đống Đa,Hà Nội,21.015743,105.80971,Đất,,,,8,,1.0,1.0,,[],5,Đào Thành Lân,,,2026-09-17 14:27:34,https://nha.chotot.com/tin/178839277,2026-09-17T07:32:28.024995
2305,🔥 CHO THUÊ BIỆT THỰ SÂN VƯỜN NGUYỄN VĂN TRỖI – NGANG 12M – GIÁ 59TR/TH,59000000,0.118,500 m²,"Phường 10, Quận Phú Nhuận, Tp Hồ Chí Minh",Quận Phú Nhuận,Tp Hồ Chí Minh,10.798557,106.67042,Đất,,,,,,,,150000000.0,[],7,Kiều Hằng,,,2026-09-17 14:27:01,https://nha.chotot.com/tin/178839254,2026-09-17T07:32:28.025254
2306,Cho thuê kho 1200m QL1A Tam Bình chỉ 75k,90000000,0.075,1200 m²,"Phường Tam Bình (Quận Thủ Đức cũ), Thành phố Thủ Đức, Tp Hồ Chí Minh",Thành phố Thủ Đức,Tp Hồ Chí Minh,10.871881,106.739655,Đất,,,,,,,,3.0,[],3,Anhthe,,4.0,2026-09-14 18:07:53,https://nha.chotot.com/tin/178775394,2026-09-17T07:32:28.025452
2307,BIỆT THỰ SÂN VƯỜN KHU TỔ HỢP F&B VÀ ĐA NGÀNH NGHỀ TRUNG TÂM QUẬN 3 ,115000000,0.34848484,330 m²,"Phường Võ Thị Sáu, Quận 3, Tp Hồ Chí Minh",Quận 3,Tp Hồ Chí Minh,10.788824,106.690765,Đất,,,,,,,,,[],9,Yến Ngọc,,,2026-09-17 14:25:23,https://nha.chotot.com/tin/178839200,2026-09-17T07:32:28.025786
2308,🍑Đoạn Đẹp NGUYỄN GIA TRÍ - 4x25m (Trệt 2 Lầu)🍑,65000000,0.21666667,300 m²,"Phường 25, Quận Bình Thạnh, Tp Hồ Chí Minh",Quận Bình Thạnh,Tp Hồ Chí Minh,10.810227,106.71722,Đất,,,,,,,,,[],6,Nhà Phố Cho Thuê,,,2026-09-17 14:24:57,https://nha.chotot.com/tin/175622468,2026-09-17T07:32:28.025975
2309,"🌟10x15m - TRẦN QUỐC TOẢN, Quận 3🌟 Trệt 2 Lầu",60000000,0.13333334,450 m²,"Phường Võ Thị Sáu, Quận 3, Tp Hồ Chí Minh",Quận 3,Tp Hồ Chí Minh,10.78659,106.68779,Đất,,,,,,,,,[],4,Nhà Phố Cho Thuê,,,2026-09-17 14:24:26,https://nha.chotot.com/tin/175903201,2026-09-17T07:32:28.026232
2310,cho thuê 100m văn phòng giá 30 tr,30000000,0.3,100 m²,"Phường An Khánh (Quận 2 cũ), Thành phố Thủ Đức, Tp Hồ Chí Minh",Thành phố Thủ Đức,Tp Hồ Chí Minh,10.79159,106.73052,Đất,,,,,,,,60000000.0,[],3,Nguyễn Văn Hậu,,,2026-09-05 13:44:09,https://nha.chotot.com/tin/178581677,2026-09-17T07:32:28.026469
2311,CHO THUÊ TÒA NHÀ VĂN PHÒNG NGUYỄN VĂN TRỖI NGAY NGÃ TƯ PHÚ NHUẬN,130000000,0.096296296,1350 m²,"Phường 10, Quận Phú Nhuận, Tp Hồ Chí Minh",Quận Phú Nhuận,Tp Hồ Chí Minh,10.798557,106.67042,Đất,,,,,,,,,[],3,Anh Đào,,,2026-09-12 11:08:02,https://nha.chotot.com/tin/178727010,2026-09-17T07:32:28.026671
2312,Mặt bằng đẹp Hồ Văn Huê 30m2,7490000,0.24966666,30 m²,"Phường 9, Quận Phú Nhuận, Tp Hồ Chí Minh",Quận Phú Nhuận,Tp Hồ Chí Minh,10.80251,106.67629,Đất,,,,,,,,7490000.0,[],7,NGUYỄN THỊ ANH THƯ,,,2026-09-06 15:25:13,https://nha.chotot.com/tin/178603931,2026-09-17T07:32:28.026844
2313,"🇻🇳SHOPHOUSE 3 TẦNG MẶT TIỀN MÊ LINH | GẦN ORI, KCN HÒA KHÁNH",14000000,0.11666667,120 m²,"Phường Hòa Hiệp Nam, Quận Liên Chiểu, Đà Nẵng",Quận Liên Chiểu,Đà Nẵng,16.09171,108.12595,Đất,,04,,3,,,,,[],10,Ngô Văn Cảnh,,4.4,2026-09-17 14:22:04,https://nha.chotot.com/tin/178839109,2026-09-17T07:32:28.027015
2314,🔥 HẺM XE HƠI  HUỲNH VĂN BÁNH – PHÚ NHUẬN | 4PN – 4WC | CHỈ 2x,23000000,0.23,100 m²,"Phường 10, Quận Phú Nhuận, Tp Hồ Chí Minh",Quận Phú Nhuận,Tp Hồ Chí Minh,10.791831,106.671616,Đất,,4,,,,,,46000000.0,[],6,Dung tr,,,2026-09-17 14:21:51,https://nha.chotot.com/tin/178839122,2026-09-17T07:32:28.027214
2315,"Măt tiền Nguyễn Cư Trinh, Quận 1 (Ngang 17m)",90000000,0.45,200 m²,"Phường Nguyễn Cư Trinh, Quận 1, Tp Hồ Chí Minh",Quận 1,Tp Hồ Chí Minh,10.763458,106.68884,Đất,,,,,,,,,[],5,Nhà Phố Cho Thuê,,,2026-09-17 14:21:14,https://nha.chotot.com/tin/178280784,2026-09-17T07:32:28.027384
2316,"🔥GÓC 2MT - NGUYỄN TRÃI, Bến Thành, Q1🔥400m2 sử dụng",150000000,0.375,400 m²,"Phường Bến Thành, Quận 1, Tp Hồ Chí Minh",Quận 1,Tp Hồ Chí Minh,10.771166,106.68731,Đất,,,,,,,,,[],4,Nhà Phố Cho Thuê,,,2026-09-17 14:20:35,https://nha.chotot.com/tin/175556911,2026-09-17T07:32:28.027653
2317,CHO THUÊ TÒA NHÀ 2 MẶT TIỀN VÕ VĂN NGÂN DT 12M X 36M TP THỦ ĐỨC,100000000,0.07692308,1300 m²,"Phường Bình Thọ (Quận Thủ Đức cũ), Thành phố Thủ Đức, Tp Hồ Chí Minh",Thành phố Thủ Đức,Tp Hồ Chí Minh,10.850573,106.76223,Đất,,,,,,,1.0,,[],3,Oanh Home,,,2026-09-17 14:20:21,https://nha.chotot.com/tin/178262159,2026-09-17T07:32:28.027968
2318,"🔥 CHO THUÊ TẦNG 7 160m2 – 104A XUÂN THUỶ, THẢO ĐIỀN, Q2 🔥",50000000,0.3125,160 m²,"Phường Thảo Điền (Quận 2 cũ), Thành phố Thủ Đức, Tp Hồ Chí Minh",Thành phố Thủ Đức,Tp Hồ Chí Minh,10.803889,106.73543,Đất,,,,,,,,150000000.0,[],8,Kiều Hằng,,,2026-09-17 14:18:58,https://nha.chotot.com/tin/178839027,2026-09-17T07:32:28.028155
2319,Cho thuê  Shophouse Panorama Phú Mỹ Hưng 2 tầng 50tr/th,50000000,0.35460994,141 m²,"Phường Tân Phong, Quận 7, Tp Hồ Chí Minh",Quận 7,Tp Hồ Chí Minh,10.72168,106.71284,Đất,,,,2,Tây Nam,,1.0,,[],7,Dân,,,2026-09-17 14:18:55,https://nha.chotot.com/tin/177011854,2026-09-17T07:32:28.028326
2320,Kho trống VIEW SÔNG 235/50A Đặng Thùy Trâm. DT 8X20M.,20000000,0.125,160 m²,"Phường 13, Quận Bình Thạnh, Tp Hồ Chí Minh",Quận Bình Thạnh,Tp Hồ Chí Minh,10.824377,106.70332,Đất,,,,,,2.0,1.0,,[],3,Anh Dũng,,4.0,2026-09-17 14:17:42,https://nha.chotot.com/tin/167862234,2026-09-17T07:32:28.028510
2321,Bán căn hộ Phạm Văn Đồng Long Thành Đồng Nai 1.1 tỷ,1100000000,21.153847,52 m²,"Thị trấn Long Thành, Huyện Long Thành, Đồng Nai",Huyện Long Thành,Đồng Nai,10.77828,106.94472,Căn hộ/Chung cư,1.0,2,,,Bắc,3.0,6.0,,[],4,Bùi Duy Hưng,,,2026-09-17 14:31:55,https://nha.chotot.com/tin/178839401,2026-09-17T07:32:28.855701
2322,Cho thuê nhà nguyên căn đường Quang Trung ,11500000,0.23958333,48 m²,"Phường 14, Quận Gò Vấp, Tp Hồ Chí Minh",Quận Gò Vấp,Tp Hồ Chí Minh,10.850746,106.64534,Nhà ở,,4,3,2,,,1.0,,[],5,Út Trung Gò vấp ,,5.0,2026-09-09 14:45:06,https://nha.chotot.com/tin/178281738,2026-09-17T07:32:28.856008
2323,"CẦN BÁN CĂN HỘ CC THỚI AN, Q12, 95M2 , CÓ SÂN VƯỜN, 2,82 TỶ",2820000000,29.68421,95 m²,"Phường Thới An, Quận 12, Tp Hồ Chí Minh",Quận 12,Tp Hồ Chí Minh,10.87607,106.655655,Căn hộ/Chung cư,1.0,2,2,,Đông Nam,2.0,6.0,,[],5,VÕ Hằng ,,,2026-08-25 21:26:52,https://nha.chotot.com/tin/178382179,2026-09-17T07:32:28.856212
2324,KHU PHẠM VĂN ĐỒNG VILLA HỒ BƠI 7PN - SIÊU ĐẸP,65000000,0.325,200 m²,"Phường An Hải Bắc, Quận Sơn Trà, Đà Nẵng",Quận Sơn Trà,Đà Nẵng,16.0752,108.23292,Nhà ở,,7,7,3,,2.0,1.0,65000000.0,[],12,Trân Duy Hải,,5.0,2026-09-17 14:31:34,https://nha.chotot.com/tin/178839400,2026-09-17T07:32:28.856530
2325,🥳🥳Một Căn Hộ Vừa Đẹp- Vừa Tiện Nghi - Vừa Có Không Gian Sống Thoángãng,12000000,0.4,30 m²,"Phường Thảo Điền (Quận 2 cũ), Thành phố Thủ Đức, Tp Hồ Chí Minh",Thành phố Thủ Đức,Tp Hồ Chí Minh,10.806585,106.72578,Căn hộ/Chung cư,2.0,1,,,,,,12000000.0,[],10,Hồng Loan HIFRIENDZ,,,2026-09-17 14:31:31,https://nha.chotot.com/tin/178373155,2026-09-17T07:32:28.856834
2326,Bán nhà hẻm 184 thoáng đường Âu Dương Lân P3 Q8 ,3180000000,104.605606,30.3999 m²,"Phường 3, Quận 8, Tp Hồ Chí Minh",Quận 8,Tp Hồ Chí Minh,10.745962,106.68301,Nhà ở,,2,2,2,,2.0,1.0,,[],5, Như Ý,,,2026-09-17 14:31:29,https://nha.chotot.com/tin/178502242,2026-09-17T07:32:28.857014
2327,HÀNG HIẾM KHÓ TÌM - NHÀ C4 144m² S.H.R - CHỈ 820TR - TÂN AN HỘI CỦ CHI,820000000,5.6944447,144 m²,"Xã Tân An Hội, Huyện Củ Chi, Tp Hồ Chí Minh",Huyện Củ Chi,Tp Hồ Chí Minh,10.9593525,106.48182,Nhà ở,,2,1,1,,4.0,4.0,,[],8,Nguyễn Văn Quốc,,,2026-09-17 14:31:19,https://nha.chotot.com/tin/178838518,2026-09-17T07:32:28.857200
2328,"🌧️🫧🏡 CĂN HỘ HIỆN ĐẠI – GỌN GÀNG, ẤM ÁP, ĐỦ ĐẦY TIỆN NGHI ✨😅🥹",7000000,0.23333333,30 m²,"Phường An Phú (Quận 2 cũ), Thành phố Thủ Đức, Tp Hồ Chí Minh",Thành phố Thủ Đức,Tp Hồ Chí Minh,10.794329,106.742546,Căn hộ/Chung cư,2.0,1,,,,,,7000000.0,[],7,Hồng Loan HIFRIENDZ,,,2026-09-17 14:31:18,https://nha.chotot.com/tin/178372865,2026-09-17T07:32:28.857364
2329,CHO THUÊ NHÀ ĐƯỜNG QUỐC HƯƠNG GIÁ 27 TRIỆU ,27000000,0.36,75 m²,"Phường Thảo Điền (Quận 2 cũ), Thành phố Thủ Đức, Tp Hồ Chí Minh",Thành phố Thủ Đức,Tp Hồ Chí Minh,10.807138,106.73095,Nhà ở,,2,2,2,,,,,[],6,Phương,,,2026-09-17 14:31:17,https://nha.chotot.com/tin/178839383,2026-09-17T07:32:28.857541
2330,"CHO THUÊ NHÀ  PHẠM QUÝ THÍCH   P.PHÚ THỌ HOÀ, TÂN PHÚ   📐 Diện tích: 4",10500000,0.125,84 m²,"Phường Tân Quý, Quận Tân Phú, Tp Hồ Chí Minh",Quận Tân Phú,Tp Hồ Chí Minh,10.789263,106.62116,Nhà ở,,1,1,,,,,,[],3,Thu,,4.0,2026-09-17 14:31:09,https://nha.chotot.com/tin/178839386,2026-09-17T07:32:28.857730
2331,Gia đình có việc cần chuyển nhượng căn hộ gần Depot Tham Lương 2PN,3500000000,57.37705,61 m²,"Phường Tân Thới Nhất, Quận 12, Tp Hồ Chí Minh",Quận 12,Tp Hồ Chí Minh,10.82442,106.62025,Căn hộ/Chung cư,1.0,2,1,,,3.0,6.0,,[],5,Đơn Phương,,,2026-09-10 10:12:16,https://nha.chotot.com/tin/178684712,2026-09-17T07:32:28.857905
2332,"CHO THUÊ NHÀ NGUYÊN CĂN – PHƯỜNG LINH TÂY, TP. THỦ ĐỨC  📍 Địa chỉ: 145",10000000,0.14285715,70 m²,"Phường Linh Tây (Quận Thủ Đức cũ), Thành phố Thủ Đức, Tp Hồ Chí Minh",Thành phố Thủ Đức,Tp Hồ Chí Minh,10.86056,106.756256,Nhà ở,,2,,,,,,,[],6,Đăng Quang Rental,,,2026-09-17 14:31:05,https://nha.chotot.com/tin/178839388,2026-09-17T07:32:28.858108
2333,Nhà 3 Rưỡi - Mặt Tiền Hải Châu Gần Đống Đa ( SỤP ),5500000000,110.0,50 m²,"Phường Thuận Phước, Quận Hải Châu, Đà Nẵng",Quận Hải Châu,Đà Nẵng,16.08619,108.21645,Nhà ở,,6,,5,,,,,[],7,hưng thịnh,,5.0,2026-09-02 10:54:17,https://nha.chotot.com/tin/178518870,2026-09-17T07:32:28.858286
2334,"[GIÁ RẺ] NHÀ NGUYÊN CĂN 1 TRỆT 1 LẦU GẦN EMART, CHỢ TÂN SƠN",8000000,0.14285715,56 m²,"Phường 12, Quận Gò Vấp, Tp Hồ Chí Minh",Quận Gò Vấp,Tp Hồ Chí Minh,10.832696,106.63855,Nhà ở,,2,2,1,,,,,[],8,THÀNH ĐẠT CHUYÊN CHO THUÊ PHÒNG TRỌ CHDV GIÁ TỐT,,,2026-09-17 14:30:48,https://nha.chotot.com/tin/178839377,2026-09-17T07:32:28.858453
2335,"Cho thuê giá tốt 3PN view sông, nội thất xịn, Vinhomes Central Park",35000000,0.3043478,115 m²,"Phường 22, Quận Bình Thạnh, Tp Hồ Chí Minh",Quận Bình Thạnh,Tp Hồ Chí Minh,10.79387,106.72032,Căn hộ/Chung cư,1.0,3,2,,,1.0,6.0,,[],12,Huyền Nguyễn,,,2026-09-02 15:25:06,https://nha.chotot.com/tin/178523171,2026-09-17T07:32:28.858641
2336,Giá Thuê : 9tr/1 tháng Cho Thuê Nhà Đường Bùi Quang Là P12 Q. gò Vấp -,9000000,0.140625,64 m²,"Phường 12, Quận Gò Vấp, Tp Hồ Chí Minh",Quận Gò Vấp,Tp Hồ Chí Minh,10.835113,106.6396,Nhà ở,,2,2,,Tây,,,1.0,[],6,Quang Huy,,5.0,2026-09-07 10:48:48,https://nha.chotot.com/tin/178617090,2026-09-17T07:32:28.858881
2337,"BÁN GẤP NHÀ KQH HOÀNG DIỆU PHƯỜNG CAM LY ĐÀ LẠT CHỈ 5,4 TỶ",5400000000,120.0,45 m²,"Phường 5, Thành phố Đà Lạt, Lâm Đồng",Thành phố Đà Lạt,Lâm Đồng,11.942885,108.427925,Nhà ở,,3,2,3,Tây Bắc,3.0,,,[],4,Tô Hoàng Phương Trinh,,,2026-09-15 15:32:14,https://nha.chotot.com/tin/178796817,2026-09-17T07:32:28.859049
2338,KHAI TRƯƠNG PHÒNG TRỌ SINH VIÊN GIÁ RẺ NGAY ĐH CÔNG THƯƠNG TÂN PHÚ,3500000,0.14,25 m²,"Phường Tân Sơn Nhì, Quận Tân Phú, Tp Hồ Chí Minh",Quận Tân Phú,Tp Hồ Chí Minh,10.801903,106.625885,Phòng trọ,,,,,,,,3500000.0,[],5,Kiều Oanh NeWay Home ,,5.0,2026-09-17 14:30:15,https://nha.chotot.com/tin/178453357,2026-09-17T07:32:28.859216
2339,"HIẾM!!!! - Hẻm Sư Vạn Hạnh, P12, Q.10 - 5x20m, 4 Tầng, 400m2",38000000,0.38,100 m²,"Phường 12, Quận 10, Tp Hồ Chí Minh",Quận 10,Tp Hồ Chí Minh,10.775027,106.667755,Đất,,,,4,,,,,[],9,Ngô Thanh Hùng,,,2026-09-17 14:30:13,https://nha.chotot.com/tin/178839362,2026-09-17T07:32:28.859446
2340,Bán Đất Lô Góc Võ Văn Vân giá cực tốt,4190000000,37.410713,112 m²,"Xã Vĩnh Lộc B, Huyện Bình Chánh, Tp Hồ Chí Minh",Huyện Bình Chánh,Tp Hồ Chí Minh,10.773623,106.57547,Văn phòng/Mặt bằng,,,,,,,1.0,,[],6,Thanh Hưng,,3.4,2026-09-09 18:08:26,https://nha.chotot.com/tin/178674907,2026-09-17T07:32:28.859658
2341,"CẦN BÁN CĂN HỘ CC THỚI AN, Q12, 95M2 , CÓ SÂN VƯỜN, 2,82 TỶ",2820000000,29.68421,95 m²,"Phường Thới An, Quận 12, Tp Hồ Chí Minh",Quận 12,Tp Hồ Chí Minh,10.87607,106.655655,Căn hộ/Chung cư,1.0,2,2,,Đông Nam,2.0,6.0,,[],5,VÕ Hằng ,,,2026-08-25 21:26:52,https://nha.chotot.com/tin/178382179,2026-09-17T07:32:30.295460
2342,🥳🥳Một Căn Hộ Vừa Đẹp- Vừa Tiện Nghi - Vừa Có Không Gian Sống Thoángãng,12000000,0.4,30 m²,"Phường Thảo Điền (Quận 2 cũ), Thành phố Thủ Đức, Tp Hồ Chí Minh",Thành phố Thủ Đức,Tp Hồ Chí Minh,10.806585,106.72578,Căn hộ/Chung cư,2.0,1,,,,,,12000000.0,[],10,Hồng Loan HIFRIENDZ,,,2026-09-17 14:31:31,https://nha.chotot.com/tin/178373155,2026-09-17T07:32:30.295924
2343,"🌧️🫧🏡 CĂN HỘ HIỆN ĐẠI – GỌN GÀNG, ẤM ÁP, ĐỦ ĐẦY TIỆN NGHI ✨😅🥹",7000000,0.23333333,30 m²,"Phường An Phú (Quận 2 cũ), Thành phố Thủ Đức, Tp Hồ Chí Minh",Thành phố Thủ Đức,Tp Hồ Chí Minh,10.794329,106.742546,Căn hộ/Chung cư,2.0,1,,,,,,7000000.0,[],7,Hồng Loan HIFRIENDZ,,,2026-09-17 14:31:18,https://nha.chotot.com/tin/178372865,2026-09-17T07:32:30.296136
2344,Gia đình có việc cần chuyển nhượng căn hộ gần Depot Tham Lương 2PN,3500000000,57.37705,61 m²,"Phường Tân Thới Nhất, Quận 12, Tp Hồ Chí Minh",Quận 12,Tp Hồ Chí Minh,10.82442,106.62025,Căn hộ/Chung cư,1.0,2,1,,,3.0,6.0,,[],5,Đơn Phương,,,2026-09-10 10:12:16,https://nha.chotot.com/tin/178684712,2026-09-17T07:32:30.296320
2345,"Cho thuê giá tốt 3PN view sông, nội thất xịn, Vinhomes Central Park",35000000,0.3043478,115 m²,"Phường 22, Quận Bình Thạnh, Tp Hồ Chí Minh",Quận Bình Thạnh,Tp Hồ Chí Minh,10.79387,106.72032,Căn hộ/Chung cư,1.0,3,2,,,1.0,6.0,,[],12,Huyền Nguyễn,,,2026-09-02 15:25:06,https://nha.chotot.com/tin/178523171,2026-09-17T07:32:30.296538
2346,"BCONS ARIA TRẢ TRƯỚC CHỈ 5% CHIẾT KHẤU 8,5% HỖ TRỢ LS 6,9% TRONG 4 NĂM",2600000000,49.056602,53 m²,"Phường Đông Hòa, Thành phố Dĩ An, Bình Dương",Thành phố Dĩ An,Bình Dương,10.89115,106.8022,Căn hộ/Chung cư,1.0,2,2,37,Tây,3.0,4.0,,[],12,Huy Hoàng Bcons ,,,2026-08-25 09:52:10,https://nha.chotot.com/tin/178364490,2026-09-17T07:32:30.296786
2347,"CHO THUÊ CĂN HỘ MỚI 2 PHÒNG NGỦ, DIỆN TÍCH 60M² ",13500000,0.20769231,65 m²,"Phường Khuê Mỹ, Quận Ngũ Hành Sơn, Đà Nẵng",Quận Ngũ Hành Sơn,Đà Nẵng,16.023426,108.2459,Căn hộ/Chung cư,2.0,2,,,,2.0,,,[],4,VANA,,,2026-09-17 14:30:06,https://nha.chotot.com/tin/178838887,2026-09-17T07:32:30.296976
2348,Bán căn Hưng Phát Silver Star - sát vách sunrise reverside - 4.6ty,4350000000,41.037735,106 m²,"Xã Phước Kiển, Huyện Nhà Bè, Tp Hồ Chí Minh",Huyện Nhà Bè,Tp Hồ Chí Minh,10.70387,106.71276,Căn hộ/Chung cư,1.0,3,,,Tây Nam,2.0,6.0,,[],9,Vân,,4.8,2026-09-03 11:16:19,https://nha.chotot.com/tin/177025273,2026-09-17T07:32:30.297169
2349,Cho thuê CC Garden gate 40m2 Offictel 1WC giá cực tốt chỉ 11tr/th ,11000000,0.31428573,35 m²,"Phường 9, Quận Phú Nhuận, Tp Hồ Chí Minh",Quận Phú Nhuận,Tp Hồ Chí Minh,10.80964,106.67425,Căn hộ/Chung cư,1.0,1,1,,,,,,[],3,Nguyễn Hoàng Toàn,,,2026-09-15 10:14:56,https://nha.chotot.com/tin/178787965,2026-09-17T07:32:30.297348
2350,KHAI TRƯƠNG ĐUPLEX 3🍠X ĐƯỜNG SỐ 1_NGUYỄN THỊ TÚ NHẬN XE ĐIỆN FULL NT,3700000,0.13214286,28 m²,"Phường Bình Hưng Hoà B, Quận Bình Tân, Tp Hồ Chí Minh",Quận Bình Tân,Tp Hồ Chí Minh,10.807803,106.59462,Căn hộ/Chung cư,3.0,1,1,,,2.0,4.0,1000000.0,[],11,Triệu an HiFriendz Tp ,,5.0,2026-09-17 14:29:46,https://nha.chotot.com/tin/178839353,2026-09-17T07:32:30.297538
2351,"Chung cư Tecco Green - Phan Văn Hớn căn 2p ngủ , full NT, giá 7,3tr/th",7300000,0.1,73 m²,"Phường Tân Thới Nhất, Quận 12, Tp Hồ Chí Minh",Quận 12,Tp Hồ Chí Minh,10.82954,106.61561,Căn hộ/Chung cư,1.0,2,2,,,2.0,6.0,,[],6,Phí Linh,,,2026-09-17 14:29:29,https://nha.chotot.com/tin/178839257,2026-09-17T07:32:30.297713
2352,💥CHDV - FUL NT - 2PN - BALCONY THOÁNG ⚡️ PHAN ĐĂNG LƯU - BÙI ĐÌNH TUÝ 💥,7800000,0.111428574,70 m²,"Phường 1, Quận Bình Thạnh, Tp Hồ Chí Minh",Quận Bình Thạnh,Tp Hồ Chí Minh,10.802451,106.697495,Căn hộ/Chung cư,2.0,2,,,,,,,[],12,Lương Thanh Trúc,,,2026-09-12 21:54:42,https://nha.chotot.com/tin/178437508,2026-09-17T07:32:30.297878
2353,"💥 HÀ ĐÔ CENTROSA – 2PN 2WC – NHÀ ĐẸP, FULL NỘI THẤT – Ở LIỀN CHỈ 22TR",22000000,0.25581396,86 m²,"Phường 12, Quận 10, Tp Hồ Chí Minh",Quận 10,Tp Hồ Chí Minh,10.7762,106.67889,Căn hộ/Chung cư,1.0,2,2,,,,,,[],12,Hoàng Dung,,4.5,2026-09-17 11:07:05,https://nha.chotot.com/tin/178834497,2026-09-17T07:32:30.298047
2354,"CĂN HỘ MINI CAO CẤP MỚI 100%, FULL NỘI THẤT NGAY ẺMART PHAN HUY ÍCH",5000000,0.2,25 m²,"Phường 12, Quận Gò Vấp, Tp Hồ Chí Minh",Quận Gò Vấp,Tp Hồ Chí Minh,10.837349,106.636284,Căn hộ/Chung cư,2.0,1,1,,,1.0,4.0,5000000.0,[],12,Alo Ngoc Hoang,,5.0,2026-09-17 14:28:24,https://nha.chotot.com/tin/178839301,2026-09-17T07:32:30.298241
2355,TÌM NỮ Ở GHÉP CĂN CHUNG CƯ 2PN,4500000,0.071428575,63 m²,"Phường Phú Thuận, Quận 7, Tp Hồ Chí Minh",Quận 7,Tp Hồ Chí Minh,10.722,106.7433,Căn hộ/Chung cư,1.0,2,2,,,2.0,4.0,4500000.0,[],7,Kim Thanh,,5.0,2026-09-17 14:28:16,https://nha.chotot.com/tin/178839296,2026-09-17T07:32:30.298427
2356,Khách Cần Tiền Ra Di Căn 2PN Hiyori Siêu Mới,5200000000,83.870964,62 m²,"Phường An Hải Đông, Quận Sơn Trà, Đà Nẵng",Quận Sơn Trà,Đà Nẵng,16.06191,108.23652,Căn hộ/Chung cư,1.0,2,2,,,1.0,2.0,,[],11,Hồng Công,,,2026-09-17 14:26:46,https://nha.chotot.com/tin/171220229,2026-09-17T07:32:30.298637
2357,⭐ RIVER PANORAMA CHO THUÊ 3PN2WC FULL NỘI THẤT VIEW ĐẸP CHỈ 19 TRIỆU,19000000,0.21111111,90 m²,"Phường Phú Mỹ, Quận 7, Tp Hồ Chí Minh",Quận 7,Tp Hồ Chí Minh,10.71422,106.73743,Căn hộ/Chung cư,1.0,3,2,,,2.0,6.0,,[],12,Huy,,5.0,2026-09-08 14:36:21,https://nha.chotot.com/tin/172861126,2026-09-17T07:32:30.298807
2358,"THẢO ĐIỀN, QUẬN 2 🏡 CHO THUÊ CHDV CAO CẤP💘 1PN BAN CÔNG FULL NỘI THẤT",11000000,0.22,50 m²,"Phường Thảo Điền (Quận 2 cũ), Thành phố Thủ Đức, Tp Hồ Chí Minh",Thành phố Thủ Đức,Tp Hồ Chí Minh,10.803914,106.72912,Căn hộ/Chung cư,2.0,1,1,,Đông Bắc,1.0,4.0,11000000.0,[],11,Phương An Chuyên Căn Hộ Quận 2,,5.0,2026-09-11 14:06:45,https://nha.chotot.com/tin/177928071,2026-09-17T07:32:30.299073
2359,CHDV FULL NỘI THẤT MỚI KENG GẦN MEGA MARKET Q12,3900000,0.156,25 m²,"Phường Tân Thới Hiệp, Quận 12, Tp Hồ Chí Minh",Quận 12,Tp Hồ Chí Minh,10.887289,106.64767,Căn hộ/Chung cư,2.0,1,1,4,,2.0,4.0,,[],10,Anh Tuấn Tìm Phòng,,5.0,2026-09-17 14:26:20,https://nha.chotot.com/tin/178839237,2026-09-17T07:32:30.299245
2360,CHO THUÊ CĂN HỘ DUPLEX 2  GIƯỜNG NGỦ FULL NỘI THẤT CÓ CỬA SỔ THOÁNG,6000000,0.13333334,45 m²,"Phường 8, Thành phố Đà Lạt, Lâm Đồng",Thành phố Đà Lạt,Lâm Đồng,11.977858,108.45107,Căn hộ/Chung cư,3.0,1,1,,,,,,[],9,Quang gohome,,,2026-09-17 14:26:16,https://nha.chotot.com/tin/178839207,2026-09-17T07:32:30.299408
2361,NHÀ ĐẸP TÂN PHÚ ÂU CƠ 56M2_3 TẦNG _NGAY ĐH VĂN HIẾN_HẺM 8M_ NHỈNH 6T,6500000000,108.333336,60 m²,"Phường Tân Thành, Quận Tân Phú, Tp Hồ Chí Minh",Quận Tân Phú,Tp Hồ Chí Minh,10.791454,106.63355,Nhà ở,,3,3,3,,,1.0,,[],9,Trang,,,2026-09-17 14:32:10,https://nha.chotot.com/tin/178839418,2026-09-17T07:32:31.675498
2362,Cho thuê nhà nguyên căn đường Quang Trung ,11500000,0.23958333,48 m²,"Phường 14, Quận Gò Vấp, Tp Hồ Chí Minh",Quận Gò Vấp,Tp Hồ Chí Minh,10.850746,106.64534,Nhà ở,,4,3,2,,,1.0,,[],5,Út Trung Gò vấp ,,5.0,2026-09-09 14:45:06,https://nha.chotot.com/tin/178281738,2026-09-17T07:32:31.675819
2363,KHU PHẠM VĂN ĐỒNG VILLA HỒ BƠI 7PN - SIÊU ĐẸP,65000000,0.325,200 m²,"Phường An Hải Bắc, Quận Sơn Trà, Đà Nẵng",Quận Sơn Trà,Đà Nẵng,16.0752,108.23292,Nhà ở,,7,7,3,,2.0,1.0,65000000.0,[],12,Trân Duy Hải,,5.0,2026-09-17 14:31:34,https://nha.chotot.com/tin/178839400,2026-09-17T07:32:31.676033
2364,Bán nhà hẻm 184 thoáng đường Âu Dương Lân P3 Q8 ,3180000000,104.605606,30.3999 m²,"Phường 3, Quận 8, Tp Hồ Chí Minh",Quận 8,Tp Hồ Chí Minh,10.745962,106.68301,Nhà ở,,2,2,2,,2.0,1.0,,[],5, Như Ý,,,2026-09-17 14:31:29,https://nha.chotot.com/tin/178502242,2026-09-17T07:32:31.676374
2365,HÀNG HIẾM KHÓ TÌM - NHÀ C4 144m² S.H.R - CHỈ 820TR - TÂN AN HỘI CỦ CHI,820000000,5.6944447,144 m²,"Xã Tân An Hội, Huyện Củ Chi, Tp Hồ Chí Minh",Huyện Củ Chi,Tp Hồ Chí Minh,10.9593525,106.48182,Nhà ở,,2,1,1,,4.0,4.0,,[],8,Nguyễn Văn Quốc,,,2026-09-17 14:31:19,https://nha.chotot.com/tin/178838518,2026-09-17T07:32:31.676648
2366,CHO THUÊ NHÀ ĐƯỜNG QUỐC HƯƠNG GIÁ 27 TRIỆU ,27000000,0.36,75 m²,"Phường Thảo Điền (Quận 2 cũ), Thành phố Thủ Đức, Tp Hồ Chí Minh",Thành phố Thủ Đức,Tp Hồ Chí Minh,10.807138,106.73095,Nhà ở,,2,2,2,,,,,[],6,Phương,,,2026-09-17 14:31:17,https://nha.chotot.com/tin/178839383,2026-09-17T07:32:31.676821
2367,"CHO THUÊ NHÀ  PHẠM QUÝ THÍCH   P.PHÚ THỌ HOÀ, TÂN PHÚ   📐 Diện tích: 4",10500000,0.125,84 m²,"Phường Tân Quý, Quận Tân Phú, Tp Hồ Chí Minh",Quận Tân Phú,Tp Hồ Chí Minh,10.789263,106.62116,Nhà ở,,1,1,,,,,,[],3,Thu,,4.0,2026-09-17 14:31:09,https://nha.chotot.com/tin/178839386,2026-09-17T07:32:31.676989
2368,"CHO THUÊ NHÀ NGUYÊN CĂN – PHƯỜNG LINH TÂY, TP. THỦ ĐỨC  📍 Địa chỉ: 145",10000000,0.14285715,70 m²,"Phường Linh Tây (Quận Thủ Đức cũ), Thành phố Thủ Đức, Tp Hồ Chí Minh",Thành phố Thủ Đức,Tp Hồ Chí Minh,10.86056,106.756256,Nhà ở,,2,,,,,,,[],6,Đăng Quang Rental,,,2026-09-17 14:31:05,https://nha.chotot.com/tin/178839388,2026-09-17T07:32:31.677172
2369,Nhà 3 Rưỡi - Mặt Tiền Hải Châu Gần Đống Đa ( SỤP ),5500000000,110.0,50 m²,"Phường Thuận Phước, Quận Hải Châu, Đà Nẵng",Quận Hải Châu,Đà Nẵng,16.08619,108.21645,Nhà ở,,6,,5,,,,,[],7,hưng thịnh,,5.0,2026-09-02 10:54:17,https://nha.chotot.com/tin/178518870,2026-09-17T07:32:31.677346
2370,"[GIÁ RẺ] NHÀ NGUYÊN CĂN 1 TRỆT 1 LẦU GẦN EMART, CHỢ TÂN SƠN",8000000,0.14285715,56 m²,"Phường 12, Quận Gò Vấp, Tp Hồ Chí Minh",Quận Gò Vấp,Tp Hồ Chí Minh,10.832696,106.63855,Nhà ở,,2,2,1,,,,,[],8,THÀNH ĐẠT CHUYÊN CHO THUÊ PHÒNG TRỌ CHDV GIÁ TỐT,,,2026-09-17 14:30:48,https://nha.chotot.com/tin/178839377,2026-09-17T07:32:31.677509
2371,Giá Thuê : 9tr/1 tháng Cho Thuê Nhà Đường Bùi Quang Là P12 Q. gò Vấp -,9000000,0.140625,64 m²,"Phường 12, Quận Gò Vấp, Tp Hồ Chí Minh",Quận Gò Vấp,Tp Hồ Chí Minh,10.835113,106.6396,Nhà ở,,2,2,,Tây,,,1.0,[],6,Quang Huy,,5.0,2026-09-07 10:48:48,https://nha.chotot.com/tin/178617090,2026-09-17T07:32:31.677689
2372,"BÁN GẤP NHÀ KQH HOÀNG DIỆU PHƯỜNG CAM LY ĐÀ LẠT CHỈ 5,4 TỶ",5400000000,120.0,45 m²,"Phường 5, Thành phố Đà Lạt, Lâm Đồng",Thành phố Đà Lạt,Lâm Đồng,11.942885,108.427925,Nhà ở,,3,2,3,Tây Bắc,3.0,,,[],4,Tô Hoàng Phương Trinh,,,2026-09-15 15:32:14,https://nha.chotot.com/tin/178796817,2026-09-17T07:32:31.677865
2373,Nhà mới DT:4x9m 2 Tầng 2pn 2wc hẻm 1942 Huỳnh Tấn Phát,1960000000,61.25,32 m²,"Thị trấn Nhà Bè, Huyện Nhà Bè, Tp Hồ Chí Minh",Huyện Nhà Bè,Tp Hồ Chí Minh,10.698072,106.738914,Nhà ở,,2,,2,,,,,[],11,Nam Phú Gia,,,2026-09-06 06:52:42,https://nha.chotot.com/tin/178593726,2026-09-17T07:32:31.678032
2374,Nhà Lầu 4 Tầng Hẻm Oto Xây Mới 100% Âu Dương Lân P2 Q8,8600000000,204.7619,42 m²,"Phường 2, Quận 8, Tp Hồ Chí Minh",Quận 8,Tp Hồ Chí Minh,10.742134,106.685104,Nhà ở,,4,3,4,,2.0,1.0,,[],8,Phạm Quốc Thắng,,,2026-09-17 14:29:58,https://nha.chotot.com/tin/178839361,2026-09-17T07:32:31.678206
2375,"Cho Thuê Biệt Thự Nam Thông PMH Q7 - 450m2, 5PN, Đường 20m",70000000,0.15555556,450 m²,"Phường Tân Phong, Quận 7, Tp Hồ Chí Minh",Quận 7,Tp Hồ Chí Minh,10.73019,106.70033,Nhà ở,,5,4,5,,,,,[],12,Thuỷ Trần,,,2026-08-31 09:55:18,https://nha.chotot.com/tin/178484863,2026-09-17T07:32:31.678367
2376,Cần cho thuê nhà góc 2 Mặt Tiền 84A Phổ Quang P.2 Q.Tân Bình,30000000,0.3030303,99 m²,"Phường 2, Quận Tân Bình, Tp Hồ Chí Minh",Quận Tân Bình,Tp Hồ Chí Minh,10.806851,106.668365,Nhà ở,,5,5,4,,,1.0,60000000.0,[],6,Anh Thanh,,,2026-09-17 14:29:37,https://nha.chotot.com/tin/178839329,2026-09-17T07:32:31.678642
2377,Bán nhà lầu đúc kiên cố hẻm xe hơi rộng đường Dương Bá Trạc P1 Q8 ,11800000000,245.83333,48 m²,"Phường 1, Quận 8, Tp Hồ Chí Minh",Quận 8,Tp Hồ Chí Minh,10.74418,106.69049,Nhà ở,,4,4,4,Nam,2.0,1.0,,[],3,Nguyễn Thìn ,,4.4,2026-09-17 14:29:34,https://nha.chotot.com/tin/178839333,2026-09-17T07:32:31.678799
2378,"Bán nhà riêng 4mx18,3m",12300000000,169.65517,72.5 m²,"Phường Tân Sơn Nhì, Quận Tân Phú, Tp Hồ Chí Minh",Quận Tân Phú,Tp Hồ Chí Minh,10.796407,106.63215,Nhà ở,,1,,,,,,,[],3,Nguyễn Võ Châu Phát,,,2026-09-16 14:28:21,https://nha.chotot.com/tin/178817793,2026-09-17T07:32:31.678966
2379,cho thuê,25000000,0.41666666,60 m²,"Phường 8, Quận 5, Tp Hồ Chí Minh",Quận 5,Tp Hồ Chí Minh,10.756033,106.671135,Nhà ở,,4,5,3,Đông,3.0,1.0,50000000.0,[],3,Phạm Ánh Lan,,5.0,2026-09-17 12:38:51,https://nha.chotot.com/tin/178836750,2026-09-17T07:32:31.679136
2380,cho thuê nhà 2 tầng đường phan thanh sát đại học duy tân,11000000,0.22,50 m²,"Phường Thạc Gián, Quận Thanh Khê, Đà Nẵng",Quận Thanh Khê,Đà Nẵng,16.063013,108.208755,Nhà ở,,3,3,2,,1.0,,,[],10,Đại tuấn,,,2026-09-17 14:29:11,https://nha.chotot.com/tin/178839312,2026-09-17T07:32:31.679312
2381,"HIẾM!!!! - Hẻm Sư Vạn Hạnh, P12, Q.10 - 5x20m, 4 Tầng, 400m2",38000000,0.38,100 m²,"Phường 12, Quận 10, Tp Hồ Chí Minh",Quận 10,Tp Hồ Chí Minh,10.775027,106.667755,Đất,,,,4,,,,,[],9,Ngô Thanh Hùng,,,2026-09-17 14:30:13,https://nha.chotot.com/tin/178839362,2026-09-17T07:32:32.756289
2382,CHO THUÊ HẺM NGUYỄN VĂN TRỖI TÂN BÌNH | 12x15m siêu rộng,58000000,0.58,100 m²,"Phường 10, Quận Tân Bình, Tp Hồ Chí Minh",Quận Tân Bình,Tp Hồ Chí Minh,10.798557,106.67042,Đất,,,,,,,,116000000.0,[],8,Dung tr,,,2026-09-17 14:29:35,https://nha.chotot.com/tin/178839347,2026-09-17T07:32:32.756612
2383,"Cho thuê nhà phố 5 tầng có thang máy, rèm đường D9",45000000,0.53571427,84 m²,"Phường Long Bình (Quận 9 cũ), Thành phố Thủ Đức, Tp Hồ Chí Minh",Thành phố Thủ Đức,Tp Hồ Chí Minh,10.84805,106.83874,Đất,,,,5,,3.0,1.0,,[],4,DUY HOMES,,,2026-09-09 09:41:13,https://nha.chotot.com/tin/178661906,2026-09-17T07:32:32.756816
2384,"Cho thuê vp phố nguyên hồng,đống đa,dt 68m2,giá 13tr/tháng",13000000,0.19117647,68 m²,"Phường Láng Hạ, Quận Đống Đa, Hà Nội",Quận Đống Đa,Hà Nội,21.015743,105.80971,Đất,,,,8,,1.0,1.0,,[],5,Đào Thành Lân,,,2026-09-17 14:27:34,https://nha.chotot.com/tin/178839277,2026-09-17T07:32:32.756998
2385,🔥 CHO THUÊ BIỆT THỰ SÂN VƯỜN NGUYỄN VĂN TRỖI – NGANG 12M – GIÁ 59TR/TH,59000000,0.118,500 m²,"Phường 10, Quận Phú Nhuận, Tp Hồ Chí Minh",Quận Phú Nhuận,Tp Hồ Chí Minh,10.798557,106.67042,Đất,,,,,,,,150000000.0,[],7,Kiều Hằng,,,2026-09-17 14:27:01,https://nha.chotot.com/tin/178839254,2026-09-17T07:32:32.757428
2386,Cho thuê kho 1200m QL1A Tam Bình chỉ 75k,90000000,0.075,1200 m²,"Phường Tam Bình (Quận Thủ Đức cũ), Thành phố Thủ Đức, Tp Hồ Chí Minh",Thành phố Thủ Đức,Tp Hồ Chí Minh,10.871881,106.739655,Đất,,,,,,,,3.0,[],3,Anhthe,,4.0,2026-09-14 18:07:53,https://nha.chotot.com/tin/178775394,2026-09-17T07:32:32.757673
2387,BIỆT THỰ SÂN VƯỜN KHU TỔ HỢP F&B VÀ ĐA NGÀNH NGHỀ TRUNG TÂM QUẬN 3 ,115000000,0.34848484,330 m²,"Phường Võ Thị Sáu, Quận 3, Tp Hồ Chí Minh",Quận 3,Tp Hồ Chí Minh,10.788824,106.690765,Đất,,,,,,,,,[],9,Yến Ngọc,,,2026-09-17 14:25:23,https://nha.chotot.com/tin/178839200,2026-09-17T07:32:32.757977
2388,🍑Đoạn Đẹp NGUYỄN GIA TRÍ - 4x25m (Trệt 2 Lầu)🍑,65000000,0.21666667,300 m²,"Phường 25, Quận Bình Thạnh, Tp Hồ Chí Minh",Quận Bình Thạnh,Tp Hồ Chí Minh,10.810227,106.71722,Đất,,,,,,,,,[],6,Nhà Phố Cho Thuê,,,2026-09-17 14:24:57,https://nha.chotot.com/tin/175622468,2026-09-17T07:32:32.758177
2389,"🌟10x15m - TRẦN QUỐC TOẢN, Quận 3🌟 Trệt 2 Lầu",60000000,0.13333334,450 m²,"Phường Võ Thị Sáu, Quận 3, Tp Hồ Chí Minh",Quận 3,Tp Hồ Chí Minh,10.78659,106.68779,Đất,,,,,,,,,[],4,Nhà Phố Cho Thuê,,,2026-09-17 14:24:26,https://nha.chotot.com/tin/175903201,2026-09-17T07:32:32.758428
2390,cho thuê 100m văn phòng giá 30 tr,30000000,0.3,100 m²,"Phường An Khánh (Quận 2 cũ), Thành phố Thủ Đức, Tp Hồ Chí Minh",Thành phố Thủ Đức,Tp Hồ Chí Minh,10.79159,106.73052,Đất,,,,,,,,60000000.0,[],3,Nguyễn Văn Hậu,,,2026-09-05 13:44:09,https://nha.chotot.com/tin/178581677,2026-09-17T07:32:32.758683
2391,CHO THUÊ TÒA NHÀ VĂN PHÒNG NGUYỄN VĂN TRỖI NGAY NGÃ TƯ PHÚ NHUẬN,130000000,0.096296296,1350 m²,"Phường 10, Quận Phú Nhuận, Tp Hồ Chí Minh",Quận Phú Nhuận,Tp Hồ Chí Minh,10.798557,106.67042,Đất,,,,,,,,,[],3,Anh Đào,,,2026-09-12 11:08:02,https://nha.chotot.com/tin/178727010,2026-09-17T07:32:32.758863
2392,Mặt bằng đẹp Hồ Văn Huê 30m2,7490000,0.24966666,30 m²,"Phường 9, Quận Phú Nhuận, Tp Hồ Chí Minh",Quận Phú Nhuận,Tp Hồ Chí Minh,10.80251,106.67629,Đất,,,,,,,,7490000.0,[],7,NGUYỄN THỊ ANH THƯ,,,2026-09-06 15:25:13,https://nha.chotot.com/tin/178603931,2026-09-17T07:32:32.759038
2393,"🇻🇳SHOPHOUSE 3 TẦNG MẶT TIỀN MÊ LINH | GẦN ORI, KCN HÒA KHÁNH",14000000,0.11666667,120 m²,"Phường Hòa Hiệp Nam, Quận Liên Chiểu, Đà Nẵng",Quận Liên Chiểu,Đà Nẵng,16.09171,108.12595,Đất,,04,,3,,,,,[],10,Ngô Văn Cảnh,,4.4,2026-09-17 14:22:04,https://nha.chotot.com/tin/178839109,2026-09-17T07:32:32.759221
2394,🔥 HẺM XE HƠI  HUỲNH VĂN BÁNH – PHÚ NHUẬN | 4PN – 4WC | CHỈ 2x,23000000,0.23,100 m²,"Phường 10, Quận Phú Nhuận, Tp Hồ Chí Minh",Quận Phú Nhuận,Tp Hồ Chí Minh,10.791831,106.671616,Đất,,4,,,,,,46000000.0,[],6,Dung tr,,,2026-09-17 14:21:51,https://nha.chotot.com/tin/178839122,2026-09-17T07:32:32.759390
2395,"Măt tiền Nguyễn Cư Trinh, Quận 1 (Ngang 17m)",90000000,0.45,200 m²,"Phường Nguyễn Cư Trinh, Quận 1, Tp Hồ Chí Minh",Quận 1,Tp Hồ Chí Minh,10.763458,106.68884,Đất,,,,,,,,,[],5,Nhà Phố Cho Thuê,,,2026-09-17 14:21:14,https://nha.chotot.com/tin/178280784,2026-09-17T07:32:32.759576
2396,"🔥GÓC 2MT - NGUYỄN TRÃI, Bến Thành, Q1🔥400m2 sử dụng",150000000,0.375,400 m²,"Phường Bến Thành, Quận 1, Tp Hồ Chí Minh",Quận 1,Tp Hồ Chí Minh,10.771166,106.68731,Đất,,,,,,,,,[],4,Nhà Phố Cho Thuê,,,2026-09-17 14:20:35,https://nha.chotot.com/tin/175556911,2026-09-17T07:32:32.759819
2397,CHO THUÊ TÒA NHÀ 2 MẶT TIỀN VÕ VĂN NGÂN DT 12M X 36M TP THỦ ĐỨC,100000000,0.07692308,1300 m²,"Phường Bình Thọ (Quận Thủ Đức cũ), Thành phố Thủ Đức, Tp Hồ Chí Minh",Thành phố Thủ Đức,Tp Hồ Chí Minh,10.850573,106.76223,Đất,,,,,,,1.0,,[],3,Oanh Home,,,2026-09-17 14:20:21,https://nha.chotot.com/tin/178262159,2026-09-17T07:32:32.760138
2398,"🔥 CHO THUÊ TẦNG 7 160m2 – 104A XUÂN THUỶ, THẢO ĐIỀN, Q2 🔥",50000000,0.3125,160 m²,"Phường Thảo Điền (Quận 2 cũ), Thành phố Thủ Đức, Tp Hồ Chí Minh",Thành phố Thủ Đức,Tp Hồ Chí Minh,10.803889,106.73543,Đất,,,,,,,,150000000.0,[],8,Kiều Hằng,,,2026-09-17 14:18:58,https://nha.chotot.com/tin/178839027,2026-09-17T07:32:32.760336
2399,Cho thuê  Shophouse Panorama Phú Mỹ Hưng 2 tầng 50tr/th,50000000,0.35460994,141 m²,"Phường Tân Phong, Quận 7, Tp Hồ Chí Minh",Quận 7,Tp Hồ Chí Minh,10.72168,106.71284,Đất,,,,2,Tây Nam,,1.0,,[],7,Dân,,,2026-09-17 14:18:55,https://nha.chotot.com/tin/177011854,2026-09-17T07:32:32.760507
2400,Kho trống VIEW SÔNG 235/50A Đặng Thùy Trâm. DT 8X20M.,20000000,0.125,160 m²,"Phường 13, Quận Bình Thạnh, Tp Hồ Chí Minh",Quận Bình Thạnh,Tp Hồ Chí Minh,10.824377,106.70332,Đất,,,,,,2.0,1.0,,[],3,Anh Dũng,,4.0,2026-09-17 14:17:42,https://nha.chotot.com/tin/167862234,2026-09-17T07:32:32.760717
2401,Bán căn hộ Phạm Văn Đồng Long Thành Đồng Nai 1.1 tỷ,1100000000,21.153847,52 m²,"Thị trấn Long Thành, Huyện Long Thành, Đồng Nai",Huyện Long Thành,Đồng Nai,10.77828,106.94472,Căn hộ/Chung cư,1.0,2,,,Bắc,3.0,6.0,,[],4,Bùi Duy Hưng,,,2026-09-17 14:31:55,https://nha.chotot.com/tin/178839401,2026-09-17T07:32:33.846760
2402,Cho thuê nhà nguyên căn đường Quang Trung ,11500000,0.23958333,48 m²,"Phường 14, Quận Gò Vấp, Tp Hồ Chí Minh",Quận Gò Vấp,Tp Hồ Chí Minh,10.850746,106.64534,Nhà ở,,4,3,2,,,1.0,,[],5,Út Trung Gò vấp ,,5.0,2026-09-09 14:45:06,https://nha.chotot.com/tin/178281738,2026-09-17T07:32:33.847065
2403,"CẦN BÁN CĂN HỘ CC THỚI AN, Q12, 95M2 , CÓ SÂN VƯỜN, 2,82 TỶ",2820000000,29.68421,95 m²,"Phường Thới An, Quận 12, Tp Hồ Chí Minh",Quận 12,Tp Hồ Chí Minh,10.87607,106.655655,Căn hộ/Chung cư,1.0,2,2,,Đông Nam,2.0,6.0,,[],5,VÕ Hằng ,,,2026-08-25 21:26:52,https://nha.chotot.com/tin/178382179,2026-09-17T07:32:33.847250
2404,KHU PHẠM VĂN ĐỒNG VILLA HỒ BƠI 7PN - SIÊU ĐẸP,65000000,0.325,200 m²,"Phường An Hải Bắc, Quận Sơn Trà, Đà Nẵng",Quận Sơn Trà,Đà Nẵng,16.0752,108.23292,Nhà ở,,7,7,3,,2.0,1.0,65000000.0,[],12,Trân Duy Hải,,5.0,2026-09-17 14:31:34,https://nha.chotot.com/tin/178839400,2026-09-17T07:32:33.847559
2405,🥳🥳Một Căn Hộ Vừa Đẹp- Vừa Tiện Nghi - Vừa Có Không Gian Sống Thoángãng,12000000,0.4,30 m²,"Phường Thảo Điền (Quận 2 cũ), Thành phố Thủ Đức, Tp Hồ Chí Minh",Thành phố Thủ Đức,Tp Hồ Chí Minh,10.806585,106.72578,Căn hộ/Chung cư,2.0,1,,,,,,12000000.0,[],10,Hồng Loan HIFRIENDZ,,,2026-09-17 14:31:31,https://nha.chotot.com/tin/178373155,2026-09-17T07:32:33.847858
2406,Bán nhà hẻm 184 thoáng đường Âu Dương Lân P3 Q8 ,3180000000,104.605606,30.3999 m²,"Phường 3, Quận 8, Tp Hồ Chí Minh",Quận 8,Tp Hồ Chí Minh,10.745962,106.68301,Nhà ở,,2,2,2,,2.0,1.0,,[],5, Như Ý,,,2026-09-17 14:31:29,https://nha.chotot.com/tin/178502242,2026-09-17T07:32:33.848067
2407,HÀNG HIẾM KHÓ TÌM - NHÀ C4 144m² S.H.R - CHỈ 820TR - TÂN AN HỘI CỦ CHI,820000000,5.6944447,144 m²,"Xã Tân An Hội, Huyện Củ Chi, Tp Hồ Chí Minh",Huyện Củ Chi,Tp Hồ Chí Minh,10.9593525,106.48182,Nhà ở,,2,1,1,,4.0,4.0,,[],8,Nguyễn Văn Quốc,,,2026-09-17 14:31:19,https://nha.chotot.com/tin/178838518,2026-09-17T07:32:33.848287
2408,"🌧️🫧🏡 CĂN HỘ HIỆN ĐẠI – GỌN GÀNG, ẤM ÁP, ĐỦ ĐẦY TIỆN NGHI ✨😅🥹",7000000,0.23333333,30 m²,"Phường An Phú (Quận 2 cũ), Thành phố Thủ Đức, Tp Hồ Chí Minh",Thành phố Thủ Đức,Tp Hồ Chí Minh,10.794329,106.742546,Căn hộ/Chung cư,2.0,1,,,,,,7000000.0,[],7,Hồng Loan HIFRIENDZ,,,2026-09-17 14:31:18,https://nha.chotot.com/tin/178372865,2026-09-17T07:32:33.848459
2409,CHO THUÊ NHÀ ĐƯỜNG QUỐC HƯƠNG GIÁ 27 TRIỆU ,27000000,0.36,75 m²,"Phường Thảo Điền (Quận 2 cũ), Thành phố Thủ Đức, Tp Hồ Chí Minh",Thành phố Thủ Đức,Tp Hồ Chí Minh,10.807138,106.73095,Nhà ở,,2,2,2,,,,,[],6,Phương,,,2026-09-17 14:31:17,https://nha.chotot.com/tin/178839383,2026-09-17T07:32:33.848657
2410,"CHO THUÊ NHÀ  PHẠM QUÝ THÍCH   P.PHÚ THỌ HOÀ, TÂN PHÚ   📐 Diện tích: 4",10500000,0.125,84 m²,"Phường Tân Quý, Quận Tân Phú, Tp Hồ Chí Minh",Quận Tân Phú,Tp Hồ Chí Minh,10.789263,106.62116,Nhà ở,,1,1,,,,,,[],3,Thu,,4.0,2026-09-17 14:31:09,https://nha.chotot.com/tin/178839386,2026-09-17T07:32:33.848813
2411,Gia đình có việc cần chuyển nhượng căn hộ gần Depot Tham Lương 2PN,3500000000,57.37705,61 m²,"Phường Tân Thới Nhất, Quận 12, Tp Hồ Chí Minh",Quận 12,Tp Hồ Chí Minh,10.82442,106.62025,Căn hộ/Chung cư,1.0,2,1,,,3.0,6.0,,[],5,Đơn Phương,,,2026-09-10 10:12:16,https://nha.chotot.com/tin/178684712,2026-09-17T07:32:33.848976
2412,"CHO THUÊ NHÀ NGUYÊN CĂN – PHƯỜNG LINH TÂY, TP. THỦ ĐỨC  📍 Địa chỉ: 145",10000000,0.14285715,70 m²,"Phường Linh Tây (Quận Thủ Đức cũ), Thành phố Thủ Đức, Tp Hồ Chí Minh",Thành phố Thủ Đức,Tp Hồ Chí Minh,10.86056,106.756256,Nhà ở,,2,,,,,,,[],6,Đăng Quang Rental,,,2026-09-17 14:31:05,https://nha.chotot.com/tin/178839388,2026-09-17T07:32:33.849162
2413,Nhà 3 Rưỡi - Mặt Tiền Hải Châu Gần Đống Đa ( SỤP ),5500000000,110.0,50 m²,"Phường Thuận Phước, Quận Hải Châu, Đà Nẵng",Quận Hải Châu,Đà Nẵng,16.08619,108.21645,Nhà ở,,6,,5,,,,,[],7,hưng thịnh,,5.0,2026-09-02 10:54:17,https://nha.chotot.com/tin/178518870,2026-09-17T07:32:33.849327
2414,"[GIÁ RẺ] NHÀ NGUYÊN CĂN 1 TRỆT 1 LẦU GẦN EMART, CHỢ TÂN SƠN",8000000,0.14285715,56 m²,"Phường 12, Quận Gò Vấp, Tp Hồ Chí Minh",Quận Gò Vấp,Tp Hồ Chí Minh,10.832696,106.63855,Nhà ở,,2,2,1,,,,,[],8,THÀNH ĐẠT CHUYÊN CHO THUÊ PHÒNG TRỌ CHDV GIÁ TỐT,,,2026-09-17 14:30:48,https://nha.chotot.com/tin/178839377,2026-09-17T07:32:33.849481
2415,"Cho thuê giá tốt 3PN view sông, nội thất xịn, Vinhomes Central Park",35000000,0.3043478,115 m²,"Phường 22, Quận Bình Thạnh, Tp Hồ Chí Minh",Quận Bình Thạnh,Tp Hồ Chí Minh,10.79387,106.72032,Căn hộ/Chung cư,1.0,3,2,,,1.0,6.0,,[],12,Huyền Nguyễn,,,2026-09-02 15:25:06,https://nha.chotot.com/tin/178523171,2026-09-17T07:32:33.849648
2416,Giá Thuê : 9tr/1 tháng Cho Thuê Nhà Đường Bùi Quang Là P12 Q. gò Vấp -,9000000,0.140625,64 m²,"Phường 12, Quận Gò Vấp, Tp Hồ Chí Minh",Quận Gò Vấp,Tp Hồ Chí Minh,10.835113,106.6396,Nhà ở,,2,2,,Tây,,,1.0,[],6,Quang Huy,,5.0,2026-09-07 10:48:48,https://nha.chotot.com/tin/178617090,2026-09-17T07:32:33.849887
2417,"BÁN GẤP NHÀ KQH HOÀNG DIỆU PHƯỜNG CAM LY ĐÀ LẠT CHỈ 5,4 TỶ",5400000000,120.0,45 m²,"Phường 5, Thành phố Đà Lạt, Lâm Đồng",Thành phố Đà Lạt,Lâm Đồng,11.942885,108.427925,Nhà ở,,3,2,3,Tây Bắc,3.0,,,[],4,Tô Hoàng Phương Trinh,,,2026-09-15 15:32:14,https://nha.chotot.com/tin/178796817,2026-09-17T07:32:33.850058
2418,KHAI TRƯƠNG PHÒNG TRỌ SINH VIÊN GIÁ RẺ NGAY ĐH CÔNG THƯƠNG TÂN PHÚ,3500000,0.14,25 m²,"Phường Tân Sơn Nhì, Quận Tân Phú, Tp Hồ Chí Minh",Quận Tân Phú,Tp Hồ Chí Minh,10.801903,106.625885,Phòng trọ,,,,,,,,3500000.0,[],5,Kiều Oanh NeWay Home ,,5.0,2026-09-17 14:30:15,https://nha.chotot.com/tin/178453357,2026-09-17T07:32:33.850222
2419,"HIẾM!!!! - Hẻm Sư Vạn Hạnh, P12, Q.10 - 5x20m, 4 Tầng, 400m2",38000000,0.38,100 m²,"Phường 12, Quận 10, Tp Hồ Chí Minh",Quận 10,Tp Hồ Chí Minh,10.775027,106.667755,Đất,,,,4,,,,,[],9,Ngô Thanh Hùng,,,2026-09-17 14:30:13,https://nha.chotot.com/tin/178839362,2026-09-17T07:32:33.850408
2420,Bán Đất Lô Góc Võ Văn Vân giá cực tốt,4190000000,37.410713,112 m²,"Xã Vĩnh Lộc B, Huyện Bình Chánh, Tp Hồ Chí Minh",Huyện Bình Chánh,Tp Hồ Chí Minh,10.773623,106.57547,Văn phòng/Mặt bằng,,,,,,,1.0,,[],6,Thanh Hưng,,3.4,2026-09-09 18:08:26,https://nha.chotot.com/tin/178674907,2026-09-17T07:32:33.850594
2421,"CẦN BÁN CĂN HỘ CC THỚI AN, Q12, 95M2 , CÓ SÂN VƯỜN, 2,82 TỶ",2820000000,29.68421,95 m²,"Phường Thới An, Quận 12, Tp Hồ Chí Minh",Quận 12,Tp Hồ Chí Minh,10.87607,106.655655,Căn hộ/Chung cư,1.0,2,2,,Đông Nam,2.0,6.0,,[],5,VÕ Hằng ,,,2026-08-25 21:26:52,https://nha.chotot.com/tin/178382179,2026-09-17T07:32:35.286115
2422,🥳🥳Một Căn Hộ Vừa Đẹp- Vừa Tiện Nghi - Vừa Có Không Gian Sống Thoángãng,12000000,0.4,30 m²,"Phường Thảo Điền (Quận 2 cũ), Thành phố Thủ Đức, Tp Hồ Chí Minh",Thành phố Thủ Đức,Tp Hồ Chí Minh,10.806585,106.72578,Căn hộ/Chung cư,2.0,1,,,,,,12000000.0,[],10,Hồng Loan HIFRIENDZ,,,2026-09-17 14:31:31,https://nha.chotot.com/tin/178373155,2026-09-17T07:32:35.286548
2423,"🌧️🫧🏡 CĂN HỘ HIỆN ĐẠI – GỌN GÀNG, ẤM ÁP, ĐỦ ĐẦY TIỆN NGHI ✨😅🥹",7000000,0.23333333,30 m²,"Phường An Phú (Quận 2 cũ), Thành phố Thủ Đức, Tp Hồ Chí Minh",Thành phố Thủ Đức,Tp Hồ Chí Minh,10.794329,106.742546,Căn hộ/Chung cư,2.0,1,,,,,,7000000.0,[],7,Hồng Loan HIFRIENDZ,,,2026-09-17 14:31:18,https://nha.chotot.com/tin/178372865,2026-09-17T07:32:35.286754
2424,Gia đình có việc cần chuyển nhượng căn hộ gần Depot Tham Lương 2PN,3500000000,57.37705,61 m²,"Phường Tân Thới Nhất, Quận 12, Tp Hồ Chí Minh",Quận 12,Tp Hồ Chí Minh,10.82442,106.62025,Căn hộ/Chung cư,1.0,2,1,,,3.0,6.0,,[],5,Đơn Phương,,,2026-09-10 10:12:16,https://nha.chotot.com/tin/178684712,2026-09-17T07:32:35.286929
2425,"Cho thuê giá tốt 3PN view sông, nội thất xịn, Vinhomes Central Park",35000000,0.3043478,115 m²,"Phường 22, Quận Bình Thạnh, Tp Hồ Chí Minh",Quận Bình Thạnh,Tp Hồ Chí Minh,10.79387,106.72032,Căn hộ/Chung cư,1.0,3,2,,,1.0,6.0,,[],12,Huyền Nguyễn,,,2026-09-02 15:25:06,https://nha.chotot.com/tin/178523171,2026-09-17T07:32:35.287204
2426,"BCONS ARIA TRẢ TRƯỚC CHỈ 5% CHIẾT KHẤU 8,5% HỖ TRỢ LS 6,9% TRONG 4 NĂM",2600000000,49.056602,53 m²,"Phường Đông Hòa, Thành phố Dĩ An, Bình Dương",Thành phố Dĩ An,Bình Dương,10.89115,106.8022,Căn hộ/Chung cư,1.0,2,2,37,Tây,3.0,4.0,,[],12,Huy Hoàng Bcons ,,,2026-08-25 09:52:10,https://nha.chotot.com/tin/178364490,2026-09-17T07:32:35.287386
2427,"CHO THUÊ CĂN HỘ MỚI 2 PHÒNG NGỦ, DIỆN TÍCH 60M² ",13500000,0.20769231,65 m²,"Phường Khuê Mỹ, Quận Ngũ Hành Sơn, Đà Nẵng",Quận Ngũ Hành Sơn,Đà Nẵng,16.023426,108.2459,Căn hộ/Chung cư,2.0,2,,,,2.0,,,[],4,VANA,,,2026-09-17 14:30:06,https://nha.chotot.com/tin/178838887,2026-09-17T07:32:35.287582
2428,Bán căn Hưng Phát Silver Star - sát vách sunrise reverside - 4.6ty,4350000000,41.037735,106 m²,"Xã Phước Kiển, Huyện Nhà Bè, Tp Hồ Chí Minh",Huyện Nhà Bè,Tp Hồ Chí Minh,10.70387,106.71276,Căn hộ/Chung cư,1.0,3,,,Tây Nam,2.0,6.0,,[],9,Vân,,4.8,2026-09-03 11:16:19,https://nha.chotot.com/tin/177025273,2026-09-17T07:32:35.287754
2429,Cho thuê CC Garden gate 40m2 Offictel 1WC giá cực tốt chỉ 11tr/th ,11000000,0.31428573,35 m²,"Phường 9, Quận Phú Nhuận, Tp Hồ Chí Minh",Quận Phú Nhuận,Tp Hồ Chí Minh,10.80964,106.67425,Căn hộ/Chung cư,1.0,1,1,,,,,,[],3,Nguyễn Hoàng Toàn,,,2026-09-15 10:14:56,https://nha.chotot.com/tin/178787965,2026-09-17T07:32:35.287918
2430,KHAI TRƯƠNG ĐUPLEX 3🍠X ĐƯỜNG SỐ 1_NGUYỄN THỊ TÚ NHẬN XE ĐIỆN FULL NT,3700000,0.13214286,28 m²,"Phường Bình Hưng Hoà B, Quận Bình Tân, Tp Hồ Chí Minh",Quận Bình Tân,Tp Hồ Chí Minh,10.807803,106.59462,Căn hộ/Chung cư,3.0,1,1,,,2.0,4.0,1000000.0,[],11,Triệu an HiFriendz Tp ,,5.0,2026-09-17 14:29:46,https://nha.chotot.com/tin/178839353,2026-09-17T07:32:35.288093
2431,"Chung cư Tecco Green - Phan Văn Hớn căn 2p ngủ , full NT, giá 7,3tr/th",7300000,0.1,73 m²,"Phường Tân Thới Nhất, Quận 12, Tp Hồ Chí Minh",Quận 12,Tp Hồ Chí Minh,10.82954,106.61561,Căn hộ/Chung cư,1.0,2,2,,,2.0,6.0,,[],6,Phí Linh,,,2026-09-17 14:29:29,https://nha.chotot.com/tin/178839257,2026-09-17T07:32:35.288263
2432,💥CHDV - FUL NT - 2PN - BALCONY THOÁNG ⚡️ PHAN ĐĂNG LƯU - BÙI ĐÌNH TUÝ 💥,7800000,0.111428574,70 m²,"Phường 1, Quận Bình Thạnh, Tp Hồ Chí Minh",Quận Bình Thạnh,Tp Hồ Chí Minh,10.802451,106.697495,Căn hộ/Chung cư,2.0,2,,,,,,,[],12,Lương Thanh Trúc,,,2026-09-12 21:54:42,https://nha.chotot.com/tin/178437508,2026-09-17T07:32:35.288422
2433,"💥 HÀ ĐÔ CENTROSA – 2PN 2WC – NHÀ ĐẸP, FULL NỘI THẤT – Ở LIỀN CHỈ 22TR",22000000,0.25581396,86 m²,"Phường 12, Quận 10, Tp Hồ Chí Minh",Quận 10,Tp Hồ Chí Minh,10.7762,106.67889,Căn hộ/Chung cư,1.0,2,2,,,,,,[],12,Hoàng Dung,,4.5,2026-09-17 11:07:05,https://nha.chotot.com/tin/178834497,2026-09-17T07:32:35.288607
2434,"CĂN HỘ MINI CAO CẤP MỚI 100%, FULL NỘI THẤT NGAY ẺMART PHAN HUY ÍCH",5000000,0.2,25 m²,"Phường 12, Quận Gò Vấp, Tp Hồ Chí Minh",Quận Gò Vấp,Tp Hồ Chí Minh,10.837349,106.636284,Căn hộ/Chung cư,2.0,1,1,,,1.0,4.0,5000000.0,[],12,Alo Ngoc Hoang,,5.0,2026-09-17 14:28:24,https://nha.chotot.com/tin/178839301,2026-09-17T07:32:35.288792
2435,TÌM NỮ Ở GHÉP CĂN CHUNG CƯ 2PN,4500000,0.071428575,63 m²,"Phường Phú Thuận, Quận 7, Tp Hồ Chí Minh",Quận 7,Tp Hồ Chí Minh,10.722,106.7433,Căn hộ/Chung cư,1.0,2,2,,,2.0,4.0,4500000.0,[],7,Kim Thanh,,5.0,2026-09-17 14:28:16,https://nha.chotot.com/tin/178839296,2026-09-17T07:32:35.288972
2436,Khách Cần Tiền Ra Di Căn 2PN Hiyori Siêu Mới,5200000000,83.870964,62 m²,"Phường An Hải Đông, Quận Sơn Trà, Đà Nẵng",Quận Sơn Trà,Đà Nẵng,16.06191,108.23652,Căn hộ/Chung cư,1.0,2,2,,,1.0,2.0,,[],11,Hồng Công,,,2026-09-17 14:26:46,https://nha.chotot.com/tin/171220229,2026-09-17T07:32:35.289234
2437,⭐ RIVER PANORAMA CHO THUÊ 3PN2WC FULL NỘI THẤT VIEW ĐẸP CHỈ 19 TRIỆU,19000000,0.21111111,90 m²,"Phường Phú Mỹ, Quận 7, Tp Hồ Chí Minh",Quận 7,Tp Hồ Chí Minh,10.71422,106.73743,Căn hộ/Chung cư,1.0,3,2,,,2.0,6.0,,[],12,Huy,,5.0,2026-09-08 14:36:21,https://nha.chotot.com/tin/172861126,2026-09-17T07:32:35.289400
2438,"THẢO ĐIỀN, QUẬN 2 🏡 CHO THUÊ CHDV CAO CẤP💘 1PN BAN CÔNG FULL NỘI THẤT",11000000,0.22,50 m²,"Phường Thảo Điền (Quận 2 cũ), Thành phố Thủ Đức, Tp Hồ Chí Minh",Thành phố Thủ Đức,Tp Hồ Chí Minh,10.803914,106.72912,Căn hộ/Chung cư,2.0,1,1,,Đông Bắc,1.0,4.0,11000000.0,[],11,Phương An Chuyên Căn Hộ Quận 2,,5.0,2026-09-11 14:06:45,https://nha.chotot.com/tin/177928071,2026-09-17T07:32:35.289593
2439,CHDV FULL NỘI THẤT MỚI KENG GẦN MEGA MARKET Q12,3900000,0.156,25 m²,"Phường Tân Thới Hiệp, Quận 12, Tp Hồ Chí Minh",Quận 12,Tp Hồ Chí Minh,10.887289,106.64767,Căn hộ/Chung cư,2.0,1,1,4,,2.0,4.0,,[],10,Anh Tuấn Tìm Phòng,,5.0,2026-09-17 14:26:20,https://nha.chotot.com/tin/178839237,2026-09-17T07:32:35.289767
2440,CHO THUÊ CĂN HỘ DUPLEX 2  GIƯỜNG NGỦ FULL NỘI THẤT CÓ CỬA SỔ THOÁNG,6000000,0.13333334,45 m²,"Phường 8, Thành phố Đà Lạt, Lâm Đồng",Thành phố Đà Lạt,Lâm Đồng,11.977858,108.45107,Căn hộ/Chung cư,3.0,1,1,,,,,,[],9,Quang gohome,,,2026-09-17 14:26:16,https://nha.chotot.com/tin/178839207,2026-09-17T07:32:35.289929
2441,NHÀ ĐẸP TÂN PHÚ ÂU CƠ 56M2_3 TẦNG _NGAY ĐH VĂN HIẾN_HẺM 8M_ NHỈNH 6T,6500000000,108.333336,60 m²,"Phường Tân Thành, Quận Tân Phú, Tp Hồ Chí Minh",Quận Tân Phú,Tp Hồ Chí Minh,10.791454,106.63355,Nhà ở,,3,3,3,,,1.0,,[],9,Trang,,,2026-09-17 14:32:10,https://nha.chotot.com/tin/178839418,2026-09-17T07:32:36.701087
2442,Cho thuê nhà nguyên căn đường Quang Trung ,11500000,0.23958333,48 m²,"Phường 14, Quận Gò Vấp, Tp Hồ Chí Minh",Quận Gò Vấp,Tp Hồ Chí Minh,10.850746,106.64534,Nhà ở,,4,3,2,,,1.0,,[],5,Út Trung Gò vấp ,,5.0,2026-09-09 14:45:06,https://nha.chotot.com/tin/178281738,2026-09-17T07:32:36.701380
2443,KHU PHẠM VĂN ĐỒNG VILLA HỒ BƠI 7PN - SIÊU ĐẸP,65000000,0.325,200 m²,"Phường An Hải Bắc, Quận Sơn Trà, Đà Nẵng",Quận Sơn Trà,Đà Nẵng,16.0752,108.23292,Nhà ở,,7,7,3,,2.0,1.0,65000000.0,[],12,Trân Duy Hải,,5.0,2026-09-17 14:31:34,https://nha.chotot.com/tin/178839400,2026-09-17T07:32:36.701589
2444,Bán nhà hẻm 184 thoáng đường Âu Dương Lân P3 Q8 ,3180000000,104.605606,30.3999 m²,"Phường 3, Quận 8, Tp Hồ Chí Minh",Quận 8,Tp Hồ Chí Minh,10.745962,106.68301,Nhà ở,,2,2,2,,2.0,1.0,,[],5, Như Ý,,,2026-09-17 14:31:29,https://nha.chotot.com/tin/178502242,2026-09-17T07:32:36.701884
2445,HÀNG HIẾM KHÓ TÌM - NHÀ C4 144m² S.H.R - CHỈ 820TR - TÂN AN HỘI CỦ CHI,820000000,5.6944447,144 m²,"Xã Tân An Hội, Huyện Củ Chi, Tp Hồ Chí Minh",Huyện Củ Chi,Tp Hồ Chí Minh,10.9593525,106.48182,Nhà ở,,2,1,1,,4.0,4.0,,[],8,Nguyễn Văn Quốc,,,2026-09-17 14:31:19,https://nha.chotot.com/tin/178838518,2026-09-17T07:32:36.702135
2446,CHO THUÊ NHÀ ĐƯỜNG QUỐC HƯƠNG GIÁ 27 TRIỆU ,27000000,0.36,75 m²,"Phường Thảo Điền (Quận 2 cũ), Thành phố Thủ Đức, Tp Hồ Chí Minh",Thành phố Thủ Đức,Tp Hồ Chí Minh,10.807138,106.73095,Nhà ở,,2,2,2,,,,,[],6,Phương,,,2026-09-17 14:31:17,https://nha.chotot.com/tin/178839383,2026-09-17T07:32:36.702310
2447,"CHO THUÊ NHÀ  PHẠM QUÝ THÍCH   P.PHÚ THỌ HOÀ, TÂN PHÚ   📐 Diện tích: 4",10500000,0.125,84 m²,"Phường Tân Quý, Quận Tân Phú, Tp Hồ Chí Minh",Quận Tân Phú,Tp Hồ Chí Minh,10.789263,106.62116,Nhà ở,,1,1,,,,,,[],3,Thu,,4.0,2026-09-17 14:31:09,https://nha.chotot.com/tin/178839386,2026-09-17T07:32:36.702480
2448,"CHO THUÊ NHÀ NGUYÊN CĂN – PHƯỜNG LINH TÂY, TP. THỦ ĐỨC  📍 Địa chỉ: 145",10000000,0.14285715,70 m²,"Phường Linh Tây (Quận Thủ Đức cũ), Thành phố Thủ Đức, Tp Hồ Chí Minh",Thành phố Thủ Đức,Tp Hồ Chí Minh,10.86056,106.756256,Nhà ở,,2,,,,,,,[],6,Đăng Quang Rental,,,2026-09-17 14:31:05,https://nha.chotot.com/tin/178839388,2026-09-17T07:32:36.702690
2449,Nhà 3 Rưỡi - Mặt Tiền Hải Châu Gần Đống Đa ( SỤP ),5500000000,110.0,50 m²,"Phường Thuận Phước, Quận Hải Châu, Đà Nẵng",Quận Hải Châu,Đà Nẵng,16.08619,108.21645,Nhà ở,,6,,5,,,,,[],7,hưng thịnh,,5.0,2026-09-02 10:54:17,https://nha.chotot.com/tin/178518870,2026-09-17T07:32:36.702865
2450,"[GIÁ RẺ] NHÀ NGUYÊN CĂN 1 TRỆT 1 LẦU GẦN EMART, CHỢ TÂN SƠN",8000000,0.14285715,56 m²,"Phường 12, Quận Gò Vấp, Tp Hồ Chí Minh",Quận Gò Vấp,Tp Hồ Chí Minh,10.832696,106.63855,Nhà ở,,2,2,1,,,,,[],8,THÀNH ĐẠT CHUYÊN CHO THUÊ PHÒNG TRỌ CHDV GIÁ TỐT,,,2026-09-17 14:30:48,https://nha.chotot.com/tin/178839377,2026-09-17T07:32:36.703037
2451,Giá Thuê : 9tr/1 tháng Cho Thuê Nhà Đường Bùi Quang Là P12 Q. gò Vấp -,9000000,0.140625,64 m²,"Phường 12, Quận Gò Vấp, Tp Hồ Chí Minh",Quận Gò Vấp,Tp Hồ Chí Minh,10.835113,106.6396,Nhà ở,,2,2,,Tây,,,1.0,[],6,Quang Huy,,5.0,2026-09-07 10:48:48,https://nha.chotot.com/tin/178617090,2026-09-17T07:32:36.703201
2452,"BÁN GẤP NHÀ KQH HOÀNG DIỆU PHƯỜNG CAM LY ĐÀ LẠT CHỈ 5,4 TỶ",5400000000,120.0,45 m²,"Phường 5, Thành phố Đà Lạt, Lâm Đồng",Thành phố Đà Lạt,Lâm Đồng,11.942885,108.427925,Nhà ở,,3,2,3,Tây Bắc,3.0,,,[],4,Tô Hoàng Phương Trinh,,,2026-09-15 15:32:14,https://nha.chotot.com/tin/178796817,2026-09-17T07:32:36.703355
2453,Nhà mới DT:4x9m 2 Tầng 2pn 2wc hẻm 1942 Huỳnh Tấn Phát,1960000000,61.25,32 m²,"Thị trấn Nhà Bè, Huyện Nhà Bè, Tp Hồ Chí Minh",Huyện Nhà Bè,Tp Hồ Chí Minh,10.698072,106.738914,Nhà ở,,2,,2,,,,,[],11,Nam Phú Gia,,,2026-09-06 06:52:42,https://nha.chotot.com/tin/178593726,2026-09-17T07:32:36.703509
2454,Nhà Lầu 4 Tầng Hẻm Oto Xây Mới 100% Âu Dương Lân P2 Q8,8600000000,204.7619,42 m²,"Phường 2, Quận 8, Tp Hồ Chí Minh",Quận 8,Tp Hồ Chí Minh,10.742134,106.685104,Nhà ở,,4,3,4,,2.0,1.0,,[],8,Phạm Quốc Thắng,,,2026-09-17 14:29:58,https://nha.chotot.com/tin/178839361,2026-09-17T07:32:36.703696
2455,"Cho Thuê Biệt Thự Nam Thông PMH Q7 - 450m2, 5PN, Đường 20m",70000000,0.15555556,450 m²,"Phường Tân Phong, Quận 7, Tp Hồ Chí Minh",Quận 7,Tp Hồ Chí Minh,10.73019,106.70033,Nhà ở,,5,4,5,,,,,[],12,Thuỷ Trần,,,2026-08-31 09:55:18,https://nha.chotot.com/tin/178484863,2026-09-17T07:32:36.703863
2456,Cần cho thuê nhà góc 2 Mặt Tiền 84A Phổ Quang P.2 Q.Tân Bình,30000000,0.3030303,99 m²,"Phường 2, Quận Tân Bình, Tp Hồ Chí Minh",Quận Tân Bình,Tp Hồ Chí Minh,10.806851,106.668365,Nhà ở,,5,5,4,,,1.0,60000000.0,[],6,Anh Thanh,,,2026-09-17 14:29:37,https://nha.chotot.com/tin/178839329,2026-09-17T07:32:36.704096
2457,Bán nhà lầu đúc kiên cố hẻm xe hơi rộng đường Dương Bá Trạc P1 Q8 ,11800000000,245.83333,48 m²,"Phường 1, Quận 8, Tp Hồ Chí Minh",Quận 8,Tp Hồ Chí Minh,10.74418,106.69049,Nhà ở,,4,4,4,Nam,2.0,1.0,,[],3,Nguyễn Thìn ,,4.4,2026-09-17 14:29:34,https://nha.chotot.com/tin/178839333,2026-09-17T07:32:36.704250
2458,"Bán nhà riêng 4mx18,3m",12300000000,169.65517,72.5 m²,"Phường Tân Sơn Nhì, Quận Tân Phú, Tp Hồ Chí Minh",Quận Tân Phú,Tp Hồ Chí Minh,10.796407,106.63215,Nhà ở,,1,,,,,,,[],3,Nguyễn Võ Châu Phát,,,2026-09-16 14:28:21,https://nha.chotot.com/tin/178817793,2026-09-17T07:32:36.704436
2459,cho thuê,25000000,0.41666666,60 m²,"Phường 8, Quận 5, Tp Hồ Chí Minh",Quận 5,Tp Hồ Chí Minh,10.756033,106.671135,Nhà ở,,4,5,3,Đông,3.0,1.0,50000000.0,[],3,Phạm Ánh Lan,,5.0,2026-09-17 12:38:51,https://nha.chotot.com/tin/178836750,2026-09-17T07:32:36.704688
2460,cho thuê nhà 2 tầng đường phan thanh sát đại học duy tân,11000000,0.22,50 m²,"Phường Thạc Gián, Quận Thanh Khê, Đà Nẵng",Quận Thanh Khê,Đà Nẵng,16.063013,108.208755,Nhà ở,,3,3,2,,1.0,,,[],10,Đại tuấn,,,2026-09-17 14:29:11,https://nha.chotot.com/tin/178839312,2026-09-17T07:32:36.704873
2461,"HIẾM!!!! - Hẻm Sư Vạn Hạnh, P12, Q.10 - 5x20m, 4 Tầng, 400m2",38000000,0.38,100 m²,"Phường 12, Quận 10, Tp Hồ Chí Minh",Quận 10,Tp Hồ Chí Minh,10.775027,106.667755,Đất,,,,4,,,,,[],9,Ngô Thanh Hùng,,,2026-09-17 14:30:13,https://nha.chotot.com/tin/178839362,2026-09-17T07:32:38.147849
2462,CHO THUÊ HẺM NGUYỄN VĂN TRỖI TÂN BÌNH | 12x15m siêu rộng,58000000,0.58,100 m²,"Phường 10, Quận Tân Bình, Tp Hồ Chí Minh",Quận Tân Bình,Tp Hồ Chí Minh,10.798557,106.67042,Đất,,,,,,,,116000000.0,[],8,Dung tr,,,2026-09-17 14:29:35,https://nha.chotot.com/tin/178839347,2026-09-17T07:32:38.148162
2463,"Cho thuê nhà phố 5 tầng có thang máy, rèm đường D9",45000000,0.53571427,84 m²,"Phường Long Bình (Quận 9 cũ), Thành phố Thủ Đức, Tp Hồ Chí Minh",Thành phố Thủ Đức,Tp Hồ Chí Minh,10.84805,106.83874,Đất,,,,5,,3.0,1.0,,[],4,DUY HOMES,,,2026-09-09 09:41:13,https://nha.chotot.com/tin/178661906,2026-09-17T07:32:38.148366
2464,"Cho thuê vp phố nguyên hồng,đống đa,dt 68m2,giá 13tr/tháng",13000000,0.19117647,68 m²,"Phường Láng Hạ, Quận Đống Đa, Hà Nội",Quận Đống Đa,Hà Nội,21.015743,105.80971,Đất,,,,8,,1.0,1.0,,[],5,Đào Thành Lân,,,2026-09-17 14:27:34,https://nha.chotot.com/tin/178839277,2026-09-17T07:32:38.148573
2465,🔥 CHO THUÊ BIỆT THỰ SÂN VƯỜN NGUYỄN VĂN TRỖI – NGANG 12M – GIÁ 59TR/TH,59000000,0.118,500 m²,"Phường 10, Quận Phú Nhuận, Tp Hồ Chí Minh",Quận Phú Nhuận,Tp Hồ Chí Minh,10.798557,106.67042,Đất,,,,,,,,150000000.0,[],7,Kiều Hằng,,,2026-09-17 14:27:01,https://nha.chotot.com/tin/178839254,2026-09-17T07:32:38.148821
2466,Cho thuê kho 1200m QL1A Tam Bình chỉ 75k,90000000,0.075,1200 m²,"Phường Tam Bình (Quận Thủ Đức cũ), Thành phố Thủ Đức, Tp Hồ Chí Minh",Thành phố Thủ Đức,Tp Hồ Chí Minh,10.871881,106.739655,Đất,,,,,,,,3.0,[],3,Anhthe,,4.0,2026-09-14 18:07:53,https://nha.chotot.com/tin/178775394,2026-09-17T07:32:38.149021
2467,BIỆT THỰ SÂN VƯỜN KHU TỔ HỢP F&B VÀ ĐA NGÀNH NGHỀ TRUNG TÂM QUẬN 3 ,115000000,0.34848484,330 m²,"Phường Võ Thị Sáu, Quận 3, Tp Hồ Chí Minh",Quận 3,Tp Hồ Chí Minh,10.788824,106.690765,Đất,,,,,,,,,[],9,Yến Ngọc,,,2026-09-17 14:25:23,https://nha.chotot.com/tin/178839200,2026-09-17T07:32:38.149320
2468,🍑Đoạn Đẹp NGUYỄN GIA TRÍ - 4x25m (Trệt 2 Lầu)🍑,65000000,0.21666667,300 m²,"Phường 25, Quận Bình Thạnh, Tp Hồ Chí Minh",Quận Bình Thạnh,Tp Hồ Chí Minh,10.810227,106.71722,Đất,,,,,,,,,[],6,Nhà Phố Cho Thuê,,,2026-09-17 14:24:57,https://nha.chotot.com/tin/175622468,2026-09-17T07:32:38.149497
2469,"🌟10x15m - TRẦN QUỐC TOẢN, Quận 3🌟 Trệt 2 Lầu",60000000,0.13333334,450 m²,"Phường Võ Thị Sáu, Quận 3, Tp Hồ Chí Minh",Quận 3,Tp Hồ Chí Minh,10.78659,106.68779,Đất,,,,,,,,,[],4,Nhà Phố Cho Thuê,,,2026-09-17 14:24:26,https://nha.chotot.com/tin/175903201,2026-09-17T07:32:38.149765
2470,cho thuê 100m văn phòng giá 30 tr,30000000,0.3,100 m²,"Phường An Khánh (Quận 2 cũ), Thành phố Thủ Đức, Tp Hồ Chí Minh",Thành phố Thủ Đức,Tp Hồ Chí Minh,10.79159,106.73052,Đất,,,,,,,,60000000.0,[],3,Nguyễn Văn Hậu,,,2026-09-05 13:44:09,https://nha.chotot.com/tin/178581677,2026-09-17T07:32:38.150025
2471,CHO THUÊ TÒA NHÀ VĂN PHÒNG NGUYỄN VĂN TRỖI NGAY NGÃ TƯ PHÚ NHUẬN,130000000,0.096296296,1350 m²,"Phường 10, Quận Phú Nhuận, Tp Hồ Chí Minh",Quận Phú Nhuận,Tp Hồ Chí Minh,10.798557,106.67042,Đất,,,,,,,,,[],3,Anh Đào,,,2026-09-12 11:08:02,https://nha.chotot.com/tin/178727010,2026-09-17T07:32:38.150211
2472,Mặt bằng đẹp Hồ Văn Huê 30m2,7490000,0.24966666,30 m²,"Phường 9, Quận Phú Nhuận, Tp Hồ Chí Minh",Quận Phú Nhuận,Tp Hồ Chí Minh,10.80251,106.67629,Đất,,,,,,,,7490000.0,[],7,NGUYỄN THỊ ANH THƯ,,,2026-09-06 15:25:13,https://nha.chotot.com/tin/178603931,2026-09-17T07:32:38.150405
2473,"🇻🇳SHOPHOUSE 3 TẦNG MẶT TIỀN MÊ LINH | GẦN ORI, KCN HÒA KHÁNH",14000000,0.11666667,120 m²,"Phường Hòa Hiệp Nam, Quận Liên Chiểu, Đà Nẵng",Quận Liên Chiểu,Đà Nẵng,16.09171,108.12595,Đất,,04,,3,,,,,[],10,Ngô Văn Cảnh,,4.4,2026-09-17 14:22:04,https://nha.chotot.com/tin/178839109,2026-09-17T07:32:38.150626
2474,🔥 HẺM XE HƠI  HUỲNH VĂN BÁNH – PHÚ NHUẬN | 4PN – 4WC | CHỈ 2x,23000000,0.23,100 m²,"Phường 10, Quận Phú Nhuận, Tp Hồ Chí Minh",Quận Phú Nhuận,Tp Hồ Chí Minh,10.791831,106.671616,Đất,,4,,,,,,46000000.0,[],6,Dung tr,,,2026-09-17 14:21:51,https://nha.chotot.com/tin/178839122,2026-09-17T07:32:38.150796
2475,"Măt tiền Nguyễn Cư Trinh, Quận 1 (Ngang 17m)",90000000,0.45,200 m²,"Phường Nguyễn Cư Trinh, Quận 1, Tp Hồ Chí Minh",Quận 1,Tp Hồ Chí Minh,10.763458,106.68884,Đất,,,,,,,,,[],5,Nhà Phố Cho Thuê,,,2026-09-17 14:21:14,https://nha.chotot.com/tin/178280784,2026-09-17T07:32:38.150962
2476,"🔥GÓC 2MT - NGUYỄN TRÃI, Bến Thành, Q1🔥400m2 sử dụng",150000000,0.375,400 m²,"Phường Bến Thành, Quận 1, Tp Hồ Chí Minh",Quận 1,Tp Hồ Chí Minh,10.771166,106.68731,Đất,,,,,,,,,[],4,Nhà Phố Cho Thuê,,,2026-09-17 14:20:35,https://nha.chotot.com/tin/175556911,2026-09-17T07:32:38.151217
2477,CHO THUÊ TÒA NHÀ 2 MẶT TIỀN VÕ VĂN NGÂN DT 12M X 36M TP THỦ ĐỨC,100000000,0.07692308,1300 m²,"Phường Bình Thọ (Quận Thủ Đức cũ), Thành phố Thủ Đức, Tp Hồ Chí Minh",Thành phố Thủ Đức,Tp Hồ Chí Minh,10.850573,106.76223,Đất,,,,,,,1.0,,[],3,Oanh Home,,,2026-09-17 14:20:21,https://nha.chotot.com/tin/178262159,2026-09-17T07:32:38.151544
2478,"🔥 CHO THUÊ TẦNG 7 160m2 – 104A XUÂN THUỶ, THẢO ĐIỀN, Q2 🔥",50000000,0.3125,160 m²,"Phường Thảo Điền (Quận 2 cũ), Thành phố Thủ Đức, Tp Hồ Chí Minh",Thành phố Thủ Đức,Tp Hồ Chí Minh,10.803889,106.73543,Đất,,,,,,,,150000000.0,[],8,Kiều Hằng,,,2026-09-17 14:18:58,https://nha.chotot.com/tin/178839027,2026-09-17T07:32:38.151724
2479,Cho thuê  Shophouse Panorama Phú Mỹ Hưng 2 tầng 50tr/th,50000000,0.35460994,141 m²,"Phường Tân Phong, Quận 7, Tp Hồ Chí Minh",Quận 7,Tp Hồ Chí Minh,10.72168,106.71284,Đất,,,,2,Tây Nam,,1.0,,[],7,Dân,,,2026-09-17 14:18:55,https://nha.chotot.com/tin/177011854,2026-09-17T07:32:38.151893
2480,Kho trống VIEW SÔNG 235/50A Đặng Thùy Trâm. DT 8X20M.,20000000,0.125,160 m²,"Phường 13, Quận Bình Thạnh, Tp Hồ Chí Minh",Quận Bình Thạnh,Tp Hồ Chí Minh,10.824377,106.70332,Đất,,,,,,2.0,1.0,,[],3,Anh Dũng,,4.0,2026-09-17 14:17:42,https://nha.chotot.com/tin/167862234,2026-09-17T07:32:38.152083
2481,Bán căn hộ Phạm Văn Đồng Long Thành Đồng Nai 1.1 tỷ,1100000000,21.153847,52 m²,"Thị trấn Long Thành, Huyện Long Thành, Đồng Nai",Huyện Long Thành,Đồng Nai,10.77828,106.94472,Căn hộ/Chung cư,1.0,2,,,Bắc,3.0,6.0,,[],4,Bùi Duy Hưng,,,2026-09-17 14:31:55,https://nha.chotot.com/tin/178839401,2026-09-17T07:32:39.355437
2482,Cho thuê nhà nguyên căn đường Quang Trung ,11500000,0.23958333,48 m²,"Phường 14, Quận Gò Vấp, Tp Hồ Chí Minh",Quận Gò Vấp,Tp Hồ Chí Minh,10.850746,106.64534,Nhà ở,,4,3,2,,,1.0,,[],5,Út Trung Gò vấp ,,5.0,2026-09-09 14:45:06,https://nha.chotot.com/tin/178281738,2026-09-17T07:32:39.355756
2483,"CẦN BÁN CĂN HỘ CC THỚI AN, Q12, 95M2 , CÓ SÂN VƯỜN, 2,82 TỶ",2820000000,29.68421,95 m²,"Phường Thới An, Quận 12, Tp Hồ Chí Minh",Quận 12,Tp Hồ Chí Minh,10.87607,106.655655,Căn hộ/Chung cư,1.0,2,2,,Đông Nam,2.0,6.0,,[],5,VÕ Hằng ,,,2026-08-25 21:26:52,https://nha.chotot.com/tin/178382179,2026-09-17T07:32:39.355938
2484,KHU PHẠM VĂN ĐỒNG VILLA HỒ BƠI 7PN - SIÊU ĐẸP,65000000,0.325,200 m²,"Phường An Hải Bắc, Quận Sơn Trà, Đà Nẵng",Quận Sơn Trà,Đà Nẵng,16.0752,108.23292,Nhà ở,,7,7,3,,2.0,1.0,65000000.0,[],12,Trân Duy Hải,,5.0,2026-09-17 14:31:34,https://nha.chotot.com/tin/178839400,2026-09-17T07:32:39.356249
2485,🥳🥳Một Căn Hộ Vừa Đẹp- Vừa Tiện Nghi - Vừa Có Không Gian Sống Thoángãng,12000000,0.4,30 m²,"Phường Thảo Điền (Quận 2 cũ), Thành phố Thủ Đức, Tp Hồ Chí Minh",Thành phố Thủ Đức,Tp Hồ Chí Minh,10.806585,106.72578,Căn hộ/Chung cư,2.0,1,,,,,,12000000.0,[],10,Hồng Loan HIFRIENDZ,,,2026-09-17 14:31:31,https://nha.chotot.com/tin/178373155,2026-09-17T07:32:39.356496
2486,Bán nhà hẻm 184 thoáng đường Âu Dương Lân P3 Q8 ,3180000000,104.605606,30.3999 m²,"Phường 3, Quận 8, Tp Hồ Chí Minh",Quận 8,Tp Hồ Chí Minh,10.745962,106.68301,Nhà ở,,2,2,2,,2.0,1.0,,[],5, Như Ý,,,2026-09-17 14:31:29,https://nha.chotot.com/tin/178502242,2026-09-17T07:32:39.356760
2487,HÀNG HIẾM KHÓ TÌM - NHÀ C4 144m² S.H.R - CHỈ 820TR - TÂN AN HỘI CỦ CHI,820000000,5.6944447,144 m²,"Xã Tân An Hội, Huyện Củ Chi, Tp Hồ Chí Minh",Huyện Củ Chi,Tp Hồ Chí Minh,10.9593525,106.48182,Nhà ở,,2,1,1,,4.0,4.0,,[],8,Nguyễn Văn Quốc,,,2026-09-17 14:31:19,https://nha.chotot.com/tin/178838518,2026-09-17T07:32:39.356953
2488,"🌧️🫧🏡 CĂN HỘ HIỆN ĐẠI – GỌN GÀNG, ẤM ÁP, ĐỦ ĐẦY TIỆN NGHI ✨😅🥹",7000000,0.23333333,30 m²,"Phường An Phú (Quận 2 cũ), Thành phố Thủ Đức, Tp Hồ Chí Minh",Thành phố Thủ Đức,Tp Hồ Chí Minh,10.794329,106.742546,Căn hộ/Chung cư,2.0,1,,,,,,7000000.0,[],7,Hồng Loan HIFRIENDZ,,,2026-09-17 14:31:18,https://nha.chotot.com/tin/178372865,2026-09-17T07:32:39.357131
2489,CHO THUÊ NHÀ ĐƯỜNG QUỐC HƯƠNG GIÁ 27 TRIỆU ,27000000,0.36,75 m²,"Phường Thảo Điền (Quận 2 cũ), Thành phố Thủ Đức, Tp Hồ Chí Minh",Thành phố Thủ Đức,Tp Hồ Chí Minh,10.807138,106.73095,Nhà ở,,2,2,2,,,,,[],6,Phương,,,2026-09-17 14:31:17,https://nha.chotot.com/tin/178839383,2026-09-17T07:32:39.357296
2490,"CHO THUÊ NHÀ  PHẠM QUÝ THÍCH   P.PHÚ THỌ HOÀ, TÂN PHÚ   📐 Diện tích: 4",10500000,0.125,84 m²,"Phường Tân Quý, Quận Tân Phú, Tp Hồ Chí Minh",Quận Tân Phú,Tp Hồ Chí Minh,10.789263,106.62116,Nhà ở,,1,1,,,,,,[],3,Thu,,4.0,2026-09-17 14:31:09,https://nha.chotot.com/tin/178839386,2026-09-17T07:32:39.357460
2491,Gia đình có việc cần chuyển nhượng căn hộ gần Depot Tham Lương 2PN,3500000000,57.37705,61 m²,"Phường Tân Thới Nhất, Quận 12, Tp Hồ Chí Minh",Quận 12,Tp Hồ Chí Minh,10.82442,106.62025,Căn hộ/Chung cư,1.0,2,1,,,3.0,6.0,,[],5,Đơn Phương,,,2026-09-10 10:12:16,https://nha.chotot.com/tin/178684712,2026-09-17T07:32:39.357645
2492,"CHO THUÊ NHÀ NGUYÊN CĂN – PHƯỜNG LINH TÂY, TP. THỦ ĐỨC  📍 Địa chỉ: 145",10000000,0.14285715,70 m²,"Phường Linh Tây (Quận Thủ Đức cũ), Thành phố Thủ Đức, Tp Hồ Chí Minh",Thành phố Thủ Đức,Tp Hồ Chí Minh,10.86056,106.756256,Nhà ở,,2,,,,,,,[],6,Đăng Quang Rental,,,2026-09-17 14:31:05,https://nha.chotot.com/tin/178839388,2026-09-17T07:32:39.357828
2493,Nhà 3 Rưỡi - Mặt Tiền Hải Châu Gần Đống Đa ( SỤP ),5500000000,110.0,50 m²,"Phường Thuận Phước, Quận Hải Châu, Đà Nẵng",Quận Hải Châu,Đà Nẵng,16.08619,108.21645,Nhà ở,,6,,5,,,,,[],7,hưng thịnh,,5.0,2026-09-02 10:54:17,https://nha.chotot.com/tin/178518870,2026-09-17T07:32:39.358004
2494,"[GIÁ RẺ] NHÀ NGUYÊN CĂN 1 TRỆT 1 LẦU GẦN EMART, CHỢ TÂN SƠN",8000000,0.14285715,56 m²,"Phường 12, Quận Gò Vấp, Tp Hồ Chí Minh",Quận Gò Vấp,Tp Hồ Chí Minh,10.832696,106.63855,Nhà ở,,2,2,1,,,,,[],8,THÀNH ĐẠT CHUYÊN CHO THUÊ PHÒNG TRỌ CHDV GIÁ TỐT,,,2026-09-17 14:30:48,https://nha.chotot.com/tin/178839377,2026-09-17T07:32:39.358169
2495,"Cho thuê giá tốt 3PN view sông, nội thất xịn, Vinhomes Central Park",35000000,0.3043478,115 m²,"Phường 22, Quận Bình Thạnh, Tp Hồ Chí Minh",Quận Bình Thạnh,Tp Hồ Chí Minh,10.79387,106.72032,Căn hộ/Chung cư,1.0,3,2,,,1.0,6.0,,[],12,Huyền Nguyễn,,,2026-09-02 15:25:06,https://nha.chotot.com/tin/178523171,2026-09-17T07:32:39.358327
2496,Giá Thuê : 9tr/1 tháng Cho Thuê Nhà Đường Bùi Quang Là P12 Q. gò Vấp -,9000000,0.140625,64 m²,"Phường 12, Quận Gò Vấp, Tp Hồ Chí Minh",Quận Gò Vấp,Tp Hồ Chí Minh,10.835113,106.6396,Nhà ở,,2,2,,Tây,,,1.0,[],6,Quang Huy,,5.0,2026-09-07 10:48:48,https://nha.chotot.com/tin/178617090,2026-09-17T07:32:39.358497
2497,"BÁN GẤP NHÀ KQH HOÀNG DIỆU PHƯỜNG CAM LY ĐÀ LẠT CHỈ 5,4 TỶ",5400000000,120.0,45 m²,"Phường 5, Thành phố Đà Lạt, Lâm Đồng",Thành phố Đà Lạt,Lâm Đồng,11.942885,108.427925,Nhà ở,,3,2,3,Tây Bắc,3.0,,,[],4,Tô Hoàng Phương Trinh,,,2026-09-15 15:32:14,https://nha.chotot.com/tin/178796817,2026-09-17T07:32:39.358678
2498,KHAI TRƯƠNG PHÒNG TRỌ SINH VIÊN GIÁ RẺ NGAY ĐH CÔNG THƯƠNG TÂN PHÚ,3500000,0.14,25 m²,"Phường Tân Sơn Nhì, Quận Tân Phú, Tp Hồ Chí Minh",Quận Tân Phú,Tp Hồ Chí Minh,10.801903,106.625885,Phòng trọ,,,,,,,,3500000.0,[],5,Kiều Oanh NeWay Home ,,5.0,2026-09-17 14:30:15,https://nha.chotot.com/tin/178453357,2026-09-17T07:32:39.358906
2499,"HIẾM!!!! - Hẻm Sư Vạn Hạnh, P12, Q.10 - 5x20m, 4 Tầng, 400m2",38000000,0.38,100 m²,"Phường 12, Quận 10, Tp Hồ Chí Minh",Quận 10,Tp Hồ Chí Minh,10.775027,106.667755,Đất,,,,4,,,,,[],9,Ngô Thanh Hùng,,,2026-09-17 14:30:13,https://nha.chotot.com/tin/178839362,2026-09-17T07:32:39.359100
2500,Bán Đất Lô Góc Võ Văn Vân giá cực tốt,4190000000,37.410713,112 m²,"Xã Vĩnh Lộc B, Huyện Bình Chánh, Tp Hồ Chí Minh",Huyện Bình Chánh,Tp Hồ Chí Minh,10.773623,106.57547,Văn phòng/Mặt bằng,,,,,,,1.0,,[],6,Thanh Hưng,,3.4,2026-09-09 18:08:26,https://nha.chotot.com/tin/178674907,2026-09-17T07:32:39.359265
2501,"CẦN BÁN CĂN HỘ CC THỚI AN, Q12, 95M2 , CÓ SÂN VƯỜN, 2,82 TỶ",2820000000,29.68421,95 m²,"Phường Thới An, Quận 12, Tp Hồ Chí Minh",Quận 12,Tp Hồ Chí Minh,10.87607,106.655655,Căn hộ/Chung cư,1.0,2,2,,Đông Nam,2.0,6.0,,[],5,VÕ Hằng ,,,2026-08-25 21:26:52,https://nha.chotot.com/tin/178382179,2026-09-17T07:32:40.701928
2502,🥳🥳Một Căn Hộ Vừa Đẹp- Vừa Tiện Nghi - Vừa Có Không Gian Sống Thoángãng,12000000,0.4,30 m²,"Phường Thảo Điền (Quận 2 cũ), Thành phố Thủ Đức, Tp Hồ Chí Minh",Thành phố Thủ Đức,Tp Hồ Chí Minh,10.806585,106.72578,Căn hộ/Chung cư,2.0,1,,,,,,12000000.0,[],10,Hồng Loan HIFRIENDZ,,,2026-09-17 14:31:31,https://nha.chotot.com/tin/178373155,2026-09-17T07:32:40.702344
2503,"🌧️🫧🏡 CĂN HỘ HIỆN ĐẠI – GỌN GÀNG, ẤM ÁP, ĐỦ ĐẦY TIỆN NGHI ✨😅🥹",7000000,0.23333333,30 m²,"Phường An Phú (Quận 2 cũ), Thành phố Thủ Đức, Tp Hồ Chí Minh",Thành phố Thủ Đức,Tp Hồ Chí Minh,10.794329,106.742546,Căn hộ/Chung cư,2.0,1,,,,,,7000000.0,[],7,Hồng Loan HIFRIENDZ,,,2026-09-17 14:31:18,https://nha.chotot.com/tin/178372865,2026-09-17T07:32:40.702559
2504,Gia đình có việc cần chuyển nhượng căn hộ gần Depot Tham Lương 2PN,3500000000,57.37705,61 m²,"Phường Tân Thới Nhất, Quận 12, Tp Hồ Chí Minh",Quận 12,Tp Hồ Chí Minh,10.82442,106.62025,Căn hộ/Chung cư,1.0,2,1,,,3.0,6.0,,[],5,Đơn Phương,,,2026-09-10 10:12:16,https://nha.chotot.com/tin/178684712,2026-09-17T07:32:40.702738
2505,"Cho thuê giá tốt 3PN view sông, nội thất xịn, Vinhomes Central Park",35000000,0.3043478,115 m²,"Phường 22, Quận Bình Thạnh, Tp Hồ Chí Minh",Quận Bình Thạnh,Tp Hồ Chí Minh,10.79387,106.72032,Căn hộ/Chung cư,1.0,3,2,,,1.0,6.0,,[],12,Huyền Nguyễn,,,2026-09-02 15:25:06,https://nha.chotot.com/tin/178523171,2026-09-17T07:32:40.702999
2506,"BCONS ARIA TRẢ TRƯỚC CHỈ 5% CHIẾT KHẤU 8,5% HỖ TRỢ LS 6,9% TRONG 4 NĂM",2600000000,49.056602,53 m²,"Phường Đông Hòa, Thành phố Dĩ An, Bình Dương",Thành phố Dĩ An,Bình Dương,10.89115,106.8022,Căn hộ/Chung cư,1.0,2,2,37,Tây,3.0,4.0,,[],12,Huy Hoàng Bcons ,,,2026-08-25 09:52:10,https://nha.chotot.com/tin/178364490,2026-09-17T07:32:40.703173
2507,"CHO THUÊ CĂN HỘ MỚI 2 PHÒNG NGỦ, DIỆN TÍCH 60M² ",13500000,0.20769231,65 m²,"Phường Khuê Mỹ, Quận Ngũ Hành Sơn, Đà Nẵng",Quận Ngũ Hành Sơn,Đà Nẵng,16.023426,108.2459,Căn hộ/Chung cư,2.0,2,,,,2.0,,,[],4,VANA,,,2026-09-17 14:30:06,https://nha.chotot.com/tin/178838887,2026-09-17T07:32:40.703360
2508,Bán căn Hưng Phát Silver Star - sát vách sunrise reverside - 4.6ty,4350000000,41.037735,106 m²,"Xã Phước Kiển, Huyện Nhà Bè, Tp Hồ Chí Minh",Huyện Nhà Bè,Tp Hồ Chí Minh,10.70387,106.71276,Căn hộ/Chung cư,1.0,3,,,Tây Nam,2.0,6.0,,[],9,Vân,,4.8,2026-09-03 11:16:19,https://nha.chotot.com/tin/177025273,2026-09-17T07:32:40.703553
2509,Cho thuê CC Garden gate 40m2 Offictel 1WC giá cực tốt chỉ 11tr/th ,11000000,0.31428573,35 m²,"Phường 9, Quận Phú Nhuận, Tp Hồ Chí Minh",Quận Phú Nhuận,Tp Hồ Chí Minh,10.80964,106.67425,Căn hộ/Chung cư,1.0,1,1,,,,,,[],3,Nguyễn Hoàng Toàn,,,2026-09-15 10:14:56,https://nha.chotot.com/tin/178787965,2026-09-17T07:32:40.703729
2510,KHAI TRƯƠNG ĐUPLEX 3🍠X ĐƯỜNG SỐ 1_NGUYỄN THỊ TÚ NHẬN XE ĐIỆN FULL NT,3700000,0.13214286,28 m²,"Phường Bình Hưng Hoà B, Quận Bình Tân, Tp Hồ Chí Minh",Quận Bình Tân,Tp Hồ Chí Minh,10.807803,106.59462,Căn hộ/Chung cư,3.0,1,1,,,2.0,4.0,1000000.0,[],11,Triệu an HiFriendz Tp ,,5.0,2026-09-17 14:29:46,https://nha.chotot.com/tin/178839353,2026-09-17T07:32:40.703901
2511,"Chung cư Tecco Green - Phan Văn Hớn căn 2p ngủ , full NT, giá 7,3tr/th",7300000,0.1,73 m²,"Phường Tân Thới Nhất, Quận 12, Tp Hồ Chí Minh",Quận 12,Tp Hồ Chí Minh,10.82954,106.61561,Căn hộ/Chung cư,1.0,2,2,,,2.0,6.0,,[],6,Phí Linh,,,2026-09-17 14:29:29,https://nha.chotot.com/tin/178839257,2026-09-17T07:32:40.704075
2512,💥CHDV - FUL NT - 2PN - BALCONY THOÁNG ⚡️ PHAN ĐĂNG LƯU - BÙI ĐÌNH TUÝ 💥,7800000,0.111428574,70 m²,"Phường 1, Quận Bình Thạnh, Tp Hồ Chí Minh",Quận Bình Thạnh,Tp Hồ Chí Minh,10.802451,106.697495,Căn hộ/Chung cư,2.0,2,,,,,,,[],12,Lương Thanh Trúc,,,2026-09-12 21:54:42,https://nha.chotot.com/tin/178437508,2026-09-17T07:32:40.704238
2513,"💥 HÀ ĐÔ CENTROSA – 2PN 2WC – NHÀ ĐẸP, FULL NỘI THẤT – Ở LIỀN CHỈ 22TR",22000000,0.25581396,86 m²,"Phường 12, Quận 10, Tp Hồ Chí Minh",Quận 10,Tp Hồ Chí Minh,10.7762,106.67889,Căn hộ/Chung cư,1.0,2,2,,,,,,[],12,Hoàng Dung,,4.5,2026-09-17 11:07:05,https://nha.chotot.com/tin/178834497,2026-09-17T07:32:40.704401
2514,"CĂN HỘ MINI CAO CẤP MỚI 100%, FULL NỘI THẤT NGAY ẺMART PHAN HUY ÍCH",5000000,0.2,25 m²,"Phường 12, Quận Gò Vấp, Tp Hồ Chí Minh",Quận Gò Vấp,Tp Hồ Chí Minh,10.837349,106.636284,Căn hộ/Chung cư,2.0,1,1,,,1.0,4.0,5000000.0,[],12,Alo Ngoc Hoang,,5.0,2026-09-17 14:28:24,https://nha.chotot.com/tin/178839301,2026-09-17T07:32:40.704597
2515,TÌM NỮ Ở GHÉP CĂN CHUNG CƯ 2PN,4500000,0.071428575,63 m²,"Phường Phú Thuận, Quận 7, Tp Hồ Chí Minh",Quận 7,Tp Hồ Chí Minh,10.722,106.7433,Căn hộ/Chung cư,1.0,2,2,,,2.0,4.0,4500000.0,[],7,Kim Thanh,,5.0,2026-09-17 14:28:16,https://nha.chotot.com/tin/178839296,2026-09-17T07:32:40.704771
2516,Khách Cần Tiền Ra Di Căn 2PN Hiyori Siêu Mới,5200000000,83.870964,62 m²,"Phường An Hải Đông, Quận Sơn Trà, Đà Nẵng",Quận Sơn Trà,Đà Nẵng,16.06191,108.23652,Căn hộ/Chung cư,1.0,2,2,,,1.0,2.0,,[],11,Hồng Công,,,2026-09-17 14:26:46,https://nha.chotot.com/tin/171220229,2026-09-17T07:32:40.705027
2517,⭐ RIVER PANORAMA CHO THUÊ 3PN2WC FULL NỘI THẤT VIEW ĐẸP CHỈ 19 TRIỆU,19000000,0.21111111,90 m²,"Phường Phú Mỹ, Quận 7, Tp Hồ Chí Minh",Quận 7,Tp Hồ Chí Minh,10.71422,106.73743,Căn hộ/Chung cư,1.0,3,2,,,2.0,6.0,,[],12,Huy,,5.0,2026-09-08 14:36:21,https://nha.chotot.com/tin/172861126,2026-09-17T07:32:40.705193
2518,"THẢO ĐIỀN, QUẬN 2 🏡 CHO THUÊ CHDV CAO CẤP💘 1PN BAN CÔNG FULL NỘI THẤT",11000000,0.22,50 m²,"Phường Thảo Điền (Quận 2 cũ), Thành phố Thủ Đức, Tp Hồ Chí Minh",Thành phố Thủ Đức,Tp Hồ Chí Minh,10.803914,106.72912,Căn hộ/Chung cư,2.0,1,1,,Đông Bắc,1.0,4.0,11000000.0,[],11,Phương An Chuyên Căn Hộ Quận 2,,5.0,2026-09-11 14:06:45,https://nha.chotot.com/tin/177928071,2026-09-17T07:32:40.705379
2519,CHDV FULL NỘI THẤT MỚI KENG GẦN MEGA MARKET Q12,3900000,0.156,25 m²,"Phường Tân Thới Hiệp, Quận 12, Tp Hồ Chí Minh",Quận 12,Tp Hồ Chí Minh,10.887289,106.64767,Căn hộ/Chung cư,2.0,1,1,4,,2.0,4.0,,[],10,Anh Tuấn Tìm Phòng,,5.0,2026-09-17 14:26:20,https://nha.chotot.com/tin/178839237,2026-09-17T07:32:40.705565
2520,CHO THUÊ CĂN HỘ DUPLEX 2  GIƯỜNG NGỦ FULL NỘI THẤT CÓ CỬA SỔ THOÁNG,6000000,0.13333334,45 m²,"Phường 8, Thành phố Đà Lạt, Lâm Đồng",Thành phố Đà Lạt,Lâm Đồng,11.977858,108.45107,Căn hộ/Chung cư,3.0,1,1,,,,,,[],9,Quang gohome,,,2026-09-17 14:26:16,https://nha.chotot.com/tin/178839207,2026-09-17T07:32:40.705732
2521,NHÀ ĐẸP TÂN PHÚ ÂU CƠ 56M2_3 TẦNG _NGAY ĐH VĂN HIẾN_HẺM 8M_ NHỈNH 6T,6500000000,108.333336,60 m²,"Phường Tân Thành, Quận Tân Phú, Tp Hồ Chí Minh",Quận Tân Phú,Tp Hồ Chí Minh,10.791454,106.63355,Nhà ở,,3,3,3,,,1.0,,[],9,Trang,,,2026-09-17 14:32:10,https://nha.chotot.com/tin/178839418,2026-09-17T07:32:42.132999
2522,Cho thuê nhà nguyên căn đường Quang Trung ,11500000,0.23958333,48 m²,"Phường 14, Quận Gò Vấp, Tp Hồ Chí Minh",Quận Gò Vấp,Tp Hồ Chí Minh,10.850746,106.64534,Nhà ở,,4,3,2,,,1.0,,[],5,Út Trung Gò vấp ,,5.0,2026-09-09 14:45:06,https://nha.chotot.com/tin/178281738,2026-09-17T07:32:42.133289
2523,KHU PHẠM VĂN ĐỒNG VILLA HỒ BƠI 7PN - SIÊU ĐẸP,65000000,0.325,200 m²,"Phường An Hải Bắc, Quận Sơn Trà, Đà Nẵng",Quận Sơn Trà,Đà Nẵng,16.0752,108.23292,Nhà ở,,7,7,3,,2.0,1.0,65000000.0,[],12,Trân Duy Hải,,5.0,2026-09-17 14:31:34,https://nha.chotot.com/tin/178839400,2026-09-17T07:32:42.133477
2524,Bán nhà hẻm 184 thoáng đường Âu Dương Lân P3 Q8 ,3180000000,104.605606,30.3999 m²,"Phường 3, Quận 8, Tp Hồ Chí Minh",Quận 8,Tp Hồ Chí Minh,10.745962,106.68301,Nhà ở,,2,2,2,,2.0,1.0,,[],5, Như Ý,,,2026-09-17 14:31:29,https://nha.chotot.com/tin/178502242,2026-09-17T07:32:42.133794
2525,HÀNG HIẾM KHÓ TÌM - NHÀ C4 144m² S.H.R - CHỈ 820TR - TÂN AN HỘI CỦ CHI,820000000,5.6944447,144 m²,"Xã Tân An Hội, Huyện Củ Chi, Tp Hồ Chí Minh",Huyện Củ Chi,Tp Hồ Chí Minh,10.9593525,106.48182,Nhà ở,,2,1,1,,4.0,4.0,,[],8,Nguyễn Văn Quốc,,,2026-09-17 14:31:19,https://nha.chotot.com/tin/178838518,2026-09-17T07:32:42.133990
2526,CHO THUÊ NHÀ ĐƯỜNG QUỐC HƯƠNG GIÁ 27 TRIỆU ,27000000,0.36,75 m²,"Phường Thảo Điền (Quận 2 cũ), Thành phố Thủ Đức, Tp Hồ Chí Minh",Thành phố Thủ Đức,Tp Hồ Chí Minh,10.807138,106.73095,Nhà ở,,2,2,2,,,,,[],6,Phương,,,2026-09-17 14:31:17,https://nha.chotot.com/tin/178839383,2026-09-17T07:32:42.134217
2527,"CHO THUÊ NHÀ  PHẠM QUÝ THÍCH   P.PHÚ THỌ HOÀ, TÂN PHÚ   📐 Diện tích: 4",10500000,0.125,84 m²,"Phường Tân Quý, Quận Tân Phú, Tp Hồ Chí Minh",Quận Tân Phú,Tp Hồ Chí Minh,10.789263,106.62116,Nhà ở,,1,1,,,,,,[],3,Thu,,4.0,2026-09-17 14:31:09,https://nha.chotot.com/tin/178839386,2026-09-17T07:32:42.134384
2528,"CHO THUÊ NHÀ NGUYÊN CĂN – PHƯỜNG LINH TÂY, TP. THỦ ĐỨC  📍 Địa chỉ: 145",10000000,0.14285715,70 m²,"Phường Linh Tây (Quận Thủ Đức cũ), Thành phố Thủ Đức, Tp Hồ Chí Minh",Thành phố Thủ Đức,Tp Hồ Chí Minh,10.86056,106.756256,Nhà ở,,2,,,,,,,[],6,Đăng Quang Rental,,,2026-09-17 14:31:05,https://nha.chotot.com/tin/178839388,2026-09-17T07:32:42.134581
2529,Nhà 3 Rưỡi - Mặt Tiền Hải Châu Gần Đống Đa ( SỤP ),5500000000,110.0,50 m²,"Phường Thuận Phước, Quận Hải Châu, Đà Nẵng",Quận Hải Châu,Đà Nẵng,16.08619,108.21645,Nhà ở,,6,,5,,,,,[],7,hưng thịnh,,5.0,2026-09-02 10:54:17,https://nha.chotot.com/tin/178518870,2026-09-17T07:32:42.134762
2530,"[GIÁ RẺ] NHÀ NGUYÊN CĂN 1 TRỆT 1 LẦU GẦN EMART, CHỢ TÂN SƠN",8000000,0.14285715,56 m²,"Phường 12, Quận Gò Vấp, Tp Hồ Chí Minh",Quận Gò Vấp,Tp Hồ Chí Minh,10.832696,106.63855,Nhà ở,,2,2,1,,,,,[],8,THÀNH ĐẠT CHUYÊN CHO THUÊ PHÒNG TRỌ CHDV GIÁ TỐT,,,2026-09-17 14:30:48,https://nha.chotot.com/tin/178839377,2026-09-17T07:32:42.134944
2531,Giá Thuê : 9tr/1 tháng Cho Thuê Nhà Đường Bùi Quang Là P12 Q. gò Vấp -,9000000,0.140625,64 m²,"Phường 12, Quận Gò Vấp, Tp Hồ Chí Minh",Quận Gò Vấp,Tp Hồ Chí Minh,10.835113,106.6396,Nhà ở,,2,2,,Tây,,,1.0,[],6,Quang Huy,,5.0,2026-09-07 10:48:48,https://nha.chotot.com/tin/178617090,2026-09-17T07:32:42.135113
2532,"BÁN GẤP NHÀ KQH HOÀNG DIỆU PHƯỜNG CAM LY ĐÀ LẠT CHỈ 5,4 TỶ",5400000000,120.0,45 m²,"Phường 5, Thành phố Đà Lạt, Lâm Đồng",Thành phố Đà Lạt,Lâm Đồng,11.942885,108.427925,Nhà ở,,3,2,3,Tây Bắc,3.0,,,[],4,Tô Hoàng Phương Trinh,,,2026-09-15 15:32:14,https://nha.chotot.com/tin/178796817,2026-09-17T07:32:42.135279
2533,Nhà mới DT:4x9m 2 Tầng 2pn 2wc hẻm 1942 Huỳnh Tấn Phát,1960000000,61.25,32 m²,"Thị trấn Nhà Bè, Huyện Nhà Bè, Tp Hồ Chí Minh",Huyện Nhà Bè,Tp Hồ Chí Minh,10.698072,106.738914,Nhà ở,,2,,2,,,,,[],11,Nam Phú Gia,,,2026-09-06 06:52:42,https://nha.chotot.com/tin/178593726,2026-09-17T07:32:42.135438
2534,Nhà Lầu 4 Tầng Hẻm Oto Xây Mới 100% Âu Dương Lân P2 Q8,8600000000,204.7619,42 m²,"Phường 2, Quận 8, Tp Hồ Chí Minh",Quận 8,Tp Hồ Chí Minh,10.742134,106.685104,Nhà ở,,4,3,4,,2.0,1.0,,[],8,Phạm Quốc Thắng,,,2026-09-17 14:29:58,https://nha.chotot.com/tin/178839361,2026-09-17T07:32:42.135618
2535,"Cho Thuê Biệt Thự Nam Thông PMH Q7 - 450m2, 5PN, Đường 20m",70000000,0.15555556,450 m²,"Phường Tân Phong, Quận 7, Tp Hồ Chí Minh",Quận 7,Tp Hồ Chí Minh,10.73019,106.70033,Nhà ở,,5,4,5,,,,,[],12,Thuỷ Trần,,,2026-08-31 09:55:18,https://nha.chotot.com/tin/178484863,2026-09-17T07:32:42.135773
2536,Cần cho thuê nhà góc 2 Mặt Tiền 84A Phổ Quang P.2 Q.Tân Bình,30000000,0.3030303,99 m²,"Phường 2, Quận Tân Bình, Tp Hồ Chí Minh",Quận Tân Bình,Tp Hồ Chí Minh,10.806851,106.668365,Nhà ở,,5,5,4,,,1.0,60000000.0,[],6,Anh Thanh,,,2026-09-17 14:29:37,https://nha.chotot.com/tin/178839329,2026-09-17T07:32:42.135942
2537,Bán nhà lầu đúc kiên cố hẻm xe hơi rộng đường Dương Bá Trạc P1 Q8 ,11800000000,245.83333,48 m²,"Phường 1, Quận 8, Tp Hồ Chí Minh",Quận 8,Tp Hồ Chí Minh,10.74418,106.69049,Nhà ở,,4,4,4,Nam,2.0,1.0,,[],3,Nguyễn Thìn ,,4.4,2026-09-17 14:29:34,https://nha.chotot.com/tin/178839333,2026-09-17T07:32:42.136099
2538,"Bán nhà riêng 4mx18,3m",12300000000,169.65517,72.5 m²,"Phường Tân Sơn Nhì, Quận Tân Phú, Tp Hồ Chí Minh",Quận Tân Phú,Tp Hồ Chí Minh,10.796407,106.63215,Nhà ở,,1,,,,,,,[],3,Nguyễn Võ Châu Phát,,,2026-09-16 14:28:21,https://nha.chotot.com/tin/178817793,2026-09-17T07:32:42.136582
2539,cho thuê,25000000,0.41666666,60 m²,"Phường 8, Quận 5, Tp Hồ Chí Minh",Quận 5,Tp Hồ Chí Minh,10.756033,106.671135,Nhà ở,,4,5,3,Đông,3.0,1.0,50000000.0,[],3,Phạm Ánh Lan,,5.0,2026-09-17 12:38:51,https://nha.chotot.com/tin/178836750,2026-09-17T07:32:42.136765
2540,cho thuê nhà 2 tầng đường phan thanh sát đại học duy tân,11000000,0.22,50 m²,"Phường Thạc Gián, Quận Thanh Khê, Đà Nẵng",Quận Thanh Khê,Đà Nẵng,16.063013,108.208755,Nhà ở,,3,3,2,,1.0,,,[],10,Đại tuấn,,,2026-09-17 14:29:11,https://nha.chotot.com/tin/178839312,2026-09-17T07:32:42.136941
2541,"HIẾM!!!! - Hẻm Sư Vạn Hạnh, P12, Q.10 - 5x20m, 4 Tầng, 400m2",38000000,0.38,100 m²,"Phường 12, Quận 10, Tp Hồ Chí Minh",Quận 10,Tp Hồ Chí Minh,10.775027,106.667755,Đất,,,,4,,,,,[],9,Ngô Thanh Hùng,,,2026-09-17 14:30:13,https://nha.chotot.com/tin/178839362,2026-09-17T07:32:43.357542
2542,CHO THUÊ HẺM NGUYỄN VĂN TRỖI TÂN BÌNH | 12x15m siêu rộng,58000000,0.58,100 m²,"Phường 10, Quận Tân Bình, Tp Hồ Chí Minh",Quận Tân Bình,Tp Hồ Chí Minh,10.798557,106.67042,Đất,,,,,,,,116000000.0,[],8,Dung tr,,,2026-09-17 14:29:35,https://nha.chotot.com/tin/178839347,2026-09-17T07:32:43.357841
2543,"Cho thuê nhà phố 5 tầng có thang máy, rèm đường D9",45000000,0.53571427,84 m²,"Phường Long Bình (Quận 9 cũ), Thành phố Thủ Đức, Tp Hồ Chí Minh",Thành phố Thủ Đức,Tp Hồ Chí Minh,10.84805,106.83874,Đất,,,,5,,3.0,1.0,,[],4,DUY HOMES,,,2026-09-09 09:41:13,https://nha.chotot.com/tin/178661906,2026-09-17T07:32:43.358047
2544,"Cho thuê vp phố nguyên hồng,đống đa,dt 68m2,giá 13tr/tháng",13000000,0.19117647,68 m²,"Phường Láng Hạ, Quận Đống Đa, Hà Nội",Quận Đống Đa,Hà Nội,21.015743,105.80971,Đất,,,,8,,1.0,1.0,,[],5,Đào Thành Lân,,,2026-09-17 14:27:34,https://nha.chotot.com/tin/178839277,2026-09-17T07:32:43.358228
2545,🔥 CHO THUÊ BIỆT THỰ SÂN VƯỜN NGUYỄN VĂN TRỖI – NGANG 12M – GIÁ 59TR/TH,59000000,0.118,500 m²,"Phường 10, Quận Phú Nhuận, Tp Hồ Chí Minh",Quận Phú Nhuận,Tp Hồ Chí Minh,10.798557,106.67042,Đất,,,,,,,,150000000.0,[],7,Kiều Hằng,,,2026-09-17 14:27:01,https://nha.chotot.com/tin/178839254,2026-09-17T07:32:43.358468
2546,Cho thuê kho 1200m QL1A Tam Bình chỉ 75k,90000000,0.075,1200 m²,"Phường Tam Bình (Quận Thủ Đức cũ), Thành phố Thủ Đức, Tp Hồ Chí Minh",Thành phố Thủ Đức,Tp Hồ Chí Minh,10.871881,106.739655,Đất,,,,,,,,3.0,[],3,Anhthe,,4.0,2026-09-14 18:07:53,https://nha.chotot.com/tin/178775394,2026-09-17T07:32:43.358679
2547,BIỆT THỰ SÂN VƯỜN KHU TỔ HỢP F&B VÀ ĐA NGÀNH NGHỀ TRUNG TÂM QUẬN 3 ,115000000,0.34848484,330 m²,"Phường Võ Thị Sáu, Quận 3, Tp Hồ Chí Minh",Quận 3,Tp Hồ Chí Minh,10.788824,106.690765,Đất,,,,,,,,,[],9,Yến Ngọc,,,2026-09-17 14:25:23,https://nha.chotot.com/tin/178839200,2026-09-17T07:32:43.358978
2548,🍑Đoạn Đẹp NGUYỄN GIA TRÍ - 4x25m (Trệt 2 Lầu)🍑,65000000,0.21666667,300 m²,"Phường 25, Quận Bình Thạnh, Tp Hồ Chí Minh",Quận Bình Thạnh,Tp Hồ Chí Minh,10.810227,106.71722,Đất,,,,,,,,,[],6,Nhà Phố Cho Thuê,,,2026-09-17 14:24:57,https://nha.chotot.com/tin/175622468,2026-09-17T07:32:43.359163
2549,"🌟10x15m - TRẦN QUỐC TOẢN, Quận 3🌟 Trệt 2 Lầu",60000000,0.13333334,450 m²,"Phường Võ Thị Sáu, Quận 3, Tp Hồ Chí Minh",Quận 3,Tp Hồ Chí Minh,10.78659,106.68779,Đất,,,,,,,,,[],4,Nhà Phố Cho Thuê,,,2026-09-17 14:24:26,https://nha.chotot.com/tin/175903201,2026-09-17T07:32:43.359403
2550,cho thuê 100m văn phòng giá 30 tr,30000000,0.3,100 m²,"Phường An Khánh (Quận 2 cũ), Thành phố Thủ Đức, Tp Hồ Chí Minh",Thành phố Thủ Đức,Tp Hồ Chí Minh,10.79159,106.73052,Đất,,,,,,,,60000000.0,[],3,Nguyễn Văn Hậu,,,2026-09-05 13:44:09,https://nha.chotot.com/tin/178581677,2026-09-17T07:32:43.359648
2551,CHO THUÊ TÒA NHÀ VĂN PHÒNG NGUYỄN VĂN TRỖI NGAY NGÃ TƯ PHÚ NHUẬN,130000000,0.096296296,1350 m²,"Phường 10, Quận Phú Nhuận, Tp Hồ Chí Minh",Quận Phú Nhuận,Tp Hồ Chí Minh,10.798557,106.67042,Đất,,,,,,,,,[],3,Anh Đào,,,2026-09-12 11:08:02,https://nha.chotot.com/tin/178727010,2026-09-17T07:32:43.359823
2552,Mặt bằng đẹp Hồ Văn Huê 30m2,7490000,0.24966666,30 m²,"Phường 9, Quận Phú Nhuận, Tp Hồ Chí Minh",Quận Phú Nhuận,Tp Hồ Chí Minh,10.80251,106.67629,Đất,,,,,,,,7490000.0,[],7,NGUYỄN THỊ ANH THƯ,,,2026-09-06 15:25:13,https://nha.chotot.com/tin/178603931,2026-09-17T07:32:43.360005
2553,"🇻🇳SHOPHOUSE 3 TẦNG MẶT TIỀN MÊ LINH | GẦN ORI, KCN HÒA KHÁNH",14000000,0.11666667,120 m²,"Phường Hòa Hiệp Nam, Quận Liên Chiểu, Đà Nẵng",Quận Liên Chiểu,Đà Nẵng,16.09171,108.12595,Đất,,04,,3,,,,,[],10,Ngô Văn Cảnh,,4.4,2026-09-17 14:22:04,https://nha.chotot.com/tin/178839109,2026-09-17T07:32:43.360173
2554,🔥 HẺM XE HƠI  HUỲNH VĂN BÁNH – PHÚ NHUẬN | 4PN – 4WC | CHỈ 2x,23000000,0.23,100 m²,"Phường 10, Quận Phú Nhuận, Tp Hồ Chí Minh",Quận Phú Nhuận,Tp Hồ Chí Minh,10.791831,106.671616,Đất,,4,,,,,,46000000.0,[],6,Dung tr,,,2026-09-17 14:21:51,https://nha.chotot.com/tin/178839122,2026-09-17T07:32:43.360334
2555,"Măt tiền Nguyễn Cư Trinh, Quận 1 (Ngang 17m)",90000000,0.45,200 m²,"Phường Nguyễn Cư Trinh, Quận 1, Tp Hồ Chí Minh",Quận 1,Tp Hồ Chí Minh,10.763458,106.68884,Đất,,,,,,,,,[],5,Nhà Phố Cho Thuê,,,2026-09-17 14:21:14,https://nha.chotot.com/tin/178280784,2026-09-17T07:32:43.360500
2556,"🔥GÓC 2MT - NGUYỄN TRÃI, Bến Thành, Q1🔥400m2 sử dụng",150000000,0.375,400 m²,"Phường Bến Thành, Quận 1, Tp Hồ Chí Minh",Quận 1,Tp Hồ Chí Minh,10.771166,106.68731,Đất,,,,,,,,,[],4,Nhà Phố Cho Thuê,,,2026-09-17 14:20:35,https://nha.chotot.com/tin/175556911,2026-09-17T07:32:43.360760
2557,CHO THUÊ TÒA NHÀ 2 MẶT TIỀN VÕ VĂN NGÂN DT 12M X 36M TP THỦ ĐỨC,100000000,0.07692308,1300 m²,"Phường Bình Thọ (Quận Thủ Đức cũ), Thành phố Thủ Đức, Tp Hồ Chí Minh",Thành phố Thủ Đức,Tp Hồ Chí Minh,10.850573,106.76223,Đất,,,,,,,1.0,,[],3,Oanh Home,,,2026-09-17 14:20:21,https://nha.chotot.com/tin/178262159,2026-09-17T07:32:43.361081
2558,"🔥 CHO THUÊ TẦNG 7 160m2 – 104A XUÂN THUỶ, THẢO ĐIỀN, Q2 🔥",50000000,0.3125,160 m²,"Phường Thảo Điền (Quận 2 cũ), Thành phố Thủ Đức, Tp Hồ Chí Minh",Thành phố Thủ Đức,Tp Hồ Chí Minh,10.803889,106.73543,Đất,,,,,,,,150000000.0,[],8,Kiều Hằng,,,2026-09-17 14:18:58,https://nha.chotot.com/tin/178839027,2026-09-17T07:32:43.361262
2559,Cho thuê  Shophouse Panorama Phú Mỹ Hưng 2 tầng 50tr/th,50000000,0.35460994,141 m²,"Phường Tân Phong, Quận 7, Tp Hồ Chí Minh",Quận 7,Tp Hồ Chí Minh,10.72168,106.71284,Đất,,,,2,Tây Nam,,1.0,,[],7,Dân,,,2026-09-17 14:18:55,https://nha.chotot.com/tin/177011854,2026-09-17T07:32:43.361433
2560,Kho trống VIEW SÔNG 235/50A Đặng Thùy Trâm. DT 8X20M.,20000000,0.125,160 m²,"Phường 13, Quận Bình Thạnh, Tp Hồ Chí Minh",Quận Bình Thạnh,Tp Hồ Chí Minh,10.824377,106.70332,Đất,,,,,,2.0,1.0,,[],3,Anh Dũng,,4.0,2026-09-17 14:17:42,https://nha.chotot.com/tin/167862234,2026-09-17T07:32:43.361631
2561,Bán căn hộ Phạm Văn Đồng Long Thành Đồng Nai 1.1 tỷ,1100000000,21.153847,52 m²,"Thị trấn Long Thành, Huyện Long Thành, Đồng Nai",Huyện Long Thành,Đồng Nai,10.77828,106.94472,Căn hộ/Chung cư,1.0,2,,,Bắc,3.0,6.0,,[],4,Bùi Duy Hưng,,,2026-09-17 14:31:55,https://nha.chotot.com/tin/178839401,2026-09-17T07:32:44.531402
2562,Cho thuê nhà nguyên căn đường Quang Trung ,11500000,0.23958333,48 m²,"Phường 14, Quận Gò Vấp, Tp Hồ Chí Minh",Quận Gò Vấp,Tp Hồ Chí Minh,10.850746,106.64534,Nhà ở,,4,3,2,,,1.0,,[],5,Út Trung Gò vấp ,,5.0,2026-09-09 14:45:06,https://nha.chotot.com/tin/178281738,2026-09-17T07:32:44.531711
2563,"CẦN BÁN CĂN HỘ CC THỚI AN, Q12, 95M2 , CÓ SÂN VƯỜN, 2,82 TỶ",2820000000,29.68421,95 m²,"Phường Thới An, Quận 12, Tp Hồ Chí Minh",Quận 12,Tp Hồ Chí Minh,10.87607,106.655655,Căn hộ/Chung cư,1.0,2,2,,Đông Nam,2.0,6.0,,[],5,VÕ Hằng ,,,2026-08-25 21:26:52,https://nha.chotot.com/tin/178382179,2026-09-17T07:32:44.531895
2564,KHU PHẠM VĂN ĐỒNG VILLA HỒ BƠI 7PN - SIÊU ĐẸP,65000000,0.325,200 m²,"Phường An Hải Bắc, Quận Sơn Trà, Đà Nẵng",Quận Sơn Trà,Đà Nẵng,16.0752,108.23292,Nhà ở,,7,7,3,,2.0,1.0,65000000.0,[],12,Trân Duy Hải,,5.0,2026-09-17 14:31:34,https://nha.chotot.com/tin/178839400,2026-09-17T07:32:44.532201
2565,🥳🥳Một Căn Hộ Vừa Đẹp- Vừa Tiện Nghi - Vừa Có Không Gian Sống Thoángãng,12000000,0.4,30 m²,"Phường Thảo Điền (Quận 2 cũ), Thành phố Thủ Đức, Tp Hồ Chí Minh",Thành phố Thủ Đức,Tp Hồ Chí Minh,10.806585,106.72578,Căn hộ/Chung cư,2.0,1,,,,,,12000000.0,[],10,Hồng Loan HIFRIENDZ,,,2026-09-17 14:31:31,https://nha.chotot.com/tin/178373155,2026-09-17T07:32:44.532523
2566,Bán nhà hẻm 184 thoáng đường Âu Dương Lân P3 Q8 ,3180000000,104.605606,30.3999 m²,"Phường 3, Quận 8, Tp Hồ Chí Minh",Quận 8,Tp Hồ Chí Minh,10.745962,106.68301,Nhà ở,,2,2,2,,2.0,1.0,,[],5, Như Ý,,,2026-09-17 14:31:29,https://nha.chotot.com/tin/178502242,2026-09-17T07:32:44.532726
2567,HÀNG HIẾM KHÓ TÌM - NHÀ C4 144m² S.H.R - CHỈ 820TR - TÂN AN HỘI CỦ CHI,820000000,5.6944447,144 m²,"Xã Tân An Hội, Huyện Củ Chi, Tp Hồ Chí Minh",Huyện Củ Chi,Tp Hồ Chí Minh,10.9593525,106.48182,Nhà ở,,2,1,1,,4.0,4.0,,[],8,Nguyễn Văn Quốc,,,2026-09-17 14:31:19,https://nha.chotot.com/tin/178838518,2026-09-17T07:32:44.532911
2568,"🌧️🫧🏡 CĂN HỘ HIỆN ĐẠI – GỌN GÀNG, ẤM ÁP, ĐỦ ĐẦY TIỆN NGHI ✨😅🥹",7000000,0.23333333,30 m²,"Phường An Phú (Quận 2 cũ), Thành phố Thủ Đức, Tp Hồ Chí Minh",Thành phố Thủ Đức,Tp Hồ Chí Minh,10.794329,106.742546,Căn hộ/Chung cư,2.0,1,,,,,,7000000.0,[],7,Hồng Loan HIFRIENDZ,,,2026-09-17 14:31:18,https://nha.chotot.com/tin/178372865,2026-09-17T07:32:44.533075
2569,CHO THUÊ NHÀ ĐƯỜNG QUỐC HƯƠNG GIÁ 27 TRIỆU ,27000000,0.36,75 m²,"Phường Thảo Điền (Quận 2 cũ), Thành phố Thủ Đức, Tp Hồ Chí Minh",Thành phố Thủ Đức,Tp Hồ Chí Minh,10.807138,106.73095,Nhà ở,,2,2,2,,,,,[],6,Phương,,,2026-09-17 14:31:17,https://nha.chotot.com/tin/178839383,2026-09-17T07:32:44.533243
2570,"CHO THUÊ NHÀ  PHẠM QUÝ THÍCH   P.PHÚ THỌ HOÀ, TÂN PHÚ   📐 Diện tích: 4",10500000,0.125,84 m²,"Phường Tân Quý, Quận Tân Phú, Tp Hồ Chí Minh",Quận Tân Phú,Tp Hồ Chí Minh,10.789263,106.62116,Nhà ở,,1,1,,,,,,[],3,Thu,,4.0,2026-09-17 14:31:09,https://nha.chotot.com/tin/178839386,2026-09-17T07:32:44.533413
2571,Gia đình có việc cần chuyển nhượng căn hộ gần Depot Tham Lương 2PN,3500000000,57.37705,61 m²,"Phường Tân Thới Nhất, Quận 12, Tp Hồ Chí Minh",Quận 12,Tp Hồ Chí Minh,10.82442,106.62025,Căn hộ/Chung cư,1.0,2,1,,,3.0,6.0,,[],5,Đơn Phương,,,2026-09-10 10:12:16,https://nha.chotot.com/tin/178684712,2026-09-17T07:32:44.533605
2572,"CHO THUÊ NHÀ NGUYÊN CĂN – PHƯỜNG LINH TÂY, TP. THỦ ĐỨC  📍 Địa chỉ: 145",10000000,0.14285715,70 m²,"Phường Linh Tây (Quận Thủ Đức cũ), Thành phố Thủ Đức, Tp Hồ Chí Minh",Thành phố Thủ Đức,Tp Hồ Chí Minh,10.86056,106.756256,Nhà ở,,2,,,,,,,[],6,Đăng Quang Rental,,,2026-09-17 14:31:05,https://nha.chotot.com/tin/178839388,2026-09-17T07:32:44.533785
2573,Nhà 3 Rưỡi - Mặt Tiền Hải Châu Gần Đống Đa ( SỤP ),5500000000,110.0,50 m²,"Phường Thuận Phước, Quận Hải Châu, Đà Nẵng",Quận Hải Châu,Đà Nẵng,16.08619,108.21645,Nhà ở,,6,,5,,,,,[],7,hưng thịnh,,5.0,2026-09-02 10:54:17,https://nha.chotot.com/tin/178518870,2026-09-17T07:32:44.533970
2574,"[GIÁ RẺ] NHÀ NGUYÊN CĂN 1 TRỆT 1 LẦU GẦN EMART, CHỢ TÂN SƠN",8000000,0.14285715,56 m²,"Phường 12, Quận Gò Vấp, Tp Hồ Chí Minh",Quận Gò Vấp,Tp Hồ Chí Minh,10.832696,106.63855,Nhà ở,,2,2,1,,,,,[],8,THÀNH ĐẠT CHUYÊN CHO THUÊ PHÒNG TRỌ CHDV GIÁ TỐT,,,2026-09-17 14:30:48,https://nha.chotot.com/tin/178839377,2026-09-17T07:32:44.534131
2575,"Cho thuê giá tốt 3PN view sông, nội thất xịn, Vinhomes Central Park",35000000,0.3043478,115 m²,"Phường 22, Quận Bình Thạnh, Tp Hồ Chí Minh",Quận Bình Thạnh,Tp Hồ Chí Minh,10.79387,106.72032,Căn hộ/Chung cư,1.0,3,2,,,1.0,6.0,,[],12,Huyền Nguyễn,,,2026-09-02 15:25:06,https://nha.chotot.com/tin/178523171,2026-09-17T07:32:44.534283
2576,Giá Thuê : 9tr/1 tháng Cho Thuê Nhà Đường Bùi Quang Là P12 Q. gò Vấp -,9000000,0.140625,64 m²,"Phường 12, Quận Gò Vấp, Tp Hồ Chí Minh",Quận Gò Vấp,Tp Hồ Chí Minh,10.835113,106.6396,Nhà ở,,2,2,,Tây,,,1.0,[],6,Quang Huy,,5.0,2026-09-07 10:48:48,https://nha.chotot.com/tin/178617090,2026-09-17T07:32:44.534508
2577,"BÁN GẤP NHÀ KQH HOÀNG DIỆU PHƯỜNG CAM LY ĐÀ LẠT CHỈ 5,4 TỶ",5400000000,120.0,45 m²,"Phường 5, Thành phố Đà Lạt, Lâm Đồng",Thành phố Đà Lạt,Lâm Đồng,11.942885,108.427925,Nhà ở,,3,2,3,Tây Bắc,3.0,,,[],4,Tô Hoàng Phương Trinh,,,2026-09-15 15:32:14,https://nha.chotot.com/tin/178796817,2026-09-17T07:32:44.534679
2578,KHAI TRƯƠNG PHÒNG TRỌ SINH VIÊN GIÁ RẺ NGAY ĐH CÔNG THƯƠNG TÂN PHÚ,3500000,0.14,25 m²,"Phường Tân Sơn Nhì, Quận Tân Phú, Tp Hồ Chí Minh",Quận Tân Phú,Tp Hồ Chí Minh,10.801903,106.625885,Phòng trọ,,,,,,,,3500000.0,[],5,Kiều Oanh NeWay Home ,,5.0,2026-09-17 14:30:15,https://nha.chotot.com/tin/178453357,2026-09-17T07:32:44.534832
2579,"HIẾM!!!! - Hẻm Sư Vạn Hạnh, P12, Q.10 - 5x20m, 4 Tầng, 400m2",38000000,0.38,100 m²,"Phường 12, Quận 10, Tp Hồ Chí Minh",Quận 10,Tp Hồ Chí Minh,10.775027,106.667755,Đất,,,,4,,,,,[],9,Ngô Thanh Hùng,,,2026-09-17 14:30:13,https://nha.chotot.com/tin/178839362,2026-09-17T07:32:44.535035
2580,Bán Đất Lô Góc Võ Văn Vân giá cực tốt,4190000000,37.410713,112 m²,"Xã Vĩnh Lộc B, Huyện Bình Chánh, Tp Hồ Chí Minh",Huyện Bình Chánh,Tp Hồ Chí Minh,10.773623,106.57547,Văn phòng/Mặt bằng,,,,,,,1.0,,[],6,Thanh Hưng,,3.4,2026-09-09 18:08:26,https://nha.chotot.com/tin/178674907,2026-09-17T07:32:44.535210
2581,"🌧️🫧🏡 CĂN HỘ HIỆN ĐẠI – GỌN GÀNG, ẤM ÁP, ĐỦ ĐẦY TIỆN NGHI ✨😅🥹",7000000,0.23333333,30 m²,"Phường An Phú (Quận 2 cũ), Thành phố Thủ Đức, Tp Hồ Chí Minh",Thành phố Thủ Đức,Tp Hồ Chí Minh,10.794329,106.742546,Căn hộ/Chung cư,2.0,1,,,,,,7000000.0,[],7,Hồng Loan HIFRIENDZ,,,2026-09-17 14:31:18,https://nha.chotot.com/tin/178372865,2026-09-17T07:32:45.586930
2582,Bán căn hộ Phạm Văn Đồng Long Thành Đồng Nai 1.1 tỷ,1100000000,21.153847,52 m²,"Thị trấn Long Thành, Huyện Long Thành, Đồng Nai",Huyện Long Thành,Đồng Nai,10.77828,106.94472,Căn hộ/Chung cư,1.0,2,,,Bắc,3.0,6.0,,[],4,Bùi Duy Hưng,,,2026-09-17 14:31:55,https://nha.chotot.com/tin/178839401,2026-09-17T07:32:45.587213
2583,"CẦN BÁN CĂN HỘ CC THỚI AN, Q12, 95M2 , CÓ SÂN VƯỜN, 2,82 TỶ",2820000000,29.68421,95 m²,"Phường Thới An, Quận 12, Tp Hồ Chí Minh",Quận 12,Tp Hồ Chí Minh,10.87607,106.655655,Căn hộ/Chung cư,1.0,2,2,,Đông Nam,2.0,6.0,,[],5,VÕ Hằng ,,,2026-08-25 21:26:52,https://nha.chotot.com/tin/178382179,2026-09-17T07:32:45.587414
2584,🥳🥳Một Căn Hộ Vừa Đẹp- Vừa Tiện Nghi - Vừa Có Không Gian Sống Thoángãng,12000000,0.4,30 m²,"Phường Thảo Điền (Quận 2 cũ), Thành phố Thủ Đức, Tp Hồ Chí Minh",Thành phố Thủ Đức,Tp Hồ Chí Minh,10.806585,106.72578,Căn hộ/Chung cư,2.0,1,,,,,,12000000.0,[],10,Hồng Loan HIFRIENDZ,,,2026-09-17 14:31:31,https://nha.chotot.com/tin/178373155,2026-09-17T07:32:45.587739
2585,Gia đình có việc cần chuyển nhượng căn hộ gần Depot Tham Lương 2PN,3500000000,57.37705,61 m²,"Phường Tân Thới Nhất, Quận 12, Tp Hồ Chí Minh",Quận 12,Tp Hồ Chí Minh,10.82442,106.62025,Căn hộ/Chung cư,1.0,2,1,,,3.0,6.0,,[],5,Đơn Phương,,,2026-09-10 10:12:16,https://nha.chotot.com/tin/178684712,2026-09-17T07:32:45.587923
2586,"Cho thuê giá tốt 3PN view sông, nội thất xịn, Vinhomes Central Park",35000000,0.3043478,115 m²,"Phường 22, Quận Bình Thạnh, Tp Hồ Chí Minh",Quận Bình Thạnh,Tp Hồ Chí Minh,10.79387,106.72032,Căn hộ/Chung cư,1.0,3,2,,,1.0,6.0,,[],12,Huyền Nguyễn,,,2026-09-02 15:25:06,https://nha.chotot.com/tin/178523171,2026-09-17T07:32:45.588188
2587,"BCONS ARIA TRẢ TRƯỚC CHỈ 5% CHIẾT KHẤU 8,5% HỖ TRỢ LS 6,9% TRONG 4 NĂM",2600000000,49.056602,53 m²,"Phường Đông Hòa, Thành phố Dĩ An, Bình Dương",Thành phố Dĩ An,Bình Dương,10.89115,106.8022,Căn hộ/Chung cư,1.0,2,2,37,Tây,3.0,4.0,,[],12,Huy Hoàng Bcons ,,,2026-08-25 09:52:10,https://nha.chotot.com/tin/178364490,2026-09-17T07:32:45.588374
2588,"CHO THUÊ CĂN HỘ MỚI 2 PHÒNG NGỦ, DIỆN TÍCH 60M² ",13500000,0.20769231,65 m²,"Phường Khuê Mỹ, Quận Ngũ Hành Sơn, Đà Nẵng",Quận Ngũ Hành Sơn,Đà Nẵng,16.023426,108.2459,Căn hộ/Chung cư,2.0,2,,,,2.0,,,[],4,VANA,,,2026-09-17 14:30:06,https://nha.chotot.com/tin/178838887,2026-09-17T07:32:45.588574
2589,Bán căn Hưng Phát Silver Star - sát vách sunrise reverside - 4.6ty,4350000000,41.037735,106 m²,"Xã Phước Kiển, Huyện Nhà Bè, Tp Hồ Chí Minh",Huyện Nhà Bè,Tp Hồ Chí Minh,10.70387,106.71276,Căn hộ/Chung cư,1.0,3,,,Tây Nam,2.0,6.0,,[],9,Vân,,4.8,2026-09-03 11:16:19,https://nha.chotot.com/tin/177025273,2026-09-17T07:32:45.588748
2590,Cho thuê CC Garden gate 40m2 Offictel 1WC giá cực tốt chỉ 11tr/th ,11000000,0.31428573,35 m²,"Phường 9, Quận Phú Nhuận, Tp Hồ Chí Minh",Quận Phú Nhuận,Tp Hồ Chí Minh,10.80964,106.67425,Căn hộ/Chung cư,1.0,1,1,,,,,,[],3,Nguyễn Hoàng Toàn,,,2026-09-15 10:14:56,https://nha.chotot.com/tin/178787965,2026-09-17T07:32:45.588935
2591,KHAI TRƯƠNG ĐUPLEX 3🍠X ĐƯỜNG SỐ 1_NGUYỄN THỊ TÚ NHẬN XE ĐIỆN FULL NT,3700000,0.13214286,28 m²,"Phường Bình Hưng Hoà B, Quận Bình Tân, Tp Hồ Chí Minh",Quận Bình Tân,Tp Hồ Chí Minh,10.807803,106.59462,Căn hộ/Chung cư,3.0,1,1,,,2.0,4.0,1000000.0,[],11,Triệu an HiFriendz Tp ,,5.0,2026-09-17 14:29:46,https://nha.chotot.com/tin/178839353,2026-09-17T07:32:45.589101
2592,"Chung cư Tecco Green - Phan Văn Hớn căn 2p ngủ , full NT, giá 7,3tr/th",7300000,0.1,73 m²,"Phường Tân Thới Nhất, Quận 12, Tp Hồ Chí Minh",Quận 12,Tp Hồ Chí Minh,10.82954,106.61561,Căn hộ/Chung cư,1.0,2,2,,,2.0,6.0,,[],6,Phí Linh,,,2026-09-17 14:29:29,https://nha.chotot.com/tin/178839257,2026-09-17T07:32:45.589261
2593,💥CHDV - FUL NT - 2PN - BALCONY THOÁNG ⚡️ PHAN ĐĂNG LƯU - BÙI ĐÌNH TUÝ 💥,7800000,0.111428574,70 m²,"Phường 1, Quận Bình Thạnh, Tp Hồ Chí Minh",Quận Bình Thạnh,Tp Hồ Chí Minh,10.802451,106.697495,Căn hộ/Chung cư,2.0,2,,,,,,,[],12,Lương Thanh Trúc,,,2026-09-12 21:54:42,https://nha.chotot.com/tin/178437508,2026-09-17T07:32:45.589420
2594,"💥 HÀ ĐÔ CENTROSA – 2PN 2WC – NHÀ ĐẸP, FULL NỘI THẤT – Ở LIỀN CHỈ 22TR",22000000,0.25581396,86 m²,"Phường 12, Quận 10, Tp Hồ Chí Minh",Quận 10,Tp Hồ Chí Minh,10.7762,106.67889,Căn hộ/Chung cư,1.0,2,2,,,,,,[],12,Hoàng Dung,,4.5,2026-09-17 11:07:05,https://nha.chotot.com/tin/178834497,2026-09-17T07:32:45.589591
2595,"CĂN HỘ MINI CAO CẤP MỚI 100%, FULL NỘI THẤT NGAY ẺMART PHAN HUY ÍCH",5000000,0.2,25 m²,"Phường 12, Quận Gò Vấp, Tp Hồ Chí Minh",Quận Gò Vấp,Tp Hồ Chí Minh,10.837349,106.636284,Căn hộ/Chung cư,2.0,1,1,,,1.0,4.0,5000000.0,[],12,Alo Ngoc Hoang,,5.0,2026-09-17 14:28:24,https://nha.chotot.com/tin/178839301,2026-09-17T07:32:45.589766
2596,TÌM NỮ Ở GHÉP CĂN CHUNG CƯ 2PN,4500000,0.071428575,63 m²,"Phường Phú Thuận, Quận 7, Tp Hồ Chí Minh",Quận 7,Tp Hồ Chí Minh,10.722,106.7433,Căn hộ/Chung cư,1.0,2,2,,,2.0,4.0,4500000.0,[],7,Kim Thanh,,5.0,2026-09-17 14:28:16,https://nha.chotot.com/tin/178839296,2026-09-17T07:32:45.589946
2597,Khách Cần Tiền Ra Di Căn 2PN Hiyori Siêu Mới,5200000000,83.870964,62 m²,"Phường An Hải Đông, Quận Sơn Trà, Đà Nẵng",Quận Sơn Trà,Đà Nẵng,16.06191,108.23652,Căn hộ/Chung cư,1.0,2,2,,,1.0,2.0,,[],11,Hồng Công,,,2026-09-17 14:26:46,https://nha.chotot.com/tin/171220229,2026-09-17T07:32:45.590197
2598,⭐ RIVER PANORAMA CHO THUÊ 3PN2WC FULL NỘI THẤT VIEW ĐẸP CHỈ 19 TRIỆU,19000000,0.21111111,90 m²,"Phường Phú Mỹ, Quận 7, Tp Hồ Chí Minh",Quận 7,Tp Hồ Chí Minh,10.71422,106.73743,Căn hộ/Chung cư,1.0,3,2,,,2.0,6.0,,[],12,Huy,,5.0,2026-09-08 14:36:21,https://nha.chotot.com/tin/172861126,2026-09-17T07:32:45.590368
2599,"THẢO ĐIỀN, QUẬN 2 🏡 CHO THUÊ CHDV CAO CẤP💘 1PN BAN CÔNG FULL NỘI THẤT",11000000,0.22,50 m²,"Phường Thảo Điền (Quận 2 cũ), Thành phố Thủ Đức, Tp Hồ Chí Minh",Thành phố Thủ Đức,Tp Hồ Chí Minh,10.803914,106.72912,Căn hộ/Chung cư,2.0,1,1,,Đông Bắc,1.0,4.0,11000000.0,[],11,Phương An Chuyên Căn Hộ Quận 2,,5.0,2026-09-11 14:06:45,https://nha.chotot.com/tin/177928071,2026-09-17T07:32:45.590569
2600,CHDV FULL NỘI THẤT MỚI KENG GẦN MEGA MARKET Q12,3900000,0.156,25 m²,"Phường Tân Thới Hiệp, Quận 12, Tp Hồ Chí Minh",Quận 12,Tp Hồ Chí Minh,10.887289,106.64767,Căn hộ/Chung cư,2.0,1,1,4,,2.0,4.0,,[],10,Anh Tuấn Tìm Phòng,,5.0,2026-09-17 14:26:20,https://nha.chotot.com/tin/178839237,2026-09-17T07:32:45.590736
2601,NHÀ ĐẸP TÂN PHÚ ÂU CƠ 56M2_3 TẦNG _NGAY ĐH VĂN HIẾN_HẺM 8M_ NHỈNH 6T,6500000000,108.333336,60 m²,"Phường Tân Thành, Quận Tân Phú, Tp Hồ Chí Minh",Quận Tân Phú,Tp Hồ Chí Minh,10.791454,106.63355,Nhà ở,,3,3,3,,,1.0,,[],9,Trang,,,2026-09-17 14:32:10,https://nha.chotot.com/tin/178839418,2026-09-17T07:32:46.730212
2602,Cho thuê nhà nguyên căn đường Quang Trung ,11500000,0.23958333,48 m²,"Phường 14, Quận Gò Vấp, Tp Hồ Chí Minh",Quận Gò Vấp,Tp Hồ Chí Minh,10.850746,106.64534,Nhà ở,,4,3,2,,,1.0,,[],5,Út Trung Gò vấp ,,5.0,2026-09-09 14:45:06,https://nha.chotot.com/tin/178281738,2026-09-17T07:32:46.730500
2603,KHU PHẠM VĂN ĐỒNG VILLA HỒ BƠI 7PN - SIÊU ĐẸP,65000000,0.325,200 m²,"Phường An Hải Bắc, Quận Sơn Trà, Đà Nẵng",Quận Sơn Trà,Đà Nẵng,16.0752,108.23292,Nhà ở,,7,7,3,,2.0,1.0,65000000.0,[],12,Trân Duy Hải,,5.0,2026-09-17 14:31:34,https://nha.chotot.com/tin/178839400,2026-09-17T07:32:46.730712
2604,Bán nhà hẻm 184 thoáng đường Âu Dương Lân P3 Q8 ,3180000000,104.605606,30.3999 m²,"Phường 3, Quận 8, Tp Hồ Chí Minh",Quận 8,Tp Hồ Chí Minh,10.745962,106.68301,Nhà ở,,2,2,2,,2.0,1.0,,[],5, Như Ý,,,2026-09-17 14:31:29,https://nha.chotot.com/tin/178502242,2026-09-17T07:32:46.731037
2605,HÀNG HIẾM KHÓ TÌM - NHÀ C4 144m² S.H.R - CHỈ 820TR - TÂN AN HỘI CỦ CHI,820000000,5.6944447,144 m²,"Xã Tân An Hội, Huyện Củ Chi, Tp Hồ Chí Minh",Huyện Củ Chi,Tp Hồ Chí Minh,10.9593525,106.48182,Nhà ở,,2,1,1,,4.0,4.0,,[],8,Nguyễn Văn Quốc,,,2026-09-17 14:31:19,https://nha.chotot.com/tin/178838518,2026-09-17T07:32:46.731279
2606,CHO THUÊ NHÀ ĐƯỜNG QUỐC HƯƠNG GIÁ 27 TRIỆU ,27000000,0.36,75 m²,"Phường Thảo Điền (Quận 2 cũ), Thành phố Thủ Đức, Tp Hồ Chí Minh",Thành phố Thủ Đức,Tp Hồ Chí Minh,10.807138,106.73095,Nhà ở,,2,2,2,,,,,[],6,Phương,,,2026-09-17 14:31:17,https://nha.chotot.com/tin/178839383,2026-09-17T07:32:46.731453
2607,"CHO THUÊ NHÀ  PHẠM QUÝ THÍCH   P.PHÚ THỌ HOÀ, TÂN PHÚ   📐 Diện tích: 4",10500000,0.125,84 m²,"Phường Tân Quý, Quận Tân Phú, Tp Hồ Chí Minh",Quận Tân Phú,Tp Hồ Chí Minh,10.789263,106.62116,Nhà ở,,1,1,,,,,,[],3,Thu,,4.0,2026-09-17 14:31:09,https://nha.chotot.com/tin/178839386,2026-09-17T07:32:46.731644
2608,"CHO THUÊ NHÀ NGUYÊN CĂN – PHƯỜNG LINH TÂY, TP. THỦ ĐỨC  📍 Địa chỉ: 145",10000000,0.14285715,70 m²,"Phường Linh Tây (Quận Thủ Đức cũ), Thành phố Thủ Đức, Tp Hồ Chí Minh",Thành phố Thủ Đức,Tp Hồ Chí Minh,10.86056,106.756256,Nhà ở,,2,,,,,,,[],6,Đăng Quang Rental,,,2026-09-17 14:31:05,https://nha.chotot.com/tin/178839388,2026-09-17T07:32:46.731812
2609,Nhà 3 Rưỡi - Mặt Tiền Hải Châu Gần Đống Đa ( SỤP ),5500000000,110.0,50 m²,"Phường Thuận Phước, Quận Hải Châu, Đà Nẵng",Quận Hải Châu,Đà Nẵng,16.08619,108.21645,Nhà ở,,6,,5,,,,,[],7,hưng thịnh,,5.0,2026-09-02 10:54:17,https://nha.chotot.com/tin/178518870,2026-09-17T07:32:46.732006
2610,"[GIÁ RẺ] NHÀ NGUYÊN CĂN 1 TRỆT 1 LẦU GẦN EMART, CHỢ TÂN SƠN",8000000,0.14285715,56 m²,"Phường 12, Quận Gò Vấp, Tp Hồ Chí Minh",Quận Gò Vấp,Tp Hồ Chí Minh,10.832696,106.63855,Nhà ở,,2,2,1,,,,,[],8,THÀNH ĐẠT CHUYÊN CHO THUÊ PHÒNG TRỌ CHDV GIÁ TỐT,,,2026-09-17 14:30:48,https://nha.chotot.com/tin/178839377,2026-09-17T07:32:46.732171
2611,Giá Thuê : 9tr/1 tháng Cho Thuê Nhà Đường Bùi Quang Là P12 Q. gò Vấp -,9000000,0.140625,64 m²,"Phường 12, Quận Gò Vấp, Tp Hồ Chí Minh",Quận Gò Vấp,Tp Hồ Chí Minh,10.835113,106.6396,Nhà ở,,2,2,,Tây,,,1.0,[],6,Quang Huy,,5.0,2026-09-07 10:48:48,https://nha.chotot.com/tin/178617090,2026-09-17T07:32:46.732364
2612,"BÁN GẤP NHÀ KQH HOÀNG DIỆU PHƯỜNG CAM LY ĐÀ LẠT CHỈ 5,4 TỶ",5400000000,120.0,45 m²,"Phường 5, Thành phố Đà Lạt, Lâm Đồng",Thành phố Đà Lạt,Lâm Đồng,11.942885,108.427925,Nhà ở,,3,2,3,Tây Bắc,3.0,,,[],4,Tô Hoàng Phương Trinh,,,2026-09-15 15:32:14,https://nha.chotot.com/tin/178796817,2026-09-17T07:32:46.732543
2613,Nhà mới DT:4x9m 2 Tầng 2pn 2wc hẻm 1942 Huỳnh Tấn Phát,1960000000,61.25,32 m²,"Thị trấn Nhà Bè, Huyện Nhà Bè, Tp Hồ Chí Minh",Huyện Nhà Bè,Tp Hồ Chí Minh,10.698072,106.738914,Nhà ở,,2,,2,,,,,[],11,Nam Phú Gia,,,2026-09-06 06:52:42,https://nha.chotot.com/tin/178593726,2026-09-17T07:32:46.732708
2614,Nhà Lầu 4 Tầng Hẻm Oto Xây Mới 100% Âu Dương Lân P2 Q8,8600000000,204.7619,42 m²,"Phường 2, Quận 8, Tp Hồ Chí Minh",Quận 8,Tp Hồ Chí Minh,10.742134,106.685104,Nhà ở,,4,3,4,,2.0,1.0,,[],8,Phạm Quốc Thắng,,,2026-09-17 14:29:58,https://nha.chotot.com/tin/178839361,2026-09-17T07:32:46.732882
2615,"Cho Thuê Biệt Thự Nam Thông PMH Q7 - 450m2, 5PN, Đường 20m",70000000,0.15555556,450 m²,"Phường Tân Phong, Quận 7, Tp Hồ Chí Minh",Quận 7,Tp Hồ Chí Minh,10.73019,106.70033,Nhà ở,,5,4,5,,,,,[],12,Thuỷ Trần,,,2026-08-31 09:55:18,https://nha.chotot.com/tin/178484863,2026-09-17T07:32:46.733037
2616,Cần cho thuê nhà góc 2 Mặt Tiền 84A Phổ Quang P.2 Q.Tân Bình,30000000,0.3030303,99 m²,"Phường 2, Quận Tân Bình, Tp Hồ Chí Minh",Quận Tân Bình,Tp Hồ Chí Minh,10.806851,106.668365,Nhà ở,,5,5,4,,,1.0,60000000.0,[],6,Anh Thanh,,,2026-09-17 14:29:37,https://nha.chotot.com/tin/178839329,2026-09-17T07:32:46.733260
2617,Bán nhà lầu đúc kiên cố hẻm xe hơi rộng đường Dương Bá Trạc P1 Q8 ,11800000000,245.83333,48 m²,"Phường 1, Quận 8, Tp Hồ Chí Minh",Quận 8,Tp Hồ Chí Minh,10.74418,106.69049,Nhà ở,,4,4,4,Nam,2.0,1.0,,[],3,Nguyễn Thìn ,,4.4,2026-09-17 14:29:34,https://nha.chotot.com/tin/178839333,2026-09-17T07:32:46.733411
2618,"Bán nhà riêng 4mx18,3m",12300000000,169.65517,72.5 m²,"Phường Tân Sơn Nhì, Quận Tân Phú, Tp Hồ Chí Minh",Quận Tân Phú,Tp Hồ Chí Minh,10.796407,106.63215,Nhà ở,,1,,,,,,,[],3,Nguyễn Võ Châu Phát,,,2026-09-16 14:28:21,https://nha.chotot.com/tin/178817793,2026-09-17T07:32:46.733601
2619,cho thuê,25000000,0.41666666,60 m²,"Phường 8, Quận 5, Tp Hồ Chí Minh",Quận 5,Tp Hồ Chí Minh,10.756033,106.671135,Nhà ở,,4,5,3,Đông,3.0,1.0,50000000.0,[],3,Phạm Ánh Lan,,5.0,2026-09-17 12:38:51,https://nha.chotot.com/tin/178836750,2026-09-17T07:32:46.733759
2620,cho thuê nhà 2 tầng đường phan thanh sát đại học duy tân,11000000,0.22,50 m²,"Phường Thạc Gián, Quận Thanh Khê, Đà Nẵng",Quận Thanh Khê,Đà Nẵng,16.063013,108.208755,Nhà ở,,3,3,2,,1.0,,,[],10,Đại tuấn,,,2026-09-17 14:29:11,https://nha.chotot.com/tin/178839312,2026-09-17T07:32:46.733913
2621,"HIẾM!!!! - Hẻm Sư Vạn Hạnh, P12, Q.10 - 5x20m, 4 Tầng, 400m2",38000000,0.38,100 m²,"Phường 12, Quận 10, Tp Hồ Chí Minh",Quận 10,Tp Hồ Chí Minh,10.775027,106.667755,Đất,,,,4,,,,,[],9,Ngô Thanh Hùng,,,2026-09-17 14:30:13,https://nha.chotot.com/tin/178839362,2026-09-17T07:32:47.721291
2622,CHO THUÊ HẺM NGUYỄN VĂN TRỖI TÂN BÌNH | 12x15m siêu rộng,58000000,0.58,100 m²,"Phường 10, Quận Tân Bình, Tp Hồ Chí Minh",Quận Tân Bình,Tp Hồ Chí Minh,10.798557,106.67042,Đất,,,,,,,,116000000.0,[],8,Dung tr,,,2026-09-17 14:29:35,https://nha.chotot.com/tin/178839347,2026-09-17T07:32:47.721605
2623,"Cho thuê nhà phố 5 tầng có thang máy, rèm đường D9",45000000,0.53571427,84 m²,"Phường Long Bình (Quận 9 cũ), Thành phố Thủ Đức, Tp Hồ Chí Minh",Thành phố Thủ Đức,Tp Hồ Chí Minh,10.84805,106.83874,Đất,,,,5,,3.0,1.0,,[],4,DUY HOMES,,,2026-09-09 09:41:13,https://nha.chotot.com/tin/178661906,2026-09-17T07:32:47.721810
2624,"Cho thuê vp phố nguyên hồng,đống đa,dt 68m2,giá 13tr/tháng",13000000,0.19117647,68 m²,"Phường Láng Hạ, Quận Đống Đa, Hà Nội",Quận Đống Đa,Hà Nội,21.015743,105.80971,Đất,,,,8,,1.0,1.0,,[],5,Đào Thành Lân,,,2026-09-17 14:27:34,https://nha.chotot.com/tin/178839277,2026-09-17T07:32:47.721992
2625,🔥 CHO THUÊ BIỆT THỰ SÂN VƯỜN NGUYỄN VĂN TRỖI – NGANG 12M – GIÁ 59TR/TH,59000000,0.118,500 m²,"Phường 10, Quận Phú Nhuận, Tp Hồ Chí Minh",Quận Phú Nhuận,Tp Hồ Chí Minh,10.798557,106.67042,Đất,,,,,,,,150000000.0,[],7,Kiều Hằng,,,2026-09-17 14:27:01,https://nha.chotot.com/tin/178839254,2026-09-17T07:32:47.722413
2626,Cho thuê kho 1200m QL1A Tam Bình chỉ 75k,90000000,0.075,1200 m²,"Phường Tam Bình (Quận Thủ Đức cũ), Thành phố Thủ Đức, Tp Hồ Chí Minh",Thành phố Thủ Đức,Tp Hồ Chí Minh,10.871881,106.739655,Đất,,,,,,,,3.0,[],3,Anhthe,,4.0,2026-09-14 18:07:53,https://nha.chotot.com/tin/178775394,2026-09-17T07:32:47.722643
2627,BIỆT THỰ SÂN VƯỜN KHU TỔ HỢP F&B VÀ ĐA NGÀNH NGHỀ TRUNG TÂM QUẬN 3 ,115000000,0.34848484,330 m²,"Phường Võ Thị Sáu, Quận 3, Tp Hồ Chí Minh",Quận 3,Tp Hồ Chí Minh,10.788824,106.690765,Đất,,,,,,,,,[],9,Yến Ngọc,,,2026-09-17 14:25:23,https://nha.chotot.com/tin/178839200,2026-09-17T07:32:47.722963
2628,🍑Đoạn Đẹp NGUYỄN GIA TRÍ - 4x25m (Trệt 2 Lầu)🍑,65000000,0.21666667,300 m²,"Phường 25, Quận Bình Thạnh, Tp Hồ Chí Minh",Quận Bình Thạnh,Tp Hồ Chí Minh,10.810227,106.71722,Đất,,,,,,,,,[],6,Nhà Phố Cho Thuê,,,2026-09-17 14:24:57,https://nha.chotot.com/tin/175622468,2026-09-17T07:32:47.723153
2629,"🌟10x15m - TRẦN QUỐC TOẢN, Quận 3🌟 Trệt 2 Lầu",60000000,0.13333334,450 m²,"Phường Võ Thị Sáu, Quận 3, Tp Hồ Chí Minh",Quận 3,Tp Hồ Chí Minh,10.78659,106.68779,Đất,,,,,,,,,[],4,Nhà Phố Cho Thuê,,,2026-09-17 14:24:26,https://nha.chotot.com/tin/175903201,2026-09-17T07:32:47.723414
2630,cho thuê 100m văn phòng giá 30 tr,30000000,0.3,100 m²,"Phường An Khánh (Quận 2 cũ), Thành phố Thủ Đức, Tp Hồ Chí Minh",Thành phố Thủ Đức,Tp Hồ Chí Minh,10.79159,106.73052,Đất,,,,,,,,60000000.0,[],3,Nguyễn Văn Hậu,,,2026-09-05 13:44:09,https://nha.chotot.com/tin/178581677,2026-09-17T07:32:47.723676
2631,CHO THUÊ TÒA NHÀ VĂN PHÒNG NGUYỄN VĂN TRỖI NGAY NGÃ TƯ PHÚ NHUẬN,130000000,0.096296296,1350 m²,"Phường 10, Quận Phú Nhuận, Tp Hồ Chí Minh",Quận Phú Nhuận,Tp Hồ Chí Minh,10.798557,106.67042,Đất,,,,,,,,,[],3,Anh Đào,,,2026-09-12 11:08:02,https://nha.chotot.com/tin/178727010,2026-09-17T07:32:47.723858
2632,Mặt bằng đẹp Hồ Văn Huê 30m2,7490000,0.24966666,30 m²,"Phường 9, Quận Phú Nhuận, Tp Hồ Chí Minh",Quận Phú Nhuận,Tp Hồ Chí Minh,10.80251,106.67629,Đất,,,,,,,,7490000.0,[],7,NGUYỄN THỊ ANH THƯ,,,2026-09-06 15:25:13,https://nha.chotot.com/tin/178603931,2026-09-17T07:32:47.724029
2633,"🇻🇳SHOPHOUSE 3 TẦNG MẶT TIỀN MÊ LINH | GẦN ORI, KCN HÒA KHÁNH",14000000,0.11666667,120 m²,"Phường Hòa Hiệp Nam, Quận Liên Chiểu, Đà Nẵng",Quận Liên Chiểu,Đà Nẵng,16.09171,108.12595,Đất,,04,,3,,,,,[],10,Ngô Văn Cảnh,,4.4,2026-09-17 14:22:04,https://nha.chotot.com/tin/178839109,2026-09-17T07:32:47.724194
2634,🔥 HẺM XE HƠI  HUỲNH VĂN BÁNH – PHÚ NHUẬN | 4PN – 4WC | CHỈ 2x,23000000,0.23,100 m²,"Phường 10, Quận Phú Nhuận, Tp Hồ Chí Minh",Quận Phú Nhuận,Tp Hồ Chí Minh,10.791831,106.671616,Đất,,4,,,,,,46000000.0,[],6,Dung tr,,,2026-09-17 14:21:51,https://nha.chotot.com/tin/178839122,2026-09-17T07:32:47.724359
2635,"Măt tiền Nguyễn Cư Trinh, Quận 1 (Ngang 17m)",90000000,0.45,200 m²,"Phường Nguyễn Cư Trinh, Quận 1, Tp Hồ Chí Minh",Quận 1,Tp Hồ Chí Minh,10.763458,106.68884,Đất,,,,,,,,,[],5,Nhà Phố Cho Thuê,,,2026-09-17 14:21:14,https://nha.chotot.com/tin/178280784,2026-09-17T07:32:47.724538
2636,"🔥GÓC 2MT - NGUYỄN TRÃI, Bến Thành, Q1🔥400m2 sử dụng",150000000,0.375,400 m²,"Phường Bến Thành, Quận 1, Tp Hồ Chí Minh",Quận 1,Tp Hồ Chí Minh,10.771166,106.68731,Đất,,,,,,,,,[],4,Nhà Phố Cho Thuê,,,2026-09-17 14:20:35,https://nha.chotot.com/tin/175556911,2026-09-17T07:32:47.724803
2637,CHO THUÊ TÒA NHÀ 2 MẶT TIỀN VÕ VĂN NGÂN DT 12M X 36M TP THỦ ĐỨC,100000000,0.07692308,1300 m²,"Phường Bình Thọ (Quận Thủ Đức cũ), Thành phố Thủ Đức, Tp Hồ Chí Minh",Thành phố Thủ Đức,Tp Hồ Chí Minh,10.850573,106.76223,Đất,,,,,,,1.0,,[],3,Oanh Home,,,2026-09-17 14:20:21,https://nha.chotot.com/tin/178262159,2026-09-17T07:32:47.725151
2638,"🔥 CHO THUÊ TẦNG 7 160m2 – 104A XUÂN THUỶ, THẢO ĐIỀN, Q2 🔥",50000000,0.3125,160 m²,"Phường Thảo Điền (Quận 2 cũ), Thành phố Thủ Đức, Tp Hồ Chí Minh",Thành phố Thủ Đức,Tp Hồ Chí Minh,10.803889,106.73543,Đất,,,,,,,,150000000.0,[],8,Kiều Hằng,,,2026-09-17 14:18:58,https://nha.chotot.com/tin/178839027,2026-09-17T07:32:47.725332
2639,Cho thuê  Shophouse Panorama Phú Mỹ Hưng 2 tầng 50tr/th,50000000,0.35460994,141 m²,"Phường Tân Phong, Quận 7, Tp Hồ Chí Minh",Quận 7,Tp Hồ Chí Minh,10.72168,106.71284,Đất,,,,2,Tây Nam,,1.0,,[],7,Dân,,,2026-09-17 14:18:55,https://nha.chotot.com/tin/177011854,2026-09-17T07:32:47.725499
2640,Kho trống VIEW SÔNG 235/50A Đặng Thùy Trâm. DT 8X20M.,20000000,0.125,160 m²,"Phường 13, Quận Bình Thạnh, Tp Hồ Chí Minh",Quận Bình Thạnh,Tp Hồ Chí Minh,10.824377,106.70332,Đất,,,,,,2.0,1.0,,[],3,Anh Dũng,,4.0,2026-09-17 14:17:42,https://nha.chotot.com/tin/167862234,2026-09-17T07:32:47.725706
2641,Bán căn hộ Phạm Văn Đồng Long Thành Đồng Nai 1.1 tỷ,1100000000,21.153847,52 m²,"Thị trấn Long Thành, Huyện Long Thành, Đồng Nai",Huyện Long Thành,Đồng Nai,10.77828,106.94472,Căn hộ/Chung cư,1.0,2,,,Bắc,3.0,6.0,,[],4,Bùi Duy Hưng,,,2026-09-17 14:31:55,https://nha.chotot.com/tin/178839401,2026-09-17T07:32:48.849009
2642,Cho thuê nhà nguyên căn đường Quang Trung ,11500000,0.23958333,48 m²,"Phường 14, Quận Gò Vấp, Tp Hồ Chí Minh",Quận Gò Vấp,Tp Hồ Chí Minh,10.850746,106.64534,Nhà ở,,4,3,2,,,1.0,,[],5,Út Trung Gò vấp ,,5.0,2026-09-09 14:45:06,https://nha.chotot.com/tin/178281738,2026-09-17T07:32:48.849300
2643,"CẦN BÁN CĂN HỘ CC THỚI AN, Q12, 95M2 , CÓ SÂN VƯỜN, 2,82 TỶ",2820000000,29.68421,95 m²,"Phường Thới An, Quận 12, Tp Hồ Chí Minh",Quận 12,Tp Hồ Chí Minh,10.87607,106.655655,Căn hộ/Chung cư,1.0,2,2,,Đông Nam,2.0,6.0,,[],5,VÕ Hằng ,,,2026-08-25 21:26:52,https://nha.chotot.com/tin/178382179,2026-09-17T07:32:48.849478
2644,KHU PHẠM VĂN ĐỒNG VILLA HỒ BƠI 7PN - SIÊU ĐẸP,65000000,0.325,200 m²,"Phường An Hải Bắc, Quận Sơn Trà, Đà Nẵng",Quận Sơn Trà,Đà Nẵng,16.0752,108.23292,Nhà ở,,7,7,3,,2.0,1.0,65000000.0,[],12,Trân Duy Hải,,5.0,2026-09-17 14:31:34,https://nha.chotot.com/tin/178839400,2026-09-17T07:32:48.849813
2645,🥳🥳Một Căn Hộ Vừa Đẹp- Vừa Tiện Nghi - Vừa Có Không Gian Sống Thoángãng,12000000,0.4,30 m²,"Phường Thảo Điền (Quận 2 cũ), Thành phố Thủ Đức, Tp Hồ Chí Minh",Thành phố Thủ Đức,Tp Hồ Chí Minh,10.806585,106.72578,Căn hộ/Chung cư,2.0,1,,,,,,12000000.0,[],10,Hồng Loan HIFRIENDZ,,,2026-09-17 14:31:31,https://nha.chotot.com/tin/178373155,2026-09-17T07:32:48.850111
2646,Bán nhà hẻm 184 thoáng đường Âu Dương Lân P3 Q8 ,3180000000,104.605606,30.3999 m²,"Phường 3, Quận 8, Tp Hồ Chí Minh",Quận 8,Tp Hồ Chí Minh,10.745962,106.68301,Nhà ở,,2,2,2,,2.0,1.0,,[],5, Như Ý,,,2026-09-17 14:31:29,https://nha.chotot.com/tin/178502242,2026-09-17T07:32:48.850287
2647,HÀNG HIẾM KHÓ TÌM - NHÀ C4 144m² S.H.R - CHỈ 820TR - TÂN AN HỘI CỦ CHI,820000000,5.6944447,144 m²,"Xã Tân An Hội, Huyện Củ Chi, Tp Hồ Chí Minh",Huyện Củ Chi,Tp Hồ Chí Minh,10.9593525,106.48182,Nhà ở,,2,1,1,,4.0,4.0,,[],8,Nguyễn Văn Quốc,,,2026-09-17 14:31:19,https://nha.chotot.com/tin/178838518,2026-09-17T07:32:48.850459
2648,"🌧️🫧🏡 CĂN HỘ HIỆN ĐẠI – GỌN GÀNG, ẤM ÁP, ĐỦ ĐẦY TIỆN NGHI ✨😅🥹",7000000,0.23333333,30 m²,"Phường An Phú (Quận 2 cũ), Thành phố Thủ Đức, Tp Hồ Chí Minh",Thành phố Thủ Đức,Tp Hồ Chí Minh,10.794329,106.742546,Căn hộ/Chung cư,2.0,1,,,,,,7000000.0,[],7,Hồng Loan HIFRIENDZ,,,2026-09-17 14:31:18,https://nha.chotot.com/tin/178372865,2026-09-17T07:32:48.850661
2649,CHO THUÊ NHÀ ĐƯỜNG QUỐC HƯƠNG GIÁ 27 TRIỆU ,27000000,0.36,75 m²,"Phường Thảo Điền (Quận 2 cũ), Thành phố Thủ Đức, Tp Hồ Chí Minh",Thành phố Thủ Đức,Tp Hồ Chí Minh,10.807138,106.73095,Nhà ở,,2,2,2,,,,,[],6,Phương,,,2026-09-17 14:31:17,https://nha.chotot.com/tin/178839383,2026-09-17T07:32:48.850830
2650,"CHO THUÊ NHÀ  PHẠM QUÝ THÍCH   P.PHÚ THỌ HOÀ, TÂN PHÚ   📐 Diện tích: 4",10500000,0.125,84 m²,"Phường Tân Quý, Quận Tân Phú, Tp Hồ Chí Minh",Quận Tân Phú,Tp Hồ Chí Minh,10.789263,106.62116,Nhà ở,,1,1,,,,,,[],3,Thu,,4.0,2026-09-17 14:31:09,https://nha.chotot.com/tin/178839386,2026-09-17T07:32:48.850991
2651,Gia đình có việc cần chuyển nhượng căn hộ gần Depot Tham Lương 2PN,3500000000,57.37705,61 m²,"Phường Tân Thới Nhất, Quận 12, Tp Hồ Chí Minh",Quận 12,Tp Hồ Chí Minh,10.82442,106.62025,Căn hộ/Chung cư,1.0,2,1,,,3.0,6.0,,[],5,Đơn Phương,,,2026-09-10 10:12:16,https://nha.chotot.com/tin/178684712,2026-09-17T07:32:48.851160
2652,"CHO THUÊ NHÀ NGUYÊN CĂN – PHƯỜNG LINH TÂY, TP. THỦ ĐỨC  📍 Địa chỉ: 145",10000000,0.14285715,70 m²,"Phường Linh Tây (Quận Thủ Đức cũ), Thành phố Thủ Đức, Tp Hồ Chí Minh",Thành phố Thủ Đức,Tp Hồ Chí Minh,10.86056,106.756256,Nhà ở,,2,,,,,,,[],6,Đăng Quang Rental,,,2026-09-17 14:31:05,https://nha.chotot.com/tin/178839388,2026-09-17T07:32:48.851342
2653,Nhà 3 Rưỡi - Mặt Tiền Hải Châu Gần Đống Đa ( SỤP ),5500000000,110.0,50 m²,"Phường Thuận Phước, Quận Hải Châu, Đà Nẵng",Quận Hải Châu,Đà Nẵng,16.08619,108.21645,Nhà ở,,6,,5,,,,,[],7,hưng thịnh,,5.0,2026-09-02 10:54:17,https://nha.chotot.com/tin/178518870,2026-09-17T07:32:48.851510
2654,"[GIÁ RẺ] NHÀ NGUYÊN CĂN 1 TRỆT 1 LẦU GẦN EMART, CHỢ TÂN SƠN",8000000,0.14285715,56 m²,"Phường 12, Quận Gò Vấp, Tp Hồ Chí Minh",Quận Gò Vấp,Tp Hồ Chí Minh,10.832696,106.63855,Nhà ở,,2,2,1,,,,,[],8,THÀNH ĐẠT CHUYÊN CHO THUÊ PHÒNG TRỌ CHDV GIÁ TỐT,,,2026-09-17 14:30:48,https://nha.chotot.com/tin/178839377,2026-09-17T07:32:48.851705
2655,"Cho thuê giá tốt 3PN view sông, nội thất xịn, Vinhomes Central Park",35000000,0.3043478,115 m²,"Phường 22, Quận Bình Thạnh, Tp Hồ Chí Minh",Quận Bình Thạnh,Tp Hồ Chí Minh,10.79387,106.72032,Căn hộ/Chung cư,1.0,3,2,,,1.0,6.0,,[],12,Huyền Nguyễn,,,2026-09-02 15:25:06,https://nha.chotot.com/tin/178523171,2026-09-17T07:32:48.851888
2656,Giá Thuê : 9tr/1 tháng Cho Thuê Nhà Đường Bùi Quang Là P12 Q. gò Vấp -,9000000,0.140625,64 m²,"Phường 12, Quận Gò Vấp, Tp Hồ Chí Minh",Quận Gò Vấp,Tp Hồ Chí Minh,10.835113,106.6396,Nhà ở,,2,2,,Tây,,,1.0,[],6,Quang Huy,,5.0,2026-09-07 10:48:48,https://nha.chotot.com/tin/178617090,2026-09-17T07:32:48.852129
2657,"BÁN GẤP NHÀ KQH HOÀNG DIỆU PHƯỜNG CAM LY ĐÀ LẠT CHỈ 5,4 TỶ",5400000000,120.0,45 m²,"Phường 5, Thành phố Đà Lạt, Lâm Đồng",Thành phố Đà Lạt,Lâm Đồng,11.942885,108.427925,Nhà ở,,3,2,3,Tây Bắc,3.0,,,[],4,Tô Hoàng Phương Trinh,,,2026-09-15 15:32:14,https://nha.chotot.com/tin/178796817,2026-09-17T07:32:48.852287
2658,KHAI TRƯƠNG PHÒNG TRỌ SINH VIÊN GIÁ RẺ NGAY ĐH CÔNG THƯƠNG TÂN PHÚ,3500000,0.14,25 m²,"Phường Tân Sơn Nhì, Quận Tân Phú, Tp Hồ Chí Minh",Quận Tân Phú,Tp Hồ Chí Minh,10.801903,106.625885,Phòng trọ,,,,,,,,3500000.0,[],5,Kiều Oanh NeWay Home ,,5.0,2026-09-17 14:30:15,https://nha.chotot.com/tin/178453357,2026-09-17T07:32:48.852441
2659,"HIẾM!!!! - Hẻm Sư Vạn Hạnh, P12, Q.10 - 5x20m, 4 Tầng, 400m2",38000000,0.38,100 m²,"Phường 12, Quận 10, Tp Hồ Chí Minh",Quận 10,Tp Hồ Chí Minh,10.775027,106.667755,Đất,,,,4,,,,,[],9,Ngô Thanh Hùng,,,2026-09-17 14:30:13,https://nha.chotot.com/tin/178839362,2026-09-17T07:32:48.852660
2660,Bán Đất Lô Góc Võ Văn Vân giá cực tốt,4190000000,37.410713,112 m²,"Xã Vĩnh Lộc B, Huyện Bình Chánh, Tp Hồ Chí Minh",Huyện Bình Chánh,Tp Hồ Chí Minh,10.773623,106.57547,Văn phòng/Mặt bằng,,,,,,,1.0,,[],6,Thanh Hưng,,3.4,2026-09-09 18:08:26,https://nha.chotot.com/tin/178674907,2026-09-17T07:32:48.852838
2661,"🌧️🫧🏡 CĂN HỘ HIỆN ĐẠI – GỌN GÀNG, ẤM ÁP, ĐỦ ĐẦY TIỆN NGHI ✨😅🥹",7000000,0.23333333,30 m²,"Phường An Phú (Quận 2 cũ), Thành phố Thủ Đức, Tp Hồ Chí Minh",Thành phố Thủ Đức,Tp Hồ Chí Minh,10.794329,106.742546,Căn hộ/Chung cư,2.0,1,,,,,,7000000.0,[],7,Hồng Loan HIFRIENDZ,,,2026-09-17 14:31:18,https://nha.chotot.com/tin/178372865,2026-09-17T07:32:50.185062
2662,Bán căn hộ Phạm Văn Đồng Long Thành Đồng Nai 1.1 tỷ,1100000000,21.153847,52 m²,"Thị trấn Long Thành, Huyện Long Thành, Đồng Nai",Huyện Long Thành,Đồng Nai,10.77828,106.94472,Căn hộ/Chung cư,1.0,2,,,Bắc,3.0,6.0,,[],4,Bùi Duy Hưng,,,2026-09-17 14:31:55,https://nha.chotot.com/tin/178839401,2026-09-17T07:32:50.185357
2663,"CẦN BÁN CĂN HỘ CC THỚI AN, Q12, 95M2 , CÓ SÂN VƯỜN, 2,82 TỶ",2820000000,29.68421,95 m²,"Phường Thới An, Quận 12, Tp Hồ Chí Minh",Quận 12,Tp Hồ Chí Minh,10.87607,106.655655,Căn hộ/Chung cư,1.0,2,2,,Đông Nam,2.0,6.0,,[],5,VÕ Hằng ,,,2026-08-25 21:26:52,https://nha.chotot.com/tin/178382179,2026-09-17T07:32:50.185566
2664,🥳🥳Một Căn Hộ Vừa Đẹp- Vừa Tiện Nghi - Vừa Có Không Gian Sống Thoángãng,12000000,0.4,30 m²,"Phường Thảo Điền (Quận 2 cũ), Thành phố Thủ Đức, Tp Hồ Chí Minh",Thành phố Thủ Đức,Tp Hồ Chí Minh,10.806585,106.72578,Căn hộ/Chung cư,2.0,1,,,,,,12000000.0,[],10,Hồng Loan HIFRIENDZ,,,2026-09-17 14:31:31,https://nha.chotot.com/tin/178373155,2026-09-17T07:32:50.185883
2665,Gia đình có việc cần chuyển nhượng căn hộ gần Depot Tham Lương 2PN,3500000000,57.37705,61 m²,"Phường Tân Thới Nhất, Quận 12, Tp Hồ Chí Minh",Quận 12,Tp Hồ Chí Minh,10.82442,106.62025,Căn hộ/Chung cư,1.0,2,1,,,3.0,6.0,,[],5,Đơn Phương,,,2026-09-10 10:12:16,https://nha.chotot.com/tin/178684712,2026-09-17T07:32:50.186129
2666,"Cho thuê giá tốt 3PN view sông, nội thất xịn, Vinhomes Central Park",35000000,0.3043478,115 m²,"Phường 22, Quận Bình Thạnh, Tp Hồ Chí Minh",Quận Bình Thạnh,Tp Hồ Chí Minh,10.79387,106.72032,Căn hộ/Chung cư,1.0,3,2,,,1.0,6.0,,[],12,Huyền Nguyễn,,,2026-09-02 15:25:06,https://nha.chotot.com/tin/178523171,2026-09-17T07:32:50.186331
2667,"BCONS ARIA TRẢ TRƯỚC CHỈ 5% CHIẾT KHẤU 8,5% HỖ TRỢ LS 6,9% TRONG 4 NĂM",2600000000,49.056602,53 m²,"Phường Đông Hòa, Thành phố Dĩ An, Bình Dương",Thành phố Dĩ An,Bình Dương,10.89115,106.8022,Căn hộ/Chung cư,1.0,2,2,37,Tây,3.0,4.0,,[],12,Huy Hoàng Bcons ,,,2026-08-25 09:52:10,https://nha.chotot.com/tin/178364490,2026-09-17T07:32:50.186567
2668,"CHO THUÊ CĂN HỘ MỚI 2 PHÒNG NGỦ, DIỆN TÍCH 60M² ",13500000,0.20769231,65 m²,"Phường Khuê Mỹ, Quận Ngũ Hành Sơn, Đà Nẵng",Quận Ngũ Hành Sơn,Đà Nẵng,16.023426,108.2459,Căn hộ/Chung cư,2.0,2,,,,2.0,,,[],4,VANA,,,2026-09-17 14:30:06,https://nha.chotot.com/tin/178838887,2026-09-17T07:32:50.186757
2669,Bán căn Hưng Phát Silver Star - sát vách sunrise reverside - 4.6ty,4350000000,41.037735,106 m²,"Xã Phước Kiển, Huyện Nhà Bè, Tp Hồ Chí Minh",Huyện Nhà Bè,Tp Hồ Chí Minh,10.70387,106.71276,Căn hộ/Chung cư,1.0,3,,,Tây Nam,2.0,6.0,,[],9,Vân,,4.8,2026-09-03 11:16:19,https://nha.chotot.com/tin/177025273,2026-09-17T07:32:50.186949
2670,Cho thuê CC Garden gate 40m2 Offictel 1WC giá cực tốt chỉ 11tr/th ,11000000,0.31428573,35 m²,"Phường 9, Quận Phú Nhuận, Tp Hồ Chí Minh",Quận Phú Nhuận,Tp Hồ Chí Minh,10.80964,106.67425,Căn hộ/Chung cư,1.0,1,1,,,,,,[],3,Nguyễn Hoàng Toàn,,,2026-09-15 10:14:56,https://nha.chotot.com/tin/178787965,2026-09-17T07:32:50.187118
2671,KHAI TRƯƠNG ĐUPLEX 3🍠X ĐƯỜNG SỐ 1_NGUYỄN THỊ TÚ NHẬN XE ĐIỆN FULL NT,3700000,0.13214286,28 m²,"Phường Bình Hưng Hoà B, Quận Bình Tân, Tp Hồ Chí Minh",Quận Bình Tân,Tp Hồ Chí Minh,10.807803,106.59462,Căn hộ/Chung cư,3.0,1,1,,,2.0,4.0,1000000.0,[],11,Triệu an HiFriendz Tp ,,5.0,2026-09-17 14:29:46,https://nha.chotot.com/tin/178839353,2026-09-17T07:32:50.187289
2672,"Chung cư Tecco Green - Phan Văn Hớn căn 2p ngủ , full NT, giá 7,3tr/th",7300000,0.1,73 m²,"Phường Tân Thới Nhất, Quận 12, Tp Hồ Chí Minh",Quận 12,Tp Hồ Chí Minh,10.82954,106.61561,Căn hộ/Chung cư,1.0,2,2,,,2.0,6.0,,[],6,Phí Linh,,,2026-09-17 14:29:29,https://nha.chotot.com/tin/178839257,2026-09-17T07:32:50.187452
2673,💥CHDV - FUL NT - 2PN - BALCONY THOÁNG ⚡️ PHAN ĐĂNG LƯU - BÙI ĐÌNH TUÝ 💥,7800000,0.111428574,70 m²,"Phường 1, Quận Bình Thạnh, Tp Hồ Chí Minh",Quận Bình Thạnh,Tp Hồ Chí Minh,10.802451,106.697495,Căn hộ/Chung cư,2.0,2,,,,,,,[],12,Lương Thanh Trúc,,,2026-09-12 21:54:42,https://nha.chotot.com/tin/178437508,2026-09-17T07:32:50.187629
2674,"💥 HÀ ĐÔ CENTROSA – 2PN 2WC – NHÀ ĐẸP, FULL NỘI THẤT – Ở LIỀN CHỈ 22TR",22000000,0.25581396,86 m²,"Phường 12, Quận 10, Tp Hồ Chí Minh",Quận 10,Tp Hồ Chí Minh,10.7762,106.67889,Căn hộ/Chung cư,1.0,2,2,,,,,,[],12,Hoàng Dung,,4.5,2026-09-17 11:07:05,https://nha.chotot.com/tin/178834497,2026-09-17T07:32:50.187798
2675,"CĂN HỘ MINI CAO CẤP MỚI 100%, FULL NỘI THẤT NGAY ẺMART PHAN HUY ÍCH",5000000,0.2,25 m²,"Phường 12, Quận Gò Vấp, Tp Hồ Chí Minh",Quận Gò Vấp,Tp Hồ Chí Minh,10.837349,106.636284,Căn hộ/Chung cư,2.0,1,1,,,1.0,4.0,5000000.0,[],12,Alo Ngoc Hoang,,5.0,2026-09-17 14:28:24,https://nha.chotot.com/tin/178839301,2026-09-17T07:32:50.187977
2676,TÌM NỮ Ở GHÉP CĂN CHUNG CƯ 2PN,4500000,0.071428575,63 m²,"Phường Phú Thuận, Quận 7, Tp Hồ Chí Minh",Quận 7,Tp Hồ Chí Minh,10.722,106.7433,Căn hộ/Chung cư,1.0,2,2,,,2.0,4.0,4500000.0,[],7,Kim Thanh,,5.0,2026-09-17 14:28:16,https://nha.chotot.com/tin/178839296,2026-09-17T07:32:50.188221
2677,Khách Cần Tiền Ra Di Căn 2PN Hiyori Siêu Mới,5200000000,83.870964,62 m²,"Phường An Hải Đông, Quận Sơn Trà, Đà Nẵng",Quận Sơn Trà,Đà Nẵng,16.06191,108.23652,Căn hộ/Chung cư,1.0,2,2,,,1.0,2.0,,[],11,Hồng Công,,,2026-09-17 14:26:46,https://nha.chotot.com/tin/171220229,2026-09-17T07:32:50.188409
2678,⭐ RIVER PANORAMA CHO THUÊ 3PN2WC FULL NỘI THẤT VIEW ĐẸP CHỈ 19 TRIỆU,19000000,0.21111111,90 m²,"Phường Phú Mỹ, Quận 7, Tp Hồ Chí Minh",Quận 7,Tp Hồ Chí Minh,10.71422,106.73743,Căn hộ/Chung cư,1.0,3,2,,,2.0,6.0,,[],12,Huy,,5.0,2026-09-08 14:36:21,https://nha.chotot.com/tin/172861126,2026-09-17T07:32:50.188590
2679,"THẢO ĐIỀN, QUẬN 2 🏡 CHO THUÊ CHDV CAO CẤP💘 1PN BAN CÔNG FULL NỘI THẤT",11000000,0.22,50 m²,"Phường Thảo Điền (Quận 2 cũ), Thành phố Thủ Đức, Tp Hồ Chí Minh",Thành phố Thủ Đức,Tp Hồ Chí Minh,10.803914,106.72912,Căn hộ/Chung cư,2.0,1,1,,Đông Bắc,1.0,4.0,11000000.0,[],11,Phương An Chuyên Căn Hộ Quận 2,,5.0,2026-09-11 14:06:45,https://nha.chotot.com/tin/177928071,2026-09-17T07:32:50.188776
2680,CHDV FULL NỘI THẤT MỚI KENG GẦN MEGA MARKET Q12,3900000,0.156,25 m²,"Phường Tân Thới Hiệp, Quận 12, Tp Hồ Chí Minh",Quận 12,Tp Hồ Chí Minh,10.887289,106.64767,Căn hộ/Chung cư,2.0,1,1,4,,2.0,4.0,,[],10,Anh Tuấn Tìm Phòng,,5.0,2026-09-17 14:26:20,https://nha.chotot.com/tin/178839237,2026-09-17T07:32:50.188990
2681,NHÀ ĐẸP TÂN PHÚ ÂU CƠ 56M2_3 TẦNG _NGAY ĐH VĂN HIẾN_HẺM 8M_ NHỈNH 6T,6500000000,108.333336,60 m²,"Phường Tân Thành, Quận Tân Phú, Tp Hồ Chí Minh",Quận Tân Phú,Tp Hồ Chí Minh,10.791454,106.63355,Nhà ở,,3,3,3,,,1.0,,[],9,Trang,,,2026-09-17 14:32:10,https://nha.chotot.com/tin/178839418,2026-09-17T07:32:51.665284
2682,Cho thuê nhà nguyên căn đường Quang Trung ,11500000,0.23958333,48 m²,"Phường 14, Quận Gò Vấp, Tp Hồ Chí Minh",Quận Gò Vấp,Tp Hồ Chí Minh,10.850746,106.64534,Nhà ở,,4,3,2,,,1.0,,[],5,Út Trung Gò vấp ,,5.0,2026-09-09 14:45:06,https://nha.chotot.com/tin/178281738,2026-09-17T07:32:51.665607
2683,KHU PHẠM VĂN ĐỒNG VILLA HỒ BƠI 7PN - SIÊU ĐẸP,65000000,0.325,200 m²,"Phường An Hải Bắc, Quận Sơn Trà, Đà Nẵng",Quận Sơn Trà,Đà Nẵng,16.0752,108.23292,Nhà ở,,7,7,3,,2.0,1.0,65000000.0,[],12,Trân Duy Hải,,5.0,2026-09-17 14:31:34,https://nha.chotot.com/tin/178839400,2026-09-17T07:32:51.665794
2684,Bán nhà hẻm 184 thoáng đường Âu Dương Lân P3 Q8 ,3180000000,104.605606,30.3999 m²,"Phường 3, Quận 8, Tp Hồ Chí Minh",Quận 8,Tp Hồ Chí Minh,10.745962,106.68301,Nhà ở,,2,2,2,,2.0,1.0,,[],5, Như Ý,,,2026-09-17 14:31:29,https://nha.chotot.com/tin/178502242,2026-09-17T07:32:51.666093
2685,HÀNG HIẾM KHÓ TÌM - NHÀ C4 144m² S.H.R - CHỈ 820TR - TÂN AN HỘI CỦ CHI,820000000,5.6944447,144 m²,"Xã Tân An Hội, Huyện Củ Chi, Tp Hồ Chí Minh",Huyện Củ Chi,Tp Hồ Chí Minh,10.9593525,106.48182,Nhà ở,,2,1,1,,4.0,4.0,,[],8,Nguyễn Văn Quốc,,,2026-09-17 14:31:19,https://nha.chotot.com/tin/178838518,2026-09-17T07:32:51.666339
2686,CHO THUÊ NHÀ ĐƯỜNG QUỐC HƯƠNG GIÁ 27 TRIỆU ,27000000,0.36,75 m²,"Phường Thảo Điền (Quận 2 cũ), Thành phố Thủ Đức, Tp Hồ Chí Minh",Thành phố Thủ Đức,Tp Hồ Chí Minh,10.807138,106.73095,Nhà ở,,2,2,2,,,,,[],6,Phương,,,2026-09-17 14:31:17,https://nha.chotot.com/tin/178839383,2026-09-17T07:32:51.666522
2687,"CHO THUÊ NHÀ  PHẠM QUÝ THÍCH   P.PHÚ THỌ HOÀ, TÂN PHÚ   📐 Diện tích: 4",10500000,0.125,84 m²,"Phường Tân Quý, Quận Tân Phú, Tp Hồ Chí Minh",Quận Tân Phú,Tp Hồ Chí Minh,10.789263,106.62116,Nhà ở,,1,1,,,,,,[],3,Thu,,4.0,2026-09-17 14:31:09,https://nha.chotot.com/tin/178839386,2026-09-17T07:32:51.666700
2688,"CHO THUÊ NHÀ NGUYÊN CĂN – PHƯỜNG LINH TÂY, TP. THỦ ĐỨC  📍 Địa chỉ: 145",10000000,0.14285715,70 m²,"Phường Linh Tây (Quận Thủ Đức cũ), Thành phố Thủ Đức, Tp Hồ Chí Minh",Thành phố Thủ Đức,Tp Hồ Chí Minh,10.86056,106.756256,Nhà ở,,2,,,,,,,[],6,Đăng Quang Rental,,,2026-09-17 14:31:05,https://nha.chotot.com/tin/178839388,2026-09-17T07:32:51.666887
2689,Nhà 3 Rưỡi - Mặt Tiền Hải Châu Gần Đống Đa ( SỤP ),5500000000,110.0,50 m²,"Phường Thuận Phước, Quận Hải Châu, Đà Nẵng",Quận Hải Châu,Đà Nẵng,16.08619,108.21645,Nhà ở,,6,,5,,,,,[],7,hưng thịnh,,5.0,2026-09-02 10:54:17,https://nha.chotot.com/tin/178518870,2026-09-17T07:32:51.667075
2690,"[GIÁ RẺ] NHÀ NGUYÊN CĂN 1 TRỆT 1 LẦU GẦN EMART, CHỢ TÂN SƠN",8000000,0.14285715,56 m²,"Phường 12, Quận Gò Vấp, Tp Hồ Chí Minh",Quận Gò Vấp,Tp Hồ Chí Minh,10.832696,106.63855,Nhà ở,,2,2,1,,,,,[],8,THÀNH ĐẠT CHUYÊN CHO THUÊ PHÒNG TRỌ CHDV GIÁ TỐT,,,2026-09-17 14:30:48,https://nha.chotot.com/tin/178839377,2026-09-17T07:32:51.667243
2691,Giá Thuê : 9tr/1 tháng Cho Thuê Nhà Đường Bùi Quang Là P12 Q. gò Vấp -,9000000,0.140625,64 m²,"Phường 12, Quận Gò Vấp, Tp Hồ Chí Minh",Quận Gò Vấp,Tp Hồ Chí Minh,10.835113,106.6396,Nhà ở,,2,2,,Tây,,,1.0,[],6,Quang Huy,,5.0,2026-09-07 10:48:48,https://nha.chotot.com/tin/178617090,2026-09-17T07:32:51.667398
2692,"BÁN GẤP NHÀ KQH HOÀNG DIỆU PHƯỜNG CAM LY ĐÀ LẠT CHỈ 5,4 TỶ",5400000000,120.0,45 m²,"Phường 5, Thành phố Đà Lạt, Lâm Đồng",Thành phố Đà Lạt,Lâm Đồng,11.942885,108.427925,Nhà ở,,3,2,3,Tây Bắc,3.0,,,[],4,Tô Hoàng Phương Trinh,,,2026-09-15 15:32:14,https://nha.chotot.com/tin/178796817,2026-09-17T07:32:51.667576
2693,Nhà mới DT:4x9m 2 Tầng 2pn 2wc hẻm 1942 Huỳnh Tấn Phát,1960000000,61.25,32 m²,"Thị trấn Nhà Bè, Huyện Nhà Bè, Tp Hồ Chí Minh",Huyện Nhà Bè,Tp Hồ Chí Minh,10.698072,106.738914,Nhà ở,,2,,2,,,,,[],11,Nam Phú Gia,,,2026-09-06 06:52:42,https://nha.chotot.com/tin/178593726,2026-09-17T07:32:51.667741
2694,Nhà Lầu 4 Tầng Hẻm Oto Xây Mới 100% Âu Dương Lân P2 Q8,8600000000,204.7619,42 m²,"Phường 2, Quận 8, Tp Hồ Chí Minh",Quận 8,Tp Hồ Chí Minh,10.742134,106.685104,Nhà ở,,4,3,4,,2.0,1.0,,[],8,Phạm Quốc Thắng,,,2026-09-17 14:29:58,https://nha.chotot.com/tin/178839361,2026-09-17T07:32:51.667913
2695,"Cho Thuê Biệt Thự Nam Thông PMH Q7 - 450m2, 5PN, Đường 20m",70000000,0.15555556,450 m²,"Phường Tân Phong, Quận 7, Tp Hồ Chí Minh",Quận 7,Tp Hồ Chí Minh,10.73019,106.70033,Nhà ở,,5,4,5,,,,,[],12,Thuỷ Trần,,,2026-08-31 09:55:18,https://nha.chotot.com/tin/178484863,2026-09-17T07:32:51.668067
2696,Cần cho thuê nhà góc 2 Mặt Tiền 84A Phổ Quang P.2 Q.Tân Bình,30000000,0.3030303,99 m²,"Phường 2, Quận Tân Bình, Tp Hồ Chí Minh",Quận Tân Bình,Tp Hồ Chí Minh,10.806851,106.668365,Nhà ở,,5,5,4,,,1.0,60000000.0,[],6,Anh Thanh,,,2026-09-17 14:29:37,https://nha.chotot.com/tin/178839329,2026-09-17T07:32:51.668299
2697,Bán nhà lầu đúc kiên cố hẻm xe hơi rộng đường Dương Bá Trạc P1 Q8 ,11800000000,245.83333,48 m²,"Phường 1, Quận 8, Tp Hồ Chí Minh",Quận 8,Tp Hồ Chí Minh,10.74418,106.69049,Nhà ở,,4,4,4,Nam,2.0,1.0,,[],3,Nguyễn Thìn ,,4.4,2026-09-17 14:29:34,https://nha.chotot.com/tin/178839333,2026-09-17T07:32:51.668458
2698,"Bán nhà riêng 4mx18,3m",12300000000,169.65517,72.5 m²,"Phường Tân Sơn Nhì, Quận Tân Phú, Tp Hồ Chí Minh",Quận Tân Phú,Tp Hồ Chí Minh,10.796407,106.63215,Nhà ở,,1,,,,,,,[],3,Nguyễn Võ Châu Phát,,,2026-09-16 14:28:21,https://nha.chotot.com/tin/178817793,2026-09-17T07:32:51.668655
2699,cho thuê,25000000,0.41666666,60 m²,"Phường 8, Quận 5, Tp Hồ Chí Minh",Quận 5,Tp Hồ Chí Minh,10.756033,106.671135,Nhà ở,,4,5,3,Đông,3.0,1.0,50000000.0,[],3,Phạm Ánh Lan,,5.0,2026-09-17 12:38:51,https://nha.chotot.com/tin/178836750,2026-09-17T07:32:51.668840
2700,cho thuê nhà 2 tầng đường phan thanh sát đại học duy tân,11000000,0.22,50 m²,"Phường Thạc Gián, Quận Thanh Khê, Đà Nẵng",Quận Thanh Khê,Đà Nẵng,16.063013,108.208755,Nhà ở,,3,3,2,,1.0,,,[],10,Đại tuấn,,,2026-09-17 14:29:11,https://nha.chotot.com/tin/178839312,2026-09-17T07:32:51.668994
2701,"HIẾM!!!! - Hẻm Sư Vạn Hạnh, P12, Q.10 - 5x20m, 4 Tầng, 400m2",38000000,0.38,100 m²,"Phường 12, Quận 10, Tp Hồ Chí Minh",Quận 10,Tp Hồ Chí Minh,10.775027,106.667755,Đất,,,,4,,,,,[],9,Ngô Thanh Hùng,,,2026-09-17 14:30:13,https://nha.chotot.com/tin/178839362,2026-09-17T07:32:53.171766
2702,CHO THUÊ HẺM NGUYỄN VĂN TRỖI TÂN BÌNH | 12x15m siêu rộng,58000000,0.58,100 m²,"Phường 10, Quận Tân Bình, Tp Hồ Chí Minh",Quận Tân Bình,Tp Hồ Chí Minh,10.798557,106.67042,Đất,,,,,,,,116000000.0,[],8,Dung tr,,,2026-09-17 14:29:35,https://nha.chotot.com/tin/178839347,2026-09-17T07:32:53.172177
2703,"Cho thuê nhà phố 5 tầng có thang máy, rèm đường D9",45000000,0.53571427,84 m²,"Phường Long Bình (Quận 9 cũ), Thành phố Thủ Đức, Tp Hồ Chí Minh",Thành phố Thủ Đức,Tp Hồ Chí Minh,10.84805,106.83874,Đất,,,,5,,3.0,1.0,,[],4,DUY HOMES,,,2026-09-09 09:41:13,https://nha.chotot.com/tin/178661906,2026-09-17T07:32:53.172390
2704,"Cho thuê vp phố nguyên hồng,đống đa,dt 68m2,giá 13tr/tháng",13000000,0.19117647,68 m²,"Phường Láng Hạ, Quận Đống Đa, Hà Nội",Quận Đống Đa,Hà Nội,21.015743,105.80971,Đất,,,,8,,1.0,1.0,,[],5,Đào Thành Lân,,,2026-09-17 14:27:34,https://nha.chotot.com/tin/178839277,2026-09-17T07:32:53.172609
2705,🔥 CHO THUÊ BIỆT THỰ SÂN VƯỜN NGUYỄN VĂN TRỖI – NGANG 12M – GIÁ 59TR/TH,59000000,0.118,500 m²,"Phường 10, Quận Phú Nhuận, Tp Hồ Chí Minh",Quận Phú Nhuận,Tp Hồ Chí Minh,10.798557,106.67042,Đất,,,,,,,,150000000.0,[],7,Kiều Hằng,,,2026-09-17 14:27:01,https://nha.chotot.com/tin/178839254,2026-09-17T07:32:53.172880
2706,Cho thuê kho 1200m QL1A Tam Bình chỉ 75k,90000000,0.075,1200 m²,"Phường Tam Bình (Quận Thủ Đức cũ), Thành phố Thủ Đức, Tp Hồ Chí Minh",Thành phố Thủ Đức,Tp Hồ Chí Minh,10.871881,106.739655,Đất,,,,,,,,3.0,[],3,Anhthe,,4.0,2026-09-14 18:07:53,https://nha.chotot.com/tin/178775394,2026-09-17T07:32:53.173076
2707,BIỆT THỰ SÂN VƯỜN KHU TỔ HỢP F&B VÀ ĐA NGÀNH NGHỀ TRUNG TÂM QUẬN 3 ,115000000,0.34848484,330 m²,"Phường Võ Thị Sáu, Quận 3, Tp Hồ Chí Minh",Quận 3,Tp Hồ Chí Minh,10.788824,106.690765,Đất,,,,,,,,,[],9,Yến Ngọc,,,2026-09-17 14:25:23,https://nha.chotot.com/tin/178839200,2026-09-17T07:32:53.173375
2708,🍑Đoạn Đẹp NGUYỄN GIA TRÍ - 4x25m (Trệt 2 Lầu)🍑,65000000,0.21666667,300 m²,"Phường 25, Quận Bình Thạnh, Tp Hồ Chí Minh",Quận Bình Thạnh,Tp Hồ Chí Minh,10.810227,106.71722,Đất,,,,,,,,,[],6,Nhà Phố Cho Thuê,,,2026-09-17 14:24:57,https://nha.chotot.com/tin/175622468,2026-09-17T07:32:53.173585
2709,"🌟10x15m - TRẦN QUỐC TOẢN, Quận 3🌟 Trệt 2 Lầu",60000000,0.13333334,450 m²,"Phường Võ Thị Sáu, Quận 3, Tp Hồ Chí Minh",Quận 3,Tp Hồ Chí Minh,10.78659,106.68779,Đất,,,,,,,,,[],4,Nhà Phố Cho Thuê,,,2026-09-17 14:24:26,https://nha.chotot.com/tin/175903201,2026-09-17T07:32:53.173876
2710,cho thuê 100m văn phòng giá 30 tr,30000000,0.3,100 m²,"Phường An Khánh (Quận 2 cũ), Thành phố Thủ Đức, Tp Hồ Chí Minh",Thành phố Thủ Đức,Tp Hồ Chí Minh,10.79159,106.73052,Đất,,,,,,,,60000000.0,[],3,Nguyễn Văn Hậu,,,2026-09-05 13:44:09,https://nha.chotot.com/tin/178581677,2026-09-17T07:32:53.174116
2711,CHO THUÊ TÒA NHÀ VĂN PHÒNG NGUYỄN VĂN TRỖI NGAY NGÃ TƯ PHÚ NHUẬN,130000000,0.096296296,1350 m²,"Phường 10, Quận Phú Nhuận, Tp Hồ Chí Minh",Quận Phú Nhuận,Tp Hồ Chí Minh,10.798557,106.67042,Đất,,,,,,,,,[],3,Anh Đào,,,2026-09-12 11:08:02,https://nha.chotot.com/tin/178727010,2026-09-17T07:32:53.174353
2712,Mặt bằng đẹp Hồ Văn Huê 30m2,7490000,0.24966666,30 m²,"Phường 9, Quận Phú Nhuận, Tp Hồ Chí Minh",Quận Phú Nhuận,Tp Hồ Chí Minh,10.80251,106.67629,Đất,,,,,,,,7490000.0,[],7,NGUYỄN THỊ ANH THƯ,,,2026-09-06 15:25:13,https://nha.chotot.com/tin/178603931,2026-09-17T07:32:53.174603
2713,"🇻🇳SHOPHOUSE 3 TẦNG MẶT TIỀN MÊ LINH | GẦN ORI, KCN HÒA KHÁNH",14000000,0.11666667,120 m²,"Phường Hòa Hiệp Nam, Quận Liên Chiểu, Đà Nẵng",Quận Liên Chiểu,Đà Nẵng,16.09171,108.12595,Đất,,04,,3,,,,,[],10,Ngô Văn Cảnh,,4.4,2026-09-17 14:22:04,https://nha.chotot.com/tin/178839109,2026-09-17T07:32:53.174806
2714,🔥 HẺM XE HƠI  HUỲNH VĂN BÁNH – PHÚ NHUẬN | 4PN – 4WC | CHỈ 2x,23000000,0.23,100 m²,"Phường 10, Quận Phú Nhuận, Tp Hồ Chí Minh",Quận Phú Nhuận,Tp Hồ Chí Minh,10.791831,106.671616,Đất,,4,,,,,,46000000.0,[],6,Dung tr,,,2026-09-17 14:21:51,https://nha.chotot.com/tin/178839122,2026-09-17T07:32:53.174977
2715,"Măt tiền Nguyễn Cư Trinh, Quận 1 (Ngang 17m)",90000000,0.45,200 m²,"Phường Nguyễn Cư Trinh, Quận 1, Tp Hồ Chí Minh",Quận 1,Tp Hồ Chí Minh,10.763458,106.68884,Đất,,,,,,,,,[],5,Nhà Phố Cho Thuê,,,2026-09-17 14:21:14,https://nha.chotot.com/tin/178280784,2026-09-17T07:32:53.175146
2716,"🔥GÓC 2MT - NGUYỄN TRÃI, Bến Thành, Q1🔥400m2 sử dụng",150000000,0.375,400 m²,"Phường Bến Thành, Quận 1, Tp Hồ Chí Minh",Quận 1,Tp Hồ Chí Minh,10.771166,106.68731,Đất,,,,,,,,,[],4,Nhà Phố Cho Thuê,,,2026-09-17 14:20:35,https://nha.chotot.com/tin/175556911,2026-09-17T07:32:53.175408
2717,CHO THUÊ TÒA NHÀ 2 MẶT TIỀN VÕ VĂN NGÂN DT 12M X 36M TP THỦ ĐỨC,100000000,0.07692308,1300 m²,"Phường Bình Thọ (Quận Thủ Đức cũ), Thành phố Thủ Đức, Tp Hồ Chí Minh",Thành phố Thủ Đức,Tp Hồ Chí Minh,10.850573,106.76223,Đất,,,,,,,1.0,,[],3,Oanh Home,,,2026-09-17 14:20:21,https://nha.chotot.com/tin/178262159,2026-09-17T07:32:53.175782
2718,"🔥 CHO THUÊ TẦNG 7 160m2 – 104A XUÂN THUỶ, THẢO ĐIỀN, Q2 🔥",50000000,0.3125,160 m²,"Phường Thảo Điền (Quận 2 cũ), Thành phố Thủ Đức, Tp Hồ Chí Minh",Thành phố Thủ Đức,Tp Hồ Chí Minh,10.803889,106.73543,Đất,,,,,,,,150000000.0,[],8,Kiều Hằng,,,2026-09-17 14:18:58,https://nha.chotot.com/tin/178839027,2026-09-17T07:32:53.175966
2719,Cho thuê  Shophouse Panorama Phú Mỹ Hưng 2 tầng 50tr/th,50000000,0.35460994,141 m²,"Phường Tân Phong, Quận 7, Tp Hồ Chí Minh",Quận 7,Tp Hồ Chí Minh,10.72168,106.71284,Đất,,,,2,Tây Nam,,1.0,,[],7,Dân,,,2026-09-17 14:18:55,https://nha.chotot.com/tin/177011854,2026-09-17T07:32:53.176142
2720,Kho trống VIEW SÔNG 235/50A Đặng Thùy Trâm. DT 8X20M.,20000000,0.125,160 m²,"Phường 13, Quận Bình Thạnh, Tp Hồ Chí Minh",Quận Bình Thạnh,Tp Hồ Chí Minh,10.824377,106.70332,Đất,,,,,,2.0,1.0,,[],3,Anh Dũng,,4.0,2026-09-17 14:17:42,https://nha.chotot.com/tin/167862234,2026-09-17T07:32:53.176340
2721,"Chính Chủ Gửi Bán Akari City Phase 2 - 2PN2WC - Giá 4,3 tỷ - View Đẹp",4300000000,53.75,80 m²,"Phường An Lạc, Quận Bình Tân, Tp Hồ Chí Minh",Quận Bình Tân,Tp Hồ Chí Minh,10.72262,106.61204,Căn hộ/Chung cư,1.0,2,2,,Nam,3.0,6.0,,[],8,Lê Khanh,,,2026-09-17 14:32:45,https://nha.chotot.com/tin/178134710,2026-09-17T07:32:54.080469
2722,"Cho thuê phòng trọ view đẹp, máy giặt riêng - 40m2 tại Quận 3",6900000,0.1725,40 m²,"Phường Võ Thị Sáu, Quận 3, Tp Hồ Chí Minh",Quận 3,Tp Hồ Chí Minh,10.78003,106.68723,Phòng trọ,,1,,,,,,6900000.0,[],6,Quỳnh My,,,2026-09-09 12:07:44,https://nha.chotot.com/tin/175142196,2026-09-17T07:32:54.080837
2723,sang nhượng sân pickleball hoặc cho thuê kho xưởng,65000000,0.040625,1600 m²,"Phường Tân Tạo A, Quận Bình Tân, Tp Hồ Chí Minh",Quận Bình Tân,Tp Hồ Chí Minh,10.730695,106.57589,Đất,,,,,,,1.0,130000000.0,[],3,Dũng,,,2026-09-17 14:32:40,https://nha.chotot.com/tin/178835565,2026-09-17T07:32:54.081053
2724,"Cho thuê nhà hẻm 638 Lê Trọng Tấn, DT : 5x20 , 1 lầu 3PN",12000000,0.12,100 m²,"Phường Tây Thạnh, Quận Tân Phú, Tp Hồ Chí Minh",Quận Tân Phú,Tp Hồ Chí Minh,10.805715,106.630196,Nhà ở,,3,,,,1.0,,1.0,[],4,Cúc Nguyễn,,4.0,2026-09-17 14:32:36,https://nha.chotot.com/tin/178839424,2026-09-17T07:32:54.081374
2725,CHO THUÊ VĂN PHÒNG 85 CMT8 DỌN VÀO THÁNG 10,27000000,0.3857143,70 m²,"Phường Bến Thành, Quận 1, Tp Hồ Chí Minh",Quận 1,Tp Hồ Chí Minh,10.772076,106.69216,Đất,,,,,Tây Bắc,2.0,3.0,,[],5,Lý Quốc Duy,,,2026-09-17 14:32:35,https://nha.chotot.com/tin/178839416,2026-09-17T07:32:54.081594
2726,Siêu Phẩm 4m x 28m.Có Thang Máy Mặt tiền nhánh KD Đ. Hà Huy Giáp,8390000000,76.27273,110 m²,"Phường Thạnh Xuân, Quận 12, Tp Hồ Chí Minh",Quận 12,Tp Hồ Chí Minh,10.872191,106.67686,Nhà ở,,4,,4,,1.0,1.0,,[],12,CHUYÊN NHÀ ĐẤT Q12,,5.0,2026-09-07 08:39:17,https://nha.chotot.com/tin/175418953,2026-09-17T07:32:54.098880
2727,Nhà 3 mặt tiền hẻm oto dòng tiền 900tr ngang hơn 13m,82000000000,301.3598,272.1 m²,"Phường 13, Quận 3, Tp Hồ Chí Minh",Quận 3,Tp Hồ Chí Minh,10.786783,106.67968,Nhà ở,,8,,3,,,1.0,,[],4,Nguyễn Anh Sang,,4.1,2026-08-25 15:32:40,https://nha.chotot.com/tin/178374500,2026-09-17T07:32:54.099153
2728,Cần cho thuê Villa HXT 351/3A Lê Đại Hành P.13 Quận 11,30000000,0.2777778,108 m²,"Phường 13, Quận 11, Tp Hồ Chí Minh",Quận 11,Tp Hồ Chí Minh,10.766346,106.654076,Nhà ở,,5,5,4,,,1.0,60000000.0,[],6,Nguyễn Tiến Nam,,,2026-09-10 10:11:36,https://nha.chotot.com/tin/178684649,2026-09-17T07:32:54.099475
2729,Nhà mặt tiền hẻm xe tải buôn bán,1050000000,52.5,20 m²,"Phường Thạnh Xuân, Quận 12, Tp Hồ Chí Minh",Quận 12,Tp Hồ Chí Minh,10.885864,106.68008,Nhà ở,,3,,,,,5.0,,[],4,Chi Nguyen,,5.0,2026-09-17 14:32:19,https://nha.chotot.com/tin/178838649,2026-09-17T07:32:54.099675
2730,"🌧️🫧🏡 CĂN HỘ HIỆN ĐẠI – GỌN GÀNG, ẤM ÁP, ĐỦ ĐẦY TIỆN NGHI ✨😅🥹",7000000,0.23333333,30 m²,"Phường An Phú (Quận 2 cũ), Thành phố Thủ Đức, Tp Hồ Chí Minh",Thành phố Thủ Đức,Tp Hồ Chí Minh,10.794329,106.742546,Căn hộ/Chung cư,2.0,1,,,,,,7000000.0,[],7,Hồng Loan HIFRIENDZ,,,2026-09-17 14:31:18,https://nha.chotot.com/tin/178372865,2026-09-17T07:32:54.099874
2731,NHÀ ĐẸP TÂN PHÚ ÂU CƠ 56M2_3 TẦNG _NGAY ĐH VĂN HIẾN_HẺM 8M_ NHỈNH 6T,6500000000,108.333336,60 m²,"Phường Tân Thành, Quận Tân Phú, Tp Hồ Chí Minh",Quận Tân Phú,Tp Hồ Chí Minh,10.791454,106.63355,Nhà ở,,3,3,3,,,1.0,,[],9,Trang,,,2026-09-17 14:32:10,https://nha.chotot.com/tin/178839418,2026-09-17T07:32:54.100045
2732,MINI VILLA - 3PN CÓ XÔNG HƠI - GẦN BIỂN - NGUYỄN TẤT THÀNH,35000000,0.7,50 m²,"Phường Xuân Hà, Quận Thanh Khê, Đà Nẵng",Quận Thanh Khê,Đà Nẵng,16.073128,108.20105,Nhà ở,,3,4,,,1.0,1.0,35000000.0,[],12,HAVILAND HOUSE CHO THUÊ,,4.9,2026-09-17 14:32:07,https://nha.chotot.com/tin/178839406,2026-09-17T07:32:54.100264
2733,"PHÒNG FULL NỘI THẤT, 2 BAN CÔNG SIÊU RỘNG GẦN KDT VẠN PHÚC",5000000,0.125,40 m²,"Phường Hiệp Bình Phước (Quận Thủ Đức cũ), Thành phố Thủ Đức, Tp Hồ Chí Minh",Thành phố Thủ Đức,Tp Hồ Chí Minh,10.858462,106.72344,Phòng trọ,,,,,,,,5000000.0,[],9,Duy Nguyen,,5.0,2026-09-12 13:33:12,https://nha.chotot.com/tin/178730810,2026-09-17T07:32:54.100444
2734,Bán căn hộ Phạm Văn Đồng Long Thành Đồng Nai 1.1 tỷ,1100000000,21.153847,52 m²,"Thị trấn Long Thành, Huyện Long Thành, Đồng Nai",Huyện Long Thành,Đồng Nai,10.77828,106.94472,Căn hộ/Chung cư,1.0,2,,,Bắc,3.0,6.0,,[],4,Bùi Duy Hưng,,,2026-09-17 14:31:55,https://nha.chotot.com/tin/178839401,2026-09-17T07:32:54.100631
2735,Cho thuê nhà nguyên căn đường Quang Trung ,11500000,0.23958333,48 m²,"Phường 14, Quận Gò Vấp, Tp Hồ Chí Minh",Quận Gò Vấp,Tp Hồ Chí Minh,10.850746,106.64534,Nhà ở,,4,3,2,,,1.0,,[],5,Út Trung Gò vấp ,,5.0,2026-09-09 14:45:06,https://nha.chotot.com/tin/178281738,2026-09-17T07:32:54.100804
2736,"CẦN BÁN CĂN HỘ CC THỚI AN, Q12, 95M2 , CÓ SÂN VƯỜN, 2,82 TỶ",2820000000,29.68421,95 m²,"Phường Thới An, Quận 12, Tp Hồ Chí Minh",Quận 12,Tp Hồ Chí Minh,10.87607,106.655655,Căn hộ/Chung cư,1.0,2,2,,Đông Nam,2.0,6.0,,[],5,VÕ Hằng ,,,2026-08-25 21:26:52,https://nha.chotot.com/tin/178382179,2026-09-17T07:32:54.100957
2737,KHU PHẠM VĂN ĐỒNG VILLA HỒ BƠI 7PN - SIÊU ĐẸP,65000000,0.325,200 m²,"Phường An Hải Bắc, Quận Sơn Trà, Đà Nẵng",Quận Sơn Trà,Đà Nẵng,16.0752,108.23292,Nhà ở,,7,7,3,,2.0,1.0,65000000.0,[],12,Trân Duy Hải,,5.0,2026-09-17 14:31:34,https://nha.chotot.com/tin/178839400,2026-09-17T07:32:54.101216
2738,🥳🥳Một Căn Hộ Vừa Đẹp- Vừa Tiện Nghi - Vừa Có Không Gian Sống Thoángãng,12000000,0.4,30 m²,"Phường Thảo Điền (Quận 2 cũ), Thành phố Thủ Đức, Tp Hồ Chí Minh",Thành phố Thủ Đức,Tp Hồ Chí Minh,10.806585,106.72578,Căn hộ/Chung cư,2.0,1,,,,,,12000000.0,[],10,Hồng Loan HIFRIENDZ,,,2026-09-17 14:31:31,https://nha.chotot.com/tin/178373155,2026-09-17T07:32:54.101457
2739,Bán nhà hẻm 184 thoáng đường Âu Dương Lân P3 Q8 ,3180000000,104.605606,30.3999 m²,"Phường 3, Quận 8, Tp Hồ Chí Minh",Quận 8,Tp Hồ Chí Minh,10.745962,106.68301,Nhà ở,,2,2,2,,2.0,1.0,,[],5, Như Ý,,,2026-09-17 14:31:29,https://nha.chotot.com/tin/178502242,2026-09-17T07:32:54.101652
2740,HÀNG HIẾM KHÓ TÌM - NHÀ C4 144m² S.H.R - CHỈ 820TR - TÂN AN HỘI CỦ CHI,820000000,5.6944447,144 m²,"Xã Tân An Hội, Huyện Củ Chi, Tp Hồ Chí Minh",Huyện Củ Chi,Tp Hồ Chí Minh,10.9593525,106.48182,Nhà ở,,2,1,1,,4.0,4.0,,[],8,Nguyễn Văn Quốc,,,2026-09-17 14:31:19,https://nha.chotot.com/tin/178838518,2026-09-17T07:32:54.101834
2741,"🌧️🫧🏡 CĂN HỘ HIỆN ĐẠI – GỌN GÀNG, ẤM ÁP, ĐỦ ĐẦY TIỆN NGHI ✨😅🥹",7000000,0.23333333,30 m²,"Phường An Phú (Quận 2 cũ), Thành phố Thủ Đức, Tp Hồ Chí Minh",Thành phố Thủ Đức,Tp Hồ Chí Minh,10.794329,106.742546,Căn hộ/Chung cư,2.0,1,,,,,,7000000.0,[],7,Hồng Loan HIFRIENDZ,,,2026-09-17 14:31:18,https://nha.chotot.com/tin/178372865,2026-09-17T07:32:55.470634
2742,Bán căn hộ Phạm Văn Đồng Long Thành Đồng Nai 1.1 tỷ,1100000000,21.153847,52 m²,"Thị trấn Long Thành, Huyện Long Thành, Đồng Nai",Huyện Long Thành,Đồng Nai,10.77828,106.94472,Căn hộ/Chung cư,1.0,2,,,Bắc,3.0,6.0,,[],4,Bùi Duy Hưng,,,2026-09-17 14:31:55,https://nha.chotot.com/tin/178839401,2026-09-17T07:32:55.470942
2743,"CẦN BÁN CĂN HỘ CC THỚI AN, Q12, 95M2 , CÓ SÂN VƯỜN, 2,82 TỶ",2820000000,29.68421,95 m²,"Phường Thới An, Quận 12, Tp Hồ Chí Minh",Quận 12,Tp Hồ Chí Minh,10.87607,106.655655,Căn hộ/Chung cư,1.0,2,2,,Đông Nam,2.0,6.0,,[],5,VÕ Hằng ,,,2026-08-25 21:26:52,https://nha.chotot.com/tin/178382179,2026-09-17T07:32:55.471146
2744,🥳🥳Một Căn Hộ Vừa Đẹp- Vừa Tiện Nghi - Vừa Có Không Gian Sống Thoángãng,12000000,0.4,30 m²,"Phường Thảo Điền (Quận 2 cũ), Thành phố Thủ Đức, Tp Hồ Chí Minh",Thành phố Thủ Đức,Tp Hồ Chí Minh,10.806585,106.72578,Căn hộ/Chung cư,2.0,1,,,,,,12000000.0,[],10,Hồng Loan HIFRIENDZ,,,2026-09-17 14:31:31,https://nha.chotot.com/tin/178373155,2026-09-17T07:32:55.471459
2745,Gia đình có việc cần chuyển nhượng căn hộ gần Depot Tham Lương 2PN,3500000000,57.37705,61 m²,"Phường Tân Thới Nhất, Quận 12, Tp Hồ Chí Minh",Quận 12,Tp Hồ Chí Minh,10.82442,106.62025,Căn hộ/Chung cư,1.0,2,1,,,3.0,6.0,,[],5,Đơn Phương,,,2026-09-10 10:12:16,https://nha.chotot.com/tin/178684712,2026-09-17T07:32:55.471733
2746,"Cho thuê giá tốt 3PN view sông, nội thất xịn, Vinhomes Central Park",35000000,0.3043478,115 m²,"Phường 22, Quận Bình Thạnh, Tp Hồ Chí Minh",Quận Bình Thạnh,Tp Hồ Chí Minh,10.79387,106.72032,Căn hộ/Chung cư,1.0,3,2,,,1.0,6.0,,[],12,Huyền Nguyễn,,,2026-09-02 15:25:06,https://nha.chotot.com/tin/178523171,2026-09-17T07:32:55.471941
2747,"BCONS ARIA TRẢ TRƯỚC CHỈ 5% CHIẾT KHẤU 8,5% HỖ TRỢ LS 6,9% TRONG 4 NĂM",2600000000,49.056602,53 m²,"Phường Đông Hòa, Thành phố Dĩ An, Bình Dương",Thành phố Dĩ An,Bình Dương,10.89115,106.8022,Căn hộ/Chung cư,1.0,2,2,37,Tây,3.0,4.0,,[],12,Huy Hoàng Bcons ,,,2026-08-25 09:52:10,https://nha.chotot.com/tin/178364490,2026-09-17T07:32:55.472125
2748,"CHO THUÊ CĂN HỘ MỚI 2 PHÒNG NGỦ, DIỆN TÍCH 60M² ",13500000,0.20769231,65 m²,"Phường Khuê Mỹ, Quận Ngũ Hành Sơn, Đà Nẵng",Quận Ngũ Hành Sơn,Đà Nẵng,16.023426,108.2459,Căn hộ/Chung cư,2.0,2,,,,2.0,,,[],4,VANA,,,2026-09-17 14:30:06,https://nha.chotot.com/tin/178838887,2026-09-17T07:32:55.472305
2749,Bán căn Hưng Phát Silver Star - sát vách sunrise reverside - 4.6ty,4350000000,41.037735,106 m²,"Xã Phước Kiển, Huyện Nhà Bè, Tp Hồ Chí Minh",Huyện Nhà Bè,Tp Hồ Chí Minh,10.70387,106.71276,Căn hộ/Chung cư,1.0,3,,,Tây Nam,2.0,6.0,,[],9,Vân,,4.8,2026-09-03 11:16:19,https://nha.chotot.com/tin/177025273,2026-09-17T07:32:55.472485
2750,Cho thuê CC Garden gate 40m2 Offictel 1WC giá cực tốt chỉ 11tr/th ,11000000,0.31428573,35 m²,"Phường 9, Quận Phú Nhuận, Tp Hồ Chí Minh",Quận Phú Nhuận,Tp Hồ Chí Minh,10.80964,106.67425,Căn hộ/Chung cư,1.0,1,1,,,,,,[],3,Nguyễn Hoàng Toàn,,,2026-09-15 10:14:56,https://nha.chotot.com/tin/178787965,2026-09-17T07:32:55.472685
2751,KHAI TRƯƠNG ĐUPLEX 3🍠X ĐƯỜNG SỐ 1_NGUYỄN THỊ TÚ NHẬN XE ĐIỆN FULL NT,3700000,0.13214286,28 m²,"Phường Bình Hưng Hoà B, Quận Bình Tân, Tp Hồ Chí Minh",Quận Bình Tân,Tp Hồ Chí Minh,10.807803,106.59462,Căn hộ/Chung cư,3.0,1,1,,,2.0,4.0,1000000.0,[],11,Triệu an HiFriendz Tp ,,5.0,2026-09-17 14:29:46,https://nha.chotot.com/tin/178839353,2026-09-17T07:32:55.472863
2752,"Chung cư Tecco Green - Phan Văn Hớn căn 2p ngủ , full NT, giá 7,3tr/th",7300000,0.1,73 m²,"Phường Tân Thới Nhất, Quận 12, Tp Hồ Chí Minh",Quận 12,Tp Hồ Chí Minh,10.82954,106.61561,Căn hộ/Chung cư,1.0,2,2,,,2.0,6.0,,[],6,Phí Linh,,,2026-09-17 14:29:29,https://nha.chotot.com/tin/178839257,2026-09-17T07:32:55.473034
2753,💥CHDV - FUL NT - 2PN - BALCONY THOÁNG ⚡️ PHAN ĐĂNG LƯU - BÙI ĐÌNH TUÝ 💥,7800000,0.111428574,70 m²,"Phường 1, Quận Bình Thạnh, Tp Hồ Chí Minh",Quận Bình Thạnh,Tp Hồ Chí Minh,10.802451,106.697495,Căn hộ/Chung cư,2.0,2,,,,,,,[],12,Lương Thanh Trúc,,,2026-09-12 21:54:42,https://nha.chotot.com/tin/178437508,2026-09-17T07:32:55.473200
2754,"💥 HÀ ĐÔ CENTROSA – 2PN 2WC – NHÀ ĐẸP, FULL NỘI THẤT – Ở LIỀN CHỈ 22TR",22000000,0.25581396,86 m²,"Phường 12, Quận 10, Tp Hồ Chí Minh",Quận 10,Tp Hồ Chí Minh,10.7762,106.67889,Căn hộ/Chung cư,1.0,2,2,,,,,,[],12,Hoàng Dung,,4.5,2026-09-17 11:07:05,https://nha.chotot.com/tin/178834497,2026-09-17T07:32:55.473362
2755,"CĂN HỘ MINI CAO CẤP MỚI 100%, FULL NỘI THẤT NGAY ẺMART PHAN HUY ÍCH",5000000,0.2,25 m²,"Phường 12, Quận Gò Vấp, Tp Hồ Chí Minh",Quận Gò Vấp,Tp Hồ Chí Minh,10.837349,106.636284,Căn hộ/Chung cư,2.0,1,1,,,1.0,4.0,5000000.0,[],12,Alo Ngoc Hoang,,5.0,2026-09-17 14:28:24,https://nha.chotot.com/tin/178839301,2026-09-17T07:32:55.473555
2756,TÌM NỮ Ở GHÉP CĂN CHUNG CƯ 2PN,4500000,0.071428575,63 m²,"Phường Phú Thuận, Quận 7, Tp Hồ Chí Minh",Quận 7,Tp Hồ Chí Minh,10.722,106.7433,Căn hộ/Chung cư,1.0,2,2,,,2.0,4.0,4500000.0,[],7,Kim Thanh,,5.0,2026-09-17 14:28:16,https://nha.chotot.com/tin/178839296,2026-09-17T07:32:55.473828
2757,Khách Cần Tiền Ra Di Căn 2PN Hiyori Siêu Mới,5200000000,83.870964,62 m²,"Phường An Hải Đông, Quận Sơn Trà, Đà Nẵng",Quận Sơn Trà,Đà Nẵng,16.06191,108.23652,Căn hộ/Chung cư,1.0,2,2,,,1.0,2.0,,[],11,Hồng Công,,,2026-09-17 14:26:46,https://nha.chotot.com/tin/171220229,2026-09-17T07:32:55.474027
2758,⭐ RIVER PANORAMA CHO THUÊ 3PN2WC FULL NỘI THẤT VIEW ĐẸP CHỈ 19 TRIỆU,19000000,0.21111111,90 m²,"Phường Phú Mỹ, Quận 7, Tp Hồ Chí Minh",Quận 7,Tp Hồ Chí Minh,10.71422,106.73743,Căn hộ/Chung cư,1.0,3,2,,,2.0,6.0,,[],12,Huy,,5.0,2026-09-08 14:36:21,https://nha.chotot.com/tin/172861126,2026-09-17T07:32:55.474199
2759,"THẢO ĐIỀN, QUẬN 2 🏡 CHO THUÊ CHDV CAO CẤP💘 1PN BAN CÔNG FULL NỘI THẤT",11000000,0.22,50 m²,"Phường Thảo Điền (Quận 2 cũ), Thành phố Thủ Đức, Tp Hồ Chí Minh",Thành phố Thủ Đức,Tp Hồ Chí Minh,10.803914,106.72912,Căn hộ/Chung cư,2.0,1,1,,Đông Bắc,1.0,4.0,11000000.0,[],11,Phương An Chuyên Căn Hộ Quận 2,,5.0,2026-09-11 14:06:45,https://nha.chotot.com/tin/177928071,2026-09-17T07:32:55.474386
2760,CHDV FULL NỘI THẤT MỚI KENG GẦN MEGA MARKET Q12,3900000,0.156,25 m²,"Phường Tân Thới Hiệp, Quận 12, Tp Hồ Chí Minh",Quận 12,Tp Hồ Chí Minh,10.887289,106.64767,Căn hộ/Chung cư,2.0,1,1,4,,2.0,4.0,,[],10,Anh Tuấn Tìm Phòng,,5.0,2026-09-17 14:26:20,https://nha.chotot.com/tin/178839237,2026-09-17T07:32:55.474586
2761,NHÀ ĐẸP TÂN PHÚ ÂU CƠ 56M2_3 TẦNG _NGAY ĐH VĂN HIẾN_HẺM 8M_ NHỈNH 6T,6500000000,108.333336,60 m²,"Phường Tân Thành, Quận Tân Phú, Tp Hồ Chí Minh",Quận Tân Phú,Tp Hồ Chí Minh,10.791454,106.63355,Nhà ở,,3,3,3,,,1.0,,[],9,Trang,,,2026-09-17 14:32:10,https://nha.chotot.com/tin/178839418,2026-09-17T07:32:56.900690
2762,Cho thuê nhà nguyên căn đường Quang Trung ,11500000,0.23958333,48 m²,"Phường 14, Quận Gò Vấp, Tp Hồ Chí Minh",Quận Gò Vấp,Tp Hồ Chí Minh,10.850746,106.64534,Nhà ở,,4,3,2,,,1.0,,[],5,Út Trung Gò vấp ,,5.0,2026-09-09 14:45:06,https://nha.chotot.com/tin/178281738,2026-09-17T07:32:56.900974
2763,KHU PHẠM VĂN ĐỒNG VILLA HỒ BƠI 7PN - SIÊU ĐẸP,65000000,0.325,200 m²,"Phường An Hải Bắc, Quận Sơn Trà, Đà Nẵng",Quận Sơn Trà,Đà Nẵng,16.0752,108.23292,Nhà ở,,7,7,3,,2.0,1.0,65000000.0,[],12,Trân Duy Hải,,5.0,2026-09-17 14:31:34,https://nha.chotot.com/tin/178839400,2026-09-17T07:32:56.901160
2764,Bán nhà hẻm 184 thoáng đường Âu Dương Lân P3 Q8 ,3180000000,104.605606,30.3999 m²,"Phường 3, Quận 8, Tp Hồ Chí Minh",Quận 8,Tp Hồ Chí Minh,10.745962,106.68301,Nhà ở,,2,2,2,,2.0,1.0,,[],5, Như Ý,,,2026-09-17 14:31:29,https://nha.chotot.com/tin/178502242,2026-09-17T07:32:56.901459
2765,HÀNG HIẾM KHÓ TÌM - NHÀ C4 144m² S.H.R - CHỈ 820TR - TÂN AN HỘI CỦ CHI,820000000,5.6944447,144 m²,"Xã Tân An Hội, Huyện Củ Chi, Tp Hồ Chí Minh",Huyện Củ Chi,Tp Hồ Chí Minh,10.9593525,106.48182,Nhà ở,,2,1,1,,4.0,4.0,,[],8,Nguyễn Văn Quốc,,,2026-09-17 14:31:19,https://nha.chotot.com/tin/178838518,2026-09-17T07:32:56.901734
2766,CHO THUÊ NHÀ ĐƯỜNG QUỐC HƯƠNG GIÁ 27 TRIỆU ,27000000,0.36,75 m²,"Phường Thảo Điền (Quận 2 cũ), Thành phố Thủ Đức, Tp Hồ Chí Minh",Thành phố Thủ Đức,Tp Hồ Chí Minh,10.807138,106.73095,Nhà ở,,2,2,2,,,,,[],6,Phương,,,2026-09-17 14:31:17,https://nha.chotot.com/tin/178839383,2026-09-17T07:32:56.901905
2767,"CHO THUÊ NHÀ  PHẠM QUÝ THÍCH   P.PHÚ THỌ HOÀ, TÂN PHÚ   📐 Diện tích: 4",10500000,0.125,84 m²,"Phường Tân Quý, Quận Tân Phú, Tp Hồ Chí Minh",Quận Tân Phú,Tp Hồ Chí Minh,10.789263,106.62116,Nhà ở,,1,1,,,,,,[],3,Thu,,4.0,2026-09-17 14:31:09,https://nha.chotot.com/tin/178839386,2026-09-17T07:32:56.902068
2768,"CHO THUÊ NHÀ NGUYÊN CĂN – PHƯỜNG LINH TÂY, TP. THỦ ĐỨC  📍 Địa chỉ: 145",10000000,0.14285715,70 m²,"Phường Linh Tây (Quận Thủ Đức cũ), Thành phố Thủ Đức, Tp Hồ Chí Minh",Thành phố Thủ Đức,Tp Hồ Chí Minh,10.86056,106.756256,Nhà ở,,2,,,,,,,[],6,Đăng Quang Rental,,,2026-09-17 14:31:05,https://nha.chotot.com/tin/178839388,2026-09-17T07:32:56.902236
2769,Nhà 3 Rưỡi - Mặt Tiền Hải Châu Gần Đống Đa ( SỤP ),5500000000,110.0,50 m²,"Phường Thuận Phước, Quận Hải Châu, Đà Nẵng",Quận Hải Châu,Đà Nẵng,16.08619,108.21645,Nhà ở,,6,,5,,,,,[],7,hưng thịnh,,5.0,2026-09-02 10:54:17,https://nha.chotot.com/tin/178518870,2026-09-17T07:32:56.902405
2770,"[GIÁ RẺ] NHÀ NGUYÊN CĂN 1 TRỆT 1 LẦU GẦN EMART, CHỢ TÂN SƠN",8000000,0.14285715,56 m²,"Phường 12, Quận Gò Vấp, Tp Hồ Chí Minh",Quận Gò Vấp,Tp Hồ Chí Minh,10.832696,106.63855,Nhà ở,,2,2,1,,,,,[],8,THÀNH ĐẠT CHUYÊN CHO THUÊ PHÒNG TRỌ CHDV GIÁ TỐT,,,2026-09-17 14:30:48,https://nha.chotot.com/tin/178839377,2026-09-17T07:32:56.902590
2771,Giá Thuê : 9tr/1 tháng Cho Thuê Nhà Đường Bùi Quang Là P12 Q. gò Vấp -,9000000,0.140625,64 m²,"Phường 12, Quận Gò Vấp, Tp Hồ Chí Minh",Quận Gò Vấp,Tp Hồ Chí Minh,10.835113,106.6396,Nhà ở,,2,2,,Tây,,,1.0,[],6,Quang Huy,,5.0,2026-09-07 10:48:48,https://nha.chotot.com/tin/178617090,2026-09-17T07:32:56.902787
2772,"BÁN GẤP NHÀ KQH HOÀNG DIỆU PHƯỜNG CAM LY ĐÀ LẠT CHỈ 5,4 TỶ",5400000000,120.0,45 m²,"Phường 5, Thành phố Đà Lạt, Lâm Đồng",Thành phố Đà Lạt,Lâm Đồng,11.942885,108.427925,Nhà ở,,3,2,3,Tây Bắc,3.0,,,[],4,Tô Hoàng Phương Trinh,,,2026-09-15 15:32:14,https://nha.chotot.com/tin/178796817,2026-09-17T07:32:56.902962
2773,Nhà mới DT:4x9m 2 Tầng 2pn 2wc hẻm 1942 Huỳnh Tấn Phát,1960000000,61.25,32 m²,"Thị trấn Nhà Bè, Huyện Nhà Bè, Tp Hồ Chí Minh",Huyện Nhà Bè,Tp Hồ Chí Minh,10.698072,106.738914,Nhà ở,,2,,2,,,,,[],11,Nam Phú Gia,,,2026-09-06 06:52:42,https://nha.chotot.com/tin/178593726,2026-09-17T07:32:56.903127
2774,Nhà Lầu 4 Tầng Hẻm Oto Xây Mới 100% Âu Dương Lân P2 Q8,8600000000,204.7619,42 m²,"Phường 2, Quận 8, Tp Hồ Chí Minh",Quận 8,Tp Hồ Chí Minh,10.742134,106.685104,Nhà ở,,4,3,4,,2.0,1.0,,[],8,Phạm Quốc Thắng,,,2026-09-17 14:29:58,https://nha.chotot.com/tin/178839361,2026-09-17T07:32:56.903292
2775,"Cho Thuê Biệt Thự Nam Thông PMH Q7 - 450m2, 5PN, Đường 20m",70000000,0.15555556,450 m²,"Phường Tân Phong, Quận 7, Tp Hồ Chí Minh",Quận 7,Tp Hồ Chí Minh,10.73019,106.70033,Nhà ở,,5,4,5,,,,,[],12,Thuỷ Trần,,,2026-08-31 09:55:18,https://nha.chotot.com/tin/178484863,2026-09-17T07:32:56.903449
2776,Cần cho thuê nhà góc 2 Mặt Tiền 84A Phổ Quang P.2 Q.Tân Bình,30000000,0.3030303,99 m²,"Phường 2, Quận Tân Bình, Tp Hồ Chí Minh",Quận Tân Bình,Tp Hồ Chí Minh,10.806851,106.668365,Nhà ở,,5,5,4,,,1.0,60000000.0,[],6,Anh Thanh,,,2026-09-17 14:29:37,https://nha.chotot.com/tin/178839329,2026-09-17T07:32:56.903929
2777,Bán nhà lầu đúc kiên cố hẻm xe hơi rộng đường Dương Bá Trạc P1 Q8 ,11800000000,245.83333,48 m²,"Phường 1, Quận 8, Tp Hồ Chí Minh",Quận 8,Tp Hồ Chí Minh,10.74418,106.69049,Nhà ở,,4,4,4,Nam,2.0,1.0,,[],3,Nguyễn Thìn ,,4.4,2026-09-17 14:29:34,https://nha.chotot.com/tin/178839333,2026-09-17T07:32:56.904095
2778,"Bán nhà riêng 4mx18,3m",12300000000,169.65517,72.5 m²,"Phường Tân Sơn Nhì, Quận Tân Phú, Tp Hồ Chí Minh",Quận Tân Phú,Tp Hồ Chí Minh,10.796407,106.63215,Nhà ở,,1,,,,,,,[],3,Nguyễn Võ Châu Phát,,,2026-09-16 14:28:21,https://nha.chotot.com/tin/178817793,2026-09-17T07:32:56.904263
2779,cho thuê,25000000,0.41666666,60 m²,"Phường 8, Quận 5, Tp Hồ Chí Minh",Quận 5,Tp Hồ Chí Minh,10.756033,106.671135,Nhà ở,,4,5,3,Đông,3.0,1.0,50000000.0,[],3,Phạm Ánh Lan,,5.0,2026-09-17 12:38:51,https://nha.chotot.com/tin/178836750,2026-09-17T07:32:56.904459
2780,cho thuê nhà 2 tầng đường phan thanh sát đại học duy tân,11000000,0.22,50 m²,"Phường Thạc Gián, Quận Thanh Khê, Đà Nẵng",Quận Thanh Khê,Đà Nẵng,16.063013,108.208755,Nhà ở,,3,3,2,,1.0,,,[],10,Đại tuấn,,,2026-09-17 14:29:11,https://nha.chotot.com/tin/178839312,2026-09-17T07:32:56.904644
2781,"HIẾM!!!! - Hẻm Sư Vạn Hạnh, P12, Q.10 - 5x20m, 4 Tầng, 400m2",38000000,0.38,100 m²,"Phường 12, Quận 10, Tp Hồ Chí Minh",Quận 10,Tp Hồ Chí Minh,10.775027,106.667755,Đất,,,,4,,,,,[],9,Ngô Thanh Hùng,,,2026-09-17 14:30:13,https://nha.chotot.com/tin/178839362,2026-09-17T07:32:58.328122
2782,CHO THUÊ HẺM NGUYỄN VĂN TRỖI TÂN BÌNH | 12x15m siêu rộng,58000000,0.58,100 m²,"Phường 10, Quận Tân Bình, Tp Hồ Chí Minh",Quận Tân Bình,Tp Hồ Chí Minh,10.798557,106.67042,Đất,,,,,,,,116000000.0,[],8,Dung tr,,,2026-09-17 14:29:35,https://nha.chotot.com/tin/178839347,2026-09-17T07:32:58.328418
2783,"Cho thuê nhà phố 5 tầng có thang máy, rèm đường D9",45000000,0.53571427,84 m²,"Phường Long Bình (Quận 9 cũ), Thành phố Thủ Đức, Tp Hồ Chí Minh",Thành phố Thủ Đức,Tp Hồ Chí Minh,10.84805,106.83874,Đất,,,,5,,3.0,1.0,,[],4,DUY HOMES,,,2026-09-09 09:41:13,https://nha.chotot.com/tin/178661906,2026-09-17T07:32:58.328643
2784,"Cho thuê vp phố nguyên hồng,đống đa,dt 68m2,giá 13tr/tháng",13000000,0.19117647,68 m²,"Phường Láng Hạ, Quận Đống Đa, Hà Nội",Quận Đống Đa,Hà Nội,21.015743,105.80971,Đất,,,,8,,1.0,1.0,,[],5,Đào Thành Lân,,,2026-09-17 14:27:34,https://nha.chotot.com/tin/178839277,2026-09-17T07:32:58.328822
2785,🔥 CHO THUÊ BIỆT THỰ SÂN VƯỜN NGUYỄN VĂN TRỖI – NGANG 12M – GIÁ 59TR/TH,59000000,0.118,500 m²,"Phường 10, Quận Phú Nhuận, Tp Hồ Chí Minh",Quận Phú Nhuận,Tp Hồ Chí Minh,10.798557,106.67042,Đất,,,,,,,,150000000.0,[],7,Kiều Hằng,,,2026-09-17 14:27:01,https://nha.chotot.com/tin/178839254,2026-09-17T07:32:58.329059
2786,Cho thuê kho 1200m QL1A Tam Bình chỉ 75k,90000000,0.075,1200 m²,"Phường Tam Bình (Quận Thủ Đức cũ), Thành phố Thủ Đức, Tp Hồ Chí Minh",Thành phố Thủ Đức,Tp Hồ Chí Minh,10.871881,106.739655,Đất,,,,,,,,3.0,[],3,Anhthe,,4.0,2026-09-14 18:07:53,https://nha.chotot.com/tin/178775394,2026-09-17T07:32:58.329251
2787,BIỆT THỰ SÂN VƯỜN KHU TỔ HỢP F&B VÀ ĐA NGÀNH NGHỀ TRUNG TÂM QUẬN 3 ,115000000,0.34848484,330 m²,"Phường Võ Thị Sáu, Quận 3, Tp Hồ Chí Minh",Quận 3,Tp Hồ Chí Minh,10.788824,106.690765,Đất,,,,,,,,,[],9,Yến Ngọc,,,2026-09-17 14:25:23,https://nha.chotot.com/tin/178839200,2026-09-17T07:32:58.329594
2788,🍑Đoạn Đẹp NGUYỄN GIA TRÍ - 4x25m (Trệt 2 Lầu)🍑,65000000,0.21666667,300 m²,"Phường 25, Quận Bình Thạnh, Tp Hồ Chí Minh",Quận Bình Thạnh,Tp Hồ Chí Minh,10.810227,106.71722,Đất,,,,,,,,,[],6,Nhà Phố Cho Thuê,,,2026-09-17 14:24:57,https://nha.chotot.com/tin/175622468,2026-09-17T07:32:58.329779
2789,"🌟10x15m - TRẦN QUỐC TOẢN, Quận 3🌟 Trệt 2 Lầu",60000000,0.13333334,450 m²,"Phường Võ Thị Sáu, Quận 3, Tp Hồ Chí Minh",Quận 3,Tp Hồ Chí Minh,10.78659,106.68779,Đất,,,,,,,,,[],4,Nhà Phố Cho Thuê,,,2026-09-17 14:24:26,https://nha.chotot.com/tin/175903201,2026-09-17T07:32:58.330015
2790,cho thuê 100m văn phòng giá 30 tr,30000000,0.3,100 m²,"Phường An Khánh (Quận 2 cũ), Thành phố Thủ Đức, Tp Hồ Chí Minh",Thành phố Thủ Đức,Tp Hồ Chí Minh,10.79159,106.73052,Đất,,,,,,,,60000000.0,[],3,Nguyễn Văn Hậu,,,2026-09-05 13:44:09,https://nha.chotot.com/tin/178581677,2026-09-17T07:32:58.330242
2791,CHO THUÊ TÒA NHÀ VĂN PHÒNG NGUYỄN VĂN TRỖI NGAY NGÃ TƯ PHÚ NHUẬN,130000000,0.096296296,1350 m²,"Phường 10, Quận Phú Nhuận, Tp Hồ Chí Minh",Quận Phú Nhuận,Tp Hồ Chí Minh,10.798557,106.67042,Đất,,,,,,,,,[],3,Anh Đào,,,2026-09-12 11:08:02,https://nha.chotot.com/tin/178727010,2026-09-17T07:32:58.330424
2792,Mặt bằng đẹp Hồ Văn Huê 30m2,7490000,0.24966666,30 m²,"Phường 9, Quận Phú Nhuận, Tp Hồ Chí Minh",Quận Phú Nhuận,Tp Hồ Chí Minh,10.80251,106.67629,Đất,,,,,,,,7490000.0,[],7,NGUYỄN THỊ ANH THƯ,,,2026-09-06 15:25:13,https://nha.chotot.com/tin/178603931,2026-09-17T07:32:58.330623
2793,"🇻🇳SHOPHOUSE 3 TẦNG MẶT TIỀN MÊ LINH | GẦN ORI, KCN HÒA KHÁNH",14000000,0.11666667,120 m²,"Phường Hòa Hiệp Nam, Quận Liên Chiểu, Đà Nẵng",Quận Liên Chiểu,Đà Nẵng,16.09171,108.12595,Đất,,04,,3,,,,,[],10,Ngô Văn Cảnh,,4.4,2026-09-17 14:22:04,https://nha.chotot.com/tin/178839109,2026-09-17T07:32:58.330787
2794,🔥 HẺM XE HƠI  HUỲNH VĂN BÁNH – PHÚ NHUẬN | 4PN – 4WC | CHỈ 2x,23000000,0.23,100 m²,"Phường 10, Quận Phú Nhuận, Tp Hồ Chí Minh",Quận Phú Nhuận,Tp Hồ Chí Minh,10.791831,106.671616,Đất,,4,,,,,,46000000.0,[],6,Dung tr,,,2026-09-17 14:21:51,https://nha.chotot.com/tin/178839122,2026-09-17T07:32:58.330940
2795,"Măt tiền Nguyễn Cư Trinh, Quận 1 (Ngang 17m)",90000000,0.45,200 m²,"Phường Nguyễn Cư Trinh, Quận 1, Tp Hồ Chí Minh",Quận 1,Tp Hồ Chí Minh,10.763458,106.68884,Đất,,,,,,,,,[],5,Nhà Phố Cho Thuê,,,2026-09-17 14:21:14,https://nha.chotot.com/tin/178280784,2026-09-17T07:32:58.331098
2796,"🔥GÓC 2MT - NGUYỄN TRÃI, Bến Thành, Q1🔥400m2 sử dụng",150000000,0.375,400 m²,"Phường Bến Thành, Quận 1, Tp Hồ Chí Minh",Quận 1,Tp Hồ Chí Minh,10.771166,106.68731,Đất,,,,,,,,,[],4,Nhà Phố Cho Thuê,,,2026-09-17 14:20:35,https://nha.chotot.com/tin/175556911,2026-09-17T07:32:58.331329
2797,CHO THUÊ TÒA NHÀ 2 MẶT TIỀN VÕ VĂN NGÂN DT 12M X 36M TP THỦ ĐỨC,100000000,0.07692308,1300 m²,"Phường Bình Thọ (Quận Thủ Đức cũ), Thành phố Thủ Đức, Tp Hồ Chí Minh",Thành phố Thủ Đức,Tp Hồ Chí Minh,10.850573,106.76223,Đất,,,,,,,1.0,,[],3,Oanh Home,,,2026-09-17 14:20:21,https://nha.chotot.com/tin/178262159,2026-09-17T07:32:58.331668
2798,"🔥 CHO THUÊ TẦNG 7 160m2 – 104A XUÂN THUỶ, THẢO ĐIỀN, Q2 🔥",50000000,0.3125,160 m²,"Phường Thảo Điền (Quận 2 cũ), Thành phố Thủ Đức, Tp Hồ Chí Minh",Thành phố Thủ Đức,Tp Hồ Chí Minh,10.803889,106.73543,Đất,,,,,,,,150000000.0,[],8,Kiều Hằng,,,2026-09-17 14:18:58,https://nha.chotot.com/tin/178839027,2026-09-17T07:32:58.331928
2799,Cho thuê  Shophouse Panorama Phú Mỹ Hưng 2 tầng 50tr/th,50000000,0.35460994,141 m²,"Phường Tân Phong, Quận 7, Tp Hồ Chí Minh",Quận 7,Tp Hồ Chí Minh,10.72168,106.71284,Đất,,,,2,Tây Nam,,1.0,,[],7,Dân,,,2026-09-17 14:18:55,https://nha.chotot.com/tin/177011854,2026-09-17T07:32:58.332132
2800,Kho trống VIEW SÔNG 235/50A Đặng Thùy Trâm. DT 8X20M.,20000000,0.125,160 m²,"Phường 13, Quận Bình Thạnh, Tp Hồ Chí Minh",Quận Bình Thạnh,Tp Hồ Chí Minh,10.824377,106.70332,Đất,,,,,,2.0,1.0,,[],3,Anh Dũng,,4.0,2026-09-17 14:17:42,https://nha.chotot.com/tin/167862234,2026-09-17T07:32:58.332326
2801,"Chính Chủ Gửi Bán Akari City Phase 2 - 2PN2WC - Giá 4,3 tỷ - View Đẹp",4300000000,53.75,80 m²,"Phường An Lạc, Quận Bình Tân, Tp Hồ Chí Minh",Quận Bình Tân,Tp Hồ Chí Minh,10.72262,106.61204,Căn hộ/Chung cư,1.0,2,2,,Nam,3.0,6.0,,[],8,Lê Khanh,,,2026-09-17 14:32:45,https://nha.chotot.com/tin/178134710,2026-09-17T07:32:59.486094
2802,"Cho thuê phòng trọ view đẹp, máy giặt riêng - 40m2 tại Quận 3",6900000,0.1725,40 m²,"Phường Võ Thị Sáu, Quận 3, Tp Hồ Chí Minh",Quận 3,Tp Hồ Chí Minh,10.78003,106.68723,Phòng trọ,,1,,,,,,6900000.0,[],6,Quỳnh My,,,2026-09-09 12:07:44,https://nha.chotot.com/tin/175142196,2026-09-17T07:32:59.486412
2803,sang nhượng sân pickleball hoặc cho thuê kho xưởng,65000000,0.040625,1600 m²,"Phường Tân Tạo A, Quận Bình Tân, Tp Hồ Chí Minh",Quận Bình Tân,Tp Hồ Chí Minh,10.730695,106.57589,Đất,,,,,,,1.0,130000000.0,[],3,Dũng,,,2026-09-17 14:32:40,https://nha.chotot.com/tin/178835565,2026-09-17T07:32:59.486681
2804,"Cho thuê nhà hẻm 638 Lê Trọng Tấn, DT : 5x20 , 1 lầu 3PN",12000000,0.12,100 m²,"Phường Tây Thạnh, Quận Tân Phú, Tp Hồ Chí Minh",Quận Tân Phú,Tp Hồ Chí Minh,10.805715,106.630196,Nhà ở,,3,,,,1.0,,1.0,[],4,Cúc Nguyễn,,4.0,2026-09-17 14:32:36,https://nha.chotot.com/tin/178839424,2026-09-17T07:32:59.486999
2805,CHO THUÊ VĂN PHÒNG 85 CMT8 DỌN VÀO THÁNG 10,27000000,0.3857143,70 m²,"Phường Bến Thành, Quận 1, Tp Hồ Chí Minh",Quận 1,Tp Hồ Chí Minh,10.772076,106.69216,Đất,,,,,Tây Bắc,2.0,3.0,,[],5,Lý Quốc Duy,,,2026-09-17 14:32:35,https://nha.chotot.com/tin/178839416,2026-09-17T07:32:59.487245
2806,Siêu Phẩm 4m x 28m.Có Thang Máy Mặt tiền nhánh KD Đ. Hà Huy Giáp,8390000000,76.27273,110 m²,"Phường Thạnh Xuân, Quận 12, Tp Hồ Chí Minh",Quận 12,Tp Hồ Chí Minh,10.872191,106.67686,Nhà ở,,4,,4,,1.0,1.0,,[],12,CHUYÊN NHÀ ĐẤT Q12,,5.0,2026-09-07 08:39:17,https://nha.chotot.com/tin/175418953,2026-09-17T07:32:59.487472
2807,Nhà 3 mặt tiền hẻm oto dòng tiền 900tr ngang hơn 13m,82000000000,301.3598,272.1 m²,"Phường 13, Quận 3, Tp Hồ Chí Minh",Quận 3,Tp Hồ Chí Minh,10.786783,106.67968,Nhà ở,,8,,3,,,1.0,,[],4,Nguyễn Anh Sang,,4.1,2026-08-25 15:32:40,https://nha.chotot.com/tin/178374500,2026-09-17T07:32:59.487690
2808,Cần cho thuê Villa HXT 351/3A Lê Đại Hành P.13 Quận 11,30000000,0.2777778,108 m²,"Phường 13, Quận 11, Tp Hồ Chí Minh",Quận 11,Tp Hồ Chí Minh,10.766346,106.654076,Nhà ở,,5,5,4,,,1.0,60000000.0,[],6,Nguyễn Tiến Nam,,,2026-09-10 10:11:36,https://nha.chotot.com/tin/178684649,2026-09-17T07:32:59.487946
2809,Nhà mặt tiền hẻm xe tải buôn bán,1050000000,52.5,20 m²,"Phường Thạnh Xuân, Quận 12, Tp Hồ Chí Minh",Quận 12,Tp Hồ Chí Minh,10.885864,106.68008,Nhà ở,,3,,,,,5.0,,[],4,Chi Nguyen,,5.0,2026-09-17 14:32:19,https://nha.chotot.com/tin/178838649,2026-09-17T07:32:59.488111
2810,"🌧️🫧🏡 CĂN HỘ HIỆN ĐẠI – GỌN GÀNG, ẤM ÁP, ĐỦ ĐẦY TIỆN NGHI ✨😅🥹",7000000,0.23333333,30 m²,"Phường An Phú (Quận 2 cũ), Thành phố Thủ Đức, Tp Hồ Chí Minh",Thành phố Thủ Đức,Tp Hồ Chí Minh,10.794329,106.742546,Căn hộ/Chung cư,2.0,1,,,,,,7000000.0,[],7,Hồng Loan HIFRIENDZ,,,2026-09-17 14:31:18,https://nha.chotot.com/tin/178372865,2026-09-17T07:32:59.488275
2811,NHÀ ĐẸP TÂN PHÚ ÂU CƠ 56M2_3 TẦNG _NGAY ĐH VĂN HIẾN_HẺM 8M_ NHỈNH 6T,6500000000,108.333336,60 m²,"Phường Tân Thành, Quận Tân Phú, Tp Hồ Chí Minh",Quận Tân Phú,Tp Hồ Chí Minh,10.791454,106.63355,Nhà ở,,3,3,3,,,1.0,,[],9,Trang,,,2026-09-17 14:32:10,https://nha.chotot.com/tin/178839418,2026-09-17T07:32:59.488438
2812,MINI VILLA - 3PN CÓ XÔNG HƠI - GẦN BIỂN - NGUYỄN TẤT THÀNH,35000000,0.7,50 m²,"Phường Xuân Hà, Quận Thanh Khê, Đà Nẵng",Quận Thanh Khê,Đà Nẵng,16.073128,108.20105,Nhà ở,,3,4,,,1.0,1.0,35000000.0,[],12,HAVILAND HOUSE CHO THUÊ,,4.9,2026-09-17 14:32:07,https://nha.chotot.com/tin/178839406,2026-09-17T07:32:59.488625
2813,"PHÒNG FULL NỘI THẤT, 2 BAN CÔNG SIÊU RỘNG GẦN KDT VẠN PHÚC",5000000,0.125,40 m²,"Phường Hiệp Bình Phước (Quận Thủ Đức cũ), Thành phố Thủ Đức, Tp Hồ Chí Minh",Thành phố Thủ Đức,Tp Hồ Chí Minh,10.858462,106.72344,Phòng trọ,,,,,,,,5000000.0,[],9,Duy Nguyen,,5.0,2026-09-12 13:33:12,https://nha.chotot.com/tin/178730810,2026-09-17T07:32:59.488800
2814,Bán căn hộ Phạm Văn Đồng Long Thành Đồng Nai 1.1 tỷ,1100000000,21.153847,52 m²,"Thị trấn Long Thành, Huyện Long Thành, Đồng Nai",Huyện Long Thành,Đồng Nai,10.77828,106.94472,Căn hộ/Chung cư,1.0,2,,,Bắc,3.0,6.0,,[],4,Bùi Duy Hưng,,,2026-09-17 14:31:55,https://nha.chotot.com/tin/178839401,2026-09-17T07:32:59.488971
2815,Cho thuê nhà nguyên căn đường Quang Trung ,11500000,0.23958333,48 m²,"Phường 14, Quận Gò Vấp, Tp Hồ Chí Minh",Quận Gò Vấp,Tp Hồ Chí Minh,10.850746,106.64534,Nhà ở,,4,3,2,,,1.0,,[],5,Út Trung Gò vấp ,,5.0,2026-09-09 14:45:06,https://nha.chotot.com/tin/178281738,2026-09-17T07:32:59.489137
2816,"CẦN BÁN CĂN HỘ CC THỚI AN, Q12, 95M2 , CÓ SÂN VƯỜN, 2,82 TỶ",2820000000,29.68421,95 m²,"Phường Thới An, Quận 12, Tp Hồ Chí Minh",Quận 12,Tp Hồ Chí Minh,10.87607,106.655655,Căn hộ/Chung cư,1.0,2,2,,Đông Nam,2.0,6.0,,[],5,VÕ Hằng ,,,2026-08-25 21:26:52,https://nha.chotot.com/tin/178382179,2026-09-17T07:32:59.489374
2817,KHU PHẠM VĂN ĐỒNG VILLA HỒ BƠI 7PN - SIÊU ĐẸP,65000000,0.325,200 m²,"Phường An Hải Bắc, Quận Sơn Trà, Đà Nẵng",Quận Sơn Trà,Đà Nẵng,16.0752,108.23292,Nhà ở,,7,7,3,,2.0,1.0,65000000.0,[],12,Trân Duy Hải,,5.0,2026-09-17 14:31:34,https://nha.chotot.com/tin/178839400,2026-09-17T07:32:59.489665
2818,🥳🥳Một Căn Hộ Vừa Đẹp- Vừa Tiện Nghi - Vừa Có Không Gian Sống Thoángãng,12000000,0.4,30 m²,"Phường Thảo Điền (Quận 2 cũ), Thành phố Thủ Đức, Tp Hồ Chí Minh",Thành phố Thủ Đức,Tp Hồ Chí Minh,10.806585,106.72578,Căn hộ/Chung cư,2.0,1,,,,,,12000000.0,[],10,Hồng Loan HIFRIENDZ,,,2026-09-17 14:31:31,https://nha.chotot.com/tin/178373155,2026-09-17T07:32:59.489902
2819,Bán nhà hẻm 184 thoáng đường Âu Dương Lân P3 Q8 ,3180000000,104.605606,30.3999 m²,"Phường 3, Quận 8, Tp Hồ Chí Minh",Quận 8,Tp Hồ Chí Minh,10.745962,106.68301,Nhà ở,,2,2,2,,2.0,1.0,,[],5, Như Ý,,,2026-09-17 14:31:29,https://nha.chotot.com/tin/178502242,2026-09-17T07:32:59.490066
2820,HÀNG HIẾM KHÓ TÌM - NHÀ C4 144m² S.H.R - CHỈ 820TR - TÂN AN HỘI CỦ CHI,820000000,5.6944447,144 m²,"Xã Tân An Hội, Huyện Củ Chi, Tp Hồ Chí Minh",Huyện Củ Chi,Tp Hồ Chí Minh,10.9593525,106.48182,Nhà ở,,2,1,1,,4.0,4.0,,[],8,Nguyễn Văn Quốc,,,2026-09-17 14:31:19,https://nha.chotot.com/tin/178838518,2026-09-17T07:32:59.490228
2821,"🌧️🫧🏡 CĂN HỘ HIỆN ĐẠI – GỌN GÀNG, ẤM ÁP, ĐỦ ĐẦY TIỆN NGHI ✨😅🥹",7000000,0.23333333,30 m²,"Phường An Phú (Quận 2 cũ), Thành phố Thủ Đức, Tp Hồ Chí Minh",Thành phố Thủ Đức,Tp Hồ Chí Minh,10.794329,106.742546,Căn hộ/Chung cư,2.0,1,,,,,,7000000.0,[],7,Hồng Loan HIFRIENDZ,,,2026-09-17 14:31:18,https://nha.chotot.com/tin/178372865,2026-09-17T07:33:00.647258
2822,Bán căn hộ Phạm Văn Đồng Long Thành Đồng Nai 1.1 tỷ,1100000000,21.153847,52 m²,"Thị trấn Long Thành, Huyện Long Thành, Đồng Nai",Huyện Long Thành,Đồng Nai,10.77828,106.94472,Căn hộ/Chung cư,1.0,2,,,Bắc,3.0,6.0,,[],4,Bùi Duy Hưng,,,2026-09-17 14:31:55,https://nha.chotot.com/tin/178839401,2026-09-17T07:33:00.647550
2823,"CẦN BÁN CĂN HỘ CC THỚI AN, Q12, 95M2 , CÓ SÂN VƯỜN, 2,82 TỶ",2820000000,29.68421,95 m²,"Phường Thới An, Quận 12, Tp Hồ Chí Minh",Quận 12,Tp Hồ Chí Minh,10.87607,106.655655,Căn hộ/Chung cư,1.0,2,2,,Đông Nam,2.0,6.0,,[],5,VÕ Hằng ,,,2026-08-25 21:26:52,https://nha.chotot.com/tin/178382179,2026-09-17T07:33:00.647748
2824,🥳🥳Một Căn Hộ Vừa Đẹp- Vừa Tiện Nghi - Vừa Có Không Gian Sống Thoángãng,12000000,0.4,30 m²,"Phường Thảo Điền (Quận 2 cũ), Thành phố Thủ Đức, Tp Hồ Chí Minh",Thành phố Thủ Đức,Tp Hồ Chí Minh,10.806585,106.72578,Căn hộ/Chung cư,2.0,1,,,,,,12000000.0,[],10,Hồng Loan HIFRIENDZ,,,2026-09-17 14:31:31,https://nha.chotot.com/tin/178373155,2026-09-17T07:33:00.648048
2825,Gia đình có việc cần chuyển nhượng căn hộ gần Depot Tham Lương 2PN,3500000000,57.37705,61 m²,"Phường Tân Thới Nhất, Quận 12, Tp Hồ Chí Minh",Quận 12,Tp Hồ Chí Minh,10.82442,106.62025,Căn hộ/Chung cư,1.0,2,1,,,3.0,6.0,,[],5,Đơn Phương,,,2026-09-10 10:12:16,https://nha.chotot.com/tin/178684712,2026-09-17T07:33:00.648227
2826,"Cho thuê giá tốt 3PN view sông, nội thất xịn, Vinhomes Central Park",35000000,0.3043478,115 m²,"Phường 22, Quận Bình Thạnh, Tp Hồ Chí Minh",Quận Bình Thạnh,Tp Hồ Chí Minh,10.79387,106.72032,Căn hộ/Chung cư,1.0,3,2,,,1.0,6.0,,[],12,Huyền Nguyễn,,,2026-09-02 15:25:06,https://nha.chotot.com/tin/178523171,2026-09-17T07:33:00.648482
2827,"BCONS ARIA TRẢ TRƯỚC CHỈ 5% CHIẾT KHẤU 8,5% HỖ TRỢ LS 6,9% TRONG 4 NĂM",2600000000,49.056602,53 m²,"Phường Đông Hòa, Thành phố Dĩ An, Bình Dương",Thành phố Dĩ An,Bình Dương,10.89115,106.8022,Căn hộ/Chung cư,1.0,2,2,37,Tây,3.0,4.0,,[],12,Huy Hoàng Bcons ,,,2026-08-25 09:52:10,https://nha.chotot.com/tin/178364490,2026-09-17T07:33:00.648692
2828,"CHO THUÊ CĂN HỘ MỚI 2 PHÒNG NGỦ, DIỆN TÍCH 60M² ",13500000,0.20769231,65 m²,"Phường Khuê Mỹ, Quận Ngũ Hành Sơn, Đà Nẵng",Quận Ngũ Hành Sơn,Đà Nẵng,16.023426,108.2459,Căn hộ/Chung cư,2.0,2,,,,2.0,,,[],4,VANA,,,2026-09-17 14:30:06,https://nha.chotot.com/tin/178838887,2026-09-17T07:33:00.648865
2829,Bán căn Hưng Phát Silver Star - sát vách sunrise reverside - 4.6ty,4350000000,41.037735,106 m²,"Xã Phước Kiển, Huyện Nhà Bè, Tp Hồ Chí Minh",Huyện Nhà Bè,Tp Hồ Chí Minh,10.70387,106.71276,Căn hộ/Chung cư,1.0,3,,,Tây Nam,2.0,6.0,,[],9,Vân,,4.8,2026-09-03 11:16:19,https://nha.chotot.com/tin/177025273,2026-09-17T07:33:00.649038
2830,Cho thuê CC Garden gate 40m2 Offictel 1WC giá cực tốt chỉ 11tr/th ,11000000,0.31428573,35 m²,"Phường 9, Quận Phú Nhuận, Tp Hồ Chí Minh",Quận Phú Nhuận,Tp Hồ Chí Minh,10.80964,106.67425,Căn hộ/Chung cư,1.0,1,1,,,,,,[],3,Nguyễn Hoàng Toàn,,,2026-09-15 10:14:56,https://nha.chotot.com/tin/178787965,2026-09-17T07:33:00.649203
2831,KHAI TRƯƠNG ĐUPLEX 3🍠X ĐƯỜNG SỐ 1_NGUYỄN THỊ TÚ NHẬN XE ĐIỆN FULL NT,3700000,0.13214286,28 m²,"Phường Bình Hưng Hoà B, Quận Bình Tân, Tp Hồ Chí Minh",Quận Bình Tân,Tp Hồ Chí Minh,10.807803,106.59462,Căn hộ/Chung cư,3.0,1,1,,,2.0,4.0,1000000.0,[],11,Triệu an HiFriendz Tp ,,5.0,2026-09-17 14:29:46,https://nha.chotot.com/tin/178839353,2026-09-17T07:33:00.649369
2832,"Chung cư Tecco Green - Phan Văn Hớn căn 2p ngủ , full NT, giá 7,3tr/th",7300000,0.1,73 m²,"Phường Tân Thới Nhất, Quận 12, Tp Hồ Chí Minh",Quận 12,Tp Hồ Chí Minh,10.82954,106.61561,Căn hộ/Chung cư,1.0,2,2,,,2.0,6.0,,[],6,Phí Linh,,,2026-09-17 14:29:29,https://nha.chotot.com/tin/178839257,2026-09-17T07:33:00.649549
2833,💥CHDV - FUL NT - 2PN - BALCONY THOÁNG ⚡️ PHAN ĐĂNG LƯU - BÙI ĐÌNH TUÝ 💥,7800000,0.111428574,70 m²,"Phường 1, Quận Bình Thạnh, Tp Hồ Chí Minh",Quận Bình Thạnh,Tp Hồ Chí Minh,10.802451,106.697495,Căn hộ/Chung cư,2.0,2,,,,,,,[],12,Lương Thanh Trúc,,,2026-09-12 21:54:42,https://nha.chotot.com/tin/178437508,2026-09-17T07:33:00.649721
2834,"💥 HÀ ĐÔ CENTROSA – 2PN 2WC – NHÀ ĐẸP, FULL NỘI THẤT – Ở LIỀN CHỈ 22TR",22000000,0.25581396,86 m²,"Phường 12, Quận 10, Tp Hồ Chí Minh",Quận 10,Tp Hồ Chí Minh,10.7762,106.67889,Căn hộ/Chung cư,1.0,2,2,,,,,,[],12,Hoàng Dung,,4.5,2026-09-17 11:07:05,https://nha.chotot.com/tin/178834497,2026-09-17T07:33:00.649881
2835,"CĂN HỘ MINI CAO CẤP MỚI 100%, FULL NỘI THẤT NGAY ẺMART PHAN HUY ÍCH",5000000,0.2,25 m²,"Phường 12, Quận Gò Vấp, Tp Hồ Chí Minh",Quận Gò Vấp,Tp Hồ Chí Minh,10.837349,106.636284,Căn hộ/Chung cư,2.0,1,1,,,1.0,4.0,5000000.0,[],12,Alo Ngoc Hoang,,5.0,2026-09-17 14:28:24,https://nha.chotot.com/tin/178839301,2026-09-17T07:33:00.650061
2836,TÌM NỮ Ở GHÉP CĂN CHUNG CƯ 2PN,4500000,0.071428575,63 m²,"Phường Phú Thuận, Quận 7, Tp Hồ Chí Minh",Quận 7,Tp Hồ Chí Minh,10.722,106.7433,Căn hộ/Chung cư,1.0,2,2,,,2.0,4.0,4500000.0,[],7,Kim Thanh,,5.0,2026-09-17 14:28:16,https://nha.chotot.com/tin/178839296,2026-09-17T07:33:00.650232
2837,Khách Cần Tiền Ra Di Căn 2PN Hiyori Siêu Mới,5200000000,83.870964,62 m²,"Phường An Hải Đông, Quận Sơn Trà, Đà Nẵng",Quận Sơn Trà,Đà Nẵng,16.06191,108.23652,Căn hộ/Chung cư,1.0,2,2,,,1.0,2.0,,[],11,Hồng Công,,,2026-09-17 14:26:46,https://nha.chotot.com/tin/171220229,2026-09-17T07:33:00.650477
2838,⭐ RIVER PANORAMA CHO THUÊ 3PN2WC FULL NỘI THẤT VIEW ĐẸP CHỈ 19 TRIỆU,19000000,0.21111111,90 m²,"Phường Phú Mỹ, Quận 7, Tp Hồ Chí Minh",Quận 7,Tp Hồ Chí Minh,10.71422,106.73743,Căn hộ/Chung cư,1.0,3,2,,,2.0,6.0,,[],12,Huy,,5.0,2026-09-08 14:36:21,https://nha.chotot.com/tin/172861126,2026-09-17T07:33:00.650692
2839,"THẢO ĐIỀN, QUẬN 2 🏡 CHO THUÊ CHDV CAO CẤP💘 1PN BAN CÔNG FULL NỘI THẤT",11000000,0.22,50 m²,"Phường Thảo Điền (Quận 2 cũ), Thành phố Thủ Đức, Tp Hồ Chí Minh",Thành phố Thủ Đức,Tp Hồ Chí Minh,10.803914,106.72912,Căn hộ/Chung cư,2.0,1,1,,Đông Bắc,1.0,4.0,11000000.0,[],11,Phương An Chuyên Căn Hộ Quận 2,,5.0,2026-09-11 14:06:45,https://nha.chotot.com/tin/177928071,2026-09-17T07:33:00.650871
2840,CHDV FULL NỘI THẤT MỚI KENG GẦN MEGA MARKET Q12,3900000,0.156,25 m²,"Phường Tân Thới Hiệp, Quận 12, Tp Hồ Chí Minh",Quận 12,Tp Hồ Chí Minh,10.887289,106.64767,Căn hộ/Chung cư,2.0,1,1,4,,2.0,4.0,,[],10,Anh Tuấn Tìm Phòng,,5.0,2026-09-17 14:26:20,https://nha.chotot.com/tin/178839237,2026-09-17T07:33:00.651037
2841,"Cho thuê nhà hẻm 638 Lê Trọng Tấn, DT : 5x20 , 1 lầu 3PN",12000000,0.12,100 m²,"Phường Tây Thạnh, Quận Tân Phú, Tp Hồ Chí Minh",Quận Tân Phú,Tp Hồ Chí Minh,10.805715,106.630196,Nhà ở,,3,,,,1.0,,1.0,[],4,Cúc Nguyễn,,4.0,2026-09-17 14:32:36,https://nha.chotot.com/tin/178839424,2026-09-17T07:33:02.072925
2842,Siêu Phẩm 4m x 28m.Có Thang Máy Mặt tiền nhánh KD Đ. Hà Huy Giáp,8390000000,76.27273,110 m²,"Phường Thạnh Xuân, Quận 12, Tp Hồ Chí Minh",Quận 12,Tp Hồ Chí Minh,10.872191,106.67686,Nhà ở,,4,,4,,1.0,1.0,,[],12,CHUYÊN NHÀ ĐẤT Q12,,5.0,2026-09-07 08:39:17,https://nha.chotot.com/tin/175418953,2026-09-17T07:33:02.073272
2843,Nhà 3 mặt tiền hẻm oto dòng tiền 900tr ngang hơn 13m,82000000000,301.3598,272.1 m²,"Phường 13, Quận 3, Tp Hồ Chí Minh",Quận 3,Tp Hồ Chí Minh,10.786783,106.67968,Nhà ở,,8,,3,,,1.0,,[],4,Nguyễn Anh Sang,,4.1,2026-08-25 15:32:40,https://nha.chotot.com/tin/178374500,2026-09-17T07:33:02.073480
2844,Cần cho thuê Villa HXT 351/3A Lê Đại Hành P.13 Quận 11,30000000,0.2777778,108 m²,"Phường 13, Quận 11, Tp Hồ Chí Minh",Quận 11,Tp Hồ Chí Minh,10.766346,106.654076,Nhà ở,,5,5,4,,,1.0,60000000.0,[],6,Nguyễn Tiến Nam,,,2026-09-10 10:11:36,https://nha.chotot.com/tin/178684649,2026-09-17T07:33:02.073836
2845,Nhà mặt tiền hẻm xe tải buôn bán,1050000000,52.5,20 m²,"Phường Thạnh Xuân, Quận 12, Tp Hồ Chí Minh",Quận 12,Tp Hồ Chí Minh,10.885864,106.68008,Nhà ở,,3,,,,,5.0,,[],4,Chi Nguyen,,5.0,2026-09-17 14:32:19,https://nha.chotot.com/tin/178838649,2026-09-17T07:33:02.074068
2846,NHÀ ĐẸP TÂN PHÚ ÂU CƠ 56M2_3 TẦNG _NGAY ĐH VĂN HIẾN_HẺM 8M_ NHỈNH 6T,6500000000,108.333336,60 m²,"Phường Tân Thành, Quận Tân Phú, Tp Hồ Chí Minh",Quận Tân Phú,Tp Hồ Chí Minh,10.791454,106.63355,Nhà ở,,3,3,3,,,1.0,,[],9,Trang,,,2026-09-17 14:32:10,https://nha.chotot.com/tin/178839418,2026-09-17T07:33:02.074246
2847,MINI VILLA - 3PN CÓ XÔNG HƠI - GẦN BIỂN - NGUYỄN TẤT THÀNH,35000000,0.7,50 m²,"Phường Xuân Hà, Quận Thanh Khê, Đà Nẵng",Quận Thanh Khê,Đà Nẵng,16.073128,108.20105,Nhà ở,,3,4,,,1.0,1.0,35000000.0,[],12,HAVILAND HOUSE CHO THUÊ,,4.9,2026-09-17 14:32:07,https://nha.chotot.com/tin/178839406,2026-09-17T07:33:02.074416
2848,Cho thuê nhà nguyên căn đường Quang Trung ,11500000,0.23958333,48 m²,"Phường 14, Quận Gò Vấp, Tp Hồ Chí Minh",Quận Gò Vấp,Tp Hồ Chí Minh,10.850746,106.64534,Nhà ở,,4,3,2,,,1.0,,[],5,Út Trung Gò vấp ,,5.0,2026-09-09 14:45:06,https://nha.chotot.com/tin/178281738,2026-09-17T07:33:02.074627
2849,KHU PHẠM VĂN ĐỒNG VILLA HỒ BƠI 7PN - SIÊU ĐẸP,65000000,0.325,200 m²,"Phường An Hải Bắc, Quận Sơn Trà, Đà Nẵng",Quận Sơn Trà,Đà Nẵng,16.0752,108.23292,Nhà ở,,7,7,3,,2.0,1.0,65000000.0,[],12,Trân Duy Hải,,5.0,2026-09-17 14:31:34,https://nha.chotot.com/tin/178839400,2026-09-17T07:33:02.074786
2850,Bán nhà hẻm 184 thoáng đường Âu Dương Lân P3 Q8 ,3180000000,104.605606,30.3999 m²,"Phường 3, Quận 8, Tp Hồ Chí Minh",Quận 8,Tp Hồ Chí Minh,10.745962,106.68301,Nhà ở,,2,2,2,,2.0,1.0,,[],5, Như Ý,,,2026-09-17 14:31:29,https://nha.chotot.com/tin/178502242,2026-09-17T07:33:02.075015
2851,HÀNG HIẾM KHÓ TÌM - NHÀ C4 144m² S.H.R - CHỈ 820TR - TÂN AN HỘI CỦ CHI,820000000,5.6944447,144 m²,"Xã Tân An Hội, Huyện Củ Chi, Tp Hồ Chí Minh",Huyện Củ Chi,Tp Hồ Chí Minh,10.9593525,106.48182,Nhà ở,,2,1,1,,4.0,4.0,,[],8,Nguyễn Văn Quốc,,,2026-09-17 14:31:19,https://nha.chotot.com/tin/178838518,2026-09-17T07:33:02.075178
2852,CHO THUÊ NHÀ ĐƯỜNG QUỐC HƯƠNG GIÁ 27 TRIỆU ,27000000,0.36,75 m²,"Phường Thảo Điền (Quận 2 cũ), Thành phố Thủ Đức, Tp Hồ Chí Minh",Thành phố Thủ Đức,Tp Hồ Chí Minh,10.807138,106.73095,Nhà ở,,2,2,2,,,,,[],6,Phương,,,2026-09-17 14:31:17,https://nha.chotot.com/tin/178839383,2026-09-17T07:33:02.075335
2853,"CHO THUÊ NHÀ  PHẠM QUÝ THÍCH   P.PHÚ THỌ HOÀ, TÂN PHÚ   📐 Diện tích: 4",10500000,0.125,84 m²,"Phường Tân Quý, Quận Tân Phú, Tp Hồ Chí Minh",Quận Tân Phú,Tp Hồ Chí Minh,10.789263,106.62116,Nhà ở,,1,1,,,,,,[],3,Thu,,4.0,2026-09-17 14:31:09,https://nha.chotot.com/tin/178839386,2026-09-17T07:33:02.075490
2854,"CHO THUÊ NHÀ NGUYÊN CĂN – PHƯỜNG LINH TÂY, TP. THỦ ĐỨC  📍 Địa chỉ: 145",10000000,0.14285715,70 m²,"Phường Linh Tây (Quận Thủ Đức cũ), Thành phố Thủ Đức, Tp Hồ Chí Minh",Thành phố Thủ Đức,Tp Hồ Chí Minh,10.86056,106.756256,Nhà ở,,2,,,,,,,[],6,Đăng Quang Rental,,,2026-09-17 14:31:05,https://nha.chotot.com/tin/178839388,2026-09-17T07:33:02.075679
2855,Nhà 3 Rưỡi - Mặt Tiền Hải Châu Gần Đống Đa ( SỤP ),5500000000,110.0,50 m²,"Phường Thuận Phước, Quận Hải Châu, Đà Nẵng",Quận Hải Châu,Đà Nẵng,16.08619,108.21645,Nhà ở,,6,,5,,,,,[],7,hưng thịnh,,5.0,2026-09-02 10:54:17,https://nha.chotot.com/tin/178518870,2026-09-17T07:33:02.075872
2856,"[GIÁ RẺ] NHÀ NGUYÊN CĂN 1 TRỆT 1 LẦU GẦN EMART, CHỢ TÂN SƠN",8000000,0.14285715,56 m²,"Phường 12, Quận Gò Vấp, Tp Hồ Chí Minh",Quận Gò Vấp,Tp Hồ Chí Minh,10.832696,106.63855,Nhà ở,,2,2,1,,,,,[],8,THÀNH ĐẠT CHUYÊN CHO THUÊ PHÒNG TRỌ CHDV GIÁ TỐT,,,2026-09-17 14:30:48,https://nha.chotot.com/tin/178839377,2026-09-17T07:33:02.076106
2857,Giá Thuê : 9tr/1 tháng Cho Thuê Nhà Đường Bùi Quang Là P12 Q. gò Vấp -,9000000,0.140625,64 m²,"Phường 12, Quận Gò Vấp, Tp Hồ Chí Minh",Quận Gò Vấp,Tp Hồ Chí Minh,10.835113,106.6396,Nhà ở,,2,2,,Tây,,,1.0,[],6,Quang Huy,,5.0,2026-09-07 10:48:48,https://nha.chotot.com/tin/178617090,2026-09-17T07:33:02.076263
2858,"BÁN GẤP NHÀ KQH HOÀNG DIỆU PHƯỜNG CAM LY ĐÀ LẠT CHỈ 5,4 TỶ",5400000000,120.0,45 m²,"Phường 5, Thành phố Đà Lạt, Lâm Đồng",Thành phố Đà Lạt,Lâm Đồng,11.942885,108.427925,Nhà ở,,3,2,3,Tây Bắc,3.0,,,[],4,Tô Hoàng Phương Trinh,,,2026-09-15 15:32:14,https://nha.chotot.com/tin/178796817,2026-09-17T07:33:02.076420
2859,Nhà mới DT:4x9m 2 Tầng 2pn 2wc hẻm 1942 Huỳnh Tấn Phát,1960000000,61.25,32 m²,"Thị trấn Nhà Bè, Huyện Nhà Bè, Tp Hồ Chí Minh",Huyện Nhà Bè,Tp Hồ Chí Minh,10.698072,106.738914,Nhà ở,,2,,2,,,,,[],11,Nam Phú Gia,,,2026-09-06 06:52:42,https://nha.chotot.com/tin/178593726,2026-09-17T07:33:02.076599
2860,Nhà Lầu 4 Tầng Hẻm Oto Xây Mới 100% Âu Dương Lân P2 Q8,8600000000,204.7619,42 m²,"Phường 2, Quận 8, Tp Hồ Chí Minh",Quận 8,Tp Hồ Chí Minh,10.742134,106.685104,Nhà ở,,4,3,4,,2.0,1.0,,[],8,Phạm Quốc Thắng,,,2026-09-17 14:29:58,https://nha.chotot.com/tin/178839361,2026-09-17T07:33:02.076762
2861,"HIẾM!!!! - Hẻm Sư Vạn Hạnh, P12, Q.10 - 5x20m, 4 Tầng, 400m2",38000000,0.38,100 m²,"Phường 12, Quận 10, Tp Hồ Chí Minh",Quận 10,Tp Hồ Chí Minh,10.775027,106.667755,Đất,,,,4,,,,,[],9,Ngô Thanh Hùng,,,2026-09-17 14:30:13,https://nha.chotot.com/tin/178839362,2026-09-17T07:33:02.900137
2862,CHO THUÊ HẺM NGUYỄN VĂN TRỖI TÂN BÌNH | 12x15m siêu rộng,58000000,0.58,100 m²,"Phường 10, Quận Tân Bình, Tp Hồ Chí Minh",Quận Tân Bình,Tp Hồ Chí Minh,10.798557,106.67042,Đất,,,,,,,,116000000.0,[],8,Dung tr,,,2026-09-17 14:29:35,https://nha.chotot.com/tin/178839347,2026-09-17T07:33:02.900434
2863,"Cho thuê nhà phố 5 tầng có thang máy, rèm đường D9",45000000,0.53571427,84 m²,"Phường Long Bình (Quận 9 cũ), Thành phố Thủ Đức, Tp Hồ Chí Minh",Thành phố Thủ Đức,Tp Hồ Chí Minh,10.84805,106.83874,Đất,,,,5,,3.0,1.0,,[],4,DUY HOMES,,,2026-09-09 09:41:13,https://nha.chotot.com/tin/178661906,2026-09-17T07:33:02.900651
2864,"Cho thuê vp phố nguyên hồng,đống đa,dt 68m2,giá 13tr/tháng",13000000,0.19117647,68 m²,"Phường Láng Hạ, Quận Đống Đa, Hà Nội",Quận Đống Đa,Hà Nội,21.015743,105.80971,Đất,,,,8,,1.0,1.0,,[],5,Đào Thành Lân,,,2026-09-17 14:27:34,https://nha.chotot.com/tin/178839277,2026-09-17T07:33:02.900839
2865,🔥 CHO THUÊ BIỆT THỰ SÂN VƯỜN NGUYỄN VĂN TRỖI – NGANG 12M – GIÁ 59TR/TH,59000000,0.118,500 m²,"Phường 10, Quận Phú Nhuận, Tp Hồ Chí Minh",Quận Phú Nhuận,Tp Hồ Chí Minh,10.798557,106.67042,Đất,,,,,,,,150000000.0,[],7,Kiều Hằng,,,2026-09-17 14:27:01,https://nha.chotot.com/tin/178839254,2026-09-17T07:33:02.901236
2866,Cho thuê kho 1200m QL1A Tam Bình chỉ 75k,90000000,0.075,1200 m²,"Phường Tam Bình (Quận Thủ Đức cũ), Thành phố Thủ Đức, Tp Hồ Chí Minh",Thành phố Thủ Đức,Tp Hồ Chí Minh,10.871881,106.739655,Đất,,,,,,,,3.0,[],3,Anhthe,,4.0,2026-09-14 18:07:53,https://nha.chotot.com/tin/178775394,2026-09-17T07:33:02.901445
2867,BIỆT THỰ SÂN VƯỜN KHU TỔ HỢP F&B VÀ ĐA NGÀNH NGHỀ TRUNG TÂM QUẬN 3 ,115000000,0.34848484,330 m²,"Phường Võ Thị Sáu, Quận 3, Tp Hồ Chí Minh",Quận 3,Tp Hồ Chí Minh,10.788824,106.690765,Đất,,,,,,,,,[],9,Yến Ngọc,,,2026-09-17 14:25:23,https://nha.chotot.com/tin/178839200,2026-09-17T07:33:02.901762
2868,🍑Đoạn Đẹp NGUYỄN GIA TRÍ - 4x25m (Trệt 2 Lầu)🍑,65000000,0.21666667,300 m²,"Phường 25, Quận Bình Thạnh, Tp Hồ Chí Minh",Quận Bình Thạnh,Tp Hồ Chí Minh,10.810227,106.71722,Đất,,,,,,,,,[],6,Nhà Phố Cho Thuê,,,2026-09-17 14:24:57,https://nha.chotot.com/tin/175622468,2026-09-17T07:33:02.901942
2869,"🌟10x15m - TRẦN QUỐC TOẢN, Quận 3🌟 Trệt 2 Lầu",60000000,0.13333334,450 m²,"Phường Võ Thị Sáu, Quận 3, Tp Hồ Chí Minh",Quận 3,Tp Hồ Chí Minh,10.78659,106.68779,Đất,,,,,,,,,[],4,Nhà Phố Cho Thuê,,,2026-09-17 14:24:26,https://nha.chotot.com/tin/175903201,2026-09-17T07:33:02.902180
2870,cho thuê 100m văn phòng giá 30 tr,30000000,0.3,100 m²,"Phường An Khánh (Quận 2 cũ), Thành phố Thủ Đức, Tp Hồ Chí Minh",Thành phố Thủ Đức,Tp Hồ Chí Minh,10.79159,106.73052,Đất,,,,,,,,60000000.0,[],3,Nguyễn Văn Hậu,,,2026-09-05 13:44:09,https://nha.chotot.com/tin/178581677,2026-09-17T07:33:02.902405
2871,CHO THUÊ TÒA NHÀ VĂN PHÒNG NGUYỄN VĂN TRỖI NGAY NGÃ TƯ PHÚ NHUẬN,130000000,0.096296296,1350 m²,"Phường 10, Quận Phú Nhuận, Tp Hồ Chí Minh",Quận Phú Nhuận,Tp Hồ Chí Minh,10.798557,106.67042,Đất,,,,,,,,,[],3,Anh Đào,,,2026-09-12 11:08:02,https://nha.chotot.com/tin/178727010,2026-09-17T07:33:02.902616
2872,Mặt bằng đẹp Hồ Văn Huê 30m2,7490000,0.24966666,30 m²,"Phường 9, Quận Phú Nhuận, Tp Hồ Chí Minh",Quận Phú Nhuận,Tp Hồ Chí Minh,10.80251,106.67629,Đất,,,,,,,,7490000.0,[],7,NGUYỄN THỊ ANH THƯ,,,2026-09-06 15:25:13,https://nha.chotot.com/tin/178603931,2026-09-17T07:33:02.902791
2873,"🇻🇳SHOPHOUSE 3 TẦNG MẶT TIỀN MÊ LINH | GẦN ORI, KCN HÒA KHÁNH",14000000,0.11666667,120 m²,"Phường Hòa Hiệp Nam, Quận Liên Chiểu, Đà Nẵng",Quận Liên Chiểu,Đà Nẵng,16.09171,108.12595,Đất,,04,,3,,,,,[],10,Ngô Văn Cảnh,,4.4,2026-09-17 14:22:04,https://nha.chotot.com/tin/178839109,2026-09-17T07:33:02.902955
2874,🔥 HẺM XE HƠI  HUỲNH VĂN BÁNH – PHÚ NHUẬN | 4PN – 4WC | CHỈ 2x,23000000,0.23,100 m²,"Phường 10, Quận Phú Nhuận, Tp Hồ Chí Minh",Quận Phú Nhuận,Tp Hồ Chí Minh,10.791831,106.671616,Đất,,4,,,,,,46000000.0,[],6,Dung tr,,,2026-09-17 14:21:51,https://nha.chotot.com/tin/178839122,2026-09-17T07:33:02.903112
2875,"Măt tiền Nguyễn Cư Trinh, Quận 1 (Ngang 17m)",90000000,0.45,200 m²,"Phường Nguyễn Cư Trinh, Quận 1, Tp Hồ Chí Minh",Quận 1,Tp Hồ Chí Minh,10.763458,106.68884,Đất,,,,,,,,,[],5,Nhà Phố Cho Thuê,,,2026-09-17 14:21:14,https://nha.chotot.com/tin/178280784,2026-09-17T07:33:02.903270
2876,"🔥GÓC 2MT - NGUYỄN TRÃI, Bến Thành, Q1🔥400m2 sử dụng",150000000,0.375,400 m²,"Phường Bến Thành, Quận 1, Tp Hồ Chí Minh",Quận 1,Tp Hồ Chí Minh,10.771166,106.68731,Đất,,,,,,,,,[],4,Nhà Phố Cho Thuê,,,2026-09-17 14:20:35,https://nha.chotot.com/tin/175556911,2026-09-17T07:33:02.903531
2877,CHO THUÊ TÒA NHÀ 2 MẶT TIỀN VÕ VĂN NGÂN DT 12M X 36M TP THỦ ĐỨC,100000000,0.07692308,1300 m²,"Phường Bình Thọ (Quận Thủ Đức cũ), Thành phố Thủ Đức, Tp Hồ Chí Minh",Thành phố Thủ Đức,Tp Hồ Chí Minh,10.850573,106.76223,Đất,,,,,,,1.0,,[],3,Oanh Home,,,2026-09-17 14:20:21,https://nha.chotot.com/tin/178262159,2026-09-17T07:33:02.903859
2878,"🔥 CHO THUÊ TẦNG 7 160m2 – 104A XUÂN THUỶ, THẢO ĐIỀN, Q2 🔥",50000000,0.3125,160 m²,"Phường Thảo Điền (Quận 2 cũ), Thành phố Thủ Đức, Tp Hồ Chí Minh",Thành phố Thủ Đức,Tp Hồ Chí Minh,10.803889,106.73543,Đất,,,,,,,,150000000.0,[],8,Kiều Hằng,,,2026-09-17 14:18:58,https://nha.chotot.com/tin/178839027,2026-09-17T07:33:02.904037
2879,Cho thuê  Shophouse Panorama Phú Mỹ Hưng 2 tầng 50tr/th,50000000,0.35460994,141 m²,"Phường Tân Phong, Quận 7, Tp Hồ Chí Minh",Quận 7,Tp Hồ Chí Minh,10.72168,106.71284,Đất,,,,2,Tây Nam,,1.0,,[],7,Dân,,,2026-09-17 14:18:55,https://nha.chotot.com/tin/177011854,2026-09-17T07:33:02.904207
2880,Kho trống VIEW SÔNG 235/50A Đặng Thùy Trâm. DT 8X20M.,20000000,0.125,160 m²,"Phường 13, Quận Bình Thạnh, Tp Hồ Chí Minh",Quận Bình Thạnh,Tp Hồ Chí Minh,10.824377,106.70332,Đất,,,,,,2.0,1.0,,[],3,Anh Dũng,,4.0,2026-09-17 14:17:42,https://nha.chotot.com/tin/167862234,2026-09-17T07:33:02.904390
2881,"Chính Chủ Gửi Bán Akari City Phase 2 - 2PN2WC - Giá 4,3 tỷ - View Đẹp",4300000000,53.75,80 m²,"Phường An Lạc, Quận Bình Tân, Tp Hồ Chí Minh",Quận Bình Tân,Tp Hồ Chí Minh,10.72262,106.61204,Căn hộ/Chung cư,1.0,2,2,,Nam,3.0,6.0,,[],8,Lê Khanh,,,2026-09-17 14:32:45,https://nha.chotot.com/tin/178134710,2026-09-17T07:33:04.378712
2882,"Cho thuê phòng trọ view đẹp, máy giặt riêng - 40m2 tại Quận 3",6900000,0.1725,40 m²,"Phường Võ Thị Sáu, Quận 3, Tp Hồ Chí Minh",Quận 3,Tp Hồ Chí Minh,10.78003,106.68723,Phòng trọ,,1,,,,,,6900000.0,[],6,Quỳnh My,,,2026-09-09 12:07:44,https://nha.chotot.com/tin/175142196,2026-09-17T07:33:04.379025
2883,sang nhượng sân pickleball hoặc cho thuê kho xưởng,65000000,0.040625,1600 m²,"Phường Tân Tạo A, Quận Bình Tân, Tp Hồ Chí Minh",Quận Bình Tân,Tp Hồ Chí Minh,10.730695,106.57589,Đất,,,,,,,1.0,130000000.0,[],3,Dũng,,,2026-09-17 14:32:40,https://nha.chotot.com/tin/178835565,2026-09-17T07:33:04.379245
2884,"Cho thuê nhà hẻm 638 Lê Trọng Tấn, DT : 5x20 , 1 lầu 3PN",12000000,0.12,100 m²,"Phường Tây Thạnh, Quận Tân Phú, Tp Hồ Chí Minh",Quận Tân Phú,Tp Hồ Chí Minh,10.805715,106.630196,Nhà ở,,3,,,,1.0,,1.0,[],4,Cúc Nguyễn,,4.0,2026-09-17 14:32:36,https://nha.chotot.com/tin/178839424,2026-09-17T07:33:04.379611
2885,CHO THUÊ VĂN PHÒNG 85 CMT8 DỌN VÀO THÁNG 10,27000000,0.3857143,70 m²,"Phường Bến Thành, Quận 1, Tp Hồ Chí Minh",Quận 1,Tp Hồ Chí Minh,10.772076,106.69216,Đất,,,,,Tây Bắc,2.0,3.0,,[],5,Lý Quốc Duy,,,2026-09-17 14:32:35,https://nha.chotot.com/tin/178839416,2026-09-17T07:33:04.379890
2886,Siêu Phẩm 4m x 28m.Có Thang Máy Mặt tiền nhánh KD Đ. Hà Huy Giáp,8390000000,76.27273,110 m²,"Phường Thạnh Xuân, Quận 12, Tp Hồ Chí Minh",Quận 12,Tp Hồ Chí Minh,10.872191,106.67686,Nhà ở,,4,,4,,1.0,1.0,,[],12,CHUYÊN NHÀ ĐẤT Q12,,5.0,2026-09-07 08:39:17,https://nha.chotot.com/tin/175418953,2026-09-17T07:33:04.380118
2887,Nhà 3 mặt tiền hẻm oto dòng tiền 900tr ngang hơn 13m,82000000000,301.3598,272.1 m²,"Phường 13, Quận 3, Tp Hồ Chí Minh",Quận 3,Tp Hồ Chí Minh,10.786783,106.67968,Nhà ở,,8,,3,,,1.0,,[],4,Nguyễn Anh Sang,,4.1,2026-08-25 15:32:40,https://nha.chotot.com/tin/178374500,2026-09-17T07:33:04.380289
2888,Cần cho thuê Villa HXT 351/3A Lê Đại Hành P.13 Quận 11,30000000,0.2777778,108 m²,"Phường 13, Quận 11, Tp Hồ Chí Minh",Quận 11,Tp Hồ Chí Minh,10.766346,106.654076,Nhà ở,,5,5,4,,,1.0,60000000.0,[],6,Nguyễn Tiến Nam,,,2026-09-10 10:11:36,https://nha.chotot.com/tin/178684649,2026-09-17T07:33:04.380580
2889,Nhà mặt tiền hẻm xe tải buôn bán,1050000000,52.5,20 m²,"Phường Thạnh Xuân, Quận 12, Tp Hồ Chí Minh",Quận 12,Tp Hồ Chí Minh,10.885864,106.68008,Nhà ở,,3,,,,,5.0,,[],4,Chi Nguyen,,5.0,2026-09-17 14:32:19,https://nha.chotot.com/tin/178838649,2026-09-17T07:33:04.380743
2890,"🌧️🫧🏡 CĂN HỘ HIỆN ĐẠI – GỌN GÀNG, ẤM ÁP, ĐỦ ĐẦY TIỆN NGHI ✨😅🥹",7000000,0.23333333,30 m²,"Phường An Phú (Quận 2 cũ), Thành phố Thủ Đức, Tp Hồ Chí Minh",Thành phố Thủ Đức,Tp Hồ Chí Minh,10.794329,106.742546,Căn hộ/Chung cư,2.0,1,,,,,,7000000.0,[],7,Hồng Loan HIFRIENDZ,,,2026-09-17 14:31:18,https://nha.chotot.com/tin/178372865,2026-09-17T07:33:04.380909
2891,NHÀ ĐẸP TÂN PHÚ ÂU CƠ 56M2_3 TẦNG _NGAY ĐH VĂN HIẾN_HẺM 8M_ NHỈNH 6T,6500000000,108.333336,60 m²,"Phường Tân Thành, Quận Tân Phú, Tp Hồ Chí Minh",Quận Tân Phú,Tp Hồ Chí Minh,10.791454,106.63355,Nhà ở,,3,3,3,,,1.0,,[],9,Trang,,,2026-09-17 14:32:10,https://nha.chotot.com/tin/178839418,2026-09-17T07:33:04.381074
2892,MINI VILLA - 3PN CÓ XÔNG HƠI - GẦN BIỂN - NGUYỄN TẤT THÀNH,35000000,0.7,50 m²,"Phường Xuân Hà, Quận Thanh Khê, Đà Nẵng",Quận Thanh Khê,Đà Nẵng,16.073128,108.20105,Nhà ở,,3,4,,,1.0,1.0,35000000.0,[],12,HAVILAND HOUSE CHO THUÊ,,4.9,2026-09-17 14:32:07,https://nha.chotot.com/tin/178839406,2026-09-17T07:33:04.381236
2893,"PHÒNG FULL NỘI THẤT, 2 BAN CÔNG SIÊU RỘNG GẦN KDT VẠN PHÚC",5000000,0.125,40 m²,"Phường Hiệp Bình Phước (Quận Thủ Đức cũ), Thành phố Thủ Đức, Tp Hồ Chí Minh",Thành phố Thủ Đức,Tp Hồ Chí Minh,10.858462,106.72344,Phòng trọ,,,,,,,,5000000.0,[],9,Duy Nguyen,,5.0,2026-09-12 13:33:12,https://nha.chotot.com/tin/178730810,2026-09-17T07:33:04.381417
2894,Bán căn hộ Phạm Văn Đồng Long Thành Đồng Nai 1.1 tỷ,1100000000,21.153847,52 m²,"Thị trấn Long Thành, Huyện Long Thành, Đồng Nai",Huyện Long Thành,Đồng Nai,10.77828,106.94472,Căn hộ/Chung cư,1.0,2,,,Bắc,3.0,6.0,,[],4,Bùi Duy Hưng,,,2026-09-17 14:31:55,https://nha.chotot.com/tin/178839401,2026-09-17T07:33:04.381623
2895,Cho thuê nhà nguyên căn đường Quang Trung ,11500000,0.23958333,48 m²,"Phường 14, Quận Gò Vấp, Tp Hồ Chí Minh",Quận Gò Vấp,Tp Hồ Chí Minh,10.850746,106.64534,Nhà ở,,4,3,2,,,1.0,,[],5,Út Trung Gò vấp ,,5.0,2026-09-09 14:45:06,https://nha.chotot.com/tin/178281738,2026-09-17T07:33:04.381795
2896,"CẦN BÁN CĂN HỘ CC THỚI AN, Q12, 95M2 , CÓ SÂN VƯỜN, 2,82 TỶ",2820000000,29.68421,95 m²,"Phường Thới An, Quận 12, Tp Hồ Chí Minh",Quận 12,Tp Hồ Chí Minh,10.87607,106.655655,Căn hộ/Chung cư,1.0,2,2,,Đông Nam,2.0,6.0,,[],5,VÕ Hằng ,,,2026-08-25 21:26:52,https://nha.chotot.com/tin/178382179,2026-09-17T07:33:04.382024
2897,KHU PHẠM VĂN ĐỒNG VILLA HỒ BƠI 7PN - SIÊU ĐẸP,65000000,0.325,200 m²,"Phường An Hải Bắc, Quận Sơn Trà, Đà Nẵng",Quận Sơn Trà,Đà Nẵng,16.0752,108.23292,Nhà ở,,7,7,3,,2.0,1.0,65000000.0,[],12,Trân Duy Hải,,5.0,2026-09-17 14:31:34,https://nha.chotot.com/tin/178839400,2026-09-17T07:33:04.382312
2898,🥳🥳Một Căn Hộ Vừa Đẹp- Vừa Tiện Nghi - Vừa Có Không Gian Sống Thoángãng,12000000,0.4,30 m²,"Phường Thảo Điền (Quận 2 cũ), Thành phố Thủ Đức, Tp Hồ Chí Minh",Thành phố Thủ Đức,Tp Hồ Chí Minh,10.806585,106.72578,Căn hộ/Chung cư,2.0,1,,,,,,12000000.0,[],10,Hồng Loan HIFRIENDZ,,,2026-09-17 14:31:31,https://nha.chotot.com/tin/178373155,2026-09-17T07:33:04.382572
2899,Bán nhà hẻm 184 thoáng đường Âu Dương Lân P3 Q8 ,3180000000,104.605606,30.3999 m²,"Phường 3, Quận 8, Tp Hồ Chí Minh",Quận 8,Tp Hồ Chí Minh,10.745962,106.68301,Nhà ở,,2,2,2,,2.0,1.0,,[],5, Như Ý,,,2026-09-17 14:31:29,https://nha.chotot.com/tin/178502242,2026-09-17T07:33:04.382743
2900,HÀNG HIẾM KHÓ TÌM - NHÀ C4 144m² S.H.R - CHỈ 820TR - TÂN AN HỘI CỦ CHI,820000000,5.6944447,144 m²,"Xã Tân An Hội, Huyện Củ Chi, Tp Hồ Chí Minh",Huyện Củ Chi,Tp Hồ Chí Minh,10.9593525,106.48182,Nhà ở,,2,1,1,,4.0,4.0,,[],8,Nguyễn Văn Quốc,,,2026-09-17 14:31:19,https://nha.chotot.com/tin/178838518,2026-09-17T07:33:04.382922
2901,"🌧️🫧🏡 CĂN HỘ HIỆN ĐẠI – GỌN GÀNG, ẤM ÁP, ĐỦ ĐẦY TIỆN NGHI ✨😅🥹",7000000,0.23333333,30 m²,"Phường An Phú (Quận 2 cũ), Thành phố Thủ Đức, Tp Hồ Chí Minh",Thành phố Thủ Đức,Tp Hồ Chí Minh,10.794329,106.742546,Căn hộ/Chung cư,2.0,1,,,,,,7000000.0,[],7,Hồng Loan HIFRIENDZ,,,2026-09-17 14:31:18,https://nha.chotot.com/tin/178372865,2026-09-17T07:33:05.697675
2902,Bán căn hộ Phạm Văn Đồng Long Thành Đồng Nai 1.1 tỷ,1100000000,21.153847,52 m²,"Thị trấn Long Thành, Huyện Long Thành, Đồng Nai",Huyện Long Thành,Đồng Nai,10.77828,106.94472,Căn hộ/Chung cư,1.0,2,,,Bắc,3.0,6.0,,[],4,Bùi Duy Hưng,,,2026-09-17 14:31:55,https://nha.chotot.com/tin/178839401,2026-09-17T07:33:05.697969
2903,"CẦN BÁN CĂN HỘ CC THỚI AN, Q12, 95M2 , CÓ SÂN VƯỜN, 2,82 TỶ",2820000000,29.68421,95 m²,"Phường Thới An, Quận 12, Tp Hồ Chí Minh",Quận 12,Tp Hồ Chí Minh,10.87607,106.655655,Căn hộ/Chung cư,1.0,2,2,,Đông Nam,2.0,6.0,,[],5,VÕ Hằng ,,,2026-08-25 21:26:52,https://nha.chotot.com/tin/178382179,2026-09-17T07:33:05.698166
2904,🥳🥳Một Căn Hộ Vừa Đẹp- Vừa Tiện Nghi - Vừa Có Không Gian Sống Thoángãng,12000000,0.4,30 m²,"Phường Thảo Điền (Quận 2 cũ), Thành phố Thủ Đức, Tp Hồ Chí Minh",Thành phố Thủ Đức,Tp Hồ Chí Minh,10.806585,106.72578,Căn hộ/Chung cư,2.0,1,,,,,,12000000.0,[],10,Hồng Loan HIFRIENDZ,,,2026-09-17 14:31:31,https://nha.chotot.com/tin/178373155,2026-09-17T07:33:05.698460
2905,Gia đình có việc cần chuyển nhượng căn hộ gần Depot Tham Lương 2PN,3500000000,57.37705,61 m²,"Phường Tân Thới Nhất, Quận 12, Tp Hồ Chí Minh",Quận 12,Tp Hồ Chí Minh,10.82442,106.62025,Căn hộ/Chung cư,1.0,2,1,,,3.0,6.0,,[],5,Đơn Phương,,,2026-09-10 10:12:16,https://nha.chotot.com/tin/178684712,2026-09-17T07:33:05.698727
2906,"Cho thuê giá tốt 3PN view sông, nội thất xịn, Vinhomes Central Park",35000000,0.3043478,115 m²,"Phường 22, Quận Bình Thạnh, Tp Hồ Chí Minh",Quận Bình Thạnh,Tp Hồ Chí Minh,10.79387,106.72032,Căn hộ/Chung cư,1.0,3,2,,,1.0,6.0,,[],12,Huyền Nguyễn,,,2026-09-02 15:25:06,https://nha.chotot.com/tin/178523171,2026-09-17T07:33:05.698925
2907,"BCONS ARIA TRẢ TRƯỚC CHỈ 5% CHIẾT KHẤU 8,5% HỖ TRỢ LS 6,9% TRONG 4 NĂM",2600000000,49.056602,53 m²,"Phường Đông Hòa, Thành phố Dĩ An, Bình Dương",Thành phố Dĩ An,Bình Dương,10.89115,106.8022,Căn hộ/Chung cư,1.0,2,2,37,Tây,3.0,4.0,,[],12,Huy Hoàng Bcons ,,,2026-08-25 09:52:10,https://nha.chotot.com/tin/178364490,2026-09-17T07:33:05.699125
2908,"CHO THUÊ CĂN HỘ MỚI 2 PHÒNG NGỦ, DIỆN TÍCH 60M² ",13500000,0.20769231,65 m²,"Phường Khuê Mỹ, Quận Ngũ Hành Sơn, Đà Nẵng",Quận Ngũ Hành Sơn,Đà Nẵng,16.023426,108.2459,Căn hộ/Chung cư,2.0,2,,,,2.0,,,[],4,VANA,,,2026-09-17 14:30:06,https://nha.chotot.com/tin/178838887,2026-09-17T07:33:05.699314
2909,Bán căn Hưng Phát Silver Star - sát vách sunrise reverside - 4.6ty,4350000000,41.037735,106 m²,"Xã Phước Kiển, Huyện Nhà Bè, Tp Hồ Chí Minh",Huyện Nhà Bè,Tp Hồ Chí Minh,10.70387,106.71276,Căn hộ/Chung cư,1.0,3,,,Tây Nam,2.0,6.0,,[],9,Vân,,4.8,2026-09-03 11:16:19,https://nha.chotot.com/tin/177025273,2026-09-17T07:33:05.699509
2910,Cho thuê CC Garden gate 40m2 Offictel 1WC giá cực tốt chỉ 11tr/th ,11000000,0.31428573,35 m²,"Phường 9, Quận Phú Nhuận, Tp Hồ Chí Minh",Quận Phú Nhuận,Tp Hồ Chí Minh,10.80964,106.67425,Căn hộ/Chung cư,1.0,1,1,,,,,,[],3,Nguyễn Hoàng Toàn,,,2026-09-15 10:14:56,https://nha.chotot.com/tin/178787965,2026-09-17T07:33:05.699713
2911,KHAI TRƯƠNG ĐUPLEX 3🍠X ĐƯỜNG SỐ 1_NGUYỄN THỊ TÚ NHẬN XE ĐIỆN FULL NT,3700000,0.13214286,28 m²,"Phường Bình Hưng Hoà B, Quận Bình Tân, Tp Hồ Chí Minh",Quận Bình Tân,Tp Hồ Chí Minh,10.807803,106.59462,Căn hộ/Chung cư,3.0,1,1,,,2.0,4.0,1000000.0,[],11,Triệu an HiFriendz Tp ,,5.0,2026-09-17 14:29:46,https://nha.chotot.com/tin/178839353,2026-09-17T07:33:05.699885
2912,"Chung cư Tecco Green - Phan Văn Hớn căn 2p ngủ , full NT, giá 7,3tr/th",7300000,0.1,73 m²,"Phường Tân Thới Nhất, Quận 12, Tp Hồ Chí Minh",Quận 12,Tp Hồ Chí Minh,10.82954,106.61561,Căn hộ/Chung cư,1.0,2,2,,,2.0,6.0,,[],6,Phí Linh,,,2026-09-17 14:29:29,https://nha.chotot.com/tin/178839257,2026-09-17T07:33:05.700048
2913,💥CHDV - FUL NT - 2PN - BALCONY THOÁNG ⚡️ PHAN ĐĂNG LƯU - BÙI ĐÌNH TUÝ 💥,7800000,0.111428574,70 m²,"Phường 1, Quận Bình Thạnh, Tp Hồ Chí Minh",Quận Bình Thạnh,Tp Hồ Chí Minh,10.802451,106.697495,Căn hộ/Chung cư,2.0,2,,,,,,,[],12,Lương Thanh Trúc,,,2026-09-12 21:54:42,https://nha.chotot.com/tin/178437508,2026-09-17T07:33:05.700212
2914,"💥 HÀ ĐÔ CENTROSA – 2PN 2WC – NHÀ ĐẸP, FULL NỘI THẤT – Ở LIỀN CHỈ 22TR",22000000,0.25581396,86 m²,"Phường 12, Quận 10, Tp Hồ Chí Minh",Quận 10,Tp Hồ Chí Minh,10.7762,106.67889,Căn hộ/Chung cư,1.0,2,2,,,,,,[],12,Hoàng Dung,,4.5,2026-09-17 11:07:05,https://nha.chotot.com/tin/178834497,2026-09-17T07:33:05.700373
2915,"CĂN HỘ MINI CAO CẤP MỚI 100%, FULL NỘI THẤT NGAY ẺMART PHAN HUY ÍCH",5000000,0.2,25 m²,"Phường 12, Quận Gò Vấp, Tp Hồ Chí Minh",Quận Gò Vấp,Tp Hồ Chí Minh,10.837349,106.636284,Căn hộ/Chung cư,2.0,1,1,,,1.0,4.0,5000000.0,[],12,Alo Ngoc Hoang,,5.0,2026-09-17 14:28:24,https://nha.chotot.com/tin/178839301,2026-09-17T07:33:05.700582
2916,TÌM NỮ Ở GHÉP CĂN CHUNG CƯ 2PN,4500000,0.071428575,63 m²,"Phường Phú Thuận, Quận 7, Tp Hồ Chí Minh",Quận 7,Tp Hồ Chí Minh,10.722,106.7433,Căn hộ/Chung cư,1.0,2,2,,,2.0,4.0,4500000.0,[],7,Kim Thanh,,5.0,2026-09-17 14:28:16,https://nha.chotot.com/tin/178839296,2026-09-17T07:33:05.700838
2917,Khách Cần Tiền Ra Di Căn 2PN Hiyori Siêu Mới,5200000000,83.870964,62 m²,"Phường An Hải Đông, Quận Sơn Trà, Đà Nẵng",Quận Sơn Trà,Đà Nẵng,16.06191,108.23652,Căn hộ/Chung cư,1.0,2,2,,,1.0,2.0,,[],11,Hồng Công,,,2026-09-17 14:26:46,https://nha.chotot.com/tin/171220229,2026-09-17T07:33:05.701029
2918,⭐ RIVER PANORAMA CHO THUÊ 3PN2WC FULL NỘI THẤT VIEW ĐẸP CHỈ 19 TRIỆU,19000000,0.21111111,90 m²,"Phường Phú Mỹ, Quận 7, Tp Hồ Chí Minh",Quận 7,Tp Hồ Chí Minh,10.71422,106.73743,Căn hộ/Chung cư,1.0,3,2,,,2.0,6.0,,[],12,Huy,,5.0,2026-09-08 14:36:21,https://nha.chotot.com/tin/172861126,2026-09-17T07:33:05.701195
2919,"THẢO ĐIỀN, QUẬN 2 🏡 CHO THUÊ CHDV CAO CẤP💘 1PN BAN CÔNG FULL NỘI THẤT",11000000,0.22,50 m²,"Phường Thảo Điền (Quận 2 cũ), Thành phố Thủ Đức, Tp Hồ Chí Minh",Thành phố Thủ Đức,Tp Hồ Chí Minh,10.803914,106.72912,Căn hộ/Chung cư,2.0,1,1,,Đông Bắc,1.0,4.0,11000000.0,[],11,Phương An Chuyên Căn Hộ Quận 2,,5.0,2026-09-11 14:06:45,https://nha.chotot.com/tin/177928071,2026-09-17T07:33:05.701377
2920,CHDV FULL NỘI THẤT MỚI KENG GẦN MEGA MARKET Q12,3900000,0.156,25 m²,"Phường Tân Thới Hiệp, Quận 12, Tp Hồ Chí Minh",Quận 12,Tp Hồ Chí Minh,10.887289,106.64767,Căn hộ/Chung cư,2.0,1,1,4,,2.0,4.0,,[],10,Anh Tuấn Tìm Phòng,,5.0,2026-09-17 14:26:20,https://nha.chotot.com/tin/178839237,2026-09-17T07:33:05.701602
2921,"Cho thuê nhà hẻm 638 Lê Trọng Tấn, DT : 5x20 , 1 lầu 3PN",12000000,0.12,100 m²,"Phường Tây Thạnh, Quận Tân Phú, Tp Hồ Chí Minh",Quận Tân Phú,Tp Hồ Chí Minh,10.805715,106.630196,Nhà ở,,3,,,,1.0,,1.0,[],4,Cúc Nguyễn,,4.0,2026-09-17 14:32:36,https://nha.chotot.com/tin/178839424,2026-09-17T07:33:06.992501
2922,Siêu Phẩm 4m x 28m.Có Thang Máy Mặt tiền nhánh KD Đ. Hà Huy Giáp,8390000000,76.27273,110 m²,"Phường Thạnh Xuân, Quận 12, Tp Hồ Chí Minh",Quận 12,Tp Hồ Chí Minh,10.872191,106.67686,Nhà ở,,4,,4,,1.0,1.0,,[],12,CHUYÊN NHÀ ĐẤT Q12,,5.0,2026-09-07 08:39:17,https://nha.chotot.com/tin/175418953,2026-09-17T07:33:06.992812
2923,Nhà 3 mặt tiền hẻm oto dòng tiền 900tr ngang hơn 13m,82000000000,301.3598,272.1 m²,"Phường 13, Quận 3, Tp Hồ Chí Minh",Quận 3,Tp Hồ Chí Minh,10.786783,106.67968,Nhà ở,,8,,3,,,1.0,,[],4,Nguyễn Anh Sang,,4.1,2026-08-25 15:32:40,https://nha.chotot.com/tin/178374500,2026-09-17T07:33:06.993008
2924,Cần cho thuê Villa HXT 351/3A Lê Đại Hành P.13 Quận 11,30000000,0.2777778,108 m²,"Phường 13, Quận 11, Tp Hồ Chí Minh",Quận 11,Tp Hồ Chí Minh,10.766346,106.654076,Nhà ở,,5,5,4,,,1.0,60000000.0,[],6,Nguyễn Tiến Nam,,,2026-09-10 10:11:36,https://nha.chotot.com/tin/178684649,2026-09-17T07:33:06.993342
2925,Nhà mặt tiền hẻm xe tải buôn bán,1050000000,52.5,20 m²,"Phường Thạnh Xuân, Quận 12, Tp Hồ Chí Minh",Quận 12,Tp Hồ Chí Minh,10.885864,106.68008,Nhà ở,,3,,,,,5.0,,[],4,Chi Nguyen,,5.0,2026-09-17 14:32:19,https://nha.chotot.com/tin/178838649,2026-09-17T07:33:06.993641
2926,NHÀ ĐẸP TÂN PHÚ ÂU CƠ 56M2_3 TẦNG _NGAY ĐH VĂN HIẾN_HẺM 8M_ NHỈNH 6T,6500000000,108.333336,60 m²,"Phường Tân Thành, Quận Tân Phú, Tp Hồ Chí Minh",Quận Tân Phú,Tp Hồ Chí Minh,10.791454,106.63355,Nhà ở,,3,3,3,,,1.0,,[],9,Trang,,,2026-09-17 14:32:10,https://nha.chotot.com/tin/178839418,2026-09-17T07:33:06.993822
2927,MINI VILLA - 3PN CÓ XÔNG HƠI - GẦN BIỂN - NGUYỄN TẤT THÀNH,35000000,0.7,50 m²,"Phường Xuân Hà, Quận Thanh Khê, Đà Nẵng",Quận Thanh Khê,Đà Nẵng,16.073128,108.20105,Nhà ở,,3,4,,,1.0,1.0,35000000.0,[],12,HAVILAND HOUSE CHO THUÊ,,4.9,2026-09-17 14:32:07,https://nha.chotot.com/tin/178839406,2026-09-17T07:33:06.993993
2928,Cho thuê nhà nguyên căn đường Quang Trung ,11500000,0.23958333,48 m²,"Phường 14, Quận Gò Vấp, Tp Hồ Chí Minh",Quận Gò Vấp,Tp Hồ Chí Minh,10.850746,106.64534,Nhà ở,,4,3,2,,,1.0,,[],5,Út Trung Gò vấp ,,5.0,2026-09-09 14:45:06,https://nha.chotot.com/tin/178281738,2026-09-17T07:33:06.994182
2929,KHU PHẠM VĂN ĐỒNG VILLA HỒ BƠI 7PN - SIÊU ĐẸP,65000000,0.325,200 m²,"Phường An Hải Bắc, Quận Sơn Trà, Đà Nẵng",Quận Sơn Trà,Đà Nẵng,16.0752,108.23292,Nhà ở,,7,7,3,,2.0,1.0,65000000.0,[],12,Trân Duy Hải,,5.0,2026-09-17 14:31:34,https://nha.chotot.com/tin/178839400,2026-09-17T07:33:06.994346
2930,Bán nhà hẻm 184 thoáng đường Âu Dương Lân P3 Q8 ,3180000000,104.605606,30.3999 m²,"Phường 3, Quận 8, Tp Hồ Chí Minh",Quận 8,Tp Hồ Chí Minh,10.745962,106.68301,Nhà ở,,2,2,2,,2.0,1.0,,[],5, Như Ý,,,2026-09-17 14:31:29,https://nha.chotot.com/tin/178502242,2026-09-17T07:33:06.994629
2931,HÀNG HIẾM KHÓ TÌM - NHÀ C4 144m² S.H.R - CHỈ 820TR - TÂN AN HỘI CỦ CHI,820000000,5.6944447,144 m²,"Xã Tân An Hội, Huyện Củ Chi, Tp Hồ Chí Minh",Huyện Củ Chi,Tp Hồ Chí Minh,10.9593525,106.48182,Nhà ở,,2,1,1,,4.0,4.0,,[],8,Nguyễn Văn Quốc,,,2026-09-17 14:31:19,https://nha.chotot.com/tin/178838518,2026-09-17T07:33:06.994798
2932,CHO THUÊ NHÀ ĐƯỜNG QUỐC HƯƠNG GIÁ 27 TRIỆU ,27000000,0.36,75 m²,"Phường Thảo Điền (Quận 2 cũ), Thành phố Thủ Đức, Tp Hồ Chí Minh",Thành phố Thủ Đức,Tp Hồ Chí Minh,10.807138,106.73095,Nhà ở,,2,2,2,,,,,[],6,Phương,,,2026-09-17 14:31:17,https://nha.chotot.com/tin/178839383,2026-09-17T07:33:06.994956
2933,"CHO THUÊ NHÀ  PHẠM QUÝ THÍCH   P.PHÚ THỌ HOÀ, TÂN PHÚ   📐 Diện tích: 4",10500000,0.125,84 m²,"Phường Tân Quý, Quận Tân Phú, Tp Hồ Chí Minh",Quận Tân Phú,Tp Hồ Chí Minh,10.789263,106.62116,Nhà ở,,1,1,,,,,,[],3,Thu,,4.0,2026-09-17 14:31:09,https://nha.chotot.com/tin/178839386,2026-09-17T07:33:06.995114
2934,"CHO THUÊ NHÀ NGUYÊN CĂN – PHƯỜNG LINH TÂY, TP. THỦ ĐỨC  📍 Địa chỉ: 145",10000000,0.14285715,70 m²,"Phường Linh Tây (Quận Thủ Đức cũ), Thành phố Thủ Đức, Tp Hồ Chí Minh",Thành phố Thủ Đức,Tp Hồ Chí Minh,10.86056,106.756256,Nhà ở,,2,,,,,,,[],6,Đăng Quang Rental,,,2026-09-17 14:31:05,https://nha.chotot.com/tin/178839388,2026-09-17T07:33:06.995295
2935,Nhà 3 Rưỡi - Mặt Tiền Hải Châu Gần Đống Đa ( SỤP ),5500000000,110.0,50 m²,"Phường Thuận Phước, Quận Hải Châu, Đà Nẵng",Quận Hải Châu,Đà Nẵng,16.08619,108.21645,Nhà ở,,6,,5,,,,,[],7,hưng thịnh,,5.0,2026-09-02 10:54:17,https://nha.chotot.com/tin/178518870,2026-09-17T07:33:06.995488
2936,"[GIÁ RẺ] NHÀ NGUYÊN CĂN 1 TRỆT 1 LẦU GẦN EMART, CHỢ TÂN SƠN",8000000,0.14285715,56 m²,"Phường 12, Quận Gò Vấp, Tp Hồ Chí Minh",Quận Gò Vấp,Tp Hồ Chí Minh,10.832696,106.63855,Nhà ở,,2,2,1,,,,,[],8,THÀNH ĐẠT CHUYÊN CHO THUÊ PHÒNG TRỌ CHDV GIÁ TỐT,,,2026-09-17 14:30:48,https://nha.chotot.com/tin/178839377,2026-09-17T07:33:06.995754
2937,Giá Thuê : 9tr/1 tháng Cho Thuê Nhà Đường Bùi Quang Là P12 Q. gò Vấp -,9000000,0.140625,64 m²,"Phường 12, Quận Gò Vấp, Tp Hồ Chí Minh",Quận Gò Vấp,Tp Hồ Chí Minh,10.835113,106.6396,Nhà ở,,2,2,,Tây,,,1.0,[],6,Quang Huy,,5.0,2026-09-07 10:48:48,https://nha.chotot.com/tin/178617090,2026-09-17T07:33:06.995926
2938,"BÁN GẤP NHÀ KQH HOÀNG DIỆU PHƯỜNG CAM LY ĐÀ LẠT CHỈ 5,4 TỶ",5400000000,120.0,45 m²,"Phường 5, Thành phố Đà Lạt, Lâm Đồng",Thành phố Đà Lạt,Lâm Đồng,11.942885,108.427925,Nhà ở,,3,2,3,Tây Bắc,3.0,,,[],4,Tô Hoàng Phương Trinh,,,2026-09-15 15:32:14,https://nha.chotot.com/tin/178796817,2026-09-17T07:33:06.996112
2939,Nhà mới DT:4x9m 2 Tầng 2pn 2wc hẻm 1942 Huỳnh Tấn Phát,1960000000,61.25,32 m²,"Thị trấn Nhà Bè, Huyện Nhà Bè, Tp Hồ Chí Minh",Huyện Nhà Bè,Tp Hồ Chí Minh,10.698072,106.738914,Nhà ở,,2,,2,,,,,[],11,Nam Phú Gia,,,2026-09-06 06:52:42,https://nha.chotot.com/tin/178593726,2026-09-17T07:33:06.996274
2940,Nhà Lầu 4 Tầng Hẻm Oto Xây Mới 100% Âu Dương Lân P2 Q8,8600000000,204.7619,42 m²,"Phường 2, Quận 8, Tp Hồ Chí Minh",Quận 8,Tp Hồ Chí Minh,10.742134,106.685104,Nhà ở,,4,3,4,,2.0,1.0,,[],8,Phạm Quốc Thắng,,,2026-09-17 14:29:58,https://nha.chotot.com/tin/178839361,2026-09-17T07:33:06.996438
2941,"HIẾM!!!! - Hẻm Sư Vạn Hạnh, P12, Q.10 - 5x20m, 4 Tầng, 400m2",38000000,0.38,100 m²,"Phường 12, Quận 10, Tp Hồ Chí Minh",Quận 10,Tp Hồ Chí Minh,10.775027,106.667755,Đất,,,,4,,,,,[],9,Ngô Thanh Hùng,,,2026-09-17 14:30:13,https://nha.chotot.com/tin/178839362,2026-09-17T07:33:07.805227
2942,CHO THUÊ HẺM NGUYỄN VĂN TRỖI TÂN BÌNH | 12x15m siêu rộng,58000000,0.58,100 m²,"Phường 10, Quận Tân Bình, Tp Hồ Chí Minh",Quận Tân Bình,Tp Hồ Chí Minh,10.798557,106.67042,Đất,,,,,,,,116000000.0,[],8,Dung tr,,,2026-09-17 14:29:35,https://nha.chotot.com/tin/178839347,2026-09-17T07:33:07.805541
2943,"Cho thuê nhà phố 5 tầng có thang máy, rèm đường D9",45000000,0.53571427,84 m²,"Phường Long Bình (Quận 9 cũ), Thành phố Thủ Đức, Tp Hồ Chí Minh",Thành phố Thủ Đức,Tp Hồ Chí Minh,10.84805,106.83874,Đất,,,,5,,3.0,1.0,,[],4,DUY HOMES,,,2026-09-09 09:41:13,https://nha.chotot.com/tin/178661906,2026-09-17T07:33:07.805739
2944,"Cho thuê vp phố nguyên hồng,đống đa,dt 68m2,giá 13tr/tháng",13000000,0.19117647,68 m²,"Phường Láng Hạ, Quận Đống Đa, Hà Nội",Quận Đống Đa,Hà Nội,21.015743,105.80971,Đất,,,,8,,1.0,1.0,,[],5,Đào Thành Lân,,,2026-09-17 14:27:34,https://nha.chotot.com/tin/178839277,2026-09-17T07:33:07.805916
2945,🔥 CHO THUÊ BIỆT THỰ SÂN VƯỜN NGUYỄN VĂN TRỖI – NGANG 12M – GIÁ 59TR/TH,59000000,0.118,500 m²,"Phường 10, Quận Phú Nhuận, Tp Hồ Chí Minh",Quận Phú Nhuận,Tp Hồ Chí Minh,10.798557,106.67042,Đất,,,,,,,,150000000.0,[],7,Kiều Hằng,,,2026-09-17 14:27:01,https://nha.chotot.com/tin/178839254,2026-09-17T07:33:07.806154
2946,Cho thuê kho 1200m QL1A Tam Bình chỉ 75k,90000000,0.075,1200 m²,"Phường Tam Bình (Quận Thủ Đức cũ), Thành phố Thủ Đức, Tp Hồ Chí Minh",Thành phố Thủ Đức,Tp Hồ Chí Minh,10.871881,106.739655,Đất,,,,,,,,3.0,[],3,Anhthe,,4.0,2026-09-14 18:07:53,https://nha.chotot.com/tin/178775394,2026-09-17T07:33:07.806337
2947,BIỆT THỰ SÂN VƯỜN KHU TỔ HỢP F&B VÀ ĐA NGÀNH NGHỀ TRUNG TÂM QUẬN 3 ,115000000,0.34848484,330 m²,"Phường Võ Thị Sáu, Quận 3, Tp Hồ Chí Minh",Quận 3,Tp Hồ Chí Minh,10.788824,106.690765,Đất,,,,,,,,,[],9,Yến Ngọc,,,2026-09-17 14:25:23,https://nha.chotot.com/tin/178839200,2026-09-17T07:33:07.806667
2948,🍑Đoạn Đẹp NGUYỄN GIA TRÍ - 4x25m (Trệt 2 Lầu)🍑,65000000,0.21666667,300 m²,"Phường 25, Quận Bình Thạnh, Tp Hồ Chí Minh",Quận Bình Thạnh,Tp Hồ Chí Minh,10.810227,106.71722,Đất,,,,,,,,,[],6,Nhà Phố Cho Thuê,,,2026-09-17 14:24:57,https://nha.chotot.com/tin/175622468,2026-09-17T07:33:07.806860
2949,"🌟10x15m - TRẦN QUỐC TOẢN, Quận 3🌟 Trệt 2 Lầu",60000000,0.13333334,450 m²,"Phường Võ Thị Sáu, Quận 3, Tp Hồ Chí Minh",Quận 3,Tp Hồ Chí Minh,10.78659,106.68779,Đất,,,,,,,,,[],4,Nhà Phố Cho Thuê,,,2026-09-17 14:24:26,https://nha.chotot.com/tin/175903201,2026-09-17T07:33:07.807109
2950,cho thuê 100m văn phòng giá 30 tr,30000000,0.3,100 m²,"Phường An Khánh (Quận 2 cũ), Thành phố Thủ Đức, Tp Hồ Chí Minh",Thành phố Thủ Đức,Tp Hồ Chí Minh,10.79159,106.73052,Đất,,,,,,,,60000000.0,[],3,Nguyễn Văn Hậu,,,2026-09-05 13:44:09,https://nha.chotot.com/tin/178581677,2026-09-17T07:33:07.807343
2951,CHO THUÊ TÒA NHÀ VĂN PHÒNG NGUYỄN VĂN TRỖI NGAY NGÃ TƯ PHÚ NHUẬN,130000000,0.096296296,1350 m²,"Phường 10, Quận Phú Nhuận, Tp Hồ Chí Minh",Quận Phú Nhuận,Tp Hồ Chí Minh,10.798557,106.67042,Đất,,,,,,,,,[],3,Anh Đào,,,2026-09-12 11:08:02,https://nha.chotot.com/tin/178727010,2026-09-17T07:33:07.807539
2952,Mặt bằng đẹp Hồ Văn Huê 30m2,7490000,0.24966666,30 m²,"Phường 9, Quận Phú Nhuận, Tp Hồ Chí Minh",Quận Phú Nhuận,Tp Hồ Chí Minh,10.80251,106.67629,Đất,,,,,,,,7490000.0,[],7,NGUYỄN THỊ ANH THƯ,,,2026-09-06 15:25:13,https://nha.chotot.com/tin/178603931,2026-09-17T07:33:07.807718
2953,"🇻🇳SHOPHOUSE 3 TẦNG MẶT TIỀN MÊ LINH | GẦN ORI, KCN HÒA KHÁNH",14000000,0.11666667,120 m²,"Phường Hòa Hiệp Nam, Quận Liên Chiểu, Đà Nẵng",Quận Liên Chiểu,Đà Nẵng,16.09171,108.12595,Đất,,04,,3,,,,,[],10,Ngô Văn Cảnh,,4.4,2026-09-17 14:22:04,https://nha.chotot.com/tin/178839109,2026-09-17T07:33:07.807889
2954,🔥 HẺM XE HƠI  HUỲNH VĂN BÁNH – PHÚ NHUẬN | 4PN – 4WC | CHỈ 2x,23000000,0.23,100 m²,"Phường 10, Quận Phú Nhuận, Tp Hồ Chí Minh",Quận Phú Nhuận,Tp Hồ Chí Minh,10.791831,106.671616,Đất,,4,,,,,,46000000.0,[],6,Dung tr,,,2026-09-17 14:21:51,https://nha.chotot.com/tin/178839122,2026-09-17T07:33:07.808051
2955,"Măt tiền Nguyễn Cư Trinh, Quận 1 (Ngang 17m)",90000000,0.45,200 m²,"Phường Nguyễn Cư Trinh, Quận 1, Tp Hồ Chí Minh",Quận 1,Tp Hồ Chí Minh,10.763458,106.68884,Đất,,,,,,,,,[],5,Nhà Phố Cho Thuê,,,2026-09-17 14:21:14,https://nha.chotot.com/tin/178280784,2026-09-17T07:33:07.808218
2956,"🔥GÓC 2MT - NGUYỄN TRÃI, Bến Thành, Q1🔥400m2 sử dụng",150000000,0.375,400 m²,"Phường Bến Thành, Quận 1, Tp Hồ Chí Minh",Quận 1,Tp Hồ Chí Minh,10.771166,106.68731,Đất,,,,,,,,,[],4,Nhà Phố Cho Thuê,,,2026-09-17 14:20:35,https://nha.chotot.com/tin/175556911,2026-09-17T07:33:07.808478
2957,CHO THUÊ TÒA NHÀ 2 MẶT TIỀN VÕ VĂN NGÂN DT 12M X 36M TP THỦ ĐỨC,100000000,0.07692308,1300 m²,"Phường Bình Thọ (Quận Thủ Đức cũ), Thành phố Thủ Đức, Tp Hồ Chí Minh",Thành phố Thủ Đức,Tp Hồ Chí Minh,10.850573,106.76223,Đất,,,,,,,1.0,,[],3,Oanh Home,,,2026-09-17 14:20:21,https://nha.chotot.com/tin/178262159,2026-09-17T07:33:07.808816
2958,"🔥 CHO THUÊ TẦNG 7 160m2 – 104A XUÂN THUỶ, THẢO ĐIỀN, Q2 🔥",50000000,0.3125,160 m²,"Phường Thảo Điền (Quận 2 cũ), Thành phố Thủ Đức, Tp Hồ Chí Minh",Thành phố Thủ Đức,Tp Hồ Chí Minh,10.803889,106.73543,Đất,,,,,,,,150000000.0,[],8,Kiều Hằng,,,2026-09-17 14:18:58,https://nha.chotot.com/tin/178839027,2026-09-17T07:33:07.809003
2959,Cho thuê  Shophouse Panorama Phú Mỹ Hưng 2 tầng 50tr/th,50000000,0.35460994,141 m²,"Phường Tân Phong, Quận 7, Tp Hồ Chí Minh",Quận 7,Tp Hồ Chí Minh,10.72168,106.71284,Đất,,,,2,Tây Nam,,1.0,,[],7,Dân,,,2026-09-17 14:18:55,https://nha.chotot.com/tin/177011854,2026-09-17T07:33:07.809176
2960,Kho trống VIEW SÔNG 235/50A Đặng Thùy Trâm. DT 8X20M.,20000000,0.125,160 m²,"Phường 13, Quận Bình Thạnh, Tp Hồ Chí Minh",Quận Bình Thạnh,Tp Hồ Chí Minh,10.824377,106.70332,Đất,,,,,,2.0,1.0,,[],3,Anh Dũng,,4.0,2026-09-17 14:17:42,https://nha.chotot.com/tin/167862234,2026-09-17T07:33:07.809362
2961,"Chính Chủ Gửi Bán Akari City Phase 2 - 2PN2WC - Giá 4,3 tỷ - View Đẹp",4300000000,53.75,80 m²,"Phường An Lạc, Quận Bình Tân, Tp Hồ Chí Minh",Quận Bình Tân,Tp Hồ Chí Minh,10.72262,106.61204,Căn hộ/Chung cư,1.0,2,2,,Nam,3.0,6.0,,[],8,Lê Khanh,,,2026-09-17 14:32:45,https://nha.chotot.com/tin/178134710,2026-09-17T07:33:09.210991
2962,"Cho thuê phòng trọ view đẹp, máy giặt riêng - 40m2 tại Quận 3",6900000,0.1725,40 m²,"Phường Võ Thị Sáu, Quận 3, Tp Hồ Chí Minh",Quận 3,Tp Hồ Chí Minh,10.78003,106.68723,Phòng trọ,,1,,,,,,6900000.0,[],6,Quỳnh My,,,2026-09-09 12:07:44,https://nha.chotot.com/tin/175142196,2026-09-17T07:33:09.211295
2963,sang nhượng sân pickleball hoặc cho thuê kho xưởng,65000000,0.040625,1600 m²,"Phường Tân Tạo A, Quận Bình Tân, Tp Hồ Chí Minh",Quận Bình Tân,Tp Hồ Chí Minh,10.730695,106.57589,Đất,,,,,,,1.0,130000000.0,[],3,Dũng,,,2026-09-17 14:32:40,https://nha.chotot.com/tin/178835565,2026-09-17T07:33:09.211536
2964,"Cho thuê nhà hẻm 638 Lê Trọng Tấn, DT : 5x20 , 1 lầu 3PN",12000000,0.12,100 m²,"Phường Tây Thạnh, Quận Tân Phú, Tp Hồ Chí Minh",Quận Tân Phú,Tp Hồ Chí Minh,10.805715,106.630196,Nhà ở,,3,,,,1.0,,1.0,[],4,Cúc Nguyễn,,4.0,2026-09-17 14:32:36,https://nha.chotot.com/tin/178839424,2026-09-17T07:33:09.211857
2965,CHO THUÊ VĂN PHÒNG 85 CMT8 DỌN VÀO THÁNG 10,27000000,0.3857143,70 m²,"Phường Bến Thành, Quận 1, Tp Hồ Chí Minh",Quận 1,Tp Hồ Chí Minh,10.772076,106.69216,Đất,,,,,Tây Bắc,2.0,3.0,,[],5,Lý Quốc Duy,,,2026-09-17 14:32:35,https://nha.chotot.com/tin/178839416,2026-09-17T07:33:09.212046
2966,Siêu Phẩm 4m x 28m.Có Thang Máy Mặt tiền nhánh KD Đ. Hà Huy Giáp,8390000000,76.27273,110 m²,"Phường Thạnh Xuân, Quận 12, Tp Hồ Chí Minh",Quận 12,Tp Hồ Chí Minh,10.872191,106.67686,Nhà ở,,4,,4,,1.0,1.0,,[],12,CHUYÊN NHÀ ĐẤT Q12,,5.0,2026-09-07 08:39:17,https://nha.chotot.com/tin/175418953,2026-09-17T07:33:09.212331
2967,Nhà 3 mặt tiền hẻm oto dòng tiền 900tr ngang hơn 13m,82000000000,301.3598,272.1 m²,"Phường 13, Quận 3, Tp Hồ Chí Minh",Quận 3,Tp Hồ Chí Minh,10.786783,106.67968,Nhà ở,,8,,3,,,1.0,,[],4,Nguyễn Anh Sang,,4.1,2026-08-25 15:32:40,https://nha.chotot.com/tin/178374500,2026-09-17T07:33:09.212543
2968,Cần cho thuê Villa HXT 351/3A Lê Đại Hành P.13 Quận 11,30000000,0.2777778,108 m²,"Phường 13, Quận 11, Tp Hồ Chí Minh",Quận 11,Tp Hồ Chí Minh,10.766346,106.654076,Nhà ở,,5,5,4,,,1.0,60000000.0,[],6,Nguyễn Tiến Nam,,,2026-09-10 10:11:36,https://nha.chotot.com/tin/178684649,2026-09-17T07:33:09.212841
2969,Nhà mặt tiền hẻm xe tải buôn bán,1050000000,52.5,20 m²,"Phường Thạnh Xuân, Quận 12, Tp Hồ Chí Minh",Quận 12,Tp Hồ Chí Minh,10.885864,106.68008,Nhà ở,,3,,,,,5.0,,[],4,Chi Nguyen,,5.0,2026-09-17 14:32:19,https://nha.chotot.com/tin/178838649,2026-09-17T07:33:09.213008
2970,"🌧️🫧🏡 CĂN HỘ HIỆN ĐẠI – GỌN GÀNG, ẤM ÁP, ĐỦ ĐẦY TIỆN NGHI ✨😅🥹",7000000,0.23333333,30 m²,"Phường An Phú (Quận 2 cũ), Thành phố Thủ Đức, Tp Hồ Chí Minh",Thành phố Thủ Đức,Tp Hồ Chí Minh,10.794329,106.742546,Căn hộ/Chung cư,2.0,1,,,,,,7000000.0,[],7,Hồng Loan HIFRIENDZ,,,2026-09-17 14:31:18,https://nha.chotot.com/tin/178372865,2026-09-17T07:33:09.213173
2971,NHÀ ĐẸP TÂN PHÚ ÂU CƠ 56M2_3 TẦNG _NGAY ĐH VĂN HIẾN_HẺM 8M_ NHỈNH 6T,6500000000,108.333336,60 m²,"Phường Tân Thành, Quận Tân Phú, Tp Hồ Chí Minh",Quận Tân Phú,Tp Hồ Chí Minh,10.791454,106.63355,Nhà ở,,3,3,3,,,1.0,,[],9,Trang,,,2026-09-17 14:32:10,https://nha.chotot.com/tin/178839418,2026-09-17T07:33:09.213335
2972,MINI VILLA - 3PN CÓ XÔNG HƠI - GẦN BIỂN - NGUYỄN TẤT THÀNH,35000000,0.7,50 m²,"Phường Xuân Hà, Quận Thanh Khê, Đà Nẵng",Quận Thanh Khê,Đà Nẵng,16.073128,108.20105,Nhà ở,,3,4,,,1.0,1.0,35000000.0,[],12,HAVILAND HOUSE CHO THUÊ,,4.9,2026-09-17 14:32:07,https://nha.chotot.com/tin/178839406,2026-09-17T07:33:09.213497
2973,"PHÒNG FULL NỘI THẤT, 2 BAN CÔNG SIÊU RỘNG GẦN KDT VẠN PHÚC",5000000,0.125,40 m²,"Phường Hiệp Bình Phước (Quận Thủ Đức cũ), Thành phố Thủ Đức, Tp Hồ Chí Minh",Thành phố Thủ Đức,Tp Hồ Chí Minh,10.858462,106.72344,Phòng trọ,,,,,,,,5000000.0,[],9,Duy Nguyen,,5.0,2026-09-12 13:33:12,https://nha.chotot.com/tin/178730810,2026-09-17T07:33:09.213696
2974,Bán căn hộ Phạm Văn Đồng Long Thành Đồng Nai 1.1 tỷ,1100000000,21.153847,52 m²,"Thị trấn Long Thành, Huyện Long Thành, Đồng Nai",Huyện Long Thành,Đồng Nai,10.77828,106.94472,Căn hộ/Chung cư,1.0,2,,,Bắc,3.0,6.0,,[],4,Bùi Duy Hưng,,,2026-09-17 14:31:55,https://nha.chotot.com/tin/178839401,2026-09-17T07:33:09.213861
2975,Cho thuê nhà nguyên căn đường Quang Trung ,11500000,0.23958333,48 m²,"Phường 14, Quận Gò Vấp, Tp Hồ Chí Minh",Quận Gò Vấp,Tp Hồ Chí Minh,10.850746,106.64534,Nhà ở,,4,3,2,,,1.0,,[],5,Út Trung Gò vấp ,,5.0,2026-09-09 14:45:06,https://nha.chotot.com/tin/178281738,2026-09-17T07:33:09.214028
2976,"CẦN BÁN CĂN HỘ CC THỚI AN, Q12, 95M2 , CÓ SÂN VƯỜN, 2,82 TỶ",2820000000,29.68421,95 m²,"Phường Thới An, Quận 12, Tp Hồ Chí Minh",Quận 12,Tp Hồ Chí Minh,10.87607,106.655655,Căn hộ/Chung cư,1.0,2,2,,Đông Nam,2.0,6.0,,[],5,VÕ Hằng ,,,2026-08-25 21:26:52,https://nha.chotot.com/tin/178382179,2026-09-17T07:33:09.214184
2977,KHU PHẠM VĂN ĐỒNG VILLA HỒ BƠI 7PN - SIÊU ĐẸP,65000000,0.325,200 m²,"Phường An Hải Bắc, Quận Sơn Trà, Đà Nẵng",Quận Sơn Trà,Đà Nẵng,16.0752,108.23292,Nhà ở,,7,7,3,,2.0,1.0,65000000.0,[],12,Trân Duy Hải,,5.0,2026-09-17 14:31:34,https://nha.chotot.com/tin/178839400,2026-09-17T07:33:09.214435
2978,🥳🥳Một Căn Hộ Vừa Đẹp- Vừa Tiện Nghi - Vừa Có Không Gian Sống Thoángãng,12000000,0.4,30 m²,"Phường Thảo Điền (Quận 2 cũ), Thành phố Thủ Đức, Tp Hồ Chí Minh",Thành phố Thủ Đức,Tp Hồ Chí Minh,10.806585,106.72578,Căn hộ/Chung cư,2.0,1,,,,,,12000000.0,[],10,Hồng Loan HIFRIENDZ,,,2026-09-17 14:31:31,https://nha.chotot.com/tin/178373155,2026-09-17T07:33:09.214755
2979,Bán nhà hẻm 184 thoáng đường Âu Dương Lân P3 Q8 ,3180000000,104.605606,30.3999 m²,"Phường 3, Quận 8, Tp Hồ Chí Minh",Quận 8,Tp Hồ Chí Minh,10.745962,106.68301,Nhà ở,,2,2,2,,2.0,1.0,,[],5, Như Ý,,,2026-09-17 14:31:29,https://nha.chotot.com/tin/178502242,2026-09-17T07:33:09.214920
2980,HÀNG HIẾM KHÓ TÌM - NHÀ C4 144m² S.H.R - CHỈ 820TR - TÂN AN HỘI CỦ CHI,820000000,5.6944447,144 m²,"Xã Tân An Hội, Huyện Củ Chi, Tp Hồ Chí Minh",Huyện Củ Chi,Tp Hồ Chí Minh,10.9593525,106.48182,Nhà ở,,2,1,1,,4.0,4.0,,[],8,Nguyễn Văn Quốc,,,2026-09-17 14:31:19,https://nha.chotot.com/tin/178838518,2026-09-17T07:33:09.215083
2981,"🌧️🫧🏡 CĂN HỘ HIỆN ĐẠI – GỌN GÀNG, ẤM ÁP, ĐỦ ĐẦY TIỆN NGHI ✨😅🥹",7000000,0.23333333,30 m²,"Phường An Phú (Quận 2 cũ), Thành phố Thủ Đức, Tp Hồ Chí Minh",Thành phố Thủ Đức,Tp Hồ Chí Minh,10.794329,106.742546,Căn hộ/Chung cư,2.0,1,,,,,,7000000.0,[],7,Hồng Loan HIFRIENDZ,,,2026-09-17 14:31:18,https://nha.chotot.com/tin/178372865,2026-09-17T07:33:10.699108
2982,Bán căn hộ Phạm Văn Đồng Long Thành Đồng Nai 1.1 tỷ,1100000000,21.153847,52 m²,"Thị trấn Long Thành, Huyện Long Thành, Đồng Nai",Huyện Long Thành,Đồng Nai,10.77828,106.94472,Căn hộ/Chung cư,1.0,2,,,Bắc,3.0,6.0,,[],4,Bùi Duy Hưng,,,2026-09-17 14:31:55,https://nha.chotot.com/tin/178839401,2026-09-17T07:33:10.699405
2983,"CẦN BÁN CĂN HỘ CC THỚI AN, Q12, 95M2 , CÓ SÂN VƯỜN, 2,82 TỶ",2820000000,29.68421,95 m²,"Phường Thới An, Quận 12, Tp Hồ Chí Minh",Quận 12,Tp Hồ Chí Minh,10.87607,106.655655,Căn hộ/Chung cư,1.0,2,2,,Đông Nam,2.0,6.0,,[],5,VÕ Hằng ,,,2026-08-25 21:26:52,https://nha.chotot.com/tin/178382179,2026-09-17T07:33:10.699649
2984,🥳🥳Một Căn Hộ Vừa Đẹp- Vừa Tiện Nghi - Vừa Có Không Gian Sống Thoángãng,12000000,0.4,30 m²,"Phường Thảo Điền (Quận 2 cũ), Thành phố Thủ Đức, Tp Hồ Chí Minh",Thành phố Thủ Đức,Tp Hồ Chí Minh,10.806585,106.72578,Căn hộ/Chung cư,2.0,1,,,,,,12000000.0,[],10,Hồng Loan HIFRIENDZ,,,2026-09-17 14:31:31,https://nha.chotot.com/tin/178373155,2026-09-17T07:33:10.699940
2985,Gia đình có việc cần chuyển nhượng căn hộ gần Depot Tham Lương 2PN,3500000000,57.37705,61 m²,"Phường Tân Thới Nhất, Quận 12, Tp Hồ Chí Minh",Quận 12,Tp Hồ Chí Minh,10.82442,106.62025,Căn hộ/Chung cư,1.0,2,1,,,3.0,6.0,,[],5,Đơn Phương,,,2026-09-10 10:12:16,https://nha.chotot.com/tin/178684712,2026-09-17T07:33:10.700170
2986,"Cho thuê giá tốt 3PN view sông, nội thất xịn, Vinhomes Central Park",35000000,0.3043478,115 m²,"Phường 22, Quận Bình Thạnh, Tp Hồ Chí Minh",Quận Bình Thạnh,Tp Hồ Chí Minh,10.79387,106.72032,Căn hộ/Chung cư,1.0,3,2,,,1.0,6.0,,[],12,Huyền Nguyễn,,,2026-09-02 15:25:06,https://nha.chotot.com/tin/178523171,2026-09-17T07:33:10.700360
2987,"BCONS ARIA TRẢ TRƯỚC CHỈ 5% CHIẾT KHẤU 8,5% HỖ TRỢ LS 6,9% TRONG 4 NĂM",2600000000,49.056602,53 m²,"Phường Đông Hòa, Thành phố Dĩ An, Bình Dương",Thành phố Dĩ An,Bình Dương,10.89115,106.8022,Căn hộ/Chung cư,1.0,2,2,37,Tây,3.0,4.0,,[],12,Huy Hoàng Bcons ,,,2026-08-25 09:52:10,https://nha.chotot.com/tin/178364490,2026-09-17T07:33:10.700560
2988,"CHO THUÊ CĂN HỘ MỚI 2 PHÒNG NGỦ, DIỆN TÍCH 60M² ",13500000,0.20769231,65 m²,"Phường Khuê Mỹ, Quận Ngũ Hành Sơn, Đà Nẵng",Quận Ngũ Hành Sơn,Đà Nẵng,16.023426,108.2459,Căn hộ/Chung cư,2.0,2,,,,2.0,,,[],4,VANA,,,2026-09-17 14:30:06,https://nha.chotot.com/tin/178838887,2026-09-17T07:33:10.700724
2989,Bán căn Hưng Phát Silver Star - sát vách sunrise reverside - 4.6ty,4350000000,41.037735,106 m²,"Xã Phước Kiển, Huyện Nhà Bè, Tp Hồ Chí Minh",Huyện Nhà Bè,Tp Hồ Chí Minh,10.70387,106.71276,Căn hộ/Chung cư,1.0,3,,,Tây Nam,2.0,6.0,,[],9,Vân,,4.8,2026-09-03 11:16:19,https://nha.chotot.com/tin/177025273,2026-09-17T07:33:10.700891
2990,Cho thuê CC Garden gate 40m2 Offictel 1WC giá cực tốt chỉ 11tr/th ,11000000,0.31428573,35 m²,"Phường 9, Quận Phú Nhuận, Tp Hồ Chí Minh",Quận Phú Nhuận,Tp Hồ Chí Minh,10.80964,106.67425,Căn hộ/Chung cư,1.0,1,1,,,,,,[],3,Nguyễn Hoàng Toàn,,,2026-09-15 10:14:56,https://nha.chotot.com/tin/178787965,2026-09-17T07:33:10.701055
2991,KHAI TRƯƠNG ĐUPLEX 3🍠X ĐƯỜNG SỐ 1_NGUYỄN THỊ TÚ NHẬN XE ĐIỆN FULL NT,3700000,0.13214286,28 m²,"Phường Bình Hưng Hoà B, Quận Bình Tân, Tp Hồ Chí Minh",Quận Bình Tân,Tp Hồ Chí Minh,10.807803,106.59462,Căn hộ/Chung cư,3.0,1,1,,,2.0,4.0,1000000.0,[],11,Triệu an HiFriendz Tp ,,5.0,2026-09-17 14:29:46,https://nha.chotot.com/tin/178839353,2026-09-17T07:33:10.701217
2992,"Chung cư Tecco Green - Phan Văn Hớn căn 2p ngủ , full NT, giá 7,3tr/th",7300000,0.1,73 m²,"Phường Tân Thới Nhất, Quận 12, Tp Hồ Chí Minh",Quận 12,Tp Hồ Chí Minh,10.82954,106.61561,Căn hộ/Chung cư,1.0,2,2,,,2.0,6.0,,[],6,Phí Linh,,,2026-09-17 14:29:29,https://nha.chotot.com/tin/178839257,2026-09-17T07:33:10.701382
2993,💥CHDV - FUL NT - 2PN - BALCONY THOÁNG ⚡️ PHAN ĐĂNG LƯU - BÙI ĐÌNH TUÝ 💥,7800000,0.111428574,70 m²,"Phường 1, Quận Bình Thạnh, Tp Hồ Chí Minh",Quận Bình Thạnh,Tp Hồ Chí Minh,10.802451,106.697495,Căn hộ/Chung cư,2.0,2,,,,,,,[],12,Lương Thanh Trúc,,,2026-09-12 21:54:42,https://nha.chotot.com/tin/178437508,2026-09-17T07:33:10.701569
2994,"💥 HÀ ĐÔ CENTROSA – 2PN 2WC – NHÀ ĐẸP, FULL NỘI THẤT – Ở LIỀN CHỈ 22TR",22000000,0.25581396,86 m²,"Phường 12, Quận 10, Tp Hồ Chí Minh",Quận 10,Tp Hồ Chí Minh,10.7762,106.67889,Căn hộ/Chung cư,1.0,2,2,,,,,,[],12,Hoàng Dung,,4.5,2026-09-17 11:07:05,https://nha.chotot.com/tin/178834497,2026-09-17T07:33:10.701730
2995,"CĂN HỘ MINI CAO CẤP MỚI 100%, FULL NỘI THẤT NGAY ẺMART PHAN HUY ÍCH",5000000,0.2,25 m²,"Phường 12, Quận Gò Vấp, Tp Hồ Chí Minh",Quận Gò Vấp,Tp Hồ Chí Minh,10.837349,106.636284,Căn hộ/Chung cư,2.0,1,1,,,1.0,4.0,5000000.0,[],12,Alo Ngoc Hoang,,5.0,2026-09-17 14:28:24,https://nha.chotot.com/tin/178839301,2026-09-17T07:33:10.701921
2996,TÌM NỮ Ở GHÉP CĂN CHUNG CƯ 2PN,4500000,0.071428575,63 m²,"Phường Phú Thuận, Quận 7, Tp Hồ Chí Minh",Quận 7,Tp Hồ Chí Minh,10.722,106.7433,Căn hộ/Chung cư,1.0,2,2,,,2.0,4.0,4500000.0,[],7,Kim Thanh,,5.0,2026-09-17 14:28:16,https://nha.chotot.com/tin/178839296,2026-09-17T07:33:10.702164
2997,Khách Cần Tiền Ra Di Căn 2PN Hiyori Siêu Mới,5200000000,83.870964,62 m²,"Phường An Hải Đông, Quận Sơn Trà, Đà Nẵng",Quận Sơn Trà,Đà Nẵng,16.06191,108.23652,Căn hộ/Chung cư,1.0,2,2,,,1.0,2.0,,[],11,Hồng Công,,,2026-09-17 14:26:46,https://nha.chotot.com/tin/171220229,2026-09-17T07:33:10.702342
2998,⭐ RIVER PANORAMA CHO THUÊ 3PN2WC FULL NỘI THẤT VIEW ĐẸP CHỈ 19 TRIỆU,19000000,0.21111111,90 m²,"Phường Phú Mỹ, Quận 7, Tp Hồ Chí Minh",Quận 7,Tp Hồ Chí Minh,10.71422,106.73743,Căn hộ/Chung cư,1.0,3,2,,,2.0,6.0,,[],12,Huy,,5.0,2026-09-08 14:36:21,https://nha.chotot.com/tin/172861126,2026-09-17T07:33:10.702571
2999,"THẢO ĐIỀN, QUẬN 2 🏡 CHO THUÊ CHDV CAO CẤP💘 1PN BAN CÔNG FULL NỘI THẤT",11000000,0.22,50 m²,"Phường Thảo Điền (Quận 2 cũ), Thành phố Thủ Đức, Tp Hồ Chí Minh",Thành phố Thủ Đức,Tp Hồ Chí Minh,10.803914,106.72912,Căn hộ/Chung cư,2.0,1,1,,Đông Bắc,1.0,4.0,11000000.0,[],11,Phương An Chuyên Căn Hộ Quận 2,,5.0,2026-09-11 14:06:45,https://nha.chotot.com/tin/177928071,2026-09-17T07:33:10.702775
3000,CHDV FULL NỘI THẤT MỚI KENG GẦN MEGA MARKET Q12,3900000,0.156,25 m²,"Phường Tân Thới Hiệp, Quận 12, Tp Hồ Chí Minh",Quận 12,Tp Hồ Chí Minh,10.887289,106.64767,Căn hộ/Chung cư,2.0,1,1,4,,2.0,4.0,,[],10,Anh Tuấn Tìm Phòng,,5.0,2026-09-17 14:26:20,https://nha.chotot.com/tin/178839237,2026-09-17T07:33:10.702951
3001,"Cho thuê nhà hẻm 638 Lê Trọng Tấn, DT : 5x20 , 1 lầu 3PN",12000000,0.12,100 m²,"Phường Tây Thạnh, Quận Tân Phú, Tp Hồ Chí Minh",Quận Tân Phú,Tp Hồ Chí Minh,10.805715,106.630196,Nhà ở,,3,,,,1.0,,1.0,[],4,Cúc Nguyễn,,4.0,2026-09-17 14:32:36,https://nha.chotot.com/tin/178839424,2026-09-17T07:33:12.085643
3002,Siêu Phẩm 4m x 28m.Có Thang Máy Mặt tiền nhánh KD Đ. Hà Huy Giáp,8390000000,76.27273,110 m²,"Phường Thạnh Xuân, Quận 12, Tp Hồ Chí Minh",Quận 12,Tp Hồ Chí Minh,10.872191,106.67686,Nhà ở,,4,,4,,1.0,1.0,,[],12,CHUYÊN NHÀ ĐẤT Q12,,5.0,2026-09-07 08:39:17,https://nha.chotot.com/tin/175418953,2026-09-17T07:33:12.085941
3003,Nhà 3 mặt tiền hẻm oto dòng tiền 900tr ngang hơn 13m,82000000000,301.3598,272.1 m²,"Phường 13, Quận 3, Tp Hồ Chí Minh",Quận 3,Tp Hồ Chí Minh,10.786783,106.67968,Nhà ở,,8,,3,,,1.0,,[],4,Nguyễn Anh Sang,,4.1,2026-08-25 15:32:40,https://nha.chotot.com/tin/178374500,2026-09-17T07:33:12.086134
3004,Cần cho thuê Villa HXT 351/3A Lê Đại Hành P.13 Quận 11,30000000,0.2777778,108 m²,"Phường 13, Quận 11, Tp Hồ Chí Minh",Quận 11,Tp Hồ Chí Minh,10.766346,106.654076,Nhà ở,,5,5,4,,,1.0,60000000.0,[],6,Nguyễn Tiến Nam,,,2026-09-10 10:11:36,https://nha.chotot.com/tin/178684649,2026-09-17T07:33:12.086453
3005,Nhà mặt tiền hẻm xe tải buôn bán,1050000000,52.5,20 m²,"Phường Thạnh Xuân, Quận 12, Tp Hồ Chí Minh",Quận 12,Tp Hồ Chí Minh,10.885864,106.68008,Nhà ở,,3,,,,,5.0,,[],4,Chi Nguyen,,5.0,2026-09-17 14:32:19,https://nha.chotot.com/tin/178838649,2026-09-17T07:33:12.086703
3006,NHÀ ĐẸP TÂN PHÚ ÂU CƠ 56M2_3 TẦNG _NGAY ĐH VĂN HIẾN_HẺM 8M_ NHỈNH 6T,6500000000,108.333336,60 m²,"Phường Tân Thành, Quận Tân Phú, Tp Hồ Chí Minh",Quận Tân Phú,Tp Hồ Chí Minh,10.791454,106.63355,Nhà ở,,3,3,3,,,1.0,,[],9,Trang,,,2026-09-17 14:32:10,https://nha.chotot.com/tin/178839418,2026-09-17T07:33:12.086873
3007,MINI VILLA - 3PN CÓ XÔNG HƠI - GẦN BIỂN - NGUYỄN TẤT THÀNH,35000000,0.7,50 m²,"Phường Xuân Hà, Quận Thanh Khê, Đà Nẵng",Quận Thanh Khê,Đà Nẵng,16.073128,108.20105,Nhà ở,,3,4,,,1.0,1.0,35000000.0,[],12,HAVILAND HOUSE CHO THUÊ,,4.9,2026-09-17 14:32:07,https://nha.chotot.com/tin/178839406,2026-09-17T07:33:12.087029
3008,Cho thuê nhà nguyên căn đường Quang Trung ,11500000,0.23958333,48 m²,"Phường 14, Quận Gò Vấp, Tp Hồ Chí Minh",Quận Gò Vấp,Tp Hồ Chí Minh,10.850746,106.64534,Nhà ở,,4,3,2,,,1.0,,[],5,Út Trung Gò vấp ,,5.0,2026-09-09 14:45:06,https://nha.chotot.com/tin/178281738,2026-09-17T07:33:12.087201
3009,KHU PHẠM VĂN ĐỒNG VILLA HỒ BƠI 7PN - SIÊU ĐẸP,65000000,0.325,200 m²,"Phường An Hải Bắc, Quận Sơn Trà, Đà Nẵng",Quận Sơn Trà,Đà Nẵng,16.0752,108.23292,Nhà ở,,7,7,3,,2.0,1.0,65000000.0,[],12,Trân Duy Hải,,5.0,2026-09-17 14:31:34,https://nha.chotot.com/tin/178839400,2026-09-17T07:33:12.087351
3010,Bán nhà hẻm 184 thoáng đường Âu Dương Lân P3 Q8 ,3180000000,104.605606,30.3999 m²,"Phường 3, Quận 8, Tp Hồ Chí Minh",Quận 8,Tp Hồ Chí Minh,10.745962,106.68301,Nhà ở,,2,2,2,,2.0,1.0,,[],5, Như Ý,,,2026-09-17 14:31:29,https://nha.chotot.com/tin/178502242,2026-09-17T07:33:12.087639
3011,HÀNG HIẾM KHÓ TÌM - NHÀ C4 144m² S.H.R - CHỈ 820TR - TÂN AN HỘI CỦ CHI,820000000,5.6944447,144 m²,"Xã Tân An Hội, Huyện Củ Chi, Tp Hồ Chí Minh",Huyện Củ Chi,Tp Hồ Chí Minh,10.9593525,106.48182,Nhà ở,,2,1,1,,4.0,4.0,,[],8,Nguyễn Văn Quốc,,,2026-09-17 14:31:19,https://nha.chotot.com/tin/178838518,2026-09-17T07:33:12.087803
3012,CHO THUÊ NHÀ ĐƯỜNG QUỐC HƯƠNG GIÁ 27 TRIỆU ,27000000,0.36,75 m²,"Phường Thảo Điền (Quận 2 cũ), Thành phố Thủ Đức, Tp Hồ Chí Minh",Thành phố Thủ Đức,Tp Hồ Chí Minh,10.807138,106.73095,Nhà ở,,2,2,2,,,,,[],6,Phương,,,2026-09-17 14:31:17,https://nha.chotot.com/tin/178839383,2026-09-17T07:33:12.087962
3013,"CHO THUÊ NHÀ  PHẠM QUÝ THÍCH   P.PHÚ THỌ HOÀ, TÂN PHÚ   📐 Diện tích: 4",10500000,0.125,84 m²,"Phường Tân Quý, Quận Tân Phú, Tp Hồ Chí Minh",Quận Tân Phú,Tp Hồ Chí Minh,10.789263,106.62116,Nhà ở,,1,1,,,,,,[],3,Thu,,4.0,2026-09-17 14:31:09,https://nha.chotot.com/tin/178839386,2026-09-17T07:33:12.088119
3014,"CHO THUÊ NHÀ NGUYÊN CĂN – PHƯỜNG LINH TÂY, TP. THỦ ĐỨC  📍 Địa chỉ: 145",10000000,0.14285715,70 m²,"Phường Linh Tây (Quận Thủ Đức cũ), Thành phố Thủ Đức, Tp Hồ Chí Minh",Thành phố Thủ Đức,Tp Hồ Chí Minh,10.86056,106.756256,Nhà ở,,2,,,,,,,[],6,Đăng Quang Rental,,,2026-09-17 14:31:05,https://nha.chotot.com/tin/178839388,2026-09-17T07:33:12.088282
3015,Nhà 3 Rưỡi - Mặt Tiền Hải Châu Gần Đống Đa ( SỤP ),5500000000,110.0,50 m²,"Phường Thuận Phước, Quận Hải Châu, Đà Nẵng",Quận Hải Châu,Đà Nẵng,16.08619,108.21645,Nhà ở,,6,,5,,,,,[],7,hưng thịnh,,5.0,2026-09-02 10:54:17,https://nha.chotot.com/tin/178518870,2026-09-17T07:33:12.088477
3016,"[GIÁ RẺ] NHÀ NGUYÊN CĂN 1 TRỆT 1 LẦU GẦN EMART, CHỢ TÂN SƠN",8000000,0.14285715,56 m²,"Phường 12, Quận Gò Vấp, Tp Hồ Chí Minh",Quận Gò Vấp,Tp Hồ Chí Minh,10.832696,106.63855,Nhà ở,,2,2,1,,,,,[],8,THÀNH ĐẠT CHUYÊN CHO THUÊ PHÒNG TRỌ CHDV GIÁ TỐT,,,2026-09-17 14:30:48,https://nha.chotot.com/tin/178839377,2026-09-17T07:33:12.088931
3017,Giá Thuê : 9tr/1 tháng Cho Thuê Nhà Đường Bùi Quang Là P12 Q. gò Vấp -,9000000,0.140625,64 m²,"Phường 12, Quận Gò Vấp, Tp Hồ Chí Minh",Quận Gò Vấp,Tp Hồ Chí Minh,10.835113,106.6396,Nhà ở,,2,2,,Tây,,,1.0,[],6,Quang Huy,,5.0,2026-09-07 10:48:48,https://nha.chotot.com/tin/178617090,2026-09-17T07:33:12.089096
3018,"BÁN GẤP NHÀ KQH HOÀNG DIỆU PHƯỜNG CAM LY ĐÀ LẠT CHỈ 5,4 TỶ",5400000000,120.0,45 m²,"Phường 5, Thành phố Đà Lạt, Lâm Đồng",Thành phố Đà Lạt,Lâm Đồng,11.942885,108.427925,Nhà ở,,3,2,3,Tây Bắc,3.0,,,[],4,Tô Hoàng Phương Trinh,,,2026-09-15 15:32:14,https://nha.chotot.com/tin/178796817,2026-09-17T07:33:12.089256
3019,Nhà mới DT:4x9m 2 Tầng 2pn 2wc hẻm 1942 Huỳnh Tấn Phát,1960000000,61.25,32 m²,"Thị trấn Nhà Bè, Huyện Nhà Bè, Tp Hồ Chí Minh",Huyện Nhà Bè,Tp Hồ Chí Minh,10.698072,106.738914,Nhà ở,,2,,2,,,,,[],11,Nam Phú Gia,,,2026-09-06 06:52:42,https://nha.chotot.com/tin/178593726,2026-09-17T07:33:12.089417
3020,Nhà Lầu 4 Tầng Hẻm Oto Xây Mới 100% Âu Dương Lân P2 Q8,8600000000,204.7619,42 m²,"Phường 2, Quận 8, Tp Hồ Chí Minh",Quận 8,Tp Hồ Chí Minh,10.742134,106.685104,Nhà ở,,4,3,4,,2.0,1.0,,[],8,Phạm Quốc Thắng,,,2026-09-17 14:29:58,https://nha.chotot.com/tin/178839361,2026-09-17T07:33:12.089606
3021,"HIẾM!!!! - Hẻm Sư Vạn Hạnh, P12, Q.10 - 5x20m, 4 Tầng, 400m2",38000000,0.38,100 m²,"Phường 12, Quận 10, Tp Hồ Chí Minh",Quận 10,Tp Hồ Chí Minh,10.775027,106.667755,Đất,,,,4,,,,,[],9,Ngô Thanh Hùng,,,2026-09-17 14:30:13,https://nha.chotot.com/tin/178839362,2026-09-17T07:33:13.492274
3022,CHO THUÊ HẺM NGUYỄN VĂN TRỖI TÂN BÌNH | 12x15m siêu rộng,58000000,0.58,100 m²,"Phường 10, Quận Tân Bình, Tp Hồ Chí Minh",Quận Tân Bình,Tp Hồ Chí Minh,10.798557,106.67042,Đất,,,,,,,,116000000.0,[],8,Dung tr,,,2026-09-17 14:29:35,https://nha.chotot.com/tin/178839347,2026-09-17T07:33:13.492602
3023,"Cho thuê nhà phố 5 tầng có thang máy, rèm đường D9",45000000,0.53571427,84 m²,"Phường Long Bình (Quận 9 cũ), Thành phố Thủ Đức, Tp Hồ Chí Minh",Thành phố Thủ Đức,Tp Hồ Chí Minh,10.84805,106.83874,Đất,,,,5,,3.0,1.0,,[],4,DUY HOMES,,,2026-09-09 09:41:13,https://nha.chotot.com/tin/178661906,2026-09-17T07:33:13.492806
3024,"Cho thuê vp phố nguyên hồng,đống đa,dt 68m2,giá 13tr/tháng",13000000,0.19117647,68 m²,"Phường Láng Hạ, Quận Đống Đa, Hà Nội",Quận Đống Đa,Hà Nội,21.015743,105.80971,Đất,,,,8,,1.0,1.0,,[],5,Đào Thành Lân,,,2026-09-17 14:27:34,https://nha.chotot.com/tin/178839277,2026-09-17T07:33:13.492989
3025,🔥 CHO THUÊ BIỆT THỰ SÂN VƯỜN NGUYỄN VĂN TRỖI – NGANG 12M – GIÁ 59TR/TH,59000000,0.118,500 m²,"Phường 10, Quận Phú Nhuận, Tp Hồ Chí Minh",Quận Phú Nhuận,Tp Hồ Chí Minh,10.798557,106.67042,Đất,,,,,,,,150000000.0,[],7,Kiều Hằng,,,2026-09-17 14:27:01,https://nha.chotot.com/tin/178839254,2026-09-17T07:33:13.493229
3026,Cho thuê kho 1200m QL1A Tam Bình chỉ 75k,90000000,0.075,1200 m²,"Phường Tam Bình (Quận Thủ Đức cũ), Thành phố Thủ Đức, Tp Hồ Chí Minh",Thành phố Thủ Đức,Tp Hồ Chí Minh,10.871881,106.739655,Đất,,,,,,,,3.0,[],3,Anhthe,,4.0,2026-09-14 18:07:53,https://nha.chotot.com/tin/178775394,2026-09-17T07:33:13.493431
3027,BIỆT THỰ SÂN VƯỜN KHU TỔ HỢP F&B VÀ ĐA NGÀNH NGHỀ TRUNG TÂM QUẬN 3 ,115000000,0.34848484,330 m²,"Phường Võ Thị Sáu, Quận 3, Tp Hồ Chí Minh",Quận 3,Tp Hồ Chí Minh,10.788824,106.690765,Đất,,,,,,,,,[],9,Yến Ngọc,,,2026-09-17 14:25:23,https://nha.chotot.com/tin/178839200,2026-09-17T07:33:13.493742
3028,🍑Đoạn Đẹp NGUYỄN GIA TRÍ - 4x25m (Trệt 2 Lầu)🍑,65000000,0.21666667,300 m²,"Phường 25, Quận Bình Thạnh, Tp Hồ Chí Minh",Quận Bình Thạnh,Tp Hồ Chí Minh,10.810227,106.71722,Đất,,,,,,,,,[],6,Nhà Phố Cho Thuê,,,2026-09-17 14:24:57,https://nha.chotot.com/tin/175622468,2026-09-17T07:33:13.493920
3029,"🌟10x15m - TRẦN QUỐC TOẢN, Quận 3🌟 Trệt 2 Lầu",60000000,0.13333334,450 m²,"Phường Võ Thị Sáu, Quận 3, Tp Hồ Chí Minh",Quận 3,Tp Hồ Chí Minh,10.78659,106.68779,Đất,,,,,,,,,[],4,Nhà Phố Cho Thuê,,,2026-09-17 14:24:26,https://nha.chotot.com/tin/175903201,2026-09-17T07:33:13.494153
3030,cho thuê 100m văn phòng giá 30 tr,30000000,0.3,100 m²,"Phường An Khánh (Quận 2 cũ), Thành phố Thủ Đức, Tp Hồ Chí Minh",Thành phố Thủ Đức,Tp Hồ Chí Minh,10.79159,106.73052,Đất,,,,,,,,60000000.0,[],3,Nguyễn Văn Hậu,,,2026-09-05 13:44:09,https://nha.chotot.com/tin/178581677,2026-09-17T07:33:13.494390
3031,CHO THUÊ TÒA NHÀ VĂN PHÒNG NGUYỄN VĂN TRỖI NGAY NGÃ TƯ PHÚ NHUẬN,130000000,0.096296296,1350 m²,"Phường 10, Quận Phú Nhuận, Tp Hồ Chí Minh",Quận Phú Nhuận,Tp Hồ Chí Minh,10.798557,106.67042,Đất,,,,,,,,,[],3,Anh Đào,,,2026-09-12 11:08:02,https://nha.chotot.com/tin/178727010,2026-09-17T07:33:13.494589
3032,Mặt bằng đẹp Hồ Văn Huê 30m2,7490000,0.24966666,30 m²,"Phường 9, Quận Phú Nhuận, Tp Hồ Chí Minh",Quận Phú Nhuận,Tp Hồ Chí Minh,10.80251,106.67629,Đất,,,,,,,,7490000.0,[],7,NGUYỄN THỊ ANH THƯ,,,2026-09-06 15:25:13,https://nha.chotot.com/tin/178603931,2026-09-17T07:33:13.494760
3033,"🇻🇳SHOPHOUSE 3 TẦNG MẶT TIỀN MÊ LINH | GẦN ORI, KCN HÒA KHÁNH",14000000,0.11666667,120 m²,"Phường Hòa Hiệp Nam, Quận Liên Chiểu, Đà Nẵng",Quận Liên Chiểu,Đà Nẵng,16.09171,108.12595,Đất,,04,,3,,,,,[],10,Ngô Văn Cảnh,,4.4,2026-09-17 14:22:04,https://nha.chotot.com/tin/178839109,2026-09-17T07:33:13.494923
3034,🔥 HẺM XE HƠI  HUỲNH VĂN BÁNH – PHÚ NHUẬN | 4PN – 4WC | CHỈ 2x,23000000,0.23,100 m²,"Phường 10, Quận Phú Nhuận, Tp Hồ Chí Minh",Quận Phú Nhuận,Tp Hồ Chí Minh,10.791831,106.671616,Đất,,4,,,,,,46000000.0,[],6,Dung tr,,,2026-09-17 14:21:51,https://nha.chotot.com/tin/178839122,2026-09-17T07:33:13.495086
3035,"Măt tiền Nguyễn Cư Trinh, Quận 1 (Ngang 17m)",90000000,0.45,200 m²,"Phường Nguyễn Cư Trinh, Quận 1, Tp Hồ Chí Minh",Quận 1,Tp Hồ Chí Minh,10.763458,106.68884,Đất,,,,,,,,,[],5,Nhà Phố Cho Thuê,,,2026-09-17 14:21:14,https://nha.chotot.com/tin/178280784,2026-09-17T07:33:13.495244
3036,"🔥GÓC 2MT - NGUYỄN TRÃI, Bến Thành, Q1🔥400m2 sử dụng",150000000,0.375,400 m²,"Phường Bến Thành, Quận 1, Tp Hồ Chí Minh",Quận 1,Tp Hồ Chí Minh,10.771166,106.68731,Đất,,,,,,,,,[],4,Nhà Phố Cho Thuê,,,2026-09-17 14:20:35,https://nha.chotot.com/tin/175556911,2026-09-17T07:33:13.495500
3037,CHO THUÊ TÒA NHÀ 2 MẶT TIỀN VÕ VĂN NGÂN DT 12M X 36M TP THỦ ĐỨC,100000000,0.07692308,1300 m²,"Phường Bình Thọ (Quận Thủ Đức cũ), Thành phố Thủ Đức, Tp Hồ Chí Minh",Thành phố Thủ Đức,Tp Hồ Chí Minh,10.850573,106.76223,Đất,,,,,,,1.0,,[],3,Oanh Home,,,2026-09-17 14:20:21,https://nha.chotot.com/tin/178262159,2026-09-17T07:33:13.495824
3038,"🔥 CHO THUÊ TẦNG 7 160m2 – 104A XUÂN THUỶ, THẢO ĐIỀN, Q2 🔥",50000000,0.3125,160 m²,"Phường Thảo Điền (Quận 2 cũ), Thành phố Thủ Đức, Tp Hồ Chí Minh",Thành phố Thủ Đức,Tp Hồ Chí Minh,10.803889,106.73543,Đất,,,,,,,,150000000.0,[],8,Kiều Hằng,,,2026-09-17 14:18:58,https://nha.chotot.com/tin/178839027,2026-09-17T07:33:13.495996
3039,Cho thuê  Shophouse Panorama Phú Mỹ Hưng 2 tầng 50tr/th,50000000,0.35460994,141 m²,"Phường Tân Phong, Quận 7, Tp Hồ Chí Minh",Quận 7,Tp Hồ Chí Minh,10.72168,106.71284,Đất,,,,2,Tây Nam,,1.0,,[],7,Dân,,,2026-09-17 14:18:55,https://nha.chotot.com/tin/177011854,2026-09-17T07:33:13.496158
3040,Kho trống VIEW SÔNG 235/50A Đặng Thùy Trâm. DT 8X20M.,20000000,0.125,160 m²,"Phường 13, Quận Bình Thạnh, Tp Hồ Chí Minh",Quận Bình Thạnh,Tp Hồ Chí Minh,10.824377,106.70332,Đất,,,,,,2.0,1.0,,[],3,Anh Dũng,,4.0,2026-09-17 14:17:42,https://nha.chotot.com/tin/167862234,2026-09-17T07:33:13.496332
3041,"Chính Chủ Gửi Bán Akari City Phase 2 - 2PN2WC - Giá 4,3 tỷ - View Đẹp",4300000000,53.75,80 m²,"Phường An Lạc, Quận Bình Tân, Tp Hồ Chí Minh",Quận Bình Tân,Tp Hồ Chí Minh,10.72262,106.61204,Căn hộ/Chung cư,1.0,2,2,,Nam,3.0,6.0,,[],8,Lê Khanh,,,2026-09-17 14:32:45,https://nha.chotot.com/tin/178134710,2026-09-17T07:33:14.784119
3042,"Cho thuê phòng trọ view đẹp, máy giặt riêng - 40m2 tại Quận 3",6900000,0.1725,40 m²,"Phường Võ Thị Sáu, Quận 3, Tp Hồ Chí Minh",Quận 3,Tp Hồ Chí Minh,10.78003,106.68723,Phòng trọ,,1,,,,,,6900000.0,[],6,Quỳnh My,,,2026-09-09 12:07:44,https://nha.chotot.com/tin/175142196,2026-09-17T07:33:14.784450
3043,sang nhượng sân pickleball hoặc cho thuê kho xưởng,65000000,0.040625,1600 m²,"Phường Tân Tạo A, Quận Bình Tân, Tp Hồ Chí Minh",Quận Bình Tân,Tp Hồ Chí Minh,10.730695,106.57589,Đất,,,,,,,1.0,130000000.0,[],3,Dũng,,,2026-09-17 14:32:40,https://nha.chotot.com/tin/178835565,2026-09-17T07:33:14.784708
3044,"Cho thuê nhà hẻm 638 Lê Trọng Tấn, DT : 5x20 , 1 lầu 3PN",12000000,0.12,100 m²,"Phường Tây Thạnh, Quận Tân Phú, Tp Hồ Chí Minh",Quận Tân Phú,Tp Hồ Chí Minh,10.805715,106.630196,Nhà ở,,3,,,,1.0,,1.0,[],4,Cúc Nguyễn,,4.0,2026-09-17 14:32:36,https://nha.chotot.com/tin/178839424,2026-09-17T07:33:14.785023
3045,CHO THUÊ VĂN PHÒNG 85 CMT8 DỌN VÀO THÁNG 10,27000000,0.3857143,70 m²,"Phường Bến Thành, Quận 1, Tp Hồ Chí Minh",Quận 1,Tp Hồ Chí Minh,10.772076,106.69216,Đất,,,,,Tây Bắc,2.0,3.0,,[],5,Lý Quốc Duy,,,2026-09-17 14:32:35,https://nha.chotot.com/tin/178839416,2026-09-17T07:33:14.785214
3046,Siêu Phẩm 4m x 28m.Có Thang Máy Mặt tiền nhánh KD Đ. Hà Huy Giáp,8390000000,76.27273,110 m²,"Phường Thạnh Xuân, Quận 12, Tp Hồ Chí Minh",Quận 12,Tp Hồ Chí Minh,10.872191,106.67686,Nhà ở,,4,,4,,1.0,1.0,,[],12,CHUYÊN NHÀ ĐẤT Q12,,5.0,2026-09-07 08:39:17,https://nha.chotot.com/tin/175418953,2026-09-17T07:33:14.785509
3047,Nhà 3 mặt tiền hẻm oto dòng tiền 900tr ngang hơn 13m,82000000000,301.3598,272.1 m²,"Phường 13, Quận 3, Tp Hồ Chí Minh",Quận 3,Tp Hồ Chí Minh,10.786783,106.67968,Nhà ở,,8,,3,,,1.0,,[],4,Nguyễn Anh Sang,,4.1,2026-08-25 15:32:40,https://nha.chotot.com/tin/178374500,2026-09-17T07:33:14.785708
3048,Cần cho thuê Villa HXT 351/3A Lê Đại Hành P.13 Quận 11,30000000,0.2777778,108 m²,"Phường 13, Quận 11, Tp Hồ Chí Minh",Quận 11,Tp Hồ Chí Minh,10.766346,106.654076,Nhà ở,,5,5,4,,,1.0,60000000.0,[],6,Nguyễn Tiến Nam,,,2026-09-10 10:11:36,https://nha.chotot.com/tin/178684649,2026-09-17T07:33:14.785956
3049,Nhà mặt tiền hẻm xe tải buôn bán,1050000000,52.5,20 m²,"Phường Thạnh Xuân, Quận 12, Tp Hồ Chí Minh",Quận 12,Tp Hồ Chí Minh,10.885864,106.68008,Nhà ở,,3,,,,,5.0,,[],4,Chi Nguyen,,5.0,2026-09-17 14:32:19,https://nha.chotot.com/tin/178838649,2026-09-17T07:33:14.786114
3050,"🌧️🫧🏡 CĂN HỘ HIỆN ĐẠI – GỌN GÀNG, ẤM ÁP, ĐỦ ĐẦY TIỆN NGHI ✨😅🥹",7000000,0.23333333,30 m²,"Phường An Phú (Quận 2 cũ), Thành phố Thủ Đức, Tp Hồ Chí Minh",Thành phố Thủ Đức,Tp Hồ Chí Minh,10.794329,106.742546,Căn hộ/Chung cư,2.0,1,,,,,,7000000.0,[],7,Hồng Loan HIFRIENDZ,,,2026-09-17 14:31:18,https://nha.chotot.com/tin/178372865,2026-09-17T07:33:14.786275
3051,NHÀ ĐẸP TÂN PHÚ ÂU CƠ 56M2_3 TẦNG _NGAY ĐH VĂN HIẾN_HẺM 8M_ NHỈNH 6T,6500000000,108.333336,60 m²,"Phường Tân Thành, Quận Tân Phú, Tp Hồ Chí Minh",Quận Tân Phú,Tp Hồ Chí Minh,10.791454,106.63355,Nhà ở,,3,3,3,,,1.0,,[],9,Trang,,,2026-09-17 14:32:10,https://nha.chotot.com/tin/178839418,2026-09-17T07:33:14.786444
3052,MINI VILLA - 3PN CÓ XÔNG HƠI - GẦN BIỂN - NGUYỄN TẤT THÀNH,35000000,0.7,50 m²,"Phường Xuân Hà, Quận Thanh Khê, Đà Nẵng",Quận Thanh Khê,Đà Nẵng,16.073128,108.20105,Nhà ở,,3,4,,,1.0,1.0,35000000.0,[],12,HAVILAND HOUSE CHO THUÊ,,4.9,2026-09-17 14:32:07,https://nha.chotot.com/tin/178839406,2026-09-17T07:33:14.786627
3053,"PHÒNG FULL NỘI THẤT, 2 BAN CÔNG SIÊU RỘNG GẦN KDT VẠN PHÚC",5000000,0.125,40 m²,"Phường Hiệp Bình Phước (Quận Thủ Đức cũ), Thành phố Thủ Đức, Tp Hồ Chí Minh",Thành phố Thủ Đức,Tp Hồ Chí Minh,10.858462,106.72344,Phòng trọ,,,,,,,,5000000.0,[],9,Duy Nguyen,,5.0,2026-09-12 13:33:12,https://nha.chotot.com/tin/178730810,2026-09-17T07:33:14.786803
3054,Bán căn hộ Phạm Văn Đồng Long Thành Đồng Nai 1.1 tỷ,1100000000,21.153847,52 m²,"Thị trấn Long Thành, Huyện Long Thành, Đồng Nai",Huyện Long Thành,Đồng Nai,10.77828,106.94472,Căn hộ/Chung cư,1.0,2,,,Bắc,3.0,6.0,,[],4,Bùi Duy Hưng,,,2026-09-17 14:31:55,https://nha.chotot.com/tin/178839401,2026-09-17T07:33:14.786977
3055,Cho thuê nhà nguyên căn đường Quang Trung ,11500000,0.23958333,48 m²,"Phường 14, Quận Gò Vấp, Tp Hồ Chí Minh",Quận Gò Vấp,Tp Hồ Chí Minh,10.850746,106.64534,Nhà ở,,4,3,2,,,1.0,,[],5,Út Trung Gò vấp ,,5.0,2026-09-09 14:45:06,https://nha.chotot.com/tin/178281738,2026-09-17T07:33:14.787159
3056,"CẦN BÁN CĂN HỘ CC THỚI AN, Q12, 95M2 , CÓ SÂN VƯỜN, 2,82 TỶ",2820000000,29.68421,95 m²,"Phường Thới An, Quận 12, Tp Hồ Chí Minh",Quận 12,Tp Hồ Chí Minh,10.87607,106.655655,Căn hộ/Chung cư,1.0,2,2,,Đông Nam,2.0,6.0,,[],5,VÕ Hằng ,,,2026-08-25 21:26:52,https://nha.chotot.com/tin/178382179,2026-09-17T07:33:14.787322
3057,KHU PHẠM VĂN ĐỒNG VILLA HỒ BƠI 7PN - SIÊU ĐẸP,65000000,0.325,200 m²,"Phường An Hải Bắc, Quận Sơn Trà, Đà Nẵng",Quận Sơn Trà,Đà Nẵng,16.0752,108.23292,Nhà ở,,7,7,3,,2.0,1.0,65000000.0,[],12,Trân Duy Hải,,5.0,2026-09-17 14:31:34,https://nha.chotot.com/tin/178839400,2026-09-17T07:33:14.787657
3058,🥳🥳Một Căn Hộ Vừa Đẹp- Vừa Tiện Nghi - Vừa Có Không Gian Sống Thoángãng,12000000,0.4,30 m²,"Phường Thảo Điền (Quận 2 cũ), Thành phố Thủ Đức, Tp Hồ Chí Minh",Thành phố Thủ Đức,Tp Hồ Chí Minh,10.806585,106.72578,Căn hộ/Chung cư,2.0,1,,,,,,12000000.0,[],10,Hồng Loan HIFRIENDZ,,,2026-09-17 14:31:31,https://nha.chotot.com/tin/178373155,2026-09-17T07:33:14.787886
3059,Bán nhà hẻm 184 thoáng đường Âu Dương Lân P3 Q8 ,3180000000,104.605606,30.3999 m²,"Phường 3, Quận 8, Tp Hồ Chí Minh",Quận 8,Tp Hồ Chí Minh,10.745962,106.68301,Nhà ở,,2,2,2,,2.0,1.0,,[],5, Như Ý,,,2026-09-17 14:31:29,https://nha.chotot.com/tin/178502242,2026-09-17T07:33:14.788047
3060,HÀNG HIẾM KHÓ TÌM - NHÀ C4 144m² S.H.R - CHỈ 820TR - TÂN AN HỘI CỦ CHI,820000000,5.6944447,144 m²,"Xã Tân An Hội, Huyện Củ Chi, Tp Hồ Chí Minh",Huyện Củ Chi,Tp Hồ Chí Minh,10.9593525,106.48182,Nhà ở,,2,1,1,,4.0,4.0,,[],8,Nguyễn Văn Quốc,,,2026-09-17 14:31:19,https://nha.chotot.com/tin/178838518,2026-09-17T07:33:14.788209
